0
429
429
267
267
27
95
0
0
128
6
1273
267
1273
9282
267
1461
1515
550
1461
95
0
128
128
0
0
0
128
323
6
1273
1515
1515
550
1461
1953
1515
1461
72
391
1786
323
0
0
1388
2044
323
2
50
50
1515
1515
165
5379
1953
890
72
1388
1388
323
1388
1388
2112
50
2163
294
2
50
294
890
8
502
502
294
294
2
58
58
106
106
70
58
58
187
58
58
187
933
652
2438
652
652
472
391
72
288
58
58
652
13
13
652
652
652
2106
2409
737
472
4300
72
391
502
3108
663
13
13
502
737
13
792
792
765
502
663
502
502
5045
502
13
792
765
1305
1305
808
808
29
654
26
1332
26
1332
1332
2285
2285
1279
2285
881
1207
29
654
93
3661
1089
26
26
1089
1279
26
26
881
1207
1207
177
881
881
29
903
903
1089
1089
2
731
1089
2397
1217
493
55
55
1207
177
55
55
55
903
903
1089
1217
731
6689
144
2
731
144
55
55
55
21
144
144
222
222
93
555
187
555
2438
937
937
329
3390
654
93
93
937
937
187
937
937
329
5498
472
903
2365
2
903
3284
188
2
2
251
188
2106
472
903
188
3088
188
251
251
2
251
6
456
3338
808
864
808
864
312
456
456
6
6
456
397
177
864
1812
312
2319
29
4839
397
6
292
292
292
165
165
292
292
177
29
292
292
1461
292
5094
1209
165
525
394
95
394
3213
769
267
769
267
1081
394
95
394
394
95
95
394
2238
267
267
2778
1081
3300
3300
229
1110
4324
2238
95
95
63
2540
1755
662
323
63
5742
323
924
229
199
63
1755
8
63
63
8
988
63
323
924
17
17
17
8
8
505
505
847
847
34
505
505
1397
505
505
1397
4145
1787
971
1787
1705
971
1110
229
2824
505
505
1787
226
226
1787
1787
1705
971
7697
1705
971
5775
229
8
199
6030
1051
226
8
3443
1705
226
3583
3583
1568
199
1051
199
588
8
33
8
33
1568
1102
1789
2046
327
327
327
327
1346
1397
3487
1102
1102
327
1364
72
327
1346
1346
7211
1346
6758
5217
971
971
5100
2160
72
72
1225
1346
1225
1225
971
2160
971
2310
2410
2310
72
1225
1114
1114
670
670
51
836
429
836
1114
1114
772
8619
747
772
508
51
171
6908
429
836
836
45
45
836
836
508
747
51
97
508
508
171
769
45
769
45
45
27
1800
1800
508
148
97
4840
508
97
45
27
1081
148
2238
1081
1800
2523
97
969
969
1583
1583
298
969
969
983
969
969
983
3935
3935
5222
3935
4091
5222
4723
2242
2843
969
969
4258
667
5222
3935
12703
4091
5222
5222
6471
5222
2242
2242
229
2242
2680
2671
229
229
2680
2680
667
6564
6564
6211
2242
2671
7229
2680
2704
2704
229
2704
6211
983
2558
983
2558
8005
2705
2705
2705
2853
670
6268
983
2705
2705
667
2705
2705
2705
8535
6031
772
670
97
772
11680
2525
667
97
6492
2525
6817
6817
772
2525
1404
2525
97
297
97
297
3223
3223
2059
2059
248
1305
1305
1481
3341
3223
3341
9308
2122
3069
799
248
1769
1305
1305
1481
1305
1305
160
1481
1481
799
799
248
2433
6001
799
1769
1809
160
1279
142
142
142
2179
2179
142
142
2433
2433
2798
2427
142
142
1279
142
5476
3226
2179
2798
2427
1575
1575
2366
2366
551
555
1529
1766
7210
2366
2510
2510
2366
2510
2170
963
789
555
106
654
555
3869
3869
1766
2510
2170
11505
963
488
2170
963
789
5107
106
555
329
3869
574
2365
470
329
963
488
470
470
470
329
574
329
329
3343
329
470
470
470
1766
3663
3663
3663
11151
5076
4305
2081
7028
4854
1766
1766
3663
1307
488
4305
4305
2081
5057
4305
4854
1307
3069
3069
10320
1307
5073
488
2427
4305
488
1352
3069
1307
3069
1769
2427
1769
488
1352
429
1276
1276
1276
4340
838
258
838
2858
2140
429
429
1276
838
429
258
5770
838
258
258
808
2140
397
808
3449
1382
2052
27
27
3449
27
27
808
1382
4351
3449
397
1117
27
27
1426
3067
3223
2143
12354
2143
1880
699
3067
1806
1426
1426
1806
431
160
1880
1880
699
2122
1880
1806
431
838
838
9527
431
2140
160
1880
1880
160
476
838
431
838
2217
3196
2217
160
476
1529
1575
10440
1575
2366
3366
2366
1530
1529
3487
1529
106
847
5557
2366
7030
3366
12212
1530
1530
106
1364
106
1574
5723
2244
1574
1574
847
5463
1530
2440
106
1364
1574
2244
2244
2244
2244
2440
1575
3870
1575
3870
5010
4257
3366
1767
10422
1605
2707
1575
1605
4257
847
3366
4257
1767
3366
3692
1605
1605
2707
1605
9145
2795
847
847
2440
5539
2440
2440
1605
2795
9734
4091
4828
4091
847
2440
2558
5221
2558
1583
9732
1583
3871
3938
5221
2059
6288
2558
5221
5287
670
3871
6831
3938
3871
3871
2143
2059
431
2143
10190
2561
670
431
3871
2561
8335
3871
2143
2561
4500
2561
431
1162
431
1162
3870
3870
5076
1767
5769
11613
3870
3870
1307
1767
1767
8574
1767
1583
1583
1583
9803
2059
1307
1767
1767
1307
3254
1583
3938
3938
5287
3938
1307
3254
1
725
725
428
428
12
590
1
9
611
37
4165
428
1206
428
428
1206
428
155
12
590
9
611
611
1
9
9
428
269
37
86
428
1280
155
86
1265
12
12
362
1662
5921
269
9
9
132
132
132
4
220
86
132
132
86
86
12
24
362
777
132
132
777
777
132
220
6137
1619
4
86
264
24
10
777
777
462
462
4
40
40
74
74
14
1
131
1
131
131
398
1816
494
684
684
494
235
1662
362
1
1
131
494
1
1
684
2633
494
684
684
1841
235
10607
362
1662
1121
2075
830
69
69
1121
2200
69
2747
134
134
1121
830
1121
1121
3242
1121
69
134
134
797
797
475
475
32
37
1720
124
2117
1519
475
1519
1519
475
1351
1351
202
1720
1720
37
37
1519
1668
4
996
1351
1351
1351
996
8063
202
202
1206
1668
37
452
1617
1617
648
24
24
1351
4
996
202
324
452
1617
452
452
24
24
24
24
324
94
94
167
167
105
94
94
291
94
94
291
1379
925
3412
925
661
492
398
74
383
94
94
925
19
19
925
925
661
2692
1365
661
492
4359
74
398
235
2820
934
19
19
235
661
19
1045
1045
827
235
934
235
235
2905
235
19
1045
827
124
835
291
835
3441
742
742
256
4210
927
124
124
742
742
291
742
742
256
3412
627
475
1316
4
475
4116
147
4
4
351
147
2692
627
475
147
3975
147
351
351
4
351
1537
1537
941
941
20
590
1665
590
1665
1665
1537
5582
401
671
230
401
20
1949
1949
590
590
1665
401
590
590
230
6281
401
39
230
230
20
1061
2725
269
1061
1825
678
2641
10
10
1825
39
10
10
10
1061
678
3229
1825
269
774
10
10
10
399
399
330
330
28
40
40
558
558
1535
558
5574
301
1149
98
28
1149
40
40
4052
40
40
14
1022
558
98
98
28
1149
2844
98
1149
674
14
362
494
1424
14
362
362
98
98
1022
3723
4471
1511
494
14
494
1123
4132
1370
362
4132
1511
399
399
399
399
2449
42
1149
42
1537
1025
8195
399
399
42
1022
1149
2977
42
1149
2939
6876
702
39
241
241
78
1022
39
241
241
1511
1511
241
78
671
241
39
130
39
130
2963
2963
2648
2648
348
725
2973
725
2973
2728
4060
13069
2728
2708
2514
965
348
3961
2452
725
725
2452
592
725
215
2514
2514
965
215
2708
2514
348
2452
592
401
401
7224
592
2725
215
2514
2514
215
215
631
200
401
592
401
1126
4038
1126
215
631
200
797
797
4168
4168
10626
3963
1052
2425
797
797
1693
797
797
2022
1693
1052
6861
2425
1052
1052
2761
2022
1668
2022
2022
2022
2455
200
200
2035
200
200
2022
2022
3375
2035
1668
4063
200
200
238
238
410
410
54
238
238
693
238
238
693
2947
2439
1407
2439
1963
1253
1535
330
2866
238
238
2439
231
231
2439
2439
1963
1366
5108
1963
1253
7431
330
14
301
6686
1482
231
14
1819
1963
231
2019
2019
1366
301
1482
301
863
14
53
14
53
1366
693
1867
2635
498
498
498
498
695
693
1867
1120
693
498
1752
74
498
1734
695
8441
695
6263
2952
693
1407
2952
1156
74
74
1100
695
1100
1100
1407
1156
1407
1253
1366
1253
74
1100
1405
1405
2253
2253
138
1419
1419
1822
1419
1419
1822
7079
2964
3662
3662
2964
3662
7791
938
3783
1419
938
2964
941
1822
3662
10189
2964
3662
3662
4590
3662
938
938
42
42
8119
4254
1025
702
7940
8119
941
11304
3506
3034
42
4254
42
137
702
137
702
1887
3034
2855
2963
2963
2648
2728
2648
2728
3062
2855
2253
7800
2855
2963
3062
592
2728
11973
3062
3303
3540
6334
2253
941
5218
6574
4631
941
592
5218
3540
592
1577
5218
4631
5218
5218
6590
5218
592
1577
1405
1405
1405
1405
3314
3314
2964
3151
4319
1153
3778
1405
1153
4754
2964
2964
11062
3151
2964
6389
1153
1153
330
1153
3640
3631
330
330
3086
3640
6449
6389
1153
3631
8457
3640
3086
3086
330
3086
2120
2120
1318
1318
831
835
2213
2422
4969
1318
3491
3491
1318
3491
2754
1399
1042
835
167
927
835
3159
2813
2422
3491
2754
8553
1399
643
2754
1399
1042
6149
167
835
256
3159
849
1316
625
256
1399
643
625
625
625
256
849
256
256
3127
256
625
625
625
2120
2120
2120
2120
11771
6121
5559
2669
8296
4511
2422
2120
2120
1695
643
5559
5559
2669
6106
5559
4498
1695
3963
3188
12016
1695
3308
643
3188
5559
643
1740
3188
1695
3188
2425
3432
2425
643
1740
1867
2245
9472
2245
1318
3311
1318
1228
2213
1867
1867
167
410
4705
1318
8298
3274
9402
1228
1228
167
1752
167
1252
7394
1156
1156
1252
410
3358
1228
1875
167
1752
1252
1156
1156
1156
1156
1875
2245
4492
2245
4492
3311
5523
3311
2423
8669
2274
3664
2245
2274
5523
410
3311
5523
2423
4190
2156
2274
2274
3664
2274
8626
3740
410
410
1982
4480
1982
1982
2274
3740
6336
5388
4822
4822
410
1982
4492
4492
6121
2423
12653
4972
4492
1695
2874
2423
10213
2423
2423
2648
2253
1695
1695
2253
2253
2423
4089
6466
2423
1695
3062
4089
5275
5275
2253
5275
3996
3996
2653
2653
453
294
2335
841
5048
2653
4949
11743
2653
3351
1339
3074
453
2335
2335
294
294
2315
2315
841
2136
1339
8893
3074
283
1339
1339
453
3404
2315
294
550
2315
2308
3106
265
265
4646
283
265
265
265
550
2308
550
550
2112
550
265
265
265
1974
1974
1223
1223
125
765
765
2109
2109
1974
2109
6718
1289
1763
463
125
844
765
765
2226
765
765
88
2226
2109
463
463
125
1763
6078
463
844
920
88
737
70
70
70
1348
1348
70
70
3368
1392
1392
1392
70
70
737
70
6728
1977
1348
1392
1392
841
4068
4068
3371
8010
3371
2336
1245
4824
3103
841
841
3103
767
283
2336
2336
1245
3351
2336
3103
767
1763
1763
11873
767
3368
283
2336
2336
283
812
1763
767
1763
844
3474
844
283
812
182
182
103
103
77
182
541
182
182
541
182
2375
4163
1844
1844
2353
1844
3286
309
1964
182
309
2195
433
182
1844
4163
2353
1844
1844
4295
1844
309
309
144
309
2177
2177
144
144
2061
2177
433
4347
4295
2892
309
2177
7670
2177
2061
2061
144
2061
2892
546
222
734
1510
1309
472
1309
472
1945
546
222
734
734
222
222
734
4266
188
472
4629
1945
2447
5012
321
546
2402
2402
222
222
135
4438
3061
1216
188
135
8194
188
557
321
408
135
3061
21
135
135
21
1861
135
188
557
41
41
41
21
21
546
1092
1092
908
908
908
908
2611
546
436
4669
546
908
3089
433
908
3089
2611
11029
2611
5482
436
21
408
8118
1915
433
21
4162
2611
6234
6234
408
1915
408
1148
21
76
21
76
2385
2385
3687
3687
101
525
1449
890
9652
3687
4411
4411
3687
4411
3396
1836
1329
525
100
1209
525
6385
6385
890
1385
3396
12091
1836
824
3396
1836
1329
29
100
29
29
6385
1134
3621
806
672
1836
824
806
806
806
29
1134
672
672
5050
672
806
806
806
890
5460
9521
5940
2653
2138
2653
2138
5460
5460
890
890
5445
2138
2653
2653
12984
2138
4826
2412
12154
5445
824
5167
5445
3318
7231
824
2308
2412
2308
2308
5167
3318
5167
5167
824
2183
824
2183
541
1488
13033
2899
3687
888
888
888
541
103
1449
541
888
888
100
888
888
888
7443
1493
5447
103
541
2353
5456
911
100
100
2353
1493
2898
2898
2353
911
2353
2353
2195
2353
100
2898
1761
1761
1974
1312
11411
1312
1008
356
3720
1761
1761
88
917
917
1008
1289
224
1008
1008
356
1309
1309
88
88
917
917
1008
271
224
7038
1008
224
88
1945
271
4266
1945
917
4421
224
1842
1842
2906
2906
319
1505
1842
1856
1842
1842
1856
6434
5250
2383
2383
5250
2383
3675
318
1505
1505
318
5250
321
2383
2383
5250
5250
2383
2383
3714
2383
318
318
436
318
4543
3519
436
436
4009
4543
321
9191
3714
2405
318
3519
5605
4543
4009
4009
436
4009
2405
1856
4455
1856
4455
11148
4565
4565
4115
4691
1223
3709
1856
4565
4565
321
4565
4565
4115
11373
7907
1312
1223
224
1312
12489
4423
321
224
5489
4423
5489
5489
1312
4423
2609
4423
224
602
224
602
1488
2385
13024
2928
2928
2928
2928
3467
2899
2385
1488
1488
2229
2229
4567
2928
9832
3467
12537
3982
7175
2229
103
2229
2229
2229
103
103
2382
3982
4139
4139
2229
2229
5071
5182
2382
2382
103
2382
2385
3996
13385
3298
3298
2228
2138
842
7897
2906
2385
2385
2228
2228
2138
2138
2228
842
2138
4976
2906
2906
2385
2906
6436
1389
7234
3072
3072
5180
3725
3725
2906
1389
7337
6436
3072
3072
3072
3072
3996
3996
3371
842
4455
9068
3996
3996
767
842
842
5380
842
12890
1223
6386
7335
1223
767
842
842
767
2007
6386
6386
6386
11284
6386
767
2007
3
865
865
528
528
16
3
60
3
15
146
1962
1962
528
11326
1030
528
1085
1030
385
3
3
3
15
60
146
3
1962
1030
146
146
1085
1540
1030
221
1085
1085
385
7
3
104
322
438
3
104
4079
617
83
1980
952
1085
1540
221
3602
1085
221
7
104
104
617
952
3699
192
952
952
192
83
952
2479
221
7
192
192
335
335
5
38
38
71
71
71
38
127
38
38
127
38
660
1782
660
660
647
673
548
30
438
38
30
3212
83
38
660
1753
647
1371
1371
673
673
30
30
438
30
1476
1080
4703
335
335
1476
83
2862
673
739
30
1080
3822
1476
335
335
335
335
739
441
60
441
4665
1215
528
1215
528
828
441
60
441
441
60
60
441
1567
221
528
2196
828
2786
5113
257
1235
4728
1567
60
60
43
1909
1367
738
221
43
4555
221
651
257
141
43
1367
5
43
43
5
723
43
221
651
11
11
11
5
5
338
338
572
572
23
338
338
961
338
338
961
3313
1981
705
1981
1317
705
1235
257
3112
338
338
1981
254
254
1981
1981
1317
705
6150
1317
705
4601
257
5
141
4966
798
254
5
2459
1317
254
2610
2610
1150
141
798
141
427
5
22
5
22
1150
961
1983
2819
225
225
225
225
962
961
2505
1227
961
225
2408
83
225
2392
962
8640
962
6559
3868
705
705
3868
1573
83
83
1118
962
1118
1118
705
1573
705
1643
1754
1643
83
1118
990
990
589
589
18
15
885
57
4667
589
1616
589
589
1616
589
210
18
885
885
15
15
589
364
57
117
589
1669
210
117
1654
18
18
6685
364
15
190
190
190
322
117
190
190
117
117
18
35
190
190
1030
190
4624
2288
117
359
35
1050
1050
630
630
52
57
2379
184
2703
2204
630
2204
2204
630
1739
1739
304
2379
2379
57
57
2204
1811
7
1432
1739
1739
1739
1432
9892
304
304
1616
1811
57
607
2286
1811
921
35
35
1739
7
1432
304
495
607
1811
607
607
35
35
35
35
495
127
390
127
390
1782
666
666
228
5486
1373
184
127
666
666
127
666
666
228
4231
900
630
1704
7
630
5412
129
7
7
518
129
3212
900
630
129
5303
129
518
518
7
518
1239
1239
746
746
31
561
865
561
1239
1239
1457
8167
942
968
341
31
111
9035
865
561
561
59
59
561
561
341
942
31
62
341
341
111
1215
59
1215
59
59
16
1993
1567
341
189
62
3887
341
62
59
16
828
189
1567
828
1567
1889
62
703
703
1168
1168
196
703
703
718
703
703
718
3035
3035
3875
3035
3258
3875
4560
1571
3131
703
703
4916
743
3875
3035
11688
3258
3875
3875
6241
3875
1571
1571
257
1571
2094
2085
257
257
2094
2094
743
7913
6241
5520
1571
2085
6626
2094
2118
2118
257
2118
5520
718
1929
718
1929
6591
2119
2119
2119
3140
746
6600
718
2119
2119
718
2119
2119
2119
11695
4967
1457
746
62
968
11765
1891
743
62
6478
1891
8569
6603
968
1891
968
1891
62
195
62
195
865
2328
2328
2328
4741
563
331
563
2575
2575
865
865
2328
563
865
331
4592
563
331
331
1491
3087
364
1491
2465
946
3085
16
16
2465
16
16
1491
946
4066
2465
364
1027
16
16
3874
3874
3613
3613
515
990
3884
990
3884
3682
5370
10964
3682
3665
3495
1401
515
5292
1999
990
990
1999
867
990
317
3495
3495
1401
317
3665
3495
515
1999
867
563
563
8452
867
3087
317
1930
3495
317
317
904
302
563
867
563
1545
4934
1545
317
904
302
1050
1050
5453
5453
12174
5294
1483
2101
1050
1050
2354
1050
1050
1777
2002
1483
4933
2101
1483
1483
3712
1777
1811
1777
1777
1771
2002
302
302
2624
302
302
1777
1771
4199
2624
1811
3160
302
302
1160
1160
1706
1706
386
1099
1099
1160
8967
1706
1160
1706
1706
4143
1706
697
1103
1099
71
2505
1099
71
2957
572
4303
1706
8822
697
4107
10701
1103
1103
71
71
1983
71
1159
413
4527
1573
1159
1159
572
4184
1103
1788
71
413
2408
1159
1573
1573
1573
1573
1788
1160
2958
1160
2958
4143
4290
4143
3429
8938
1194
2121
1160
1194
4290
572
4143
4275
3429
5469
2740
1194
1194
2121
1194
8966
4618
572
572
1788
4275
1788
1788
1194
4618
7824
3258
4916
3258
572
1788
1929
3874
3874
3613
3682
3613
3682
1932
1929
1168
6782
1929
3874
3956
867
3682
8536
1932
4135
1932
7822
1168
746
2959
6479
3039
746
746
2959
1932
867
2247
2959
3039
2959
2959
7073
2959
746
2247
390
3428
6033
1876
1876
1876
1876
1473
390
1373
390
2957
3428
1876
1876
10204
916
3705
697
1473
4294
390
228
2957
1704
898
228
697
916
898
898
898
228
228
228
2838
228
898
898
898
2706
2706
10039
5710
5700
2356
4030
2356
2706
2706
3428
2706
2706
2356
4422
4030
8752
2356
4030
3430
10969
7684
916
4496
4496
3629
4140
916
1771
4496
1771
1771
4496
3629
7671
4496
916
2398
916
1771
2958
13309
3613
2356
2958
4591
2958
2356
1168
2356
2356
3956
2961
7684
2958
3429
8825
1168
1168
3039
2961
3039
3039
3429
3429
3429
7928
3429
1168
3039
1338
1338
2148
2148
47
264
763
462
7139
2148
3230
3230
2148
3230
3230
1250
1132
264
46
1619
264
4361
4501
462
681
3230
8982
1250
681
4216
1250
1132
12
46
12
12
4501
1552
2071
681
459
1250
681
681
1059
681
12
1552
459
459
4862
459
681
1059
681
5322
5322
3615
3615
405
134
404
1285
6099
6016
3615
12745
4177
3615
1727
608
2013
134
404
1285
134
2721
378
1285
1261
1727
1727
608
1261
9211
1727
2013
1841
378
134
360
360
360
4223
830
360
360
1261
1261
3184
1249
360
360
2698
360
830
830
830
830
1249
462
3349
10793
7551
3615
2723
3615
2723
3349
3349
462
462
3327
2723
3615
3615
13413
2723
4798
3418
9238
3327
462
2895
3327
3320
4879
1077
1249
3418
1249
1249
2895
3320
2895
2895
1077
2765
1077
1249
91
91
49
49
49
91
91
281
91
91
281
1328
1328
3283
1328
2482
1304
2585
594
2040
91
91
2482
152
152
1328
2482
2482
2777
3283
4352
1304
202
594
202
202
3407
3407
152
152
2650
4352
152
2759
2759
2100
202
3407
2650
2650
5055
2650
152
2759
2100
281
805
281
49
3331
49
1304
483
11551
3817
763
281
460
460
281
1304
3344
483
1304
1304
2148
460
46
460
460
460
46
46
1304
810
2777
1304
460
460
4627
810
2014
2014
46
2014
2595
2595
1632
1632
185
1018
1018
1137
2695
2595
2695
8089
1678
2419
618
185
407
1018
492
1137
1018
492
119
1137
1137
618
618
185
1854
6427
618
407
492
119
661
105
105
105
1736
688
105
105
1854
688
688
688
105
105
661
105
6236
1783
688
688
688
404
5373
5373
4195
9218
3243
1286
1286
5909
3990
404
404
3990
1020
378
1286
1286
1286
4177
1286
3990
1020
1854
2419
9342
1020
4192
378
1286
1286
378
1065
2419
1020
2419
407
1854
407
378
1065
286
286
164
164
61
286
822
286
286
597
286
3386
597
570
570
2545
61
1522
480
5821
286
480
3976
324
32
570
7164
2545
32
570
1566
61
480
480
594
480
3976
3029
594
32
5450
3584
32
32
109
32
480
3029
9655
3584
6306
6306
32
109
32
324
999
827
1697
627
1697
627
2571
999
999
324
324
999
5530
147
627
5794
2571
1990
4722
1356
1356
324
193
5653
3955
1625
147
193
9034
147
440
193
3955
193
193
2499
193
147
440
2480
2480
3823
3823
162
805
2134
1338
11916
2480
3845
3845
3003
3845
3845
3003
1847
805
161
3817
805
5748
3003
1338
1140
3845
13371
3003
1140
6550
3321
1847
49
161
49
49
5430
1907
5021
1140
1335
3321
1140
1140
2913
1140
49
1907
1335
1335
6116
1335
1140
2913
1140
1338
5322
12891
4130
4130
1139
1139
405
7217
3823
1338
1338
1139
1139
2723
1139
1139
405
2723
2911
3823
3823
1338
3823
7198
685
8462
3192
3320
2911
3320
3320
3823
685
4430
4430
3192
3965
3192
3320
822
2176
2480
2494
5081
1336
1336
1336
822
164
2134
822
1336
1336
161
1336
1336
1336
3003
2181
597
164
597
597
7212
1359
161
161
3363
2181
4979
4979
597
1359
3363
3363
6583
3363
161
4979
2193
2417
2595
1700
9672
1700
1442
522
2193
2417
2193
119
489
489
1442
1678
326
1442
1442
522
1697
1697
119
119
489
489
1442
366
326
8306
1442
326
119
2571
366
5530
2571
489
5636
326
2176
3395
5840
1632
1700
1632
1700
4881
2494
3395
2176
2176
3244
3244
326
1700
11675
4881
3582
5638
8900
3244
164
3244
3244
3244
164
164
3393
5638
326
876
3244
3244
11540
6959
3393
3393
164
876
3395
5322
4195
405
8892
3395
3395
1020
5322
405
3243
405
405
1632
1632
1020
1020
13272
4428
405
2600
4428
405
1020
9344
2600
7108
7864
4428
4428
526
526
882
882
567
526
526
543
526
526
543
2149
2149
5022
2149
2606
2064
3656
385
2479
526
385
4027
566
3677
2149
10551
2606
4991
11804
2064
2064
385
385
192
385
1650
1640
192
192
1650
1650
566
5064
2064
3147
385
1640
3058
1650
1674
1674
192
1674
3147
956
956
569
569
261
956
956
2492
956
956
2492
5023
891
3425
891
289
2301
6308
1813
2394
956
166
166
1555
1555
891
891
289
3654
9912
2339
2301
673
166
673
166
166
166
1555
1451
647
179
1555
3654
3570
3570
166
166
647
179
1451
647
1451
1451
3570
543
1495
543
1495
5022
1675
1675
1675
2492
569
5471
543
1675
1675
543
1675
1675
1675
6598
3383
3425
569
2492
3425
10653
1453
566
566
3231
1453
3231
3231
3425
1453
5318
1453
7026
5318
566
3231
874
874
811
811
75
247
874
247
6615
874
811
811
2147
811
811
270
411
651
1760
247
247
1284
1284
11
11
811
6545
270
1868
6464
270
411
3607
1284
651
1284
1284
461
11
11
694
270
11
694
694
306
1284
461
2501
1182
4555
1182
11
694
306
1267
1267
764
764
25
22
1171
80
5865
764
2043
764
764
2043
764
278
25
1171
1171
22
22
764
474
80
158
764
2113
278
158
2098
25
25
2776
474
22
255
255
255
427
158
255
255
158
158
25
48
255
255
1317
255
8972
2942
158
469
48
80
3028
3348
1438
1438
1438
1438
2182
3028
3028
80
80
1438
2448
1868
1438
2182
2182
11178
411
2043
2448
80
788
2940
2448
1203
48
48
2182
1868
411
788
2448
788
788
48
48
48
48
874
2303
7141
912
912
912
912
1906
874
2303
1677
874
912
1198
1677
912
4606
1906
7405
2606
2147
1198
874
1180
1180
1180
8981
461
461
1180
4027
2606
1180
1180
4875
1180
461
461
461
461
2497
2497
1565
1565
44
1150
2986
1150
2986
2986
2864
3850
741
1224
437
741
44
3200
3200
1150
1150
2986
741
1150
1150
437
9063
741
82
437
437
44
1925
4010
474
1925
3121
1231
4008
23
23
3121
82
23
23
23
1925
1231
4954
3121
474
1314
23
23
23
739
739
739
739
4353
85
962
85
2864
1895
4233
739
739
85
962
962
3689
85
962
2507
7910
1248
82
446
446
150
1643
82
446
446
2859
2507
446
150
1224
446
82
253
82
253
4749
4749
4532
4532
691
1267
4755
1267
4755
4585
6523
13567
4585
4568
2332
1838
691
6454
1565
1267
1267
1565
1152
1267
422
2332
2332
1838
422
4043
2332
691
1565
1152
741
741
9663
1152
4010
422
2332
2332
422
422
1186
409
741
1152
741
1986
6512
1986
422
1186
409
1337
1337
6584
6584
11960
6456
1916
2306
1337
1337
3002
1337
1337
3262
3002
1916
7410
2306
1916
1916
4613
3262
2448
3262
3262
3262
4358
409
409
3275
409
409
3262
3262
5080
3275
2448
5571
409
409
2497
3118
2814
3118
3842
3688
313
1496
10112
2497
2497
1813
1815
3118
313
313
3688
3688
313
1496
1813
85
85
3625
1895
1248
313
313
1815
8458
2770
2386
85
85
260
1248
260
1248
3154
2386
4693
4749
4749
4532
4585
4532
4585
3643
4693
1562
5677
4693
1562
4819
1152
4585
12219
3643
5015
6227
1562
1562
1815
1496
9199
5407
1815
1152
1496
5407
1152
1459
1496
5407
1496
1496
4044
1496
1152
1459
2303
3350
11268
6800
6792
3004
4920
1498
3350
882
2303
2303
882
3004
6456
4920
12126
1498
4920
2306
882
882
1198
882
2389
2389
5020
1198
2389
2389
6159
2306
882
2389
7593
2389
1198
3046
1198
3046
1495
13512
4532
3004
1495
5664
1495
3004
4268
3004
3004
4819
1498
8961
569
2304
5319
569
569
2304
1498
5472
5472
2304
2304
2304
5956
2304
569
5472
1726
1726
2733
2733
66
359
1016
617
8386
2733
4067
4067
2733
4067
4067
1641
1550
359
65
2288
359
5589
5702
617
949
4067
10443
1641
949
4887
1641
1550
18
65
18
18
5702
2223
2660
949
614
1641
949
949
1489
949
18
2223
614
614
5939
614
949
1489
949
617
4176
8939
4863
2064
3679
2064
1756
4176
4176
617
617
4156
3679
2064
2064
13157
1756
5886
1756
10572
4156
617
3814
4156
2780
5955
1507
1640
1756
1640
1640
3814
2780
3814
3814
1507
3249
1507
1640
122
122
68
68
68
122
122
376
122
122
376
1716
1716
3336
1716
3464
1692
3560
869
2629
122
122
3464
207
207
1716
3464
3464
3336
3336
4698
1692
304
869
304
304
4226
4226
207
207
2018
4698
207
3710
3710
2686
304
4226
2018
2018
6104
2018
207
3710
2686
376
1058
376
68
4158
68
1692
638
12607
5169
1016
376
615
615
376
1692
4171
638
1692
1692
2733
615
65
615
615
615
65
65
1692
1063
3722
1692
615
615
5792
1063
2607
2607
65
2607
381
381
219
219
96
381
1075
381
381
872
381
4206
872
845
845
3163
96
2207
635
7067
381
635
5304
495
52
845
6816
3163
52
845
2237
96
635
635
869
635
5304
2020
869
52
3335
2020
52
52
169
52
635
2020
10891
2020
6726
6726
52
169
52
495
755
755
755
1744
1744
295
5286
1080
2358
495
495
755
7280
495
295
7344
5286
295
295
900
2358
129
900
7445
3547
2294
129
295
6907
3481
295
900
3547
1796
4318
129
393
129
393
3462
3462
4865
4865
217
1058
2719
1726
12855
3462
4865
4865
3908
4865
4865
3908
2485
1058
216
5169
1058
6372
3908
1726
1558
4865
11385
3908
1558
7975
3095
2485
68
216
68
68
3307
2538
6077
1558
1723
3307
1558
1558
3095
1558
68
2538
1723
1723
7680
1723
1558
3830
1558
1726
3147
13415
3147
3328
1557
1557
567
6426
5175
1726
1726
1557
1557
3679
1557
1557
567
3679
3828
5175
5175
1726
5175
8429
953
6632
2780
2780
3828
2780
2780
5175
953
5645
5645
4034
4678
2780
2780
1075
2758
3462
3476
6126
1724
1724
1724
1075
219
2719
1075
1724
1724
216
1724
1724
1724
3908
2763
872
219
872
872
8442
1747
216
216
3163
2763
6040
4447
872
1747
3163
3163
4379
3163
216
4379
2775
3423
3570
2361
10899
2016
754
261
3423
644
2775
2775
644
497
179
754
754
261
2339
754
644
497
2358
644
6811
447
2358
179
754
754
179
531
644
447
7280
6811
3547
3547
179
531
2758
4215
7485
2301
2361
2301
2016
4930
3476
4215
2758
2758
4081
4081
497
2016
11261
4930
2016
4764
10402
4081
219
4081
4081
3282
219
219
4213
4930
497
447
4081
3282
12598
6441
4213
4213
219
447
3147
3147
3383
567
10397
4215
3147
1453
3147
567
4080
567
567
2301
2301
1453
1453
13817
5643
567
3574
5643
567
1453
10655
3574
7025
7025
5643
5643
445
445
750
750
108
347
445
347
5084
445
1064
1064
2732
1064
1064
365
259
924
2053
347
347
1673
1673
17
17
1064
7972
365
1242
4747
365
259
2053
1673
924
1673
1673
616
17
17
444
365
17
444
444
149
1673
616
3483
1595
5742
1595
17
444
149
1656
1656
1017
1017
36
33
1586
113
7503
1017
2632
1017
1017
2632
1017
373
36
1586
1586
33
33
1017
629
113
213
1017
2699
373
213
2684
36
36
3721
629
33
227
227
227
588
213
227
227
213
213
36
67
227
227
1705
227
9640
3859
213
624
67
113
3930
4175
750
750
750
750
2764
3930
3930
113
113
750
1992
1242
750
2764
2764
8717
259
2632
1992
113
1041
3857
1992
1613
67
67
2764
1242
259
1041
1992
1041
1041
67
67
67
67
445
1244
5024
484
484
484
484
2184
445
1244
2338
445
484
1609
2338
484
5083
2184
4550
3580
2732
1609
445
1593
1593
1593
10442
616
616
1593
5347
3580
1593
1593
5951
1593
616
616
616
616
3110
3110
1979
1979
64
1568
3896
1568
3896
3896
3110
5199
665
1633
598
665
64
4041
4041
1568
1568
3896
665
1568
1568
598
9343
665
115
598
598
64
2555
4524
629
2555
2832
1106
5334
34
34
2832
115
34
34
34
2555
1106
6021
2832
629
1702
34
34
34
663
663
663
663
4699
116
1398
116
3110
2529
5500
663
663
116
1398
1398
2152
116
1398
3489
9788
1639
115
601
601
205
2310
115
601
601
2191
2191
601
205
1633
601
115
353
115
353
5848
5848
4249
4249
815
1656
5854
1656
5854
5765
7958
11343
3233
3326
1282
1282
959
7918
2236
1656
1656
2236
1570
1656
583
1282
1282
1282
583
5359
1282
959
2236
1570
665
665
7173
775
5335
583
1282
1282
583
583
1598
571
665
775
665
1792
4524
1792
583
1598
571
1725
1725
8001
8001
8500
7920
2546
1247
1725
1725
3907
1725
1725
4095
1890
2546
4557
1247
2546
2546
5785
4095
1992
2010
2010
2010
4702
571
571
2010
571
571
2010
2010
6125
2010
1992
4725
571
571
2789
2789
2789
2789
5193
2151
156
813
7171
3479
2789
1977
1979
2151
156
156
2151
2151
156
813
1977
116
116
2077
2529
1639
156
156
1979
6627
1943
1340
116
116
355
1639
355
1639
4003
1340
5842
5848
5848
5725
5765
5725
3233
2097
5842
2233
7361
5842
2233
5905
1570
3233
9414
2097
3233
6700
2233
2233
1979
813
6408
3278
1979
1570
813
3278
1570
775
813
3278
813
813
3057
813
1570
775
1244
2150
12494
4249
4249
3909
4249
815
2150
453
1244
1244
453
3104
4753
4249
9072
815
5990
1247
453
453
1244
453
1343
1343
6076
1609
1343
1343
4753
1247
453
1343
4926
1343
1609
3397
1609
3008
812
10925
5725
3909
812
7351
812
3104
5532
3909
3909
4925
815
7143
812
1245
3104
844
844
1245
815
3369
3369
1245
1245
1245
7561
1245
844
3369
81
81
143
143
143
81
250
81
81
250
81
1214
3084
1214
1214
1053
1226
1116
73
774
81
73
1509
155
81
1214
3059
1053
2779
2779
1226
1226
73
73
774
73
1708
632
6063
678
678
1708
155
4700
1226
1281
73
632
5499
1708
678
678
678
678
1281
1709
3232
1709
432
432
432
432
1835
1834
1748
2063
1709
432
4345
155
432
4332
1835
11427
1835
1748
1748
1250
1250
6384
2897
155
155
1978
1835
1978
1978
1250
2897
1250
2966
3060
2966
155
1978
889
889
530
530
168
1863
1863
2334
2334
530
2334
9829
530
3686
1494
354
1004
1863
1863
2642
1863
599
599
2642
2334
1494
5847
354
600
1494
1494
1004
4838
599
1123
28
599
204
1370
514
28
1634
600
6129
1494
600
28
204
28
28
514
28
514
514
600
889
889
3184
2013
5738
2013
639
2766
889
889
9355
889
889
2262
1288
639
6128
2766
639
639
6270
2262
600
2262
2262
2262
1288
600
639
2278
6079
639
2262
2262
3686
2278
600
1635
600
1635
1914
1914
1185
1185
126
130
4325
396
4564
4004
1185
4004
3717
1185
1508
547
206
4325
4325
130
130
4004
2613
20
1009
1508
1508
547
1009
8122
206
206
2939
2613
130
1023
1023
919
1810
78
78
1023
20
1009
206
357
1023
919
1167
1023
78
78
78
78
357
250
730
250
730
2711
1220
1220
435
8623
2781
396
250
1220
1220
250
1220
1220
435
6633
1053
1185
3013
20
1185
5253
252
20
20
357
252
1509
1053
1185
252
4011
252
357
357
20
357
1914
1914
5376
1460
530
1460
530
168
1914
1914
2264
1914
839
839
530
530
5663
168
2598
168
6291
839
2613
839
839
293
2411
204
204
168
204
204
839
293
3717
2219
2613
919
204
204
2006
2006
1462
1462
585
1961
1961
2006
11547
3014
2006
3014
3014
6567
3014
1243
1965
1961
143
4406
1961
143
3593
1132
1717
3014
9837
1243
6537
12149
1965
1965
143
143
3232
143
2005
749
1717
1717
2005
2005
1132
4219
1965
3090
143
749
4345
2005
2897
2897
1717
2897
3090
2006
2337
2006
2337
6567
6680
6567
6090
7973
2033
2765
2006
2033
6680
1132
6567
6667
6090
8610
2768
2033
2033
2765
2033
8460
6870
1132
1132
3090
6667
3090
2768
2033
6870
3418
4978
4148
4148
1132
3090
730
5859
8910
1462
1462
1462
1462
585
730
2781
730
4748
5859
982
1462
5774
982
6284
1243
585
6684
730
435
3671
3013
982
435
1243
982
982
1409
982
435
435
435
4683
435
982
1409
982
4566
4566
4566
4566
13181
8381
3932
4173
9835
3619
5859
4566
4566
3512
1805
3932
4173
4173
3932
3932
1460
3512
1460
1460
11468
2731
6565
293
293
4173
1805
3932
1460
2731
2644
3453
293
293
293
293
2337
2337
11025
6157
6854
13584
2337
2337
3512
6157
6157
8381
6157
2013
2013
2013
10401
3619
3512
2766
6157
3512
2731
2013
2766
2766
5750
2766
3512
2731
491
491
287
287
133
1455
1455
1871
1455
825
1871
825
308
2187
825
308
1597
1582
111
3417
1455
111
308
3006
3006
825
9928
308
5330
5330
1597
1597
111
111
189
111
1443
523
3006
189
1443
1443
3006
4468
1597
2544
111
523
2456
31
189
31
189
560
2544
306
306
1871
491
2187
1130
402
133
306
306
1367
306
306
75
1871
402
402
133
7801
402
2948
75
270
270
4400
75
1182
1182
402
402
2544
2544
270
75
270
776
3239
776
1182
2544
2169
2169
3376
3376
90
469
1303
798
9599
3376
4955
4955
1694
4121
4121
1694
974
469
89
2942
469
6734
1694
798
580
4121
11560
1694
580
4121
2086
974
25
89
25
25
6004
1043
3309
580
795
2086
580
580
1590
580
25
1043
795
795
7058
795
580
1590
580
798
5056
9738
5520
6241
579
579
196
5056
5056
798
798
579
579
5601
579
579
196
7005
1588
11706
5034
798
2532
5034
342
7072
1941
2085
1588
2085
2085
2532
342
2532
2532
1941
2532
1941
2085
163
163
92
92
92
163
163
486
163
163
486
2159
2159
4999
2159
4179
2135
4479
1154
3280
163
163
4383
275
275
2159
4383
4179
4628
4999
2727
2135
411
1154
411
411
5109
5109
275
275
3776
6080
275
4611
2727
1721
411
5109
3776
3776
7216
3776
275
3581
1721
486
1345
486
92
5038
92
2135
819
13363
6337
1303
486
796
796
486
2135
5051
819
2135
2135
3376
796
89
796
796
796
89
89
2135
1350
4167
2135
796
796
1694
1350
3259
3259
89
3259
4381
4381
3906
3906
198
577
3402
577
4395
4395
5099
6094
2167
4968
3437
2167
198
3402
287
577
577
287
2167
577
577
3437
3437
2167
981
3926
3926
198
287
287
308
287
5097
2190
3009
345
345
5097
981
345
345
345
287
2190
308
877
3585
877
345
345
345
195
5701
5099
3906
3906
3906
3906
1236
5701
5701
195
195
3906
1994
981
3906
6766
1236
7995
198
6603
1994
195
744
744
744
2521
981
744
744
981
198
744
744
4967
744
1891
4493
981
2552
491
1362
491
1157
5091
1157
1130
4443
1441
816
8802
491
816
6465
75
1130
9616
4443
1130
2890
816
816
1154
816
6465
3473
1154
75
4161
6235
75
233
816
3473
7390
4179
9084
4179
75
233
1345
3362
2169
5737
4381
6000
6362
2516
6362
2516
553
3134
1345
284
6337
1345
2516
2516
2169
1995
2516
2516
553
1995
9186
4018
3134
92
284
92
92
7559
929
6010
1995
2166
929
1995
1995
4018
1995
92
929
2166
929
8957
2166
1995
4731
1995
2169
6000
6342
6342
5520
2169
2169
1994
2169
6342
9644
6768
3556
6557
4581
196
1994
11335
2530
196
3556
4924
5874
196
196
196
2530
196
2530
2530
1362
4381
7239
1523
1362
3362
1362
2167
284
1523
2167
1523
1523
1157
1157
1157
9654
284
284
1523
3406
7147
1523
1157
5068
5068
3473
3473
284
3473
1829
1829
1129
1129
466
1829
1829
4393
1829
1829
4393
7187
1790
6155
1790
649
1653
9086
3109
4334
1829
384
384
2879
2879
1790
1790
649
5246
8164
4307
1653
1226
384
1226
384
384
384
2879
632
632
392
2879
5246
2627
2627
384
384
1202
392
632
632
632
632
2627
631
1707
4393
1129
6155
1129
4035
634
631
348
8612
631
2453
2453
4393
4035
12384
634
4035
634
6036
348
631
965
2453
1056
1126
1126
965
634
2726
2726
965
1056
965
965
4956
965
1126
2726
340
340
575
575
194
2168
2100
340
4203
1576
340
1576
1576
3873
1576
194
4065
3747
2100
2168
2168
1576
758
1626
1626
1576
3172
194
4982
10956
3172
4065
4234
758
3747
339
339
110
1626
1626
339
339
1626
4982
4992
4982
339
110
4352
339
7238
3811
1626
3811
4982
340
964
4146
374
374
374
374
1741
340
964
4063
340
374
4036
2035
374
4202
1741
3647
3647
3873
4776
340
3873
10573
2755
7185
2035
3647
3666
2035
3647
3873
2755
5642
3666
7733
4065
2035
4803
4398
4398
2889
2889
87
1552
4762
1552
4762
4762
4701
6367
1283
2060
773
1283
87
4931
4207
1552
1552
4762
1283
1552
1552
773
5262
1283
154
773
773
87
3181
4207
810
3181
4870
2067
6491
47
47
4870
154
47
47
47
3181
2067
7129
4870
810
2145
47
47
47
1281
1281
1281
1281
6730
157
1835
157
4701
3157
6635
1281
1281
157
1835
1835
6272
157
1835
4408
11087
2084
154
782
782
273
2966
154
782
782
4697
3499
782
273
2060
782
154
458
154
458
2100
3655
3655
575
575
575
575
2477
5640
2889
2100
2100
575
1554
758
575
4301
2477
6516
194
2889
1554
1283
1283
11950
1554
4207
758
4301
4301
758
194
1283
1554
1283
3235
8478
3235
758
2026
4398
4867
4659
4867
6359
2679
664
883
12955
4398
4398
3109
3111
4867
664
664
1452
5362
664
883
3109
157
157
6065
3157
2084
664
664
1452
8272
4622
1452
157
157
465
2084
465
2084
4893
1452
2512
2512
6931
2886
2886
2886
2679
967
2512
2512
8702
2512
2512
3882
1452
2679
3653
967
2679
2846
6850
3882
1554
1580
1580
1580
3111
1452
1580
1580
1452
2846
1580
1580
7180
1580
1554
2825
1452
2825
964
8692
1129
1129
1707
964
964
348
3882
1129
7802
7607
967
348
964
348
1056
5423
3882
1056
1056
3882
967
348
4036
1056
4776
2755
3882
2360
2321
2321
1450
1450
56
53
1797
173
4770
1450
3601
1450
1450
3601
1450
538
56
1797
1797
53
53
1450
902
173
315
1450
3657
538
315
3644
56
56
2194
902
53
328
328
328
863
315
328
328
315
315
56
102
328
328
1963
328
10878
4666
315
897
102
173
5270
5459
1004
1004
1004
1004
2841
5270
4829
173
173
1004
1799
1634
1004
3248
2841
10294
354
3601
1799
173
1472
5206
1799
2282
102
102
3248
1634
354
1472
1799
1472
1472
102
102
102
102
1859
1859
1147
1147
99
2239
3205
2239
5239
2933
2822
2933
936
2302
873
936
99
3205
3164
2239
2239
2933
936
2239
2239
873
10654
936
175
873
873
99
3535
3164
902
2994
2994
1176
3161
54
54
2994
175
54
54
54
2994
1176
7611
2994
902
2363
54
54
54
934
934
934
934
4296
176
695
176
2822
1859
3414
934
934
176
695
695
2736
176
695
1870
6444
2307
175
875
875
307
1253
175
875
875
2773
1870
875
307
2302
875
175
520
175
520
7491
7491
5515
5515
1068
2321
7496
2321
7496
7427
9820
12518
4070
4155
1671
1671
1268
8778
1147
2321
2321
1147
2241
2321
858
1671
1671
1671
858
3202
1671
1268
1147
1147
936
936
8412
1028
3164
858
1671
1671
858
858
2267
846
936
1028
936
1900
5721
1900
858
2267
846
2384
2384
9851
9851
10168
9797
3526
1638
2384
2384
5249
2384
2384
5392
2524
3526
5744
1638
3526
3526
7436
5392
1799
2603
2603
2603
4299
846
846
2603
846
846
2603
2603
6967
2603
1799
4321
846
846
1859
3734
3734
2925
2925
2735
211
1066
8410
1859
1859
1783
1785
2735
211
211
2735
2735
211
1066
1783
176
176
2665
3510
2307
211
211
1785
7230
2188
1728
176
176
521
2307
521
2307
5329
1728
4464
7491
7491
7395
7427
7395
4070
2683
7487
1144
4464
4464
1144
7534
2241
4070
10710
2683
4070
8072
1144
1144
1785
1066
7881
4111
1785
1785
1066
4111
2241
1028
1066
4111
1066
1066
3203
1066
1785
1028
1635
2734
11410
5515
5515
5251
5515
1068
2734
608
1635
1635
608
3991
5852
5515
10502
1068
7588
1638
608
608
1635
608
1731
1731
6820
2278
1731
1731
5852
1638
608
1731
5996
1731
2278
4217
2278
3913
1065
12335
7395
5251
1065
4449
1065
3991
7282
5251
5251
5995
1068
8388
407
1636
3991
407
407
1636
1068
4193
4193
1636
1636
1636
4880
1636
407
4193
114
114
201
201
201
114
350
114
114
350
114
1624
3974
1624
1624
709
1101
1539
107
1027
114
107
826
210
114
1624
3405
709
3724
3724
1101
1101
107
107
1027
107
1177
826
6593
946
946
1177
210
4297
1101
1670
107
826
3413
1177
946
946
946
946
1670
2368
4069
2368
593
593
593
593
2474
2473
2076
2652
2368
593
2972
210
593
2972
2474
10978
2474
2076
2076
1641
1641
7863
1884
210
210
1784
2474
1784
1784
1641
1884
1641
3877
3954
3877
210
1784
350
995
350
995
3667
1629
1629
596
9349
3726
560
350
1629
1629
350
1629
1629
596
7235
709
1597
3917
31
1597
3007
352
31
31
523
352
826
709
1597
352
5336
352
523
523
31
523
1287
1287
778
778
675
2584
2584
2599
11651
2073
2599
2073
2073
4882
2073
675
2586
2584
201
5627
2584
201
2034
1550
2376
2073
6555
675
7103
9228
1325
2586
201
201
4069
201
1122
1003
2376
2376
1122
1122
1550
5491
2586
3977
201
1003
3065
1122
3816
3065
2376
3816
3977
2599
1287
2599
1287
4882
6350
4882
6350
9830
2622
3249
2599
2622
6350
1550
4882
8055
6350
8681
3716
2622
2622
1756
1756
6630
6630
1550
1550
3977
6630
3977
3716
1756
6630
1756
4236
5437
4236
1550
3977
3245
6352
3245
3245
778
3245
13330
778
8768
4454
860
2991
7501
6352
6553
3245
1897
1418
2069
3245
4454
5272
860
1898
4454
4454
2991
7987
1418
776
133
1897
707
776
776
133
4534
1898
11019
4454
1898
133
707
133
133
1831
133
776
1831
1898
1287
1287
9348
6350
8147
11520
1287
1287
1898
6350
6350
8768
6366
2606
2606
1937
11338
2069
1898
1937
6366
1898
3685
1937
1937
1937
7413
1937
1898
3685
995
6961
778
778
995
3726
995
2868
778
778
6859
6526
675
8062
995
596
2129
3917
707
596
675
707
707
596
596
596
5832
596
707
707
646
646
382
382
151
770
770
2024
770
770
2024
1078
151
2769
1078
151
2266
2252
171
4235
770
171
151
3911
3155
1078
6821
151
3155
3155
2266
2266
171
171
148
171
756
262
3911
148
756
756
3911
5681
2266
3524
171
262
2003
51
148
51
148
443
3524
149
149
2024
646
2769
1548
564
191
149
149
1755
149
149
108
2024
564
564
191
6783
564
2004
108
365
365
4448
108
1595
1595
564
564
3524
3524
365
108
365
1029
4076
1029
1595
3524
2753
2753
4200
4200
121
624
1691
1051
6996
4200
6022
6022
2355
5416
5416
2355
1410
624
120
3859
624
6244
2355
1051
855
5416
10953
2355
855
5416
2672
1410
36
120
36
36
4418
1474
4141
855
1048
2672
855
855
2259
855
36
1474
1048
1048
6562
1048
855
2259
855
1051
6105
6358
6358
7768
854
854
298
6105
6105
1051
1051
854
854
6471
854
854
298
6471
2257
12715
6089
1051
3513
6089
509
8334
2569
2671
2257
2671
2671
3513
509
3513
3513
2569
3513
2569
2671
218
218
123
123
123
218
218
641
218
218
641
2743
2743
3038
2743
4518
2720
3145
748
4113
218
218
4518
370
370
2743
5608
4518
3038
3038
3681
2720
259
748
259
259
6151
2978
370
370
3129
6237
370
5783
2015
2015
259
2978
3129
3129
6994
3129
370
2015
2015
641
1733
641
123
4407
123
2720
1072
13865
7825
1691
641
1049
1049
641
2720
6102
1072
2720
2720
4200
1049
120
1049
1049
1049
120
120
2720
1738
5452
2720
1049
1049
2355
1738
4092
4092
120
4092
3077
3077
4652
4652
236
852
4221
852
3077
5616
3077
7662
1776
6032
1776
1776
300
4221
382
852
852
382
1776
852
852
1776
1776
1776
1417
5266
4278
300
382
382
151
151
6140
1096
3914
512
512
4278
1417
512
512
512
151
1096
151
448
2021
448
512
512
512
297
6211
6813
6211
8015
1801
668
668
6142
5248
297
297
4372
1801
297
668
668
668
6031
668
5248
5248
1417
5248
6271
1111
3171
1417
668
668
2525
5698
5248
1111
8655
300
1417
300
1417
3532
646
753
646
1256
6134
1256
1548
2923
753
753
6790
646
753
4445
108
1548
9445
2923
1548
3217
1069
1069
748
1069
4445
1853
748
108
3037
6307
108
333
1069
1853
4518
4528
8565
4528
108
333
1733
4187
2753
7404
5606
4652
7842
3497
4652
3497
833
2847
1733
379
7825
1733
3497
3497
2753
1802
3497
3497
833
1802
8546
4483
2847
123
379
123
123
4878
1375
7604
1802
2750
1375
1802
1802
4329
1802
123
1375
2750
1375
6356
2750
1802
4329
1802
2753
6211
7982
298
7597
2753
2753
1801
5761
298
1801
298
298
4652
2753
4652
6355
11929
3511
298
1956
3511
298
4652
6273
1956
5994
6273
3511
3511
1750
5606
8467
2208
1750
4187
1750
2751
379
2208
2751
2208
2208
1256
1256
1256
6214
379
379
1853
4225
8392
2208
1256
6113
6113
1853
1853
379
1853
2468
2468
1547
1547
454
2468
2468
5614
2468
2468
5614
8423
2442
7702
2442
922
1904
8567
2821
3036
2468
549
549
3800
2998
2442
2442
922
2998
9956
4716
1904
1101
549
1101
549
549
549
3800
905
905
556
2998
2998
3597
1954
549
549
1363
556
905
905
905
905
1954
904
2367
904
515
7621
515
1401
1486
5614
1547
6592
904
2000
2000
904
1401
2000
1486
1401
1401
6657
1547
5614
5354
11476
907
1545
1545
1401
907
6023
1401
5354
907
5354
907
3680
3073
1545
3680
507
507
850
850
296
2752
2686
507
4948
2246
507
2246
2246
5220
2246
296
4350
4280
2686
2752
2752
2246
1011
2295
2295
2246
4015
296
6043
8668
4015
4350
4825
1011
4698
506
506
170
2295
2295
506
506
2295
6043
4950
4950
506
170
4698
506
8466
5164
2295
4950
4950
507
1400
5435
539
539
539
539
2399
507
1400
3160
507
539
4282
2624
539
5478
2399
2101
2101
5220
3297
507
5220
12155
2124
8421
2624
2101
2124
2624
2101
5220
2124
7052
2124
9701
4350
2624
5889
4298
4298
2823
2823
118
2223
3201
2223
5860
3216
4298
7847
1672
2649
1026
1672
118
3201
3201
2223
2223
3201
1672
2223
2223
1026
3019
1672
209
1026
1026
118
4024
5483
1063
4024
5946
1919
6394
66
66
3019
209
66
66
66
4024
1919
8379
5946
1063
2730
66
66
66
1670
1670
1670
1670
6238
212
2474
212
4298
4006
8029
1670
1670
212
2474
2474
6899
212
2474
5629
12405
2049
209
1035
1035
368
3877
209
1035
1035
5846
1884
1035
368
2649
1035
209
613
209
613
2110
2110
2110
850
850
850
850
2840
7332
3808
2686
2110
850
2225
1011
850
5555
2840
4484
296
3216
2225
1672
1672
12879
2225
5483
1011
4484
5555
1011
296
1672
2225
1672
4072
10149
1919
1011
1919
4647
5943
4647
5943
7250
3639
935
454
11537
5619
4647
2821
2823
5943
935
935
766
3206
935
454
2821
212
212
7644
4006
2049
935
935
766
10019
3206
766
212
212
620
2049
620
2049
4833
766
3493
3493
8212
3805
3805
3805
2108
793
3493
3493
10280
3493
3493
4946
766
2108
2108
793
3639
2108
7048
5228
2225
2250
2250
1311
2823
766
2108
2108
766
2047
2250
1311
8419
2250
2225
3764
766
2047
1400
2367
515
515
10272
1400
1400
515
1400
515
1486
3316
1486
1547
4946
1547
6784
3297
3297
1486
1486
4282
3316
1547
4946
1403
5228
1311
3297
1311
245
245
140
140
140
245
245
716
245
245
716
3024
3024
5043
2432
2432
3001
2612
603
4517
245
245
5542
416
416
2432
2432
2432
3970
5043
2432
3001
206
603
206
206
6628
1526
416
416
547
2432
416
3970
6289
3970
206
1526
547
547
5493
547
416
5493
3970
716
1922
716
140
6576
140
3001
1193
3506
7379
1887
716
939
939
716
3001
6587
1193
3001
3001
4590
939
137
939
939
939
137
137
3001
1927
6300
3001
939
939
8786
1927
4499
4499
137
4499
721
721
426
426
223
721
1939
721
721
606
721
6611
606
1770
1770
3554
223
4240
1190
5867
721
1190
3554
1082
126
1770
7681
3554
126
1770
4265
223
1190
1190
603
1190
4012
2403
603
126
3718
2403
126
126
387
126
1190
2403
5542
2403
3718
1526
126
387
126
1014
1014
1014
1014
3050
3050
655
3719
1944
2709
1082
1014
1014
10141
1082
655
9800
3719
655
655
1053
2709
252
1053
8000
5496
1644
252
655
3719
6196
655
1053
5496
3098
3480
252
733
252
733
6180
6180
7061
7061
424
1922
4577
3034
12347
6180
7061
7061
6412
7061
7061
6412
4058
1922
423
7379
1922
5592
5929
3034
2882
7061
12648
6412
2882
11128
4846
4058
140
423
140
140
5019
4436
8936
1621
1621
5019
2882
2882
4846
2646
140
4436
3031
3031
1621
1621
1621
1621
2646
1577
3876
9140
8301
8506
8506
8506
1623
1577
3876
3034
1577
2881
2881
3034
8506
11319
1623
8682
1623
5035
2881
1577
2881
2881
1127
9244
2646
2646
1623
2646
2646
2881
1127
3540
6346
4631
4631
2646
2646
1939
4610
6180
6191
8964
3032
3032
3032
1939
426
4577
1939
3032
3032
423
3032
3032
3032
6412
4615
606
426
606
606
10817
3053
423
423
3711
4615
5929
6780
606
3053
3554
3711
6744
3711
423
6744
2627
2713
2627
3516
10385
3261
1296
466
2713
1199
4626
2627
1199
1084
392
1296
1296
466
4307
1296
1199
1084
2709
1199
9374
783
2709
392
1296
1296
392
1104
1199
783
7494
7494
5496
5496
392
1104
4610
6619
5899
1653
3516
1653
3261
2287
6191
6619
4610
4610
5584
5584
1084
3261
12634
2287
3261
6982
13016
5584
426
3553
3553
1427
426
426
3553
3553
1084
783
3553
1427
8036
3553
6618
6618
426
783
3876
10570
1653
634
6619
3876
3876
1653
634
634
12308
634
1712
13708
3876
5917
5917
5088
1127
1127
2287
5583
1712
5917
8680
8680
1127
1127
1127
1127
4860
4860
3228
3228
136
1217
2892
1217
4860
4860
4427
10263
2956
2962
1161
136
414
8633
2892
1217
1217
239
239
1217
1217
1161
2956
136
240
1161
1161
414
4295
239
2802
239
239
77
3703
2802
1161
696
240
3379
1161
240
239
77
3415
696
2802
3415
2802
3646
240
3594
4640
3594
2687
2687
2687
279
1353
6194
3228
9623
3594
2687
2710
3226
279
3378
1353
279
279
4427
2710
240
2962
9239
2171
3226
240
279
3194
3315
279
2962
2171
2962
4129
240
698
240
698
781
781
1292
1292
232
557
781
690
6098
781
1928
1928
4589
1928
1928
559
464
557
1534
690
557
2451
2451
41
41
1928
10265
559
2078
6970
559
464
3292
2451
557
2451
2451
940
41
41
780
559
41
780
780
272
2451
940
6198
2918
8194
2918
41
780
272
2712
2712
1888
1888
79
76
2909
237
6039
1888
4520
1888
1888
4520
1888
713
79
2909
2909
76
76
1888
1184
237
420
1888
4561
713
420
4547
79
79
6299
1184
76
434
434
434
1148
420
434
434
420
420
79
139
434
434
2611
434
7426
5864
420
1179
139
237
2748
2748
1292
1292
1292
1292
4616
6430
4149
237
237
1292
3241
2078
1292
4616
4616
7963
464
4520
3241
237
1905
6374
3241
2936
139
139
4616
2078
464
1905
3241
1905
1905
139
139
139
139
781
2080
7188
820
820
820
820
3409
781
2080
1534
781
820
2932
963
820
7241
3409
963
2508
4589
2932
781
2916
2916
2916
10231
940
940
2916
7935
2508
2916
2916
7797
2916
940
940
940
940
2712
2712
6017
6401
8520
1219
1158
640
2712
2712
2892
2712
2712
1067
2892
1158
2551
640
1158
1158
4452
1067
1184
2741
4677
1067
8562
77
77
2551
77
77
2741
1067
2741
4677
1184
3011
77
77
3739
3739
5139
5139
2979
8826
2979
8826
8765
5521
9716
4958
4169
1722
2115
217
10742
4264
2979
2979
4264
2894
2979
1143
1722
2115
2115
377
1722
1722
217
4264
2894
1067
1219
7880
1315
8339
1067
1722
2115
377
1143
1722
377
1219
1315
1219
3094
1067
2737
1067
2209
377
3033
3033
3033
3033
8413
3567
3256
1518
7882
5139
6411
3033
3033
3567
3241
3256
3256
1518
7480
3256
5139
5139
377
2746
2746
1070
4149
377
1131
2421
3241
6954
2746
1070
4169
1376
377
1062
377
1062
5755
5755
5755
3755
3746
3755
1353
4995
7722
7290
10944
5755
3824
8856
2710
1353
6008
4995
1353
1353
8765
8737
2894
4958
11814
3330
3228
2710
1353
4995
2710
1353
4958
3330
4958
5647
2894
1315
2710
1315
2080
3377
3377
789
789
789
789
2174
2080
11974
2080
2080
3739
789
789
7110
4855
2174
2174
2174
4194
3567
2932
2932
6649
6095
2174
5101
6413
11616
2174
1355
2932
3567
1735
6095
1735
6095
2083
1355
1352
1352
9601
2081
4117
3739
1352
1352
3739
2081
2081
4855
2081
1769
3755
1769
5654
8737
6413
2081
2081
6413
1355
1769
5074
5074
7109
5074
6413
1355
153
153
266
266
266
153
455
153
153
455
153
2051
2689
2051
2051
1917
2062
1976
145
1314
153
145
2689
278
153
2051
2689
1917
3851
4630
2062
2062
145
145
1314
145
3016
1187
8928
1231
1231
3016
278
3851
2062
2114
145
1187
8632
3016
1231
1231
1231
1231
2114
1590
2690
3017
768
768
768
768
1591
1590
2690
3302
1590
768
5731
278
768
6710
1591
10342
1591
3054
3054
1590
2086
5731
2534
278
278
2688
1591
3227
3227
2086
2534
2086
4750
2688
2688
278
2688
3170
3170
2025
2025
249
253
3696
736
6830
6488
2025
6488
5803
2025
2856
1115
415
3696
3696
253
253
3696
4504
44
1881
2856
2856
1115
1881
10864
415
415
2507
4504
253
1893
1893
1808
3107
150
150
1893
44
1881
415
700
1893
1808
2012
1893
150
150
150
150
700
455
1272
455
1272
4571
2056
2056
771
11414
4632
736
455
2056
2056
455
2056
2056
771
9245
1917
2025
4778
44
2025
8538
457
44
44
700
457
2857
1917
2025
457
5263
457
700
700
44
700
3170
3170
7655
2826
1103
2826
1103
386
3170
3170
4277
3170
1764
1764
1103
1103
8691
386
4491
386
9071
1764
4504
1764
1764
653
4348
413
413
386
413
413
1764
653
6295
4250
4504
1808
413
413
3253
3253
2828
2828
3253
4144
3253
3253
4144
3253
9194
9278
2511
9194
2631
2511
10266
3273
4617
3253
3273
9278
974
974
9194
9272
2631
2511
11405
4620
2511
3273
3273
1588
1588
10027
4040
974
974
4841
4040
974
4841
4620
3872
1588
4040
1588
3897
5257
342
974
342
3872
2690
3211
13360
4779
4779
4779
2511
2079
3211
266
2690
2690
266
5947
2511
2511
12908
2079
2511
3214
266
266
2690
266
3252
1291
3025
2534
2534
3252
6623
3214
266
1291
3460
3252
2534
2534
2534
2534
2509
2509
4144
6832
13199
10724
5906
3858
2509
2509
9397
2509
2509
2502
4144
5906
6006
3858
5906
5906
2740
2502
2740
2740
6204
2502
3258
3258
4618
4588
10381
5906
2740
2502
5692
4588
4618
4618
3258
4618
1272
5265
11511
2828
2828
2828
2828
1145
1272
4632
1272
5204
6087
1855
2828
8772
1855
9065
2079
1145
5204
1272
771
2657
4778
1855
771
2079
1855
1855
2444
1855
771
771
771
6921
771
1855
2805
1855
5265
5265
12361
6432
12707
7936
5265
2502
3102
6432
6589
6432
6432
2681
2826
2502
2502
5497
653
653
5686
3102
3770
2502
4529
5686
653
653
653
653
3125
3125
1989
1989
361
3125
3125
6750
3125
3125
6750
7320
3092
5964
3092
1204
2647
7912
4859
6712
3125
724
724
4714
4714
3092
3092
1204
5964
9954
6696
2647
2062
724
2062
724
724
724
4714
1187
1187
732
4714
4059
4059
1666
724
724
2039
732
1187
1187
1187
1187
1666
1186
3015
1186
691
1657
691
1657
1920
6750
1989
11407
1186
1657
1680
1186
1657
4356
1920
1838
1838
5933
1680
5964
5933
12447
1189
1986
1986
1838
1189
7130
1838
5933
1189
5964
1189
4583
2647
1986
4583
683
683
1135
1135
3394
3333
683
6608
2900
683
2900
2900
6388
2900
403
5328
3581
3333
3394
3394
2900
1298
2949
2949
2900
4164
403
7150
13178
4904
5328
2727
1298
2727
682
682
234
2949
2949
682
682
2949
7150
7157
7150
682
234
6729
682
5238
5238
2949
5238
7150
683
1837
2634
714
714
714
714
3047
683
1837
5571
683
714
6510
2634
714
6607
3047
3521
3521
6388
6986
683
6388
9819
4607
9634
3275
3521
5219
3275
3521
6388
4607
8679
5219
7498
5573
3275
7010
1682
1682
2670
2670
159
1721
1721
1043
6980
2670
3455
5999
2116
3299
1313
2116
159
1721
1721
2876
1721
1721
2116
1043
2876
1313
5179
2116
277
1313
1313
159
4913
5976
1350
4913
5976
3306
4119
90
90
5179
277
90
90
90
4913
3306
5398
5398
1350
3373
90
90
90
1043
2114
2114
2114
5678
280
1591
280
4090
4090
1043
1043
2114
280
1591
1591
6048
280
1591
3902
3455
1714
277
1322
1322
478
4750
277
1322
1322
6935
3902
1322
478
3299
1322
277
794
277
794
3333
5165
5165
4721
2670
214
214
214
5247
1135
3333
3333
214
214
2116
214
214
214
2116
628
1135
1135
1298
1135
2697
121
6066
1298
1719
628
11346
4960
1135
121
1719
403
1298
403
1298
3266
4413
1682
4413
8213
5967
4718
4718
3672
4718
3672
375
1840
11449
1682
4413
4413
633
633
4413
4413
3672
3672
375
6392
5245
4684
1840
4861
633
2878
633
633
633
9395
1047
1047
1710
6392
2903
2903
2903
633
633
2878
1710
1047
1047
1047
1047
2903
1837
3015
691
691
11439
1837
1837
691
1837
691
1920
4053
1920
1989
6392
1680
1680
7402
6392
1920
1920
6986
4053
1680
9825
1840
6392
1840
6392
3515
1682
4061
9104
1218
12451
1682
1682
4061
1682
1218
1218
1487
1218
4859
280
280
8930
4896
1714
1218
1218
10074
1487
280
280
801
1714
801
1714
4154
174
174
303
303
303
174
517
174
174
517
174
2293
3183
2293
2293
800
1119
1241
84
1117
174
84
1079
312
174
2293
4224
800
4355
5114
1119
1119
84
84
1117
84
1320
477
5006
1382
1320
1320
312
4355
1119
1814
84
477
4232
1320
1382
1382
1382
1382
1814
1321
3317
1321
868
868
868
868
3457
3456
1360
2861
1321
868
3883
312
868
3883
3457
11037
3457
1360
1360
1836
1360
9674
2518
312
312
1814
3457
1814
1814
1360
2518
1836
4409
5285
4409
312
1814
443
1431
517
1431
2125
2125
2125
871
9142
5115
443
443
2125
2298
517
2125
2298
871
8463
800
2266
4965
51
2266
3912
519
51
51
262
519
1079
800
2266
519
3165
519
262
262
51
262
1676
1676
1031
1031
3317
3559
3573
12681
2662
3573
2662
2662
5958
2662
943
2186
3317
303
5082
3317
303
2623
1329
1329
2662
7980
943
7051
10564
1713
2186
303
303
3317
303
1541
1437
1329
1329
1541
1541
1329
3400
3400
3400
303
1437
3959
1541
5168
3959
1329
3400
3400
2183
1676
6546
3592
3074
3592
2412
7160
3573
1676
2183
2183
3592
7830
2183
2412
7232
7160
2412
5503
5958
7830
2221
5958
9578
5037
2221
2221
3318
7232
3318
3318
5958
5037
9132
2186
5305
2186
2221
3318
4082
4761
4082
4082
1031
4082
12884
1031
7132
3030
424
3346
4761
4761
7978
4082
1998
717
2658
4082
3030
3030
424
2531
3346
3030
3346
9839
717
1029
191
1998
717
1029
1029
191
3030
2531
11070
3346
2146
191
717
191
191
2055
191
1029
2470
2146
1676
8758
3580
2184
1676
12584
1676
1676
3580
2184
8898
2184
2184
10659
2531
7132
7830
2658
2531
2184
7160
4570
2184
7132
7132
7846
2531
2146
2531
2146
1431
8241
1031
1031
1431
5115
1431
3789
717
1031
4600
6585
943
9891
1431
871
2715
5258
717
871
943
717
973
871
871
871
4965
871
717
973
3704
3704
4668
4668
181
897
2352
1482
8267
4668
6489
6489
1306
3289
3289
1306
708
897
180
5208
897
7771
1306
1482
419
3289
12346
1306
419
3289
3632
708
56
180
56
56
4936
790
4666
419
1479
3632
419
419
1175
419
56
790
1479
1479
7984
1479
419
1175
419
1482
4254
6687
6687
13634
4533
1899
242
7838
4254
1482
1482
418
418
1482
1899
4533
242
1899
1899
6389
418
4375
418
418
138
9037
3545
1899
1173
3545
1899
418
138
7932
1173
3631
3151
3545
3631
320
320
183
183
183
320
320
914
320
320
914
3695
3695
3937
3695
3353
2142
3995
1002
5409
320
320
5715
535
535
3695
6673
3353
3937
3937
2142
2142
354
1002
354
354
5025
3888
535
535
2841
5025
535
7124
2142
1333
354
3888
2841
2841
8265
2841
535
2608
1333
914
2391
914
183
5628
183
3676
1502
12976
6328
2352
914
1480
1480
914
3676
7668
1502
3676
3676
4668
1480
180
1306
1480
1480
180
180
3340
2396
3340
3340
1306
1480
1306
2396
5389
3287
180
3340
2407
4549
1007
5466
544
1007
544
544
1499
544
656
2491
6671
4549
2407
2407
544
1882
1645
1645
544
6496
656
5660
2491
2491
2491
7029
1882
3702
1093
1093
388
1645
1645
1093
1093
1645
7678
2491
3840
1093
388
3702
1093
7752
5494
1645
7126
3840
919
1007
1499
1499
8097
919
919
1002
1007
1499
5715
5660
3353
1002
168
168
8616
7691
2219
3334
3353
10737
6727
168
168
500
2219
500
2219
4056
3704
3704
3704
3704
11055
2450
1896
2450
4932
4932
4254
3704
3704
2450
4254
1896
4784
2450
1896
1896
5814
5814
1927
5814
7793
3175
9120
138
138
4784
138
138
5814
3175
7835
2581
1927
2581
138
138
2391
2391
183
183
9735
4549
2391
183
1882
183
3701
5954
656
4943
2450
2450
7836
8620
1882
3701
3701
1882
656
2450
2450
5576
10198
3175
1882
3175
3451
3451
2218
2218
479
476
1319
7313
7313
2218
7082
7082
2218
6873
3193
479
1264
476
248
8006
476
1807
1807
5157
7082
3193
11026
479
3903
3193
479
1264
4973
248
476
699
1807
803
2217
2141
699
479
3903
2141
2141
2038
699
803
699
699
6490
699
2141
2141
2038
3451
3451
3451
3451
10119
1984
1984
740
8642
2863
3936
3451
829
829
3903
1984
1984
740
6873
4312
1119
829
1119
829
829
439
4818
477
477
439
3903
2038
829
439
1751
439
477
477
477
477
4357
4357
2865
2865
178
1134
1134
4042
7502
4357
4055
9741
3614
2333
1458
178
2333
1134
1134
4042
1134
1134
311
3387
4042
1458
1458
178
2333
3922
1458
2333
7032
311
1493
101
101
101
5344
5344
101
101
3387
6495
3922
2549
101
101
1493
101
7191
3684
5344
6495
2549
2696
2696
4425
4425
4055
1136
2333
1136
2696
414
3646
2696
414
1136
2333
2333
13229
1136
2333
4505
414
414
696
414
4414
1839
3387
696
4414
4414
7256
2549
414
1839
5695
136
696
136
696
1873
2331
2331
2331
2331
6309
314
3457
314
4357
5332
9866
2331
2331
314
3457
3457
6767
314
3457
5079
13523
2638
311
1466
1466
533
4409
311
1466
1466
5111
2518
1466
533
3614
1466
311
887
311
887
1878
7552
1878
9980
7552
5160
5160
2093
5160
2093
609
701
11992
2865
1878
1878
1019
1019
1878
1878
2093
2093
609
2971
2694
2694
701
2865
1019
1136
1019
1019
1019
8316
1165
1165
2636
2971
1165
1165
1165
1019
1019
1136
2636
6839
2901
1165
1165
1165
698
11990
2218
2218
1319
698
698
248
2971
2218
6292
6013
701
248
698
248
803
4129
2971
803
803
2971
701
248
3194
803
5546
2171
2971
1699
5809
5809
8474
740
12596
7315
5809
2863
4970
740
740
4046
740
2863
314
314
5008
5332
2638
740
740
7001
4046
314
314
893
2638
893
2638
5916
986
986
587
587
325
986
2567
986
986
880
986
8020
880
2426
2426
1952
325
5507
1602
7504
986
1602
1952
1512
186
2426
5072
1952
186
2426
5529
325
1602
1602
877
1602
2953
1357
877
186
2190
1357
186
186
552
186
1602
1357
7292
1357
2190
2190
186
552
186
1447
1447
1447
1447
3948
3948
928
2192
2189
1901
1512
1447
1447
7243
1512
928
6461
2192
928
928
709
1901
352
709
7243
3410
2311
352
928
2192
7735
928
709
3410
1860
1860
352
998
352
998
7723
7723
8328
8328
2552
5757
3310
12902
7723
8328
8328
7885
8328
8328
6287
4525
2552
584
4493
2552
7074
7544
3310
3136
8328
13604
6287
3136
12429
4525
4525
198
584
198
198
6075
4339
9469
2290
2290
6075
3136
3136
4525
3136
198
4339
3132
3132
2290
2290
2290
2290
3136
2247
5223
8618
10042
10173
10173
9133
2292
2247
4546
3310
2247
3802
3802
3310
9133
11272
2292
9133
2292
4546
3802
1932
1932
3802
1546
10577
3611
3611
2292
3611
3611
1932
1546
1932
4595
5796
4595
3611
3611
2567
5782
7723
7730
10438
3933
3933
3933
2567
587
5757
2567
3933
3933
584
3933
3933
3933
7885
5787
880
587
880
880
11027
3951
584
584
2178
5787
7544
6287
880
3951
1952
2178
4523
2178
584
4523
1954
1954
1954
1904
11364
1904
1684
621
3669
1610
5096
1954
1610
1514
556
1684
1684
621
5561
1684
1610
1514
1901
1610
8872
1036
1901
556
1684
1684
556
1531
1610
1036
4752
4752
3410
3410
556
1531
5782
8025
7730
8025
11907
4641
1951
726
7530
2318
5782
5782
4743
4641
587
1951
1951
726
9305
1951
1904
2318
1514
1904
11360
1208
587
587
1951
1951
7220
7220
1904
1208
4094
8254
1514
1036
587
1036
5223
8025
14115
4641
5223
12152
5223
5223
2318
4641
8711
4641
8711
6131
907
1546
1546
2318
907
1546
1546
9618
1208
1546
4742
1546
907
2371
907
1208
3668
3668
2522
2522
112
109
337
3826
7624
5717
2522
2522
5717
2522
2522
112
978
109
337
3826
109
581
581
3826
2522
2522
5735
112
1234
4724
112
978
1566
581
109
581
581
197
5098
595
595
112
1234
595
595
595
581
197
4584
1592
3584
5040
595
595
595
3668
3668
4992
6213
6213
1628
1257
913
3668
3668
3811
3668
3668
1497
3811
1257
3531
913
1257
1257
5667
1497
1234
3693
5827
1497
8638
110
110
3531
110
110
3693
1497
3693
5827
1234
3128
110
110
1034
1034
1681
1681
332
440
1034
958
7666
1034
2557
2557
5768
2557
2557
442
619
440
1233
958
440
1996
1996
61
61
2557
11466
442
2666
8247
442
619
4124
1996
440
1996
1996
745
61
61
1033
442
61
1033
1033
367
1996
745
7737
3835
9034
3835
61
1033
367
337
3700
3700
1681
1681
1681
1681
4685
7900
5438
337
337
1681
4078
2666
1681
5788
4685
9057
619
5717
4078
337
2536
7854
3099
3853
197
197
5788
2666
619
2536
3099
2536
2536
197
197
197
197
1034
2668
8424
1073
1073
1073
1073
4228
1034
2668
1233
1034
1073
3849
1399
1073
8468
4228
1399
2017
5768
3849
1034
3833
3833
3833
8923
745
745
3833
6812
2017
3833
3833
6772
3833
745
745
745
745
4276
4276
2808
2808
3889
9273
3889
10363
9273
6212
6212
6025
5454
2381
2701
319
9507
5528
3889
3889
5528
3813
3889
1561
2381
2701
2701
542
2381
2381
319
5528
3813
1497
1628
9766
1703
8639
1094
1094
2701
542
1094
1094
542
1628
1703
1628
3981
1497
3690
1094
1094
542
3934
3934
3934
3934
10114
1971
3207
1971
9768
2808
7884
3934
2808
1971
4078
3207
3207
1971
4685
3207
2808
2808
542
2808
3698
1221
5438
542
1549
3207
4078
8234
2808
1221
5454
657
542
657
542
1492
4803
4276
4803
3166
5132
3166
1741
6053
9273
4276
8539
4803
5176
8606
3666
1741
7603
6053
1741
1741
10331
10305
3813
6025
12790
4157
4065
3666
1741
4806
3666
1741
6025
4157
6025
4806
3813
1703
3666
1703
2668
4201
4201
1042
1042
1042
1042
2757
2668
8537
2668
2668
5126
1042
1042
8361
4947
2757
2757
2757
5473
1971
1971
3849
6900
6900
2757
6144
6900
9062
2757
1743
1971
1971
2393
7663
2048
6900
2048
1743
1740
1740
10850
2669
5413
4276
1740
1740
4947
2669
2669
4947
2669
2425
3166
2425
7345
10305
7886
2669
2669
7886
1743
2425
6119
6119
8360
6119
7886
1743
208
208
361
361
208
610
208
208
610
208
2640
3649
2640
2640
2547
2651
2597
203
1702
208
203
3649
373
208
2640
3649
2547
5200
5795
2651
2651
203
203
1702
203
3919
1599
10418
1106
1106
3919
373
4682
2651
2700
203
1599
6518
3919
1106
1106
1106
1106
2700
2259
3650
3920
1021
1021
1021
1021
2259
3650
4134
2259
1021
4415
373
1021
4415
11674
2260
3952
3952
2259
2672
7401
373
373
3648
2260
4064
4064
2672
2672
5849
3648
3648
373
3648
4013
4013
2614
2614
349
353
2160
1001
5104
7938
2614
7938
7452
2614
3785
1538
576
2160
2160
353
353
2160
5705
64
2515
3785
3785
1538
2515
11131
576
576
3489
5705
353
2527
2527
2454
3994
205
205
2527
64
2515
576
966
2527
2454
2605
2527
205
205
205
205
966
610
1661
610
1661
5751
2645
2645
1024
12552
5797
1001
610
2645
2645
610
2645
2645
1024
10578
2547
2614
5868
64
2614
10192
612
64
64
966
612
3786
2547
2614
612
3021
612
966
966
64
966
4013
4013
5027
3765
1530
3765
1530
551
4013
3411
4252
4013
2420
2420
1530
1530
9668
551
4830
551
10501
2420
4252
2420
2420
926
3408
574
574
551
574
574
2420
926
7804
5516
5705
2454
574
574
3023
3023
3767
3767
4088
5433
4088
4088
5433
4088
7169
7169
3492
7169
3600
10954
4106
5789
4088
4106
9058
1410
1410
7169
8919
3600
3492
12548
3047
4106
4106
2257
2257
7013
5358
1410
1410
3012
5358
1410
5923
3047
2257
5358
2257
5240
3012
509
1410
509
3650
4051
13206
5869
4576
5869
3492
4051
361
3650
3650
361
6310
3492
3492
11058
3492
361
361
3650
361
4087
3927
3515
1840
4607
361
1840
3515
3515
3490
3490
5433
6462
13797
12231
7535
5207
3490
3490
10696
3490
3490
3484
5433
7535
7601
5207
7535
7535
3692
3484
3692
3692
7743
3484
4091
4091
5790
5767
9058
6575
3692
3484
7375
5767
5790
2795
4091
2795
1661
3023
11676
3023
3767
3767
3767
1563
1661
5797
1661
2938
7245
2493
3767
10335
2493
10498
1987
1563
2938
1661
1024
3020
5868
2493
1024
2667
2493
2493
1987
2493
1024
1024
1024
7163
1024
2493
3750
2493
3023
3023
11436
7901
13630
9808
3023
3484
3023
7901
8004
7901
7901
3641
3411
3484
3484
3411
926
926
7370
3122
3122
3484
5724
7370
926
926
926
926
2836
2836
1795
1795
527
2836
2836
6256
2836
2836
6256
4405
3191
4495
3979
1614
3612
9790
5936
8084
2836
989
989
2982
2982
3979
3979
1614
4495
6871
4679
3612
2651
989
2651
989
989
989
2982
1599
1599
997
2982
5369
5369
2329
989
989
2628
997
1599
1599
1599
1599
2329
1598
3918
1598
959
2322
959
2322
2550
6256
1795
8649
1598
2322
2341
1598
2322
3237
2550
2476
2476
7548
1795
4495
4495
10970
1601
1792
1792
2476
1601
4680
2476
4495
1601
4495
1601
5763
3612
1792
4661
951
951
1553
1553
2015
4160
951
6539
3818
951
3818
3381
6487
3381
565
3153
2015
4160
4214
2015
3381
1686
3865
3865
3381
3381
565
4757
11487
4507
3153
3681
1686
2015
950
950
334
3865
2984
950
950
3865
6762
4507
4757
950
334
6237
950
2984
2984
2984
2984
4757
951
2131
3603
979
979
979
979
1877
951
2475
4725
951
979
6513
3603
979
8017
1877
1910
1910
6487
4545
951
6487
6513
2960
10873
4108
1910
2960
4108
1910
6487
2960
8710
2960
4757
4727
4108
6497
2343
2343
1833
1833
2380
2380
1474
6377
3630
1833
7596
2702
1833
1701
2702
2380
2380
3797
2380
2380
2702
1474
3797
1701
2910
2702
372
1701
1701
5983
6976
1738
3269
6810
4138
4961
121
121
2910
372
121
121
3269
4138
3269
3269
1738
3269
121
121
1474
2700
2700
2700
7362
375
2260
5387
4404
1474
1474
2700
375
2260
2260
7632
2260
1833
2373
372
1710
1710
4719
372
1710
8216
1710
4131
372
372
2893
2893
2999
1553
1553
1553
1553
181
2893
2893
4160
2893
316
316
1686
1553
2133
181
2378
565
3630
316
2702
316
316
316
7645
1686
2378
901
1686
565
316
316
2702
901
11495
4763
1686
4099
4497
4497
2343
6379
4314
7568
4314
4314
2130
2130
1178
540
4497
4497
11001
4497
4314
6535
2343
906
2130
2997
1178
906
2130
2997
540
8886
7867
3799
1478
3820
1903
5938
906
1478
2997
906
906
2369
906
1478
1903
1478
1478
3799
1478
906
2369
906
2343
5371
8585
804
13540
2343
2343
3191
2343
804
1627
804
804
5936
375
375
6339
4404
2373
804
1627
7094
804
375
375
1054
2373
1054
2373
5443
2131
2131
959
959
10993
2475
2131
959
1169
959
2550
4494
2550
1795
6535
1795
2341
4545
4545
2550
2550
8258
4494
1795
6535
2478
7867
1903
4545
1903
1201
1201
722
722
274
1310
1310
3264
1310
1310
3264
1942
274
4621
1942
274
4279
4007
356
6637
1310
356
274
6415
4894
1942
7685
274
4894
4894
4279
4279
356
356
271
356
918
467
6415
271
918
918
6415
8364
4279
6216
356
467
3250
125
271
125
271
779
6216
272
272
3264
1201
4621
2346
1124
400
272
272
3061
272
272
232
3264
1124
1124
400
9356
1124
3251
232
559
559
6781
232
2918
2918
1124
1124
6216
6216
559
232
559
1536
5578
1536
2918
6216
3798
3798
2464
2464
1179
3000
1915
9493
3798
5458
5458
2265
5458
857
857
2806
1179
243
6376
1179
5269
2265
1915
1774
857
857
857
1774
7397
857
2806
79
243
79
79
6763
511
5864
1774
857
857
1774
1774
4272
1774
79
511
1912
1912
4185
1912
1774
4185
1774
1915
8120
9103
7686
3714
319
319
8120
5602
1915
1915
319
319
3714
319
319
5662
910
5602
3683
1915
3683
3683
5271
3984
2471
910
4537
3519
3683
6205
6205
3984
3984
3984
3519
425
425
246
246
246
1196
3040
1196
1196
246
1196
3901
246
3542
3901
1936
3542
3798
7826
3000
1196
1913
1913
710
1196
3901
8950
1936
3542
4578
4578
3542
5866
1913
243
1913
1913
1913
243
243
4578
3045
710
5746
4578
3260
1913
1913
2265
3045
6528
511
243
511
3260
425
425
425
425
4597
4597
3542
3801
4888
1290
6542
425
425
6807
710
3542
5117
3801
3542
5117
464
1290
464
464
4166
3420
710
710
4166
4166
8253
3260
464
3420
4877
4166
9491
4877
710
3260
4832
4832
6898
6898
3040
6595
4605
7403
7403
6898
10115
5448
6898
5448
1758
3040
719
7826
3040
2463
5448
2464
3099
5448
5448
1758
3099
7861
5451
246
719
246
246
7071
2783
9823
3099
4093
2783
2464
3099
5953
246
2783
4604
2783
4093
4093
3099
4093
4605
2405
7409
8236
6898
8533
6898
9020
2405
4605
4605
1500
1500
2464
6898
7965
9055
7686
1500
2490
657
1500
2464
1492
657
8234
657
657
1492
1492
1642
6624
1642
4832
8662
4832
9827
2406
7273
3079
2406
659
6624
722
1642
1642
722
2406
1642
1642
3079
3079
2406
2812
8548
6670
659
722
722
274
274
7687
1958
6418
1097
1097
6670
2812
1097
1097
1097
274
1958
274
784
2404
784
1097
1097
1097
602
8236
7273
5470
2405
602
602
2405
2812
5470
5470
11433
659
7907
602
1221
1221
4903
2812
1221
1221
2812
659
1221
8908
1221
4423
8720
2812
6220
1201
1295
1201
2089
5977
2089
2872
3969
1295
945
9361
1201
1295
5397
232
2872
5397
3969
2872
4944
1933
945
1290
1933
6778
3139
1290
232
3541
5611
232
676
1933
3139
3801
3801
8370
3420
232
676
3056
8102
9836
2406
3056
5729
3056
2406
719
2406
2406
4241
4241
2089
945
2089
9022
719
719
3139
5490
7643
4241
2089
8373
7382
3139
3139
719
3139
450
450
263
263
263
450
450
1259
450
450
1259
4789
3466
3742
2314
2314
3742
4503
1163
6806
450
450
3466
752
752
2314
2314
2314
3742
7205
2314
3742
415
1163
415
415
9240
1446
752
752
1115
2314
752
6459
9069
5525
415
1446
1115
1115
8023
1115
752
8023
5525
1259
2386
1259
263
9201
263
2762
534
6202
2386
3154
1259
895
895
1259
2762
2762
534
3742
4773
2770
895
260
289
895
645
260
260
289
645
9079
4773
289
645
289
289
1463
289
260
1463
1263
1263
762
762
430
1263
3190
1263
1263
1166
1263
9225
1166
3075
3075
1622
430
6642
2030
8438
1263
2030
1622
1946
249
3075
10279
1622
249
3075
4071
430
2030
2030
1163
2030
5815
994
1163
249
4071
4341
249
249
727
249
2030
994
5345
4341
6296
1446
249
727
249
1885
1885
1885
1885
4807
2588
1210
2370
2576
2576
1946
1885
1885
5440
1946
1210
2370
2370
1210
1210
1917
4569
457
1917
10827
1485
2967
457
1210
2370
8477
1210
1917
1485
4849
6195
457
1275
457
1275
3744
3744
5527
5527
2386
3744
4797
12138
3744
9546
9546
5116
9546
3803
2198
1471
3178
759
2386
2386
5116
5116
4797
2350
3803
3803
2198
2350
11981
3803
1471
263
759
263
263
7184
1369
6136
2350
1076
1369
2350
2350
3741
1520
263
1369
1076
1076
2944
1076
2350
2944
1520
1459
3616
1459
3616
7199
1563
1563
8461
5527
4797
1459
1563
1563
1459
1563
1563
6227
3844
5527
5527
4797
5527
10332
10885
4530
4530
2946
5407
6883
5527
7298
2424
4530
2424
4530
4530
3190
6864
3190
762
1166
591
1166
591
3744
7731
6842
3190
4795
591
1166
1166
10860
591
1622
3971
6138
4795
759
2198
2580
349
759
759
2198
2580
9323
3971
2198
349
2198
2198
8865
2198
759
2467
1666
1666
4572
2036
2036
1948
2036
1323
1666
1666
6878
1666
1666
1948
2588
2036
11783
1323
5440
7732
10622
4981
732
2128
2128
802
4569
732
2128
2128
8629
1485
2128
802
3565
2128
732
1966
732
1485
6864
6864
762
591
9232
7529
7731
6864
1948
591
591
1948
591
1323
2976
5930
5826
5930
4981
4981
10887
1664
1664
1323
3617
1620
2976
4981
4057
10618
7734
4057
1664
1664
1664
1664
3616
3616
7246
1987
12151
9232
3616
1189
3616
1987
2667
1987
2647
2976
1189
1189
5826
4057
1987
5668
1189
5237
4057
4057
276
276
471
471
276
791
276
276
791
276
3291
4552
3291
3291
3173
3301
3225
268
2145
276
268
3501
483
276
3291
4552
3173
6368
6882
3301
3301
268
268
2145
268
3501
2027
11525
2067
2067
4781
483
5878
3301
3345
268
2027
6153
4781
2067
2067
2067
2067
3345
2913
4553
4782
1308
1308
1308
1308
2364
2913
4553
5014
2913
1308
5427
483
1308
5427
2364
12990
2914
4811
4811
2913
3321
8743
3659
483
483
4551
2914
4952
4952
3321
3659
3321
6972
4551
4551
483
4551
3549
3549
2284
2284
458
6278
1278
9381
8454
3265
9152
8792
3265
4694
1975
751
3499
6278
458
458
4096
3623
87
3149
4694
4694
1975
3149
13147
751
751
4408
3623
458
3156
3156
3105
4858
273
273
3156
87
3149
751
1246
3156
3105
3257
3156
273
273
273
273
1246
791
2105
3549
6884
3265
3498
3265
791
2105
1278
791
3295
3295
87
3265
3498
8545
793
6837
3295
791
3295
3295
87
87
1246
793
1246
1246
3295
7841
3173
4695
3173
87
1246
4902
4902
11011
4671
1965
4671
1965
4902
4902
6669
4902
3070
3070
1965
1965
11438
2372
726
5288
3070
3623
3070
3070
6725
749
749
726
749
749
3070
9075
6650
3623
3105
749
749
2374
2374
3674
3674
4553
4940
4975
7831
3674
4975
6061
3674
4412
4412
4412
4940
471
4553
4553
471
7672
1847
4412
4412
13595
4412
4412
2399
4412
471
471
4553
471
4974
4790
4432
2364
2399
1847
5892
4941
5446
471
2364
2364
4432
2364
4432
4432
5446
4975
5301
4975
5301
11681
11728
11681
4519
12399
4990
6869
4975
4990
10560
1847
11681
11723
4519
12268
6872
4990
4990
2911
2911
12936
6514
1847
1847
7039
6514
7039
5446
2911
6514
2911
6402
8542
685
1847
685
2105
8547
12397
4673
3674
4673
3674
6884
2284
2105
2105
3141
3141
3674
3674
9748
9958
6133
2284
2105
1403
3141
8524
1311
1311
3706
1403
1403
1311
1311
2374
2374
4410
4410
2768
4403
2466
2374
2374
11799
2374
2374
4403
2768
2466
2466
6090
2466
10268
7259
6568
8857
8896
4978
4978
2466
2466
6870
6090
8857
8857
8857
10560
8857
4978
6870
8547
13591
4544
4403
8547
11105
8547
4403
4671
4403
4403
6056
5609
2284
5609
9210
2284
1208
1208
1208
5609
9144
2371
1208
2430
2430
3751
3751
172
2430
5464
2430
2430
5536
2430
4536
421
3347
421
421
3347
5464
1991
5040
2430
421
421
2545
2430
421
421
421
3347
3347
1183
3347
1991
1991
112
112
4559
244
7856
1592
3027
1183
2545
10774
5155
5018
112
244
112
343
1592
343
1592
3905
5018
3029
1907
5312
5312
7744
5011
2144
282
4712
1907
3029
3029
3454
482
2545
2144
2144
282
7309
2144
6548
482
2181
162
162
162
2545
2545
162
162
8876
7309
162
162
2181
162
8584
5078
2545
8584
578
578
970
970
704
1585
1585
3893
1585
1585
3893
5406
2990
2388
2388
2029
2388
2026
573
3529
1585
1585
2990
6944
2388
2388
13761
2029
2388
2388
2029
2388
194
573
194
194
5364
2320
3235
3235
2477
2029
6944
6848
1587
1587
194
2320
2477
2477
5876
2477
3235
1587
1587
3893
4873
3893
970
3488
970
2528
2041
11089
7055
7416
3893
1266
1266
3893
2528
4843
2041
2528
2528
3301
1266
3301
1266
1266
1266
6944
2027
2027
1274
6522
2528
1266
1266
3279
1274
2027
2027
2027
2027
2390
2992
578
5215
2526
578
2526
2526
3528
1416
715
1416
5536
2992
2390
2390
1188
1188
978
978
1416
6265
715
3528
1416
1416
1416
7057
1188
4713
1188
1188
1188
978
978
1416
3018
978
4726
1416
2269
1188
1188
4713
3018
1911
1911
978
1911
2269
578
578
3238
2990
4780
3128
578
573
578
2990
2990
3528
3130
573
3128
573
3176
7657
2589
2387
3176
8204
3130
573
2387
2387
2589
2387
2589
2589
1907
3345
3345
3345
8703
485
2914
485
6527
3751
1907
1907
3345
485
2914
2914
5309
485
2914
5309
3751
3022
482
2153
2153
814
6972
482
2153
2153
7310
3659
2153
814
5011
1524
482
1334
482
1334
2992
6524
970
970
12217
2992
2992
970
2992
970
2054
2842
2054
7055
485
485
5191
7084
3022
2054
2054
7746
2842
485
485
1341
3022
1341
3022
3564
761
761
451
451
451
1422
3543
1422
1422
451
1422
6406
451
3431
3431
2578
496
6321
2271
4772
1422
2271
2578
1254
290
3431
6117
2578
290
3431
6843
496
2271
2271
448
2271
3169
1745
448
290
2772
1745
290
290
832
290
2271
1745
4278
1745
2772
1096
290
832
290
761
761
761
761
5279
5279
1374
2774
2771
2123
2197
761
761
8470
1254
1374
7925
2774
1374
1374
800
2123
519
800
6582
4229
1254
519
1374
2774
9702
1374
800
4229
2498
2498
519
1434
519
1434
7033
7033
9428
9428
3532
4142
6860
10955
10057
9428
9428
10057
9428
9428
3220
6923
5698
4142
3532
3532
2849
2849
859
4366
9428
11122
3220
4850
11602
4937
6923
10756
2849
300
1211
2849
2057
300
300
1211
4937
859
7651
7651
4850
1211
2057
1211
1211
2845
1211
300
2845
4850
3543
7433
9692
9698
12086
5273
5273
3064
3543
862
7420
3543
4365
5273
859
5273
5273
3064
9769
7438
451
862
451
451
9554
4634
859
859
2760
4634
4850
7799
451
4634
2578
2760
5720
2760
859
5720
1162
2965
10240
7033
10905
10905
8611
1213
4142
1162
1162
4142
2965
4657
8611
8611
4657
12495
1213
1213
11084
1162
2057
2057
5734
2561
2057
2057
4657
4657
1213
1959
2057
7447
2057
2561
5771
2561
5771
1959
2965
9236
7033
9863
12905
4343
4834
991
9236
1264
2965
2965
1264
4343
2965
4834
4834
991
10289
9275
1264
1264
479
479
10858
1618
7688
1959
1959
1618
1959
1959
479
1618
479
1324
4342
1324
1959
1959
2038
2127
2038
2535
8877
2535
2345
894
2127
1818
6139
2038
2127
2199
439
2345
2345
894
4709
2345
2279
1818
2123
2279
9351
1467
2123
439
2345
2345
439
1229
2279
1467
5851
5851
4229
4229
439
1229
4813
9698
12849
2577
4813
7433
4813
4343
862
2577
2577
6643
2577
2535
1818
2535
11586
862
862
2577
2577
8450
6643
2535
5391
10004
2199
1467
862
1467
2126
2126
3319
3319
169
504
4977
4977
4373
3503
3503
4373
2157
3503
172
1414
169
504
5178
169
856
856
5178
3503
3503
5036
172
1109
4320
172
1414
2237
856
169
856
856
299
6141
870
870
172
1109
870
870
870
856
299
5764
2261
2020
4769
870
870
870
2126
2126
4950
7083
7751
2297
1646
2126
2126
5164
2126
2126
814
4950
1646
1921
1646
1646
7354
814
1109
2157
7473
9081
170
170
1921
170
170
2157
2157
5033
1109
2839
170
170
1465
1465
2342
2342
395
393
1394
1108
5047
3537
1465
3537
3537
6435
3537
892
395
1394
96
393
393
96
3626
1108
1803
3537
9999
892
1803
8670
395
395
96
96
393
96
1464
532
4318
1803
1464
1464
1803
1803
395
669
96
532
6907
1464
9704
5187
1803
4331
669
1108
3628
1465
3370
6435
3370
5185
5059
10120
1503
1108
1108
1503
5198
1108
5185
5185
5059
6277
5185
1503
1503
697
697
7189
5495
8594
669
669
5185
669
669
697
5495
697
1874
6483
1874
669
669
504
2164
2164
2164
2342
2342
2342
5834
9480
3319
504
504
2164
5378
3626
2342
7089
5834
6534
892
7112
3319
504
3517
6345
3986
5003
299
299
6345
3626
892
3517
3986
3517
3517
299
299
299
299
2794
5235
8721
9450
7278
7083
5166
2297
5235
5235
2794
8721
5235
814
8721
7278
2297
2297
5166
6407
5235
7081
4255
2232
814
814
3753
7750
1334
1334
7613
3659
282
814
282
1524
3342
1334
3753
1334
5274
5274
5274
5274
7174
2592
4047
1088
6332
6409
5274
3319
3753
3753
4047
5834
2592
4047
4047
1088
3319
282
282
5378
3753
2162
2162
8827
3753
2162
1765
817
282
282
809
3342
809
2162
930
817
4575
4575
4575
2810
2801
2810
2399
10193
6179
4575
2124
5540
2907
2399
2399
9437
4941
4350
5166
2124
2124
8745
7613
2399
8745
12926
2124
5166
7613
7613
3628
3628
3370
2592
2794
5477
10191
3628
3370
2592
2592
5198
2592
1347
1473
1473
2794
1473
1473
6400
8187
5044
2793
6400
5044
1347
1473
1473
6014
3708
3708
8187
10496
3708
5044
2637
3708
3708
2401
2401
2398
3285
2810
2810
2398
2794
2398
2398
2810
2810
4439
7682
4439
12301
2794
3629
3629
11106
9770
3629
3629
10083
6387
3629
6014
3629
9770
2401
9770
2401
310
310
527
527
310
884
310
310
884
310
3222
2103
3222
2103
2103
2860
3572
305
2363
310
305
2103
538
310
2103
2103
2103
2934
7446
2860
2860
305
305
2363
305
3162
1950
9661
1176
1176
3068
538
2934
2860
2934
305
1950
7956
3162
1176
1176
1176
1176
2934
1175
2104
5260
1454
1454
1454
1454
1175
2104
4872
1175
1454
4542
538
1454
5632
8782
1178
5283
4542
1175
3632
4542
538
538
2102
1178
4349
4349
3632
3632
7492
2102
2102
538
2102
2954
2954
1872
1872
516
520
2744
1436
6147
6476
1872
6928
4639
1872
3142
1240
851
2744
2744
520
520
2744
4639
99
3496
3142
3142
1240
3496
9624
851
851
1870
4485
520
1870
3508
2001
3416
307
307
3142
99
3496
851
1402
1870
2001
3579
3508
307
307
307
307
1402
884
2325
884
2325
6926
3610
3610
1456
11190
4487
1436
884
3610
3610
884
3610
3610
1456
11085
3527
1872
4487
99
1872
10943
886
99
99
1402
886
3143
3527
1872
886
3923
886
1402
1402
99
1402
2954
2954
6082
3113
1228
3113
1228
831
2954
2954
5518
2954
2954
3426
1228
1228
10897
831
4765
831
11612
3426
4485
3426
3426
1372
4227
849
849
831
849
849
3426
1372
6787
7268
4766
2001
849
849
3312
3312
3116
3116
4938
4938
3312
5386
5386
3312
8408
1877
8408
8408
2042
4938
708
8671
4938
708
1877
5402
5402
8408
13311
9253
8999
3945
2042
708
708
1173
708
4874
3151
1173
3916
3945
5402
8284
3198
3198
708
3916
242
1173
242
1173
2988
3198
1875
1875
1875
1875
2156
1864
2156
1864
3312
6480
11198
1875
1875
1864
2156
2156
9709
1864
4480
7014
13058
9431
3312
4820
4939
2941
5388
5388
4820
4939
7441
3740
4820
2941
4820
4820
8873
4820
5388
3740
2104
4852
12927
4489
4489
4489
1877
4852
527
2104
2104
527
4871
1877
1877
12393
1877
527
527
2104
527
4871
5267
1903
1903
5779
527
2478
1903
1903
2325
3925
11196
3116
3116
3116
3116
1793
2325
7448
2325
3855
5032
3116
3116
8559
3475
9474
1793
1793
3855
2325
1456
2068
4487
3475
1456
2068
3475
3475
1793
2833
1456
1456
1456
6815
1456
3475
4431
2833
3925
11696
2095
1864
3925
6484
3925
1864
3113
1864
1864
4821
4473
10989
3925
9431
9431
4230
1372
1372
4473
1372
1372
9431
9782
9782
2833
2833
1372
1372
1293
1387
3812
1333
5449
5449
1333
5009
5009
4905
2347
2347
4905
501
1293
3812
3812
2082
1387
3904
3812
2082
3660
5170
2347
2347
11052
4905
2347
2347
5395
501
2082
3812
2082
2082
2224
159
159
3660
3267
2224
2224
1331
1331
5861
3337
1331
840
481
2082
159
159
3267
159
159
473
2111
2111
473
2224
1331
840
481
3224
3224
2446
2446
5699
1293
5699
6932
4895
5566
4895
2716
5566
2716
12371
1293
5699
5699
478
478
5699
5566
2716
2716
7964
3902
4891
478
4891
478
478
10392
794
794
9060
5172
478
5156
794
794
2608
2608
2142
1386
1387
4886
7966
2608
2142
3337
1386
6285
1386
807
4886
5214
1387
4886
3894
3894
5170
3337
1386
3894
3337
807
5214
3894
5856
6267
3894
7937
12564
5706
3337
5706
5856
5856
4002
4002
1387
2717
2045
1415
1415
1415
1415
4321
1387
1387
2045
3458
1415
1415
2541
6910
6818
2541
11658
1387
5404
5404
7937
7937
2541
2541
5733
7953
3872
5404
5856
7942
10288
4323
7937
3872
2717
5259
2717
1268
1395
1268
1395
11619
2446
3458
2717
1291
1291
1584
1395
3530
3214
2446
1291
6248
1291
1291
5733
5733
3214
10008
1291
7964
9274
5733
3773
3224
6446
6302
2860
1425
1425
1425
6168
3773
3224
9908
3773
1425
1425
2860
1425
1425
1425
3068
1433
6168
5626
4033
3892
3892
5307
5307
2283
3892
2268
2268
1433
2268
2268
4890
5307
2283
4890
8162
5828
3892
3221
3221
2268
2268
2058
2058
1277
1277
2267
2267
1268
1268
7782
10252
2267
1268
1900
1268
4074
3459
3459
4856
4890
4856
11152
1900
1900
3459
2270
5829
3459
4856
4890
2058
6924
2058
1900
5818
1333
1333
7581
4102
790
5154
6973
1333
2396
1333
4102
4102
4905
4102
790
3287
2472
4929
181
2396
4929
2362
181
4102
3827
3827
537
181
537
181
181
2472
2362
181
2362
2362
790
3255
3658
3658
4465
540
1178
790
3255
790
1178
3255
3255
1178
1178
540
4987
4315
537
537
8880
2472
2369
2369
1326
2369
537
537
3329
2369
1293
11160
6302
540
3224
1293
1293
3224
540
540
7827
540
1484
10222
1293
1057
2296
5625
1326
1057
2296
1326
1484
1057
1057
1057
8351
1057
1326
3325
1612
1612
987
987
369
1698
1698
4097
1698
1698
3048
2570
369
3048
2570
369
2797
5333
522
7000
1698
522
369
6776
5966
2570
5077
369
5966
5966
5077
2797
522
522
366
490
490
490
6776
366
490
490
6594
6594
5543
4260
490
490
4085
185
366
185
366
1032
4260
367
367
4097
1612
3048
1297
1297
562
367
367
3955
367
367
332
3048
1297
1297
562
7215
1197
4086
332
442
442
4603
332
3835
3835
1543
1197
7754
4260
442
332
442
1237
4733
1237
3835
4260
586
586
346
346
1607
3939
1607
1607
346
1607
5244
346
1936
5244
2565
5155
9736
3905
1607
2543
2543
975
1191
5244
6563
2565
1936
5758
4986
7134
2543
343
1183
2543
2543
343
343
5758
3944
975
6605
4986
1183
2543
1183
3010
6743
244
343
244
586
586
5962
1679
619
1679
619
586
586
4582
586
586
6160
619
619
5451
5953
5772
5772
975
1936
2783
975
975
2783
6707
1936
1936
7092
975
4548
4548
4256
4256
4556
4556
1359
4556
4556
8507
8185
7178
7170
7170
5018
3448
10471
4556
3448
3986
1359
817
7170
9377
817
7170
3448
3448
3472
809
8827
5078
817
809
817
817
809
809
930
817
876
2309
8899
4256
4256
4256
3367
932
876
2309
1359
876
3757
3757
1359
3367
8918
932
3367
932
5974
3757
876
3757
3757
1527
9629
1630
1630
932
1630
1088
3757
1527
5638
7757
6959
9378
1630
1630
3939
4548
4548
4548
7178
3332
3332
2414
3939
984
8920
3939
3332
3332
3986
3332
3332
2414
7161
3339
346
984
346
346
8333
2880
6532
3986
4984
3339
3986
4984
346
2880
5778
3728
5390
5390
3986
4984
2309
4608
5915
6554
6543
1361
3972
1361
4608
987
2309
2309
987
1361
2309
3972
3972
1361
6960
6498
987
987
369
369
5085
2185
7890
1358
1527
5085
1527
1527
369
2185
369
1037
1358
1037
1358
1527
1612
1683
1612
1938
6609
2675
3268
3268
6708
1683
1612
332
1381
1683
3268
3793
3268
3268
6011
3268
1679
1679
332
332
2562
2562
1935
944
1381
6286
6992
2091
332
9466
944
4656
1758
2562
4656
2091
1938
6181
6554
1361
1938
7399
1938
1361
984
1361
1361
4382
3398
2675
1381
2675
6995
984
984
2852
3398
5007
5007
2675
10092
4508
2852
2852
984
2852
605
605
358
358
1648
1340
1648
1648
358
1648
6416
358
5128
3713
7741
1340
3354
1648
467
467
1006
1648
3713
3713
5128
4279
1943
467
355
125
467
355
355
125
1006
10508
125
125
779
355
605
605
4574
1578
576
1578
576
760
605
605
8112
605
605
1846
576
576
9208
760
1538
1538
5879
1846
1006
1260
1260
1260
1006
1006
1260
1260
9861
1538
1260
1260
8435
1260
7923
6979
1006
6979
5130
5130
4625
4625
1340
4399
3352
9207
4625
10813
10813
2782
8557
2782
1083
787
4021
1012
1340
1340
2782
2782
3352
1301
2782
2782
1083
1301
8557
5158
787
358
1012
358
358
8420
650
4623
1301
1506
650
1301
1301
2817
1301
358
650
1506
650
3861
1506
1301
2817
1301
775
2065
775
2065
6941
2234
2234
6631
6631
3352
775
2234
2234
775
2234
2234
7764
4433
7277
7277
3352
4291
11772
8973
3278
3356
3863
3278
4433
4291
4291
3114
3356
3114
3278
3356
1652
1652
1015
1015
1652
1652
4032
1652
1652
1581
10561
3968
1581
3968
1830
10131
2572
8035
1652
349
349
2619
2619
3968
3968
2291
8698
5374
1830
1578
349
1578
349
349
2619
2619
4883
992
2619
4869
2888
1430
349
4635
760
3182
760
2619
2888
1430
4032
8155
5130
8978
4625
4660
1083
516
4032
1015
8136
4032
4868
866
1012
1083
1960
516
1083
1083
1581
866
1581
1581
9675
866
1012
1012
1083
1960
7148
1083
1581
866
2291
4396
10636
4396
1012
3450
2519
2519
2519
2519
5893
3322
1323
3552
3552
2572
2519
2519
3322
2572
1323
1323
1620
2547
4362
612
2547
9483
2974
612
1323
6451
2547
5928
612
612
2329
2329
2329
2329
8980
4663
1969
1055
5752
2625
8169
2329
2329
2574
997
1969
2714
1055
1969
1969
2625
2574
3322
2625
8742
1711
3323
997
1969
2714
997
1969
2625
1711
3322
6206
10245
802
997
802
4812
9235
4812
3886
7545
2981
6042
9481
7472
8155
4812
4397
2981
2574
6042
11909
6042
8530
8978
4397
866
2066
2327
1015
866
2066
2327
2574
1711
2066
2066
2066
866
2066
866
1711
2065
2065
8472
1793
9235
8713
2065
1601
2065
1793
3627
1793
3612
2981
1601
1601
7472
4431
1793
7355
1601
2981
4431
4431
371
371
626
626
371
1044
371
371
1044
371
4123
5739
4123
4123
2975
4133
3305
363
2730
371
363
1886
638
371
4123
5739
2975
6395
7018
4133
4133
363
363
2730
363
1886
1886
12587
2656
2656
4513
638
7509
4133
4172
363
1886
4470
4470
2656
2656
2656
2656
4172
3830
5740
3830
4262
3095
4262
3095
5872
1696
6071
3830
1696
3304
3095
3095
10311
4150
4377
1696
1696
638
1696
3304
638
638
2924
3831
2924
2924
1696
11704
3831
6019
6019
638
2924
1947
1947
1205
1205
1044
2691
1667
1947
4633
1947
4098
1883
4098
1883
1005
1044
2691
1667
1044
1883
1883
118
118
1883
1883
3998
10197
1046
1005
8131
4127
1044
4127
4127
118
118
1637
1046
118
1637
1637
1637
4127
6506
4016
2904
2904
118
1637
1637
613
4510
10680
6641
6172
6641
5843
1820
1884
4510
613
613
5393
2074
3998
5843
5843
1820
11415
1005
5629
2074
613
3208
4005
2074
5935
368
368
4005
3126
1005
3208
2074
3208
3208
368
368
368
368
1327
1327
2132
2132
5740
4864
6007
6681
4864
2132
5062
5062
2132
4995
5740
2485
6007
5740
5062
5631
626
626
4995
4995
5058
11552
4262
2485
4262
4262
7523
626
626
1315
626
5058
4262
5647
1315
626
2691
8498
4633
1205
7690
1205
701
11383
4662
2691
2691
2854
2854
2691
701
2854
701
2132
4662
2132
2132
6378
10179
1699
701
1699
2132
6875
2171
1699
4510
5973
11067
4808
2586
4808
1325
5973
3063
4510
4510
3063
3209
1325
1325
10992
1325
991
3063
3063
2074
3063
3209
8096
1003
1003
991
1003
1003
3063
10505
6901
2074
3992
1003
1003
3083
3083
12952
6051
6051
6051
3828
7954
3083
3083
6380
3083
3083
12145
3828
3828
13718
7954
3828
7875
11127
11127
2485
9516
11273
5716
2485
2485
8307
7954
10196
953
9516
5716
9516
8163
6771
3330
2485
953
8989
1327
11541
5630
5732
5624
5624
8989
10199
8989
5823
1327
4238
5624
7640
5624
5624
1205
1205
1205
1618
4238
4238
1324
4238
10550
1205
1324
8625
4238
1327
5630
3716
3080
12783
1327
1327
3716
1327
3080
7658
3080
3080
4236
7988
4236
8161
9031
9031
3080
7658
10399
3080
4236
12145
8161
10375
8952
9031
10375
3097
3359
3359
3359
1798
1798
1798
172
344
3435
4769
3097
3435
3359
172
7286
582
172
172
582
5745
510
344
3525
6340
3435
3435
2261
2261
4681
5727
582
3929
510
582
582
1596
582
3525
2261
4174
11500
2877
4174
4174
2877
4681
582
1596
582
2877
2877
1824
1824
3097
2538
4309
2538
4447
637
217
3931
3097
3097
2763
3097
1832
217
2763
637
217
217
3525
3525
3525
10221
9710
2729
217
6123
6068
2729
217
3525
6819
6819
4376
4376
2729
2729
2538
2538
4962
637
4172
4172
7959
2538
3831
637
637
4377
637
4172
8763
5137
4172
3094
3831
5137
2737
2737
2921
640
3094
640
3094
3924
2737
2737
853
853
1406
1406
3899
5949
3899
6468
1406
1862
1406
1406
1862
1406
2630
980
9412
8322
3899
3899
1406
1655
3899
1862
1406
2643
2630
1600
3777
2643
980
8322
1655
640
640
2922
1655
4681
3924
2643
2643
1600
9712
3777
1600
640
1655
640
1729
3924
1729
3924
1968
1600
1344
853
2950
853
3507
1918
715
1344
1344
7286
1344
1344
1918
1600
715
715
7789
715
1414
1414
4310
1414
4322
8324
1600
715
715
1600
3921
1414
2542
2542
4310
2542
1600
3921
3218
3218
3218
3218
1869
1342
1869
1342
11558
4573
3218
1655
4573
3218
1869
5031
1342
3509
3509
1342
4133
4133
1655
1655
8225
2616
2616
1663
8225
5030
3509
2154
1655
4112
1663
2616
2616
2616
2616
2154
1919
2255
2255
2255
3277
2041
1342
2615
848
1919
1919
2255
2041
1342
1342
13300
1342
2618
296
848
296
296
3215
4072
4072
2840
2618
8142
2256
296
2840
2840
7507
2840
4072
2256
853
853
4075
1918
5870
2839
853
848
853
1918
2041
1918
848
2839
848
4019
5033
3564
1341
8597
848
1341
3564
3564
5585
2513
5585
3879
3879
3879
3879
5053
6979
10238
5585
3246
2513
3879
3879
4794
4429
5053
4794
5053
10794
1536
400
3246
1536
1536
400
3421
3781
5613
5053
3374
400
400
400
3294
400
1536
1469
3374
2454
11471
2508
551
2454
2513
2454
551
2508
551
551
3409
1517
12083
2513
5516
5516
3781
3781
3409
1517
6836
3409
5516
7587
7435
4429
3374
3781
3374
531
6283
7114
7114
7567
3946
3546
1423
531
6283
531
645
6283
6283
3546
6122
3946
3546
534
1423
5383
531
261
645
8271
2359
261
534
4354
2359
2359
2281
261
261
261
3158
261
2359
2359
2281
4331
5525
4331
1112
395
1112
395
499
6823
5525
5187
4331
2215
1608
395
395
5777
499
5384
499
8445
1608
3946
1685
1685
728
5286
532
532
499
532
532
1685
728
3946
1685
4354
2281
532
532
4344
1879
8607
1879
1112
2848
1112
3949
5525
4344
4344
1112
2968
2968
1112
5421
5989
4392
1038
3949
9522
5381
837
837
2968
2968
837
837
2968
7669
4392
5687
837
2415
837
7515
2415
2968
7515
5687
1808
1879
2848
2848
11199
1808
1808
1874
1879
2848
8731
7336
5059
1874
386
386
5495
10435
4250
5041
5059
5989
5475
386
386
1087
4250
1087
4250
5784
6264
6264
4420
4420
5234
6264
5234
6264
6264
4420
8695
2847
4420
6275
1851
7157
8390
5234
5234
6264
2847
5234
2070
6275
8268
2070
6275
7606
1851
7381
2951
1060
2090
6219
8389
234
234
6219
2070
2070
4876
1155
2090
2090
2090
234
234
234
234
1155
233
680
8369
8733
4420
8733
4420
236
233
680
5579
233
1141
1141
4420
4420
8747
236
6953
236
2890
1141
233
1141
1141
406
4179
1155
1155
236
1155
1155
1141
406
6849
2915
6235
5192
1155
1155
2263
2263
1412
1412
6398
6398
11724
9834
1412
3520
1412
1412
3520
1412
6398
6398
11863
6398
1412
1111
5328
1408
1412
4327
1408
4562
10799
1111
2847
1956
1956
5328
1408
1956
1408
1408
1956
2847
2951
1408
7010
6668
7010
4898
5325
4898
3047
11724
6668
11375
7010
5325
9962
5219
3047
9822
3047
3520
7408
3520
3520
5358
5573
509
509
5219
3520
5240
509
509
680
6282
6282
2991
2991
2991
2273
11081
8595
680
680
2991
5581
4534
2273
8783
2273
1174
8733
5581
680
4434
7342
6058
406
406
7342
4534
1174
4434
4434
4434
406
406
406
406
5252
5252
6433
6433
12957
3220
4937
5252
4654
10709
5252
4654
3220
5581
4937
4937
6923
4654
4654
1111
4654
6280
8595
1111
2873
5581
4654
8602
1111
1111
2263
3685
8614
3220
2263
6606
2263
2263
3685
3220
3220
6366
3220
4333
1906
1906
2263
1906
1906
10104
9430
9430
4609
8977
11017
3288
1906
1906
5465
4609
4609
9430
11609
4609
9430
3288
4609
4609
3049
3049
3046
5254
2306
2306
3046
6668
3046
2306
4898
2306
7486
8959
3600
12221
5465
4535
4535
7408
7408
4535
4535
9962
3600
4535
5465
4535
11071
3049
7408
3049
417
417
704
704
1732
5242
417
3866
1892
417
1892
1892
2548
980
4272
5242
1732
1732
1892
2269
713
713
980
6760
2548
980
980
6447
2269
4272
2269
2269
713
713
980
4273
713
5572
980
2269
4538
5261
3522
3522
713
3522
417
1170
417
1170
4526
2630
2548
4490
412
3011
417
412
2630
417
2548
2630
2548
412
412
3011
412
5339
6088
1968
1729
6920
412
1729
1968
1968
4788
4788
5425
5425
3618
3618
911
4788
4788
7869
8289
5425
5418
5418
2887
899
3618
3618
13585
3618
3618
4394
911
536
5418
7406
2887
536
5418
7406
899
5112
4394
3684
529
2520
2520
3684
536
529
2520
536
536
1475
536
529
2520
529
529
4137
529
536
1475
536
911
3841
3841
3841
5439
5603
3982
7609
7609
911
911
3841
5183
3982
3982
11605
3982
4644
12713
5183
911
2357
4136
6274
5182
2357
4136
5182
4644
2357
2357
2357
7505
2357
5182
7407
3519
3519
6027
910
5457
5457
8784
3519
5183
910
910
5603
910
5457
9621
2806
2806
3981
5183
2806
2806
3690
3838
913
3981
913
3981
2806
3690
2806
5242
6519
6519
704
704
704
704
10708
8833
5242
5242
704
2320
2500
704
3608
3130
6841
2320
913
913
3839
5830
5264
3130
6207
913
913
5264
5264
1170
2983
1170
2983
4110
1730
1730
1730
2549
5753
1873
1170
1730
1730
1170
1730
1730
1730
13081
3588
4505
8832
136
4505
9937
1172
136
136
1839
1172
4054
3588
4505
1172
4786
1172
1839
1839
136
1839
2983
2983
2506
1894
12612
5753
2983
2320
2983
1894
4785
1894
1894
5425
4394
2320
2320
8832
3586
1894
2326
6085
1894
2320
5408
2326
3586
3236
3586
3586
1596
3915
3523
3523
4326
3523
7985
6047
513
2996
513
1596
344
4771
1596
4563
4563
6338
2996
2996
7421
513
2996
2565
513
6251
344
510
510
4563
2877
2276
1603
2565
5086
2276
1125
861
510
510
1411
3361
1411
2276
1125
861
1062
1824
6954
5314
10676
6382
6538
5522
1062
1824
1062
1062
1824
1824
6538
6538
5743
6975
8409
5522
1376
1852
1070
1070
6074
5743
1070
1070
5743
5743
6956
4892
1070
6123
1070
9167
1747
5743
1747
4892
3260
3260
6269
513
5314
7962
3260
3260
513
513
9036
513
1420
6382
5314
4159
4159
6338
5086
1823
4159
5086
1420
4159
8417
4159
5736
5736
5086
5736
511
4326
7631
4986
1413
3915
511
511
344
511
4986
6047
4986
977
344
1413
6320
344
3944
5256
244
244
3045
977
344
712
3010
712
244
244
1413
3921
7287
4273
7983
1413
1413
3921
4273
4273
5537
4273
977
712
977
3018
6948
712
3018
5261
977
6558
712
712
786
786
468
468
468
960
2096
3578
3578
4922
5211
1299
3270
1299
1299
1687
1299
896
623
960
2240
3578
3578
2096
4922
3578
1299
5399
2011
1687
1299
2348
896
1687
1687
2348
623
1569
1569
7589
7589
1302
7002
2604
3862
1470
1302
2011
2011
2348
2348
2011
2945
4103
1039
1569
1569
2604
1470
1151
2604
2604
1151
5992
2604
1302
2011
5992
1039
692
692
1151
1151
2240
3895
2987
3895
3895
2987
8866
4758
5857
7149
2351
3860
2240
2240
3895
2738
3276
3199
7149
8394
3199
7149
7499
1569
2738
1151
1569
2985
1302
1151
2985
2985
3199
3199
2154
1569
1690
2985
1151
2943
1151
2154
3152
2096
3197
3197
4751
454
793
3152
4472
3152
3152
793
2096
3197
793
793
454
7582
3806
3173
1396
1396
3173
7046
1396
1396
2047
2349
2047
3806
3173
7366
10882
1396
3764
1396
2987
2987
10183
2618
9419
5209
2987
1274
2987
2618
2618
3357
4073
4482
1274
1274
3276
2256
2256
2256
1274
7366
7497
2256
2096
786
7815
786
3270
2568
623
1533
11324
2008
2096
2096
2008
2568
3270
623
2568
1533
623
623
2008
2008
454
454
5171
1611
3485
2349
623
2445
5980
623
454
1611
454
1269
2349
1269
2349
5401
786
2092
786
2092
3486
3576
3486
3569
6795
9369
786
786
1294
1294
3486
3771
3576
5791
3771
3569
751
751
751
8024
1294
1294
1975
3771
1294
5316
5316
3953
751
1975
1975
8259
1975
1294
5316
3953
2092
4105
2092
468
7372
468
3576
1107
4105
2323
4893
2092
1794
1794
2092
3576
4614
1107
3576
3569
2323
1794
465
649
1794
1200
465
465
649
1200
9909
3569
649
1200
649
649
2829
649
465
2829
960
1688
3605
883
5984
883
1477
1439
960
2825
960
960
2825
2503
5357
1477
1477
4316
6809
1477
1439
5682
9645
960
960
2887
9029
5327
5327
1477
1477
3642
5357
2305
2305
2887
2887
2887
2887
5337
5327
7369
3821
5327
2305
2305
1587
1587
4531
2029
5855
5405
1587
1587
2738
2029
2029
8528
5682
5682
2326
2326
3860
2738
2326
2738
2326
3236
8696
2738
1688
4910
468
468
1688
2503
1688
468
5399
468
1940
5399
1940
883
883
883
3819
3642
3642
1940
1940
6323
1470
883
3575
3575
13565
3575
3642
1470
481
481
481
481
5005
5005
5005
2227
4951
3373
481
473
819
481
5005
6826
5177
5177
5013
2227
473
3373
473
5861
12340
2693
2693
5641
819
2693
2693
2685
473
8985
4100
3306
3306
2693
2693
2685
2222
3636
4731
6827
4018
6012
4018
2429
2222
501
7179
2222
2139
6012
929
4018
5534
2429
5029
3471
2139
501
819
2139
6052
2243
819
819
2227
3471
929
2428
2139
2243
2227
2227
6009
2227
819
2428
3636
5216
6827
3134
6997
3134
6012
7329
3636
5706
3636
501
7145
6759
6012
6012
6759
8845
6770
7329
501
807
501
3620
7968
3888
3620
3620
6759
6759
7119
6759
501
7144
3620
3888
3888
3888
3888
6759
972
5216
3134
3134
972
972
4002
972
3556
3134
3134
3556
9528
1236
972
6073
4002
972
976
4729
10316
7977
976
1236
9759
8599
2539
976
2539
976
976
10316
7977
976
7977
7977
976
976
1594
1594
342
3872
4620
3999
342
4323
342
342
3872
3999
7960
3999
3999
3897
2539
2539
4040
10521
7981
3999
8174
7981
3999
2539
2539
5741
11493
5741
7981
7981
1138
2908
6070
6218
7333
4960
5396
628
1138
2908
2908
3652
3266
2908
3652
4138
403
628
9393
628
1843
2908
3652
3652
636
636
3652
4138
403
403
4197
4378
1843
1072
3652
1072
13514
636
4197
403
1138
1138
4876
1851
7284
1851
4483
1138
1138
2724
1138
1138
3433
2724
4483
6084
4483
4963
3433
1072
1072
1375
1133
1133
1375
4329
1072
1072
4908
1133
2685
2685
2685
2685
5013
2099
2099
2099
6054
6070
2685
4100
1843
2099
2099
4996
2099
2099
2107
2099
4100
5396
3267
3267
3645
3645
3267
3267
1843
7041
2107
1556
3267
5396
3267
4426
4426
3645
4426
1556
1074
1074
1742
1742
389
1074
2756
1074
1074
2756
1074
5877
3587
2028
4787
1354
2028
3463
4125
5420
1074
821
821
4424
1074
4787
4787
1354
2028
7508
2617
2028
4125
821
1843
821
821
821
1843
1504
1504
2172
3707
1504
1504
1258
821
821
2481
2172
3293
3293
1504
1504
1258
4330
5338
5338
4204
4204
757
2028
642
4330
3240
5410
4330
3434
757
2028
2028
6943
642
2028
4783
1851
2749
1851
1071
1071
380
4424
2811
1071
1071
3707
4783
1071
380
6955
833
2811
833
2811
2811
3880
3167
2312
4020
4020
1742
7506
7176
1742
3372
487
1391
3880
553
4793
3880
553
818
4443
4181
3372
3372
487
4181
3470
3372
1391
553
553
3406
285
285
285
4443
4181
285
285
4181
4181
3470
2231
285
285
3406
285
5140
5140
4181
5140
2231
2312
2312
1742
757
8605
7202
2312
757
1742
757
757
5054
642
3240
236
236
2749
5192
2915
4792
642
9899
2231
236
236
686
2915
686
2915
2231
2428
2756
3587
3380
2428
5052
2428
818
2756
3380
7176
3380
1444
9479
2428
818
818
4114
4017
2429
1444
4017
3380
818
2429
2165
4732
2429
4017
4017
861
861
7564
2340
892
2340
892
861
861
5762
861
861
6344
892
892
3339
7558
6531
6344
1125
2565
3728
1411
1411
3339
8079
2565
2565
6981
1411
447
1251
447
1251
4764
3168
3168
1255
6956
4892
1747
447
3168
3168
447
3168
3168
1255
4930
6828
5522
5522
1747
4191
10410
1378
6441
2299
2299
1378
8239
9422
4191
1378
4191
1378
2299
1518
2299
2299
2566
2344
5780
2566
2566
1423
3635
3635
1423
3635
3076
2767
4540
677
6796
2566
677
4101
7979
1749
3635
7123
3076
1749
8266
5707
2767
677
677
1420
677
3782
2677
7979
1749
3782
3782
1749
1749
4218
1749
677
2677
6064
3782
4760
4760
1749
4218
1749
1251
5780
1423
534
1251
4892
1251
534
1423
534
534
6130
1468
7182
1251
1255
1746
7970
5300
1255
1468
5300
6130
1255
1255
1255
8240
1255
5300
7943
2281
8080
2340
499
2281
2344
2281
499
2340
499
499
7120
1380
4907
2344
4101
5150
3399
2880
2564
1380
2880
2414
4101
4101
4390
7159
4390
2880
2880
879
879
524
524
2313
1728
2313
2313
524
2313
7888
524
2797
2180
9707
1728
4180
2313
622
622
1440
2313
2180
2180
2797
2797
2188
622
521
185
622
521
521
185
1440
9632
185
185
1032
521
879
879
5754
2248
851
2248
851
1013
879
879
9926
879
879
2484
851
851
10548
1013
1240
1240
7510
2484
1440
1649
1649
1649
1440
1440
1240
1649
6616
1240
1649
1649
10130
1649
8514
8252
1440
6616
2799
1728
2799
5341
1445
524
1445
524
923
2799
4178
10547
2799
1728
1728
3727
3727
524
524
7192
923
823
823
4263
8518
8518
3727
4178
1689
2884
2884
1513
5093
1689
823
923
5210
823
4263
8518
2884
1513
1689
10208
2884
1689
1689
2796
1689
2796
1040
1040
1090
1090
1028
2654
1028
2654
8222
1145
1145
7233
4263
4178
1028
1145
1145
1028
1145
1145
9067
2927
4263
4263
4178
4263
8766
9649
4111
4182
2927
4111
5648
4263
5554
1768
4182
1768
4111
4182
2317
2317
1448
1448
5898
1277
6192
9948
3595
1448
1448
3550
430
430
8480
5898
1277
6192
5898
3550
3550
6192
430
430
3550
430
430
4851
4851
5819
4676
4851
4851
7626
9651
1275
1275
4648
2655
3891
4851
3219
9295
3219
1275
1275
2654
2654
10143
2079
10569
10291
2654
2058
2654
2079
2079
2444
2058
3219
2058
2270
4676
3219
2079
4453
2058
3891
3219
3219
2799
3093
5351
2251
2251
1212
1212
1212
8953
3589
2799
2799
1212
1212
5944
1212
1212
1212
9620
3078
1445
3589
1445
1445
9018
729
5095
1513
1513
3078
1955
1955
1445
729
8393
1828
1513
1513
1513
1513
1277
1950
8701
1950
4152
4767
1433
7415
1967
1277
1277
1967
4151
1433
1433
9147
1433
1055
1967
1967
1277
1967
4151
9299
2590
2590
1055
2590
2590
1967
10310
6193
3670
3670
2590
2590
2317
2317
7208
3548
2248
516
516
2317
2317
9870
2317
516
516
2248
516
516
5800
1013
11018
3082
3093
3082
3082
3589
3589
3234
1428
4025
1013
3082
8700
3234
4653
3807
3589
3807
1950
1950
3527
3527
3548
3500
1950
886
1950
3527
7543
9568
3885
3548
886
886
7524
1711
1711
1711
886
7255
2289
1711
2573
2573
1615
1615
1475
3651
2330
2573
5798
2573
5394
2517
5394
2517
1475
3651
2330
1475
2517
2517
178
178
2517
2517
5324
9185
9929
5422
1475
5422
5422
178
178
2305
178
2305
5422
6361
3821
178
887
5709
11478
7226
7716
8034
7488
2088
2518
5709
887
887
3263
2663
5324
7488
7488
2088
12553
1439
7323
2663
887
3263
3263
2663
7550
533
533
5331
2837
1439
3263
2663
4048
4048
533
533
533
533
1715
1715
2718
2718
6351
5941
7602
6351
5004
2718
5004
5004
2718
5004
7407
3467
7602
6351
5004
6276
899
899
5004
6053
6107
12608
4644
3467
4644
4644
4806
899
899
1703
899
6107
4644
7339
1703
899
3651
9187
5798
1615
5090
1615
967
11072
4388
3651
3651
3784
3784
3651
967
3784
967
2718
4388
2718
2718
7858
11966
2360
967
2360
2718
8166
2755
2360
5709
7573
7226
3957
3957
3957
3957
11457
5894
5709
5709
3957
4049
2663
3957
4049
9379
8188
3561
4998
1713
1713
12362
7254
1437
1437
1427
2663
2785
1713
1713
1427
1437
1437
1437
1437
3973
3973
11074
7635
4976
7635
4976
8732
3973
3973
7860
3973
3973
9224
4976
4976
13213
8732
5180
8732
12428
12428
3467
10788
12496
7391
3467
3467
9180
8732
9180
1389
10788
7391
10788
9955
6276
4157
3467
1389
1715
13666
5503
5503
1715
7324
1715
1715
2186
9044
5503
9953
9224
9953
5087
2186
1715
1715
1826
5037
8685
8685
1826
5037
11116
10430
4384
1826
4384
1826
1826
5505
11066
1826
8685
11066
9187
10446
1615
1615
12599
9187
9187
4998
1615
1615
2287
1712
5087
4384
4384
4998
4388
4388
1712
10243
4384
4384
10940
4388
4260
3494
4744
4744
5225
4919
5225
4474
4260
9131
4260
4083
3135
3271
5225
5884
4919
6103
5884
4474
8940
1197
562
1759
1237
1237
562
1759
3135
6614
6103
3051
562
562
562
4126
562
1237
785
3051
2001
10965
1779
831
2001
3494
2001
831
2017
831
831
4228
2202
8960
3135
4919
6886
3135
3135
4228
2202
8130
4228
4919
4919
4612
5644
4198
3135
4198
6560
333
948
333
948
3809
1559
1559
568
6560
2978
10088
6588
4738
333
1195
1559
333
1559
1559
568
8143
2923
5635
5635
5635
6588
2978
2804
5635
6404
336
4528
1572
1572
336
6307
2923
5635
5635
5635
336
2659
8233
336
2659
1572
1572
1572
1572
1773
1773
1572
1572
2978
6560
6541
6802
4507
3867
2676
6560
6560
2978
2978
6560
3780
1490
2676
7756
2676
2676
10275
3780
2659
4945
6838
7195
334
334
6838
334
334
4945
4945
4945
2659
4945
334
334
1181
6552
8748
8748
3153
3153
706
706
6552
7872
1181
6552
6552
3780
1908
706
706
3867
706
706
7872
10977
711
711
2581
3780
711
711
711
2581
1908
5017
1193
2581
1193
2581
711
4587
711
711
3005
6349
3005
5016
3898
5016
12983
3898
4058
4846
12218
8904
3005
3005
4740
4740
3005
3005
4846
6572
4058
4846
8904
4740
1193
1193
4740
5816
5816
3794
5816
6348
1193
1193
8934
5816
6556
6556
6556
3150
3150
3150
3150
9163
11214
6556
2960
4554
3150
3150
3945
6885
6530
4727
1908
242
2960
1908
1908
242
4554
3198
242
242
2988
1908
1181
1181
7219
2537
2537
2537
2537
3360
2146
1181
1181
2146
1181
1181
2537
7160
3360
5781
5781
3360
8684
4058
4058
7846
8897
8749
5781
8672
8897
9279
5781
2158
4058
4058
4386
8749
4120
8749
4120
2158
3008
3008
1247
1247
3397
8056
3008
1247
4554
1247
4692
10434
2042
9416
3360
3360
5726
4554
4554
4692
4692
6885
2042
3360
3360
5726
12396
3947
4554
3947
948
6349
3898
1192
948
11473
948
4594
3898
1192
1192
7135
1192
4594
948
568
4737
6588
4436
568
1192
4436
4436
568
568
568
5649
568
4436
4436
4001
2682
4039
4039
5850
609
1046
4001
4001
1865
5685
4001
4039
609
1046
1046
4914
1046
692
692
1300
2975
692
692
2636
2975
2975
2636
8314
692
692
4469
2901
2975
12316
2975
2154
2154
11851
3588
2943
8846
2154
2154
1663
3588
4183
3588
4109
4469
1172
1172
4417
1663
1172
1663
1172
4756
4469
1663
2682
1039
12514
2601
2601
2601
609
1988
6174
1039
2682
2682
2601
2902
609
609
2902
1988
609
1658
4103
1866
4103
896
3544
1232
1865
1300
896
1988
1300
1658
896
1232
896
896
7578
896
1300
3272
2678
2678
2678
2678
4476
2009
2009
1973
5401
4370
2678
1269
1271
2009
2009
5786
2009
2009
1973
1973
1269
620
922
2445
620
620
922
1611
1271
6713
1973
2790
922
922
922
3124
922
620
3768
2790
1039
8101
1005
1005
1039
9271
1039
1039
1005
1005
9862
2596
2596
1866
1271
1866
3123
1271
1271
2596
3123
10009
2596
1866
7442
3123
3101
3101
1271
3101
1258
1258
3174
1258
1258
3174
2400
2400
1010
1010
687
915
8432
5658
6203
1258
1258
4440
1773
1010
1010
4440
687
1010
1010
915
915
2923
5462
336
2923
6699
1142
4077
336
5882
1142
1773
2175
915
545
2923
1142
3832
1142
336
954
336
954
545
1556
3825
1556
1556
3825
1556
4942
1502
1772
656
2173
909
4994
1556
1502
1502
2489
1556
656
1502
1772
656
1551
909
2173
1551
5978
4270
3175
656
2489
4506
1551
5576
3175
3175
3174
3174
5480
2617
3281
5577
3174
2172
1773
2617
2617
7197
5873
5639
1772
1772
2172
1773
1501
1501
3177
1501
1501
1772
1772
2969
8235
388
1501
388
5226
5340
4783
1850
5226
5883
5226
833
5462
1850
4196
1850
1850
833
4225
380
380
5658
2809
380
380
5462
1850
380
4225
380
2809
2809
2809
2809
3825
3825
2107
2107
4099
7755
3825
909
2107
2107
10945
5429
565
565
565
5474
4763
901
5474
10692
565
4993
901
901
2205
2205
2205
787
8311
787
6158
9092
4283
5488
2205
2205
4474
650
6158
8958
6158
7675
4283
4283
784
4283
4901
784
650
3715
3051
650
1757
4283
5227
3051
3715
1958
650
1757
4205
4205
6111
6111
6220
9403
6566
13177
6111
7909
6111
5650
10306
6111
6220
1778
8720
6220
6111
5650
4115
4687
6111
9758
4687
10306
659
1778
659
659
6144
12196
2048
2048
4115
4687
659
2203
2048
2048
2007
3622
7909
4205
10583
7976
7976
2050
2007
3622
6566
2007
3469
3469
4115
7976
7976
2050
11406
2050
8746
3469
2007
3469
3469
3210
4115
3296
3296
2050
3296
3296
3469
3210
4458
7343
3465
3465
3296
3296
6230
7974
12733
10339
10339
5124
2202
6230
1781
10958
6230
5196
5124
1778
2202
2202
5650
787
1781
787
787
11891
1778
1778
2202
7047
787
4474
4198
1778
3622
8304
4205
8304
13670
6721
7035
9911
2097
3622
3622
2097
6721
3622
7035
7035
9771
9771
2097
2097
815
815
13143
10504
3210
3210
2941
3210
3210
815
815
2155
6720
2155
3210
3210
7019
8304
14056
4473
7019
7974
7019
6721
1781
4473
4473
5124
4433
3114
4433
11969
1781
1781
4473
10107
4433
5195
3863
1781
1560
1560
955
955
3355
3355
3754
3355
3355
2488
2488
1354
2488
2488
7126
7348
3754
3355
3355
1354
3754
545
2488
5873
545
3384
7514
1647
5494
2969
3177
5494
388
388
545
545
2969
2969
388
388
387
1091
7146
955
955
955
955
389
387
1091
1526
387
955
1775
6199
955
7200
389
2395
389
4265
1775
387
1775
1775
658
8974
604
604
389
604
604
1775
658
8399
4274
2403
5295
604
604
2235
2235
1393
1393
733
2800
1970
7209
3477
2831
3477
3477
5122
3477
1791
735
2800
223
733
733
223
1528
1970
3100
3477
8471
1791
3100
7484
735
735
223
223
733
223
1528
1105
6705
3100
2830
2830
3100
3100
735
1222
223
1105
3719
2830
7996
7693
3100
6709
1222
1970
2235
2556
585
2851
585
1243
2831
2235
1970
1970
2851
8519
1243
1243
9638
1243
2563
7358
5075
1970
7358
8512
11401
1222
1222
3951
9151
2563
7358
9059
3951
1222
1222
1222
1222
843
843
503
503
2230
3840
2230
2230
503
2230
7877
503
8003
7329
9938
3840
5162
2230
2243
2243
1384
1606
7329
9993
8003
7329
6727
2243
500
2243
2243
500
500
3749
1384
7119
2243
3353
4337
500
843
843
4336
1604
1604
1604
1604
843
843
5001
843
843
5651
4336
1604
8383
5241
5241
7341
5651
1384
5651
5651
1384
1384
5241
4339
6775
5241
5651
8003
4339
11023
9116
1384
6775
3840
1560
8071
1560
5655
487
1354
5184
1390
3840
3840
4261
487
1354
1354
1444
1354
503
1390
503
503
2165
9561
1647
1444
1647
503
5377
7742
1647
1560
3391
1560
3836
5028
1525
487
554
5197
5197
1393
9130
1560
5028
1525
487
487
554
554
487
554
5197
9626
1393
3468
3590
5538
5538
931
1390
1390
554
554
5049
878
4486
5538
931
4486
6517
5538
3468
3389
3071
1390
878
2235
5766
585
585
2235
9936
2235
585
2258
585
5787
6287
5075
3468
4486
7449
3468
3468
4643
8070
4486
4486
7206
3468
1091
3836
9581
1525
3391
1091
1091
1393
1091
1525
1525
6209
3752
1393
5863
1393
6112
7168
658
658
3752
658
658
1393
5551
1791
5863
1791
658
658
552
1521
7183
1391
1391
1391
1349
552
1521
2211
552
1391
2431
6190
1349
8431
1349
5529
2431
552
2431
2431
7236
878
878
878
2431
9622
1357
878
1146
1146
689
689
998
3745
2591
8439
1857
2788
1857
1857
2788
1857
2443
1000
3745
325
998
998
325
2212
2591
2788
1857
7172
2443
3987
4690
1000
1000
325
325
998
325
2212
1532
4539
3987
3769
3769
3987
3987
1000
1631
325
1532
2192
3769
9492
5102
3987
6797
1631
2591
1146
3536
860
2989
860
675
2993
1146
2591
2591
2989
8991
675
675
10877
675
1817
4459
6120
2591
4459
6902
9223
1631
1631
3064
6316
1817
4459
9066
5282
1631
1631
1631
1631
2231
4211
2930
2930
689
2930
8531
689
3187
7288
1377
2231
5188
6410
2231
4441
2210
1848
2031
7288
7288
1377
3187
7955
7154
6083
2210
642
642
834
834
686
686
834
834
1848
4209
3964
642
834
642
834
6100
449
686
449
1146
7428
860
860
1146
6847
1146
860
1174
860
7438
7799
6120
1848
3187
4634
1848
1848
4634
9297
3187
3187
8436
1848
1521
4211
689
689
5188
1521
1521
689
5039
689
7677
7295
2443
9173
1521
2210
2210
8407
931
931
5138
5039
2443
2210
6475
5138
931
931
931
931
4120
4836
4836
4836
11980
11980
10430
4120
14074
4120
4120
7971
4836
10430
11868
7391
10430
4386
1623
1623
9347
7430
6346
9941
7391
7391
1623
1623
6346
6346
2158
2158
7725
7725
6294
5186
4835
2158
2158
7971
2158
2158
4122
4089
4835
4835
9773
4835
11587
4122
7971
11587
12015
6638
4089
4835
4835
4089
7774
11587
13004
12015
12404
8019
4089
7774
3740
3740
8744
5186
7994
3947
3740
3740
4122
5186
7429
5186
2042
2042
2042
2941
6640
4122
2155
4122
2042
2155
11416
4122
954
5065
915
389
2486
5485
954
954
389
915
389
389
7656
1095
4029
9095
2486
2620
4274
4274
7883
1142
5656
1095
1142
2919
4029
4274
3847
10186
957
3847
3847
957
1142
2919
957
957
1564
1564
2486
6698
6780
424
6431
2486
2486
4615
1589
424
4615
424
424
4029
2486
4029
5799
8141
1564
424
8963
4586
424
4029
7683
7683
1564
1564
1564
1564
3953
3953
8027
3953
3953
7482
7482
2931
2324
2995
1270
2324
6709
1972
8251
3953
3953
2931
8251
3478
2995
2995
1270
2324
6442
2995
2324
735
1972
735
735
5676
1086
7693
1105
1105
1086
3478
3478
4293
2201
735
1086
8116
1086
1105
1105
1105
1105
2201
1104
8027
3569
2324
1104
7373
1104
1200
2324
2324
8962
2324
1107
8576
1104
466
1200
10073
3514
466
1107
3514
3424
466
466
466
4897
466
3514
3514
5123
5123
7696
1533
3148
6722
9910
5123
2674
1972
1533
1533
1762
1533
3444
2674
3148
2673
2674
3950
1972
1972
1533
1533
7400
1762
3444
2674
2673
9997
621
2673
2673
621
1972
1902
3105
8011
2316
726
3105
3148
3105
726
3146
726
726
5289
5971
3148
5971
6650
4686
1036
1036
3951
5971
8254
1036
1036
1926
1926
2784
943
3120
3566
3120
1926
943
3138
943
943
8963
1934
3566
10559
3120
3120
2300
7810
5672
5672
1934
1934
8189
3053
5315
2300
5315
2300
2300
3733
8751
2300
5672
3053
2300
2300
1435
1435
1434
5131
4980
496
496
496
496
1098
1434
10132
1434
1434
2495
496
496
2774
1098
1098
2815
1098
5728
3733
5315
6577
2495
2495
3119
6145
2495
7244
2815
1780
5315
5315
6577
5839
1435
2495
1435
1780
2206
2206
2206
2206
10109
3436
1377
2919
687
5487
2206
2206
3436
4768
1377
1377
4768
1377
9047
687
957
1095
6829
957
957
1377
1377
4288
1985
1095
1095
2807
5067
2807
957
1985
832
832
7279
3436
6419
1096
832
687
832
3436
3436
7154
687
7729
687
6440
8464
449
449
1745
687
1737
449
449
3325
3325
1484
1484
5443
4154
3325
1054
1484
1484
1614
3983
1614
1054
801
1054
3096
801
801
1204
1614
2283
2283
1054
1204
1204
4674
1204
801
2283
2637
2637
1088
932
5411
5836
9378
2637
1347
932
932
7692
932
2434
5836
11125
4881
5836
6397
6397
9494
7757
6246
6397
7757
2434
9335
6397
9335
7676
6397
4881
11486
7676
7757
9346
7676
7676
5481
5481
1845
1845
1845
1845
5671
4437
1849
1849
4128
4128
5411
1845
1845
2639
2600
1849
1849
1849
6958
1849
12549
2639
4881
9833
9833
2639
4881
2600
1849
1849
2600
2072
9833
2639
12159
9833
9787
5481
2600
2072
685
5446
6872
6486
685
2401
685
685
2401
6486
9857
6486
6486
6402
2639
4437
6514
8032
2639
6486
9857
11132
6486
4437
4437
8750
2639
5918
2639
5918
3910
3910
6072
6072
13230
5368
4525
9413
3910
3910
4339
3910
3910
4525
7991
5368
4525
8599
1236
1236
4339
7462
6774
4525
7462
6774
1236
1236
9124
6774
1594
2731
9135
5368
1594
8449
1594
1594
2731
5368
5368
9234
5368
4735
3518
3518
1594
1594
3518
8402
10400
10317
4596
9019
10317
4735
3518
3518
4186
4596
4596
10400
10604
4596
10317
5415
4186
4186
2742
2742
3913
3913
1638
1638
4217
6808
3913
1638
5741
1638
5841
12082
2631
10712
4186
4186
7396
5741
5741
5841
5841
8174
2631
4186
4186
7396
11382
5278
5741
5278
1470
3638
1470
3638
2504
2602
2504
2594
9532
10597
1470
1470
1660
1660
2504
2834
2602
4619
2834
2594
1439
1439
1439
6617
1660
1660
2834
2834
1660
3988
3988
3055
1439
3571
2088
6987
2088
1660
3988
3055
3272
3272
1658
1368
3638
5596
3272
1658
893
1368
1988
1368
1368
5689
2602
2602
7437
893
893
1368
2280
2835
1368
2602
2602
2594
8085
2594
893
2816
1090
1090
8573
4267
5547
4267
2970
3392
1090
1090
1037
1040
1090
2970
2970
5687
5972
2970
1037
923
923
2185
8511
6357
2185
2185
1040
6357
3949
923
923
2185
7704
2413
6357
5061
7767
12348
2434
2434
9831
10932
7767
7767
2434
1040
2434
5059
5475
11146
9584
2437
2929
1087
6715
1040
1040
1087
5687
2791
1087
2791
1087
2437
8502
1040
8290
6717
8290
2683
5648
2683
2927
10045
10045
9831
8290
8092
8092
1768
2927
8529
2927
13197
8092
2437
2791
5686
1768
1768
5686
5212
2791
2791
7166
1768
2072
6717
2683
1068
2072
5481
2072
1068
2683
1068
1068
13775
2739
11645
2072
4050
8091
11813
6414
4050
2739
8303
3858
4050
4050
4050
6414
4050
6414
6414
2742
5919
9828
8817
8031
4519
2961
2742
2742
5919
9694
2742
8817
4519
2961
2961
13522
2961
2742
12635
8556
6210
2742
8750
11235
6621
5918
5918
6417
5417
8750
2917
8750
2917
5918
5918
5127
9845
2631
2631
5278
5127
5127
2631
4588
2631
2739
3858
8033
2917
5417
12554
10312
2917
2739
4588
5417
5417
2917
2917
5415
5415
4735
2292
14019
5919
5415
2292
4735
2292
2292
10658
4595
4519
4519
6375
8556
8481
6852
8481
4519
4519
12079
8481
5284
2790
8798
5284
2790
4688
4688
3848
1270
3900
1659
8081
2593
6797
5284
4831
3848
7093
1858
3900
3900
1659
1270
7908
3900
1000
2593
1000
1000
7360
1516
5102
1532
1532
1516
1858
1858
2787
1000
1516
7162
1516
1532
1532
1532
1532
1531
7247
1973
1270
1531
4477
1531
1611
1270
1270
10437
1270
7222
1531
621
1611
7093
1902
621
1902
621
621
5968
1902
2790
3997
8093
1820
1820
1820
1820
2790
6716
2790
3634
3324
1820
1820
5281
3633
6964
894
5105
2593
1232
1232
2593
2593
1232
1232
3324
3633
894
1232
2418
1232
4541
2418
2593
2533
3992
9219
1262
991
3992
3997
3992
991
1817
991
991
3064
7572
3997
6901
6901
5835
1467
1467
5282
6901
10004
1467
1467
2083
3282
6930
6930
8738
8738
5066
5066
10677
3282
2083
2083
6930
6443
1735
5066
5066
5066
7871
4435
9422
5957
1378
6828
12563
3385
1518
1378
5066
5066
5101
4435
6828
3385
6828
10657
1378
2023
1378
2023
953
2483
953
2483
7875
5652
5652
2487
1355
3382
3330
953
3606
3606
953
5652
5652
2487
7954
10318
9310
3606
1355
3606
3606
3606
8163
6247
6247
6187
6610
6610
3606
3606
12433
6187
6247
6247
6247
6247
2483
2483
7357
2487
3382
3282
2483
2483
3574
2487
2487
8238
2487
13312
3282
6551
6551
5957
3574
2487
2487
3574
2661
6551
9252
6551
6443
3385
3574
2661
783
2087
783
2087
6982
2460
4900
3053
7481
783
783
4153
4900
4900
7113
2460
4900
3958
2457
1427
1427
5323
5320
1427
5323
5320
1427
1651
6599
5320
1435
2201
3568
4463
2201
2818
5243
5243
2818
5243
6814
1230
1435
1435
1230
3732
3568
3055
5243
9587
3055
5837
1659
1230
1230
1435
1230
2496
9907
3055
2496
1659
3055
3055
5837
1230
6145
2496
6978
6978
3055
6622
2087
5730
2818
1107
2087
3568
2087
1107
2818
1107
1107
6148
8244
2087
2088
3052
8087
3735
2088
3735
2088
2088
9916
3735
1780
1780
1780
1780
6097
3439
2443
5675
7665
1780
1985
2436
1780
2443
4462
3439
2443
2807
1791
2807
5138
1791
1791
2443
2436
5046
2807
3752
7359
1791
2201
2201
7091
6533
4311
6146
2201
2201
1086
6533
6533
8348
5103
4308
1516
1516
4308
1086
1516
1086
1516
4715
7694
1086
676
1421
676
993
6329
993
2883
1128
4218
5979
3420
676
1421
2883
676
2883
2883
1128
3969
3969
5707
7463
4218
5707
9125
679
6055
2896
2896
679
9085
3637
5707
679
10239
679
2896
2896
2896
2896
3881
3881
4777
7181
5280
7181
7837
6110
1471
7043
3881
2767
4777
3881
2767
3419
4777
1520
7043
9197
1471
7043
2767
2767
1468
1369
1369
8797
1520
1369
1520
1520
1369
1468
4212
1520
2023
6108
4435
1517
3374
2023
2023
1517
2023
1517
1517
8777
3736
7371
1471
1471
10169
11506
9723
3846
3736
11729
8777
1471
1471
3440
9723
3440
9723
6549
1469
5280
6403
2032
1469
5979
1469
1469
3419
2032
2032
6110
2032
993
993
993
6962
3558
3419
1128
2032
3419
5610
993
1128
1128
6132
1128
3419
5610
2091
2091
2677
2091
2091
4906
4338
4338
1383
1383
1238
1383
3637
3815
2677
2091
947
947
2677
1383
1383
5492
1238
1383
1383
1804
1383
4739
947
679
947
947
947
5580
679
8839
1997
3076
3401
1804
1113
947
947
4220
1997
679
1827
679
1827
1113
4906
4997
2414
985
4906
8641
4906
3398
1380
985
3398
985
985
8617
3076
4508
4508
3076
2850
985
4909
8016
728
4508
9643
5817
2850
2850
2850
728
3815
8566
5297
3137
7639
3815
3815
944
3815
3137
6604
3137
1429
1758
5490
720
720
8688
4655
720
720
8603
3137
720
5490
720
4655
4655
4655
4655
3254
5716
11086
5716
12477
10207
10318
3254
9193
3254
6187
6544
6544
10318
10318
6925
13305
3290
7889
3254
6187
6187
6544
3694
3694
3290
6544
3694
3694
6187
6786
3834
6183
6183
3694
3694
5716
7855
1213
1213
5716
5771
5716
8146
1213
1213
8977
4237
8952
5716
8952
10152
13957
3288
3288
3288
8952
10207
6925
3288
3591
9589
3949
1038
3591
5061
3591
3591
2413
1038
1038
4909
1038
4389
2413
3591
1113
2413
2583
8627
728
728
728
4389
2413
1113
5089
1113
1113
728
727
727
6659
2469
9604
1446
727
1828
727
2469
2469
8455
2469
1828
5181
1828
9646
9940
1164
1164
729
2582
2582
1828
4335
729
1164
1164
1164
1164
6549
7036
10033
3643
7340
3643
3844
7036
7036
6549
6549
7036
9915
2424
3844
10184
3844
13795
9915
3440
3736
7370
2424
2424
7370
2946
3736
3736
8405
2424
2661
8088
3643
1498
2661
3385
2661
1498
3643
1498
1498
13979
3691
9074
2661
5363
9914
12789
7887
5363
3691
10044
5207
5363
5363
5363
7887
5363
7887
7887
2467
994
9143
994
3452
3452
3452
2467
4387
2467
2467
1579
1579
3452
8048
3557
10138
9353
2912
760
992
1579
1579
760
1579
2888
760
760
6851
1579
994
994
8054
6666
7225
1827
994
729
994
6666
6666
9884
1830
1804
1804
729
729
8453
1430
1430
1957
1430
1430
729
10136
1957
1997
2249
1430
1430
1485
11162
2626
1055
1485
1966
1485
1055
2037
1055
1055
11545
7745
1485
6206
6206
11396
802
802
2037
6206
7085
802
802
1757
4239
1757
4239
7675
2621
2621
7689
1238
1958
1757
1238
2621
1757
2621
2621
7876
1238
1238
1429
1238
8242
7577
785
785
3051
1238
1429
785
785
3450
3450
10663
1013
8624
4736
3450
3450
3829
1013
1428
1013
1830
1830
1830
6678
2249
1957
1013
8145
1830
7227
1957
1957
2795
6575
3600
3600
3049
2795
2795
3049
2795
3600
3691
5207
9251
3290
3290
13366
11477
3834
3691
5767
3290
3290
3834
3834
1229
1229
8451
894
6622
5690
1229
2280
1229
894
2280
894
2594
1659
1659
11646
8350
2533
894
7569
1659
1659
2533
2533
1389
1743
6639
2050
1389
4157
1389
2050
1743
2050
2050
11555
8770
1389
7343
7343
9955
7774
7774
7774
7343
8732
8019
7774
