0
429
429
429
429
267
267
267
267
267
27
95
0
0
128
6
1273
3213
1273
1273
3213
1273
1273
3213
1273
1273
267
9282
9282
267
9282
9282
267
9282
9282
267
1461
1515
550
1461
95
0
128
128
0
0
0
128
128
6
1273
1273
14271
3213
6
1273
1273
14271
267
1273
1273
1273
11906
267
1273
9282
9282
11906
267
9282
9282
9282
3624
3624
1461
3940
1515
1515
550
1461
1953
1515
1461
95
391
128
128
0
0
128
128
128
0
0
0
0
128
128
128
6
14186
1273
1273
14271
11906
267
6
1273
1273
1273
11906
3624
3624
6
1273
9282
9282
3624
3624
3624
1461
3940
3940
1515
1515
1515
550
1461
3940
1953
1515
1515
1461
1953
1953
1461
95
391
128
128
0
14184
128
128
128
0
0
0
128
128
128
323
0
0
0
0
0
128
128
2044
323
6
14186
14186
1273
1273
3624
3624
3624
3624
6
5163
1273
3940
1515
1515
1515
1515
550
165
3940
3940
1953
1515
1515
1515
1461
3940
1953
1953
1515
1461
1953
1953
1461
72
391
128
1786
391
14184
128
1786
1786
0
0
14184
128
1786
1786
323
0
0
0
0
128
1786
2044
2044
323
0
0
0
0
0
0
1515
1515
1515
1515
323
165
5163
5163
5163
1953
1515
1515
1515
1515
165
5163
9650
1953
1953
1515
1515
9650
9650
1953
1953
1953
9650
1953
1953
890
72
4300
1786
1786
391
6911
1786
1786
323
0
6911
6911
1786
1786
2044
323
0
0
0
1388
1388
2044
2044
2044
323
50
50
50
50
1388
6724
10161
10161
2112
2
50
50
50
50
2163
1515
1515
1515
165
5163
5163
5379
5379
1953
1515
165
9650
5379
5379
1953
9650
5379
5379
890
72
4300
1786
1786
4300
6911
1786
1786
323
1388
1388
1388
1388
2044
2044
323
50
1388
1388
1388
6724
10161
2112
50
50
9757
1388
6724
6724
2112
50
50
50
2163
2163
2163
2112
2
50
50
50
2163
2163
294
165
5163
5379
5379
5379
9650
5379
5379
890
72
4300
1786
323
1388
1388
1388
2044
323
1388
1388
1388
6724
2112
1388
1388
1388
6724
2112
5045
9757
1388
6724
3461
50
9757
2163
2163
294
50
50
2163
2163
294
2
50
50
2163
294
165
5379
5379
890
72
1388
1388
323
1388
1388
2112
1388
1388
3461
1388
1388
3461
5045
1388
3461
5045
2163
294
5045
2163
294
50
2163
294
2
50
294
890
8
502
502
502
502
294
294
294
294
294
2
58
58
58
58
58
106
106
106
106
70
58
58
187
58
58
187
58
58
187
58
58
187
58
933
2438
933
933
2438
933
933
2438
933
652
2438
652
652
472
391
1102
288
58
58
58
288
288
58
58
58
187
12017
58
58
58
187
12017
58
933
933
187
2827
933
933
652
2438
2827
933
652
652
2438
2827
652
652
652
5498
2409
737
472
391
1102
391
391
11976
1102
288
288
58
58
58
58
288
288
288
58
58
58
652
288
288
12017
58
933
652
652
187
2827
2827
933
652
652
652
2438
2827
2827
652
652
652
652
5498
13460
2409
2409
737
5498
2409
2409
472
391
1102
391
391
11976
72
13283
391
391
11976
7116
72
288
288
288
58
58
58
652
652
288
288
288
288
58
652
652
652
652
13
13
13
2827
652
652
652
652
652
13
13460
13460
2409
2409
7165
737
2106
13460
2409
2409
737
5498
2409
2409
472
391
72
391
391
7116
72
391
391
391
7116
3108
3108
13283
13283
391
391
3108
3108
3108
3108
13
13
13
13
13
652
652
652
652
652
13
13
13
13
792
2409
7165
7165
737
13
13
13716
792
2409
2409
737
2106
13716
792
2409
2409
2106
792
2409
472
4300
72
4300
4300
7116
72
391
4300
4300
3108
3108
3108
9747
391
4300
502
3108
3108
3108
663
9747
9747
5045
502
502
11593
11593
6728
13
13
13
13
792
502
7165
737
13
13
13
792
792
792
737
13
13716
792
792
792
2106
792
792
765
4300
72
4300
4300
3108
3108
4300
4300
502
3108
3108
663
5045
11421
502
502
11593
6728
5045
5045
502
502
502
6728
9747
5045
5045
5174
502
502
13
13
13
792
792
792
13
13
792
792
792
2106
792
792
765
4300
72
4300
502
3108
663
11421
502
502
6728
11421
502
502
502
5045
502
502
502
5045
5045
5174
502
5045
5045
5174
4696
13
13
792
792
13
792
792
765
502
663
502
502
502
502
502
502
502
502
5045
4696
5045
4696
5045
4696
13
792
765
1305
1305
1305
1305
808
808
808
808
808
29
654
26
1332
26
1332
1332
3338
1332
1332
3338
1332
1332
3338
1332
4346
2285
2285
4346
2285
2285
4346
2285
2285
1279
2285
881
1207
29
654
93
3661
3661
26
26
1332
1332
26
26
1332
1332
1332
26
12098
1332
1332
1332
3338
12098
1332
4346
4346
2285
2285
2285
4346
1279
2285
2285
2285
4346
1279
2285
2285
881
1207
1207
2319
881
881
29
654
7207
3661
3661
93
7207
3661
3661
3661
26
26
26
1332
1332
1332
26
26
26
1332
1332
1332
1279
26
26
12098
1332
4346
4346
1279
26
2285
2285
2285
4346
9617
1279
2285
2285
2285
881
1207
1207
1207
2319
4672
881
881
1207
2319
881
881
29
654
7207
3661
3661
93
7207
3661
3661
1089
93
7319
7207
3661
3661
1089
1089
26
26
26
26
1332
1089
9617
1279
26
26
26
26
1332
4346
9617
9617
1279
26
26
26
2285
881
1207
1207
1207
1207
177
4672
4672
881
881
1207
1207
177
4672
881
881
881
2319
881
881
29
654
7207
1089
1089
7207
7207
1089
1089
1089
93
7207
7207
1089
1089
1089
5476
93
7319
7319
7207
1089
1089
13384
13384
5476
26
26
26
26
26
1207
1207
1207
1207
1207
493
493
493
493
55
881
1207
1207
1207
493
493
13558
55
881
881
1207
177
13558
55
881
881
177
55
881
29
903
903
1089
1089
903
7760
1089
1089
1089
93
7207
7760
1089
1089
13384
5476
2
7319
731
6689
1089
2397
2397
2397
1217
2
13750
13750
731
731
2397
2397
2397
2397
493
493
493
55
55
55
1207
1207
493
493
493
55
55
55
881
177
13558
55
55
55
177
55
55
55
903
903
1089
1089
903
7760
1089
1089
5476
903
6689
6689
1089
2397
2397
1217
2
731
6689
6689
2397
2397
2397
2
731
731
731
9582
2397
2397
2
13750
731
731
13943
9582
144
493
493
55
55
55
55
493
493
55
55
55
177
55
55
55
903
903
1089
1089
903
6689
1089
2397
1217
6689
6689
6689
2397
2397
731
6689
6689
9582
144
731
731
731
9582
144
2
731
731
13943
144
2
731
731
13943
1964
493
55
55
55
177
55
55
55
903
903
1089
1217
6689
6689
144
6689
6689
144
6689
6689
144
731
731
144
731
731
1964
731
731
1964
2
731
1964
55
55
55
21
144
144
144
144
144
222
222
222
222
93
555
187
555
187
555
187
555
187
3204
2438
3204
2438
3204
2438
937
937
329
3390
654
93
93
3390
555
187
187
7347
555
187
187
7347
555
187
187
3204
3204
2438
2438
3204
937
2438
2438
937
937
2438
937
937
329
5498
472
3390
654
93
3390
3390
654
93
93
93
3390
3390
555
8503
187
187
7347
3204
937
187
187
187
3204
937
937
187
2438
2438
937
937
937
2438
2438
937
937
937
329
5498
5498
6249
2447
5498
472
3390
654
7616
3390
3390
654
93
93
3390
3390
3390
2365
93
93
93
93
3390
937
937
937
8503
8503
187
187
937
937
937
937
8503
187
2438
937
937
937
937
329
2106
5498
5498
6249
6249
2447
5498
5498
13494
472
5498
472
903
2365
7616
903
9314
2365
93
7616
903
9314
7788
3343
93
93
93
903
7788
7788
7788
3343
2
2
2
2
2
937
937
937
937
188
13527
13527
2106
2106
6249
6249
6249
2447
2106
2106
2106
13494
6249
2447
2106
2106
13494
472
2106
472
903
2365
903
903
9314
2365
903
903
903
7788
7788
3343
2
2
903
903
3284
3284
3284
188
2
2
2
251
3088
3284
3284
188
2
2
2
2
251
251
3284
188
13527
2106
2106
14370
13494
472
2106
2106
14370
472
2106
1510
903
2365
903
903
7788
3343
903
903
903
3284
3284
188
9438
9438
3088
3088
3284
188
2
14209
251
3088
3088
188
2
2
251
251
251
188
2
2
2
251
251
251
2106
2106
14370
1510
2106
1510
903
2365
903
903
3284
188
9438
3088
3088
188
9438
3088
3088
188
14209
251
3088
3088
14209
251
251
251
2
251
251
251
2
2
251
251
2106
1510
903
188
3088
188
3088
3088
3088
3088
251
3088
251
251
251
251
251
251
2
251
6
456
3338
2858
3338
2858
3338
2858
864
808
864
808
864
808
864
808
864
312
456
456
6
6
456
456
3338
3338
7451
2858
3338
3338
7451
808
3338
864
864
808
8631
864
864
808
8631
864
864
4351
2319
864
1812
312
2319
29
456
456
6
456
456
456
6
6
6
456
456
456
11999
3338
3338
7451
864
808
3338
3338
864
864
864
4351
3338
8631
864
864
9045
4351
2319
2319
864
1812
1812
312
2319
2319
1812
1812
2319
29
456
456
14208
456
456
456
6
6
456
456
456
397
6
6
6
6
456
456
5000
397
11999
11999
3338
864
864
9045
9045
4351
11361
177
2319
864
1812
1812
1812
312
177
2319
2319
1812
1812
1812
2319
2319
4935
29
2319
29
456
4839
14208
456
4839
4839
6
14208
456
4839
4839
397
6
6
6
456
4839
5000
5000
397
6
6
6
6
6
292
292
292
292
292
11361
11361
177
177
1812
1812
1812
1812
177
177
177
4935
1812
1812
177
177
4935
29
177
29
4839
4839
11825
4839
4839
397
11825
11825
4839
4839
5000
397
6
6
1461
292
292
292
292
292
165
165
165
1461
292
292
292
292
165
165
165
165
5094
292
292
292
11361
177
177
10938
4935
29
177
177
10938
29
177
525
4839
4839
11825
4839
4839
397
1461
1461
292
292
292
292
1461
1461
1461
292
292
292
165
9995
1461
11746
292
292
165
165
5094
5094
5094
292
165
165
165
5094
5094
525
177
177
10938
525
177
525
4839
397
1461
292
292
292
1461
1461
292
292
1461
1461
11746
292
9995
1461
11746
3621
9995
5094
5094
1209
165
5094
5094
1209
165
165
5094
525
177
525
292
292
1461
292
1461
3621
1461
3621
1461
3621
5094
1209
5094
1209
5094
1209
165
525
394
95
394
3213
6908
3213
6908
3213
6908
267
769
267
769
267
769
267
769
267
1081
394
95
394
394
95
95
394
394
3213
3213
13426
6908
3213
3213
13426
769
3213
267
12508
769
267
267
12508
769
267
267
2778
2778
267
267
2778
1081
3300
3300
394
1110
394
394
95
95
394
394
394
95
95
95
394
394
394
5002
3213
3213
13426
12508
769
3213
3213
267
12508
2778
2778
267
267
267
2778
2778
2778
267
267
267
2778
2778
1081
3731
3300
3300
6154
3300
3300
394
1110
394
394
95
14099
394
394
394
95
95
95
394
394
394
2238
95
95
95
95
394
394
2540
2238
5002
5002
3213
267
2778
2778
2778
2778
5002
267
267
267
2778
2778
2778
1081
323
3731
3300
3300
7368
6154
3731
3300
3300
3300
3300
3300
229
1110
394
4324
1110
14099
394
4324
4324
95
95
14099
394
4324
2540
2238
95
95
95
95
394
2540
2540
2540
2238
95
95
95
95
63
2540
2540
2540
2540
1081
11365
11365
323
323
3300
7368
7368
6154
323
323
323
3300
3300
6154
323
323
3300
3300
323
3300
229
8600
4324
4324
1110
10427
4324
4324
2238
95
10427
10427
4324
2540
2540
2238
95
95
95
6580
63
2540
2540
2540
1755
662
662
662
662
63
63
14283
14283
5742
662
662
662
323
988
63
7368
5742
11365
323
323
9998
3300
3300
323
323
9998
924
323
924
229
8600
4324
4324
8600
10427
4324
2540
2238
199
6580
6580
63
2540
2540
1755
8
6580
6580
63
63
14283
5742
662
662
6891
63
63
63
5742
662
662
662
988
988
63
63
662
662
323
988
988
924
323
323
9998
924
323
924
229
8600
4324
2238
199
6580
63
2540
1755
199
6580
63
63
5742
8
6580
63
63
63
8
6891
63
63
63
8
6891
988
988
63
662
662
988
988
988
662
323
988
924
323
924
229
199
63
1755
199
63
63
199
63
63
199
63
63
8
63
63
8
988
988
8
988
988
8
988
988
323
924
17
17
17
17
17
8
8
8
8
8
505
505
505
505
505
847
847
847
847
34
505
505
1397
505
505
1397
505
505
1397
505
505
1397
505
5213
4145
4145
5213
4145
4145
5213
4145
4145
1787
971
1787
1705
971
1110
2843
2824
505
505
505
2824
2824
505
505
505
1397
5718
505
505
505
1397
5718
505
5213
5213
1397
4145
4145
5213
1787
4145
4145
4145
1787
1787
971
4145
1787
1787
1705
971
7697
1705
971
1110
2843
1110
1110
11513
2843
2824
2824
505
505
505
505
2824
2824
2824
505
505
505
1787
2824
2824
5718
505
5213
1787
1787
1397
4145
4145
4145
1787
1787
1787
971
4145
4145
1787
1787
1787
1705
971
11078
7697
7697
1705
971
7697
7697
971
1110
2843
1110
1110
11513
229
4842
1110
1110
11513
5775
229
2824
2824
2824
505
505
505
1787
1787
2824
2824
2824
2824
505
1787
1787
1787
1787
226
226
226
4145
1787
1787
1787
1787
1705
226
11078
11078
7697
7697
8279
1705
971
11078
7697
7697
1705
971
7697
7697
971
1110
229
1110
1110
5775
229
1110
1110
1110
5775
5775
6030
4842
4842
1110
1110
5775
6030
6030
6030
226
226
226
226
8
1787
1787
1787
1787
1051
226
226
226
226
3583
7697
8279
8279
1705
226
226
11350
3583
7697
7697
1705
2410
11350
3583
7697
7697
2410
3583
7697
971
5775
229
8600
5775
5775
229
1110
8600
5775
5775
6030
6030
4842
8
199
199
6030
6030
6030
1051
13517
13517
8
8
3443
11402
11402
10755
226
226
226
8
3583
3443
8279
1705
226
226
226
3583
3583
3583
1705
226
11350
3583
3583
3583
2410
3583
3583
1568
5775
229
8600
5775
5775
6030
199
199
199
6030
6030
1051
8
199
199
3443
11402
10755
8
8
8
3443
3443
10755
13517
8
8
11236
3443
588
226
226
8
3583
3583
33
226
226
3583
3583
3583
2410
3583
3583
1568
5775
229
199
199
6030
1051
199
199
3443
10755
199
199
3443
588
8
8
3443
588
8
8
11236
33
8
8
11236
33
226
8
3583
33
226
3583
3583
1568
199
1051
199
588
199
588
199
588
8
588
8
33
8
33
8
33
8
33
1568
1102
1789
2046
1789
2046
1789
2046
1789
327
327
327
327
327
327
327
327
327
1346
1397
3487
1102
1102
3763
1789
1102
2046
3763
1789
2046
2046
3763
327
2046
327
327
327
5189
327
327
327
5189
327
327
1364
5189
327
1346
1346
7211
1346
1397
3487
1397
1397
10760
3487
1102
1102
1102
3763
3763
1789
1102
1102
2046
3763
327
327
1102
2046
327
327
327
1364
2046
5189
327
327
2792
1364
5189
5189
327
1346
1346
1346
7211
7211
1346
1346
7211
9083
1397
3487
1397
1397
10760
3487
9286
1397
1397
10760
6758
5217
1102
1102
1102
1102
3763
327
2792
1364
1102
1102
1102
327
327
2792
2792
1364
72
72
5189
327
1346
1346
1346
1346
7211
7211
7211
1346
1346
1346
7211
7211
9083
1346
7211
9083
1397
6758
1397
1397
6758
6758
1397
1397
1397
6758
5217
5217
9286
9286
1397
1397
5217
5217
5217
5217
72
72
72
72
72
1346
1346
1346
1346
1346
72
72
72
1225
1346
1346
1346
1346
72
13071
1225
9083
1346
1346
13071
1225
9083
9083
1225
9083
6758
6758
9802
6758
6758
5217
1397
9802
6758
5217
5217
5217
9286
971
971
971
5100
5100
5100
2160
10414
10414
2410
971
5100
5100
5100
5100
72
72
72
72
1225
1225
1346
1346
72
72
1225
1225
1225
1346
13071
1225
1225
1225
1225
1225
6758
6758
9802
6758
5217
5217
971
971
971
5100
5100
2160
971
971
971
5100
5100
5100
2410
2410
971
14151
5100
5100
10414
2410
2410
11166
11166
2310
72
72
72
1225
1225
1225
72
1225
1225
1225
1225
1225
6758
5217
971
971
5100
2160
971
971
5100
5100
971
971
14151
2310
2410
971
14151
2310
2410
2410
11166
2310
2410
2410
11166
5500
72
72
1225
1225
1225
1225
971
2160
971
2310
971
2310
971
2310
971
2310
2410
5500
2410
5500
2410
5500
72
1225
1114
1114
1114
1114
670
670
670
670
670
51
836
429
836
1114
1114
2853
1114
1114
2853
1114
1114
2853
1114
8619
772
8619
8619
772
8619
8619
772
8619
747
772
508
51
171
6908
429
836
836
1114
429
836
836
1114
1114
1114
836
10155
1114
1114
1114
2853
10155
1114
8619
8619
772
9959
8619
8619
747
772
9959
8619
747
747
772
9959
508
747
51
1404
508
508
171
6908
429
3942
6908
9529
429
836
836
836
1114
1114
429
836
836
836
1114
1114
1114
747
836
836
10155
1114
8619
747
747
836
9959
9959
8619
747
747
747
772
9959
9959
508
747
747
51
1404
11207
508
508
2003
1404
508
508
171
6908
429
6908
6908
9529
429
3942
3942
6908
9529
9529
45
836
836
836
836
1114
45
45
45
836
836
836
836
1114
747
747
747
747
836
836
836
9959
508
747
747
747
51
97
4840
11207
508
508
8996
2003
97
11207
508
508
508
1404
508
508
171
769
2052
6908
769
14374
2052
3942
6908
769
14374
45
45
3942
3942
3942
769
45
45
45
45
836
836
836
836
45
45
45
45
45
27
1800
1800
1800
1800
508
508
8996
8996
2003
1800
1800
4840
508
508
508
2003
97
4840
508
508
508
97
508
508
97
769
2052
769
769
14374
45
769
769
769
45
45
45
3942
769
769
45
45
45
45
27
9196
9196
2238
1081
1081
6579
6579
148
1800
1800
1800
1800
2523
508
6579
148
1800
1800
1800
4840
5233
508
508
97
4840
4840
5233
508
97
4840
4502
97
769
2052
769
769
45
45
769
769
45
45
45
27
2238
12035
1081
1081
6579
148
2238
2238
1081
1081
1081
148
9196
2238
2238
2523
1081
148
1800
1800
1800
2523
2523
2523
1800
1800
4840
5233
4502
97
4840
4502
97
769
45
769
45
45
27
12035
1081
1081
148
12035
1081
1081
148
2238
1081
1081
1081
2238
2238
2523
1081
2238
2238
2523
2523
1800
1800
2523
2523
97
4840
4502
97
45
27
1081
148
1081
1081
1081
1081
1081
1081
2238
2523
2238
2523
2238
2523
1800
2523
97
969
969
969
969
969
1583
1583
1583
1583
298
969
969
983
969
969
983
969
969
983
969
969
983
969
3935
8005
3935
3935
8005
3935
3935
8005
3935
3935
5222
3935
4091
5222
4723
2707
2843
969
969
969
6268
6833
969
969
969
983
7307
969
969
969
983
7307
969
3935
3935
983
13046
3935
3935
3935
8005
13046
3935
3935
12906
5222
5222
3935
12703
4091
5222
5222
6471
5222
4723
2707
2843
4723
12041
2707
2843
2843
969
969
969
969
6268
6833
6833
969
969
969
3935
6268
6833
7307
969
3935
3935
12906
983
7307
13046
3935
3935
12906
12906
5222
5222
5222
3935
12703
12703
4091
5222
5222
5222
12703
6471
5222
5222
7768
5222
4723
2707
4723
4723
12041
2242
2843
2843
4723
12041
2242
2242
2843
2843
2843
969
969
969
4258
4258
6268
6833
6833
6833
969
3935
12906
12906
12906
667
5759
5222
5222
3935
12703
12703
12703
4091
667
5222
5222
5222
12703
12703
6471
5222
5222
5222
14015
6471
5222
5222
7768
5222
2242
2242
4723
2242
2242
2242
2843
4723
2242
2242
2242
4258
2843
2843
2843
2242
2242
4258
4258
4258
229
229
229
229
229
2680
2680
2680
2680
2671
667
5759
5759
5759
5222
12703
12703
12703
6471
667
5759
9791
5222
14015
12703
6471
9263
9791
5222
14015
7768
9263
5222
7768
5222
2242
2242
8337
2242
2242
2242
4723
8337
2242
2242
4258
4258
229
229
7229
2242
2680
2680
2680
2671
229
229
229
2704
2680
2680
2680
2680
229
229
229
229
2704
2680
2680
2680
667
5759
5759
6564
6564
6564
6471
667
9791
6564
6564
6564
9263
6564
6564
6211
2242
2242
8337
2242
2242
4258
7229
7229
2242
2680
2680
2671
7229
7229
7229
2680
2680
2680
229
11398
2704
12757
2680
2680
229
229
2704
2704
2704
2680
229
229
229
2704
2704
2704
667
5759
6564
6564
6564
9263
6564
6564
6211
2242
2242
7229
2242
2680
2671
7229
7229
2680
2680
7229
7229
12757
2680
11398
2704
12757
9056
11398
2704
2704
2704
229
2704
2704
2704
229
229
2704
2704
667
6564
6564
6211
2242
2671
7229
2680
7229
9056
7229
9056
2704
9056
2704
2704
2704
2704
2704
2704
229
2704
6211
983
2558
983
2558
983
2558
983
2558
983
12226
8005
12226
8005
12226
8005
2705
2705
2705
2853
6288
6268
983
3446
2558
983
983
3446
2558
983
983
3446
2558
983
983
12226
12226
8005
8005
12226
2705
8005
8005
2705
2705
8005
2705
2705
2705
8535
6031
2853
6288
2853
2853
10396
6288
6268
6268
983
3446
3446
2558
6268
983
983
3446
3446
2705
983
983
983
12226
2705
2705
983
8005
8005
2705
2705
2705
8005
8005
2705
2705
2705
2705
8535
8535
13675
6031
8535
8015
2853
6288
2853
2853
10396
670
8012
2853
2853
10396
9943
670
6268
6268
6268
983
3446
2705
2705
2705
6268
6268
983
983
2705
2705
2705
2705
667
667
8005
2705
2705
2705
2705
2705
8535
8535
8535
13675
13675
6031
8535
8535
13966
6031
8535
8015
772
670
2853
772
9943
670
2853
2853
772
9943
9943
11282
8012
8012
2853
772
9943
12759
12759
11282
667
667
667
667
97
2705
2705
2705
2705
2525
667
667
667
6817
13675
13675
13675
6031
667
9263
6817
13966
13675
6031
9263
6817
13966
8015
6817
8015
772
670
772
772
9943
670
772
772
772
9943
12759
11282
8012
97
772
772
11680
11680
11680
2525
13252
13252
97
97
6492
11680
11680
2525
667
667
667
97
6817
6492
11680
2525
667
667
6817
6817
6817
6031
9263
6817
6817
6817
6817
6817
772
670
772
772
9943
11282
772
772
772
11680
11680
2525
97
1404
1404
6492
11680
2525
97
97
97
6492
6492
2525
13252
97
97
8656
6492
2525
667
667
97
6817
6817
297
667
6817
6817
6817
6817
6817
772
670
772
772
11680
2525
1404
1404
6492
2525
1404
1404
6492
2525
97
97
6492
3502
97
97
8656
297
97
97
8656
297
667
97
6817
297
6817
6817
772
2525
1404
2525
1404
3502
1404
3502
97
3502
97
297
97
297
97
297
97
297
3223
3223
3223
3223
2059
2059
2059
2059
2059
248
1305
1305
1481
3341
3223
3341
3341
3223
3341
3341
3223
3341
3341
12354
7380
9308
12354
7380
9308
12354
7380
9308
2122
3069
799
248
1769
1305
1305
1481
1305
1305
1305
1481
1481
3341
9814
3223
1481
3341
3341
9814
3223
3341
3341
3341
14258
12354
3341
9308
9308
14258
2122
7380
9308
9308
12459
2122
3069
8937
799
799
248
3069
6001
799
1769
1305
1305
6934
1305
1305
1305
1481
1481
1305
1305
1305
1305
1481
1481
1481
3341
9814
9814
2122
1481
1481
3341
3341
14258
12459
2122
1481
3341
9308
9308
12459
12459
2122
3069
8937
8937
799
799
799
248
3069
8937
6001
799
799
3069
6001
6001
1769
1305
1305
13503
1305
1305
1305
6934
6934
1305
1305
1305
160
1481
1481
1481
1305
1305
1305
12459
160
1481
1481
1481
1481
3341
12459
12459
12459
2122
1481
1481
1481
8937
799
799
799
799
248
2433
2433
8937
6001
799
799
799
2433
8937
6001
6001
799
3069
6001
6001
1769
1305
1809
13503
1305
1809
1809
6934
13503
1305
1809
1809
160
6934
6934
6934
1305
1809
12510
12510
160
1481
1481
1481
1481
142
142
142
142
142
142
5073
10061
10061
2433
2433
799
799
799
799
5073
2433
2433
2433
6001
799
799
2433
2433
2433
6001
6001
2433
2433
6001
1769
1809
1809
5291
1809
1809
160
5291
5291
1809
1809
12510
160
2179
1279
1279
142
142
142
142
142
2179
2179
2179
1279
142
142
142
142
2179
2179
2179
2179
2798
142
142
142
5073
10061
2433
2433
2798
2798
799
2433
2433
2433
2798
2798
2433
2433
2798
2427
1809
1809
5291
1809
1809
160
1279
1279
142
142
142
142
1279
1279
1279
142
142
142
2179
5476
1279
12140
142
142
2179
2179
5476
11932
11932
142
2179
2179
2179
2798
2798
2798
5073
2433
2433
2798
2798
2433
2433
2798
2427
1809
160
1279
142
142
142
1279
1279
142
142
1279
1279
12140
142
5476
1279
12140
3226
5476
5476
11932
3226
2179
5476
11932
10118
2179
2179
2798
2798
2433
2433
2798
2427
142
142
1279
142
1279
3226
1279
3226
1279
3226
5476
10118
5476
10118
5476
10118
2179
2798
2427
1575
1575
1575
1575
1575
2366
2366
2366
2366
551
555
1529
1766
7210
7210
7125
7210
7210
7125
7210
7210
7125
2510
2366
2510
2510
2366
2510
2510
2366
2510
2510
2366
2510
2170
963
789
555
1529
654
555
4304
1529
1766
3364
7210
7210
7210
1766
7618
7210
7210
2366
7125
7618
2510
13429
2366
2510
2510
2510
13429
2366
2510
2510
2510
13352
7030
2510
2510
2170
11505
963
5057
2170
963
789
555
1529
555
555
4304
1529
654
654
555
4304
4304
1529
1766
3364
3364
7210
7210
7210
2366
1766
3364
7618
2510
13429
13352
7030
1766
2510
2510
2510
13352
13352
7030
2510
2510
2510
2170
11505
11505
963
5057
12727
2170
2170
963
5057
2170
2170
789
555
1529
555
555
4304
106
654
555
555
4304
4304
106
654
654
654
555
4304
3869
3869
3869
1766
3364
3364
3364
2510
13352
13352
13352
7030
1766
3364
2510
2510
2170
11505
11505
11505
963
488
12727
12727
2170
2170
11505
963
488
12727
2170
2170
963
5057
2170
2170
789
555
106
555
555
13536
106
555
555
555
13536
3869
3869
654
654
555
555
3869
3869
3869
3869
654
654
654
654
329
3869
3869
3869
3869
574
4857
4857
4857
4857
470
2170
11505
11505
963
4857
4857
14211
470
2170
2170
963
488
14211
470
2170
2170
488
470
2170
470
5107
106
5107
5107
13536
106
555
5107
5107
3869
3869
3869
654
555
5107
329
3869
3869
3869
574
2365
2365
2365
329
329
6894
6894
6894
2365
2365
2365
470
470
329
6894
963
4857
4857
4857
470
470
470
963
488
14211
470
470
470
488
470
470
470
5107
106
5107
5107
3869
3869
5107
5107
329
3869
3869
574
3343
9721
329
329
6894
6894
2365
3343
329
329
329
6894
2365
2365
3343
3775
329
329
2365
2365
470
470
470
470
4857
4857
470
470
470
488
470
470
470
5107
106
5107
329
3869
574
9721
329
329
6894
9721
329
329
329
3343
329
329
329
3343
3343
3775
329
2365
3343
3775
3775
2365
470
470
470
488
470
470
470
329
574
329
329
329
329
329
329
329
329
3343
3775
3343
3775
3343
3775
470
470
470
1766
3663
3663
3663
3663
3663
3663
3663
3663
5076
11151
5076
11151
5076
11151
5076
4305
2081
7028
7028
1766
1766
3663
3663
1766
3663
3663
3663
7125
3663
3663
3663
7125
3663
13657
5076
11151
11151
13657
5076
11151
11151
10216
8574
5057
4305
4305
2081
5057
4305
7028
7028
10188
7028
7028
7028
1766
1766
1766
3663
3663
3663
1766
1766
3663
3663
3663
5076
1766
7125
3663
13657
10216
8574
7125
11151
11151
10216
10216
8574
5057
5057
4305
4305
4305
2081
5057
5057
4305
4305
5057
9601
7028
7028
12963
7028
7028
4854
10188
10188
7028
7028
4854
1307
1766
1766
1766
1766
3663
3663
10216
1307
1766
1766
1766
3663
10216
10216
10216
8574
1766
488
5057
4305
4305
4305
4305
2081
488
5057
5057
4305
4305
4305
5057
5057
13022
4305
5057
9601
4854
4854
12963
4854
4854
4854
10188
12963
4854
4854
4854
1307
10188
10188
10188
4854
4854
13478
13478
1307
1766
1766
1766
1766
488
4305
4305
4305
4305
1307
5431
5431
488
488
4305
4305
4305
4305
488
488
488
13022
4305
4305
488
488
13022
9601
488
9601
4854
4854
7380
4854
4854
1307
7380
7380
4854
4854
13478
1307
5073
3069
3069
3069
10320
10320
10320
1307
5073
5073
5073
2427
5349
10320
10320
10320
5073
5073
5073
488
2427
2427
4305
4305
5431
488
488
13901
13022
4305
488
488
13901
1352
488
1352
4854
4854
7380
4854
4854
1307
3069
3069
3069
10320
10320
1307
3069
3069
3069
5349
10320
10320
5073
5637
2427
5349
5349
10320
5073
5073
2427
2427
2427
1769
5073
5073
488
2427
2427
1352
488
488
13901
1352
488
1352
4854
1307
3069
3069
10320
1307
3069
3069
5349
10320
3069
3069
5349
1769
5637
2427
5349
1769
5637
2427
2427
1769
5073
2427
2427
2427
5073
488
2427
1352
488
1352
3069
1307
3069
1769
3069
1769
3069
1769
2427
1769
2427
2427
2427
2427
2427
2427
488
1352
429
1276
1276
1276
1276
1276
1276
1276
1276
4340
4340
4340
4340
4340
4340
838
258
838
2858
3551
429
429
1276
1276
429
1276
1276
1276
7518
1276
1276
1276
7518
1276
4340
4340
12452
4340
4340
838
12452
4340
4340
838
9729
258
5770
838
258
258
2858
3551
2858
2858
3551
3551
429
429
429
1276
1276
1276
429
429
1276
1276
1276
838
429
7518
1276
4340
4340
838
7518
12452
4340
4340
5770
838
9729
9729
258
5770
5770
838
9729
258
258
4232
258
258
2858
3551
2858
2858
3551
2140
9619
2858
2858
3551
3551
2140
429
429
429
429
1276
1276
5770
838
429
429
429
1276
4340
5770
5770
838
429
429
9729
258
5770
5770
5770
838
9729
9729
258
258
12726
4232
9729
258
258
258
258
258
808
2140
2858
808
13570
2140
2858
2858
808
13570
6881
6002
9619
9619
2858
808
6881
6881
6881
6002
429
429
429
429
27
3449
3449
3449
3449
838
2052
2052
2052
27
258
12726
12726
4232
2052
11295
27
258
258
4232
11295
27
258
258
27
258
808
2140
808
808
13570
2140
808
808
808
6881
6881
6002
9619
397
808
808
3449
3449
3449
1382
13782
13782
397
397
3449
3449
3449
3449
2052
2052
2052
27
27
27
3449
3449
2052
2052
27
27
27
258
11295
27
27
27
27
27
808
2140
808
808
6881
6002
808
808
808
3449
3449
1382
397
4351
4351
3449
3449
3449
397
397
397
7177
3449
3449
13782
397
397
12594
7177
3449
2052
2052
27
27
27
27
2052
27
27
27
27
27
808
2140
808
808
3449
1382
4351
4351
3449
3449
4351
4351
7177
3449
397
397
7177
7177
397
397
12594
1117
397
397
12594
1117
2052
27
27
27
27
27
808
1382
4351
3449
4351
7177
4351
7177
397
7177
397
1117
397
1117
397
1117
27
27
1426
3067
3223
5230
3223
5230
3223
5230
3223
2143
12354
2143
12354
2143
12354
2143
1880
699
3067
3067
1426
1426
3067
3067
1426
3223
5230
5230
3223
3223
5230
2143
3223
3223
13977
2143
12354
12354
13977
2143
12354
12354
12925
4500
2122
1880
1880
699
2122
1880
3067
3067
6298
3067
3067
3067
1426
1426
1426
3067
3067
3067
1426
1426
3223
5230
5230
2143
1426
3223
3223
13977
12925
4500
3223
12354
12354
12925
12925
4500
2122
2122
1880
1880
1880
699
2122
2122
1880
1880
2122
4973
3067
3067
7532
3067
3067
1806
6298
6298
3067
3067
1806
431
1426
1426
1426
1426
3067
1806
9527
431
1426
1426
1426
3223
12925
12925
12925
4500
1426
160
2122
1880
1880
1880
1880
699
160
2122
2122
1880
1880
1880
2122
2122
12461
1880
2122
4973
1806
1806
7532
1806
1806
1806
6298
7532
1806
1806
1806
431
6298
6298
6298
1806
1806
9527
9527
431
1426
1426
1426
1426
160
1880
1880
1880
1880
431
9873
9873
160
160
1880
1880
1880
1880
160
160
160
12461
1880
1880
160
160
12461
4973
160
4973
1806
1806
12493
1806
1806
431
7532
12493
1806
1806
9527
431
2140
838
838
838
9527
9527
9527
431
2140
2140
2140
838
2559
11204
11204
7967
2140
2140
2140
160
3196
1880
1880
1880
9873
160
160
11685
11685
1880
160
160
11685
476
160
476
1806
1806
12493
1806
1806
431
838
838
838
9527
9527
431
838
838
838
2559
11204
7967
2140
6002
838
2559
2559
7967
2140
2140
3196
3196
2559
2217
2140
2140
160
3196
3196
476
160
160
11685
476
160
476
1806
431
838
838
9527
431
838
838
2559
7967
838
838
2559
2217
6002
838
2559
2217
6002
3196
3196
2217
2140
3196
3196
3196
2140
160
3196
476
160
476
838
431
838
2217
838
2217
838
2217
838
2217
3196
3196
3196
3196
3196
3196
160
476
1529
1575
10440
1575
10440
1575
10440
1575
2366
5432
2366
5432
2366
5432
2366
3366
2366
1530
1529
3487
1529
1529
6035
6035
10440
12246
1575
10440
10440
12246
1575
10440
2366
2366
1575
9537
2366
2366
5432
9537
2366
2366
3366
9537
2366
7030
3366
12212
1530
1530
1529
1789
1529
1529
3487
3487
1529
1529
1529
6035
6035
6035
10440
12246
2366
6035
6035
10440
2366
2366
2366
1575
9537
9537
2366
2366
7030
3366
9537
9537
2366
7030
7030
3366
14247
12212
10362
4830
3366
12212
1530
1530
1529
1789
1529
1529
3487
1789
1529
1529
106
3487
3487
3487
1529
1529
106
5141
6035
6035
6035
6035
2366
2366
7030
7030
847
5723
5557
9537
2366
7030
7030
7030
847
5557
14247
12212
10362
10362
4830
3366
14247
12212
12212
1530
3366
12212
1530
1530
106
1789
106
106
1789
1789
106
106
106
3487
3487
1789
106
106
5141
5141
3487
3487
3487
3487
106
1574
1574
1574
1574
847
5723
5723
5557
5463
10362
10362
10362
4830
847
5557
5557
5463
12212
10362
4830
5403
5557
5463
12212
1530
5403
5463
1530
1530
106
9775
106
106
1789
9775
106
106
5141
3487
1364
1364
106
1574
1574
1574
12566
12566
9657
1364
1574
1574
1574
1574
5723
5723
5723
2244
2244
1574
1574
1574
847
5723
5557
5463
5463
5463
1530
847
5557
5463
5463
1530
5403
5463
5463
2440
106
9775
106
106
1364
1364
106
1574
1574
1364
1364
1364
1574
1574
1574
9657
9657
1364
12045
1574
1574
12566
9657
2244
2244
2244
1574
5723
5723
2244
2244
2244
2244
847
5557
5463
5463
5463
5403
5463
5463
2440
106
1364
106
1574
1364
1364
1574
1574
1364
1364
12045
1574
9657
1364
12045
3408
9657
2244
2244
2244
9657
2244
2244
2244
5723
2244
2244
2244
847
5463
5463
2440
106
1364
1574
1364
3408
1364
3408
1364
3408
2244
2244
2244
2244
2244
2244
2244
2244
2440
1575
3870
1575
3870
1575
3870
1575
3870
1575
5010
5010
5010
5010
5010
5010
4257
3366
1767
10422
10422
2707
1575
10422
3870
1575
1575
12705
3870
1575
1575
12705
3870
1575
1575
5010
5010
5432
5010
5010
4257
5432
5010
4257
4257
3366
3366
4257
1767
3366
3692
10422
10422
2707
10422
10422
10422
2707
2707
1575
10422
10422
3870
7374
1575
1575
12705
5010
4257
1575
1575
1575
5010
4257
4257
1575
5432
5010
4257
4257
4257
3366
3366
3366
4257
4257
1767
3366
3366
5539
5539
3366
3692
10422
10422
11079
10422
10422
1605
2707
2707
10422
10422
1605
1605
2707
2707
2707
1575
10422
1605
4257
4257
7374
7374
1575
1575
4257
4257
4257
4257
847
847
3366
3366
4257
4257
4257
1767
3366
3366
3366
5539
5539
5539
3366
3366
12358
3692
3366
3692
1605
1605
11079
1605
1605
1605
2707
11079
1605
1605
1605
10394
2707
2707
2707
1605
1605
12958
12958
10394
847
847
847
847
847
4257
4257
4257
4257
1767
847
847
847
2440
5539
5539
5539
5539
847
5403
2440
12358
5539
5539
5403
2440
12358
3692
2440
3692
1605
1605
11355
1605
1605
1605
11079
11355
1605
1605
12958
10394
2707
2707
11355
1605
9145
9145
9145
2795
12765
12765
5986
4828
9145
9145
9145
9145
847
847
847
847
2440
2440
5539
5539
847
847
2440
2440
2440
3692
5403
2440
2440
2440
2440
2440
1605
1605
11355
1605
1605
10394
11355
11355
1605
9145
9145
2795
5986
14088
9734
9145
9145
9145
5986
5986
4828
9734
9145
9145
12765
5986
4828
4828
4828
4091
847
847
847
2440
2440
2440
847
2440
2440
2440
2440
2440
1605
1605
11355
1605
9145
2795
14088
9734
9145
9145
14088
9734
9734
4091
5986
4828
9734
4091
5986
4828
4828
4091
5986
4828
4828
4828
847
847
2440
2440
2440
2440
1605
2795
9734
4091
9734
4091
9734
4091
4828
4091
4828
4828
4828
4828
4828
4828
847
2440
2558
5221
2558
5769
2558
5769
2558
5769
2558
1583
9732
1583
9732
1583
9732
1583
3871
3938
5221
5221
6288
2558
5221
5221
2558
2558
8997
5769
2558
2558
8997
1583
2558
2558
9732
1583
12507
9732
9732
1583
12507
9732
6831
6831
12507
3871
6831
3938
3871
3871
5221
5221
6929
5221
5221
5221
6288
6288
2558
5221
5221
5221
6288
2558
2558
8997
8997
1583
2558
2558
2558
9732
6831
6831
2558
12507
9732
6831
6831
6831
12507
12507
3871
6831
6831
3938
13291
3871
3871
9844
3871
3871
5221
5221
6929
5221
5221
2059
12156
6929
5221
5221
5221
2059
6288
6288
6288
2558
5221
5221
6831
5287
6288
6288
2558
2558
6831
6831
6831
6831
670
670
12507
3871
6831
6831
6831
3938
11282
13291
3871
3871
9844
9844
13291
3871
3871
3871
3871
3871
2143
2059
6929
2143
12048
2059
6929
6929
2143
12048
10190
5287
12156
12156
6929
2143
10190
10190
10190
5287
670
670
670
670
431
6831
6831
6831
6831
2561
670
670
670
3871
3871
9844
9844
9844
670
11282
3871
3871
3871
9844
11282
3871
3871
3871
3871
3871
2143
2059
2143
2143
12048
2059
2143
2143
2143
10190
10190
5287
12156
431
2143
2143
10190
10190
10190
2561
12324
12324
431
431
10393
13996
13996
2561
670
670
670
431
8013
3871
9844
2561
670
670
8335
8335
3871
3871
11282
8335
8335
3871
8335
8335
2143
2059
2143
2143
10190
5287
2143
2143
2143
10190
10190
2561
431
4500
4500
10393
13996
2561
431
431
431
10393
10393
2561
12324
431
431
8013
8013
2561
670
670
431
8013
8013
1162
670
8335
8335
8335
8335
8335
2143
2059
2143
2143
10190
2561
4500
4500
10393
2561
4500
4500
10393
2561
431
431
10393
8828
431
431
8013
1162
431
431
8013
1162
670
431
8013
1162
8335
8335
2143
2561
4500
2561
4500
8828
4500
8828
431
8828
431
1162
431
1162
431
1162
431
1162
3870
3870
3870
3870
3870
5076
5076
5076
1767
5769
11613
3870
3870
11832
3870
3870
11832
3870
3870
11832
3870
10062
5076
5076
10062
5076
5076
5553
5076
1767
1767
8574
1767
5769
5769
5769
13373
11613
11613
3870
3870
3870
14311
11832
3870
3870
3870
11832
11832
3870
10062
5553
5076
5076
5076
5553
5553
5076
5076
1767
1767
1767
8574
8574
1767
1767
8574
7889
5769
5769
5769
13373
11613
5769
5769
13373
5152
11613
11613
11613
3870
3870
3870
5553
14311
14311
11832
3870
5553
5553
5553
7385
1307
5076
1767
1767
1767
1767
1307
8574
8574
1767
1767
1767
8574
8574
13127
1767
8574
7889
1583
5769
1583
5152
5769
5769
1583
5152
5152
11613
11613
5769
1583
5152
10394
10394
2059
2059
2059
2059
1307
1767
1767
1767
1767
7385
7385
1307
1307
1767
1767
1767
1767
1307
1307
1307
13127
1767
1767
1307
1307
13127
7889
1307
7889
1583
1583
1583
5152
1583
1583
1583
5152
10394
2059
1583
1583
1583
9803
9803
9803
2059
2059
2059
3938
3938
9803
9803
9803
2059
2059
2059
1307
12157
1767
1767
1767
7385
1307
1307
12157
12157
1767
1307
1307
12157
3254
1307
3254
1583
1583
1583
5152
1583
1583
1583
9803
9803
5287
12943
3938
3938
9803
9803
2059
5287
3938
3938
3938
9803
2059
2059
5287
13250
3938
3938
2059
2059
1307
12157
12157
3254
1307
1307
12157
3254
1307
3254
1583
1583
1583
9803
12943
3938
3938
9803
12943
3938
3938
3938
5287
3938
3938
3938
5287
5287
13250
3938
2059
5287
13250
9868
2059
1307
12157
3254
1307
3254
1583
3938
3938
3938
3938
3938
3938
3938
3938
5287
9868
5287
9868
5287
9868
1307
3254
1
725
725
725
725
428
428
428
428
428
12
590
1
9
611
37
4165
3787
4165
4165
3787
4165
4165
3787
4165
428
428
1206
428
428
1206
428
428
1206
428
428
1206
428
155
12
590
9
611
611
1
9
9
611
611
37
4165
4165
4637
3787
37
4165
4165
4637
428
4165
4165
428
428
428
1206
10247
428
428
428
1206
10247
428
428
3229
1206
1265
428
1280
155
1265
1265
12
12
590
1662
611
611
9
9
611
611
611
1
9
9
9
611
611
611
37
8709
4165
4165
4637
428
428
37
4165
4165
428
428
428
3229
37
4165
10247
428
428
10481
3229
1206
1265
1265
428
1280
1280
155
1265
1265
1265
1280
1280
1265
1265
12
12
590
1662
611
611
9
13259
611
611
611
9
9
9
611
611
611
269
1
9
9
9
9
611
428
6057
269
37
8709
8709
4165
428
428
10481
10481
3229
37
8709
86
1265
428
1280
1280
1280
155
86
86
1265
1265
1280
1280
1280
86
1265
1265
6003
12
1265
1265
12
12
362
1662
611
5921
1662
13259
611
5921
5921
9
9
13259
611
5921
5921
269
9
9
9
9
611
5921
6057
6057
269
1
9
9
9
9
9
132
132
132
132
132
648
12525
12525
86
86
1280
1280
1280
1280
648
86
86
86
6003
1280
1280
86
86
86
6003
12
86
86
12
12
362
10607
5921
5921
1662
12799
5921
5921
269
9
12799
12799
5921
5921
6057
269
9
9
9
777
132
132
132
132
132
220
220
220
220
777
132
132
132
132
4
220
220
220
86
6137
132
132
132
648
12525
86
86
8646
6003
12
86
86
86
8646
12
86
86
264
24
362
10607
5921
5921
10607
12799
5921
5921
269
777
777
777
132
132
132
132
220
777
777
777
132
132
132
220
220
6957
777
12748
132
132
220
220
220
6137
6137
6137
132
4
220
220
86
6137
6137
264
648
86
86
8646
264
86
86
264
24
362
10607
5921
269
777
777
132
132
132
777
777
777
132
132
777
777
777
12748
132
6957
6957
777
12748
2071
220
6957
6137
6137
1619
220
220
6137
6137
1619
4
220
86
6137
264
86
86
264
24
362
777
132
132
777
777
132
777
777
2071
777
777
2071
6957
777
2071
6957
6137
1619
6957
6137
1619
220
6137
1619
4
86
264
24
10
777
777
777
777
462
462
462
462
462
4
40
40
40
40
40
74
74
74
74
14
1
131
1
131
131
398
131
131
398
131
131
398
131
1816
4359
1816
1816
4359
1816
1816
4359
1816
494
684
684
494
235
1662
4052
1
1
131
131
1
1
131
131
131
1
12909
131
131
131
398
12909
131
1816
1816
398
8198
1816
1816
494
4359
8198
1816
1816
494
684
684
684
2633
494
684
684
1841
235
1662
4052
1662
1662
14371
4052
1
1
1
131
131
131
1
1
1
131
131
131
494
1
1
12909
131
1816
1816
494
1
8198
8198
1816
1816
2633
494
684
684
684
684
2633
2633
494
684
684
684
8095
2698
684
684
1841
235
1662
4052
1662
1662
14371
362
12996
1662
1662
14371
12848
362
1
1
1
1
131
131
2075
494
1
1
1
1
131
1816
2633
2633
494
1
1
1
684
684
2633
2633
2633
494
69
684
684
684
8095
11229
2698
684
684
684
8095
1841
684
684
1841
235
1662
362
1662
1662
12848
362
1662
1662
1662
12848
2075
2075
12996
12996
1662
1662
2075
2075
2075
2075
1
1
1
1
1
2075
2075
2075
2075
494
69
69
69
69
684
8095
11229
11229
2698
69
69
6396
684
8095
8095
2698
6096
6396
684
8095
1841
6096
684
1841
134
10607
362
10607
10607
12848
362
1662
10607
10607
2075
2075
2075
2891
1662
4801
1121
2075
2075
2075
830
2891
2891
2891
1121
1121
2200
2200
2200
69
69
69
69
2747
1121
2200
2200
69
69
69
2747
2747
2747
1841
69
6396
2747
2747
134
6096
2747
134
134
10607
362
10607
10607
2075
2075
4801
4801
1121
2075
2075
830
4801
4801
1121
1121
2200
2200
2891
10886
1121
1121
1121
2200
2891
2891
3242
3242
1121
1121
69
69
69
2747
2747
134
69
69
2747
2747
134
6096
2747
134
134
10607
362
4801
1121
2075
830
4801
1121
1121
2200
4801
1121
1121
1121
10886
1121
1121
1121
10886
3242
3242
1121
2891
3242
3242
3242
69
69
2747
134
69
2747
134
134
1121
830
1121
1121
1121
1121
1121
1121
1121
1121
3242
3242
3242
3242
3242
3242
69
134
134
797
797
797
797
475
475
475
475
475
32
37
1720
124
2117
2117
4964
2117
2117
4964
2117
2117
4964
1519
1519
475
1519
1519
475
1519
1519
475
1519
1519
475
1351
1351
202
1720
1720
37
37
1720
1720
124
4402
2117
2117
2117
124
8437
2117
2117
1519
4964
8437
1519
1519
1519
475
9181
1519
1519
1519
475
9181
1519
1519
3375
475
8063
1351
1351
1351
8063
8063
202
202
1720
1720
37
1720
1720
1720
37
37
37
1720
1720
1720
124
4402
4402
2117
2117
1519
1519
124
4402
8437
1519
1519
1519
3375
124
8437
9181
1519
1519
13878
3375
475
8063
8063
1351
1351
1351
1351
8063
8063
8063
1351
1351
8063
8063
202
202
1720
1720
8995
1720
1720
1720
37
37
1720
1720
1720
1668
37
37
37
37
1720
1519
9229
1668
124
4402
4402
4402
1519
1519
13878
13878
3375
4
4402
996
8063
1351
1351
1351
1351
1351
4
996
8063
8063
1351
1351
1351
996
8063
8063
10834
202
8063
8063
202
202
1206
3066
8995
1206
5587
3066
37
8995
1206
5587
5587
1668
37
37
37
1206
5587
9229
9229
1668
37
37
37
37
24
1351
1351
1351
1351
1351
4
13988
13988
996
996
1351
1351
1351
1351
4
996
996
996
10834
1351
1351
996
996
996
10834
202
996
996
202
202
1206
3066
1206
1206
5587
1668
1206
1206
1206
5587
9229
1668
37
37
1206
452
1617
1617
1617
1617
648
648
648
24
452
1617
1617
1617
648
648
648
24
24
24
1351
1351
4
13988
996
996
14246
10834
202
4
996
996
14246
202
996
996
2585
324
1206
3066
1206
1206
5587
1668
1206
1206
452
1617
1617
1617
2867
2867
452
452
1617
1617
648
11294
24
452
452
1617
648
648
24
24
24
452
648
648
24
24
24
24
4
996
996
14246
2585
996
996
2585
324
1206
1668
1206
452
1617
1617
2867
452
452
1617
2867
452
452
452
11294
24
452
452
11294
24
24
24
648
24
24
24
648
24
24
24
4
996
2585
324
452
1617
452
452
452
452
452
452
24
452
24
24
24
24
24
24
24
24
324
94
94
94
94
94
167
167
167
167
105
94
94
291
94
94
291
94
94
291
94
94
291
94
1379
3441
1379
1379
3441
1379
1379
3441
1379
925
3412
925
661
492
398
1120
383
94
94
94
383
383
94
94
94
291
8754
94
94
94
291
8754
94
1379
1379
291
3766
1379
1379
925
3441
3766
1379
925
925
3412
3766
925
925
661
3412
1365
661
492
398
1120
398
398
8550
1120
383
383
94
94
94
94
383
383
383
94
94
94
925
383
383
8754
94
1379
925
925
291
3766
3766
1379
925
925
925
3412
3766
3766
925
925
925
661
3412
13913
1365
1365
661
3412
1365
1365
492
398
1120
398
398
8550
74
13826
398
398
8550
8366
74
383
383
383
94
94
94
925
925
383
383
383
383
94
925
925
925
925
19
19
19
3766
925
925
925
925
661
19
13209
13913
1365
1365
8404
661
2692
13913
1365
1365
661
3412
1365
1365
492
398
74
398
398
8366
74
398
398
398
8366
2820
2820
13826
13826
398
398
2820
2820
2820
2820
19
19
19
19
19
925
925
925
925
661
19
19
19
19
1045
1365
8404
8404
661
19
19
13209
1045
1365
1365
661
2692
13209
1045
1365
1365
2692
1045
1365
492
4359
74
4359
4359
8366
74
398
4359
4359
2820
2820
2820
6373
398
4359
235
2820
2820
2820
934
6373
6373
6096
235
235
11853
11853
6236
19
19
19
19
1045
235
8404
661
19
19
19
1045
1045
1045
661
19
13209
1045
1045
1045
2692
1045
1045
827
4359
74
4359
4359
2820
2820
4359
4359
235
2820
2820
934
6096
12556
235
235
11853
6236
6096
6096
235
235
235
6236
6373
6096
2905
2905
235
235
19
19
19
1045
1045
1045
19
19
1045
1045
1045
2692
1045
1045
827
4359
74
4359
235
2820
934
12556
235
235
6236
12556
235
235
235
6096
235
235
235
6096
2905
2905
235
6096
2905
2905
2905
19
19
1045
1045
19
1045
1045
827
235
934
235
235
235
235
235
235
235
235
2905
2905
2905
2905
2905
2905
19
1045
827
124
835
291
835
291
835
291
835
291
4045
3441
4045
3441
4045
3441
742
742
256
4210
927
124
124
4210
835
291
291
4442
835
291
291
4442
835
291
291
4045
4045
3441
3441
4045
742
3441
3441
742
742
3412
742
742
256
3412
627
4210
927
124
4210
4210
927
124
124
124
4210
4210
835
10170
291
291
4442
4045
742
291
291
291
4045
742
742
291
3441
3441
742
742
742
3412
3412
742
742
742
256
3412
3412
7776
1990
3412
627
4210
927
4964
4210
4210
927
124
124
4210
4210
4210
1316
124
124
124
124
4210
742
742
742
10170
10170
291
291
742
742
742
742
10170
291
3412
742
742
742
742
256
2692
3412
3412
7776
7776
1990
3412
3412
13932
627
3412
627
475
1316
4964
475
10629
1316
124
4964
475
10629
6757
4170
124
124
124
475
6757
6757
6757
4170
4
4
4
4
4
742
742
742
742
147
11094
11094
2692
2692
7776
7776
7776
1990
2692
2692
2692
13932
7776
1990
2692
2692
13932
627
2692
627
475
1316
475
475
10629
1316
475
475
475
6757
6757
4170
4
4
475
475
4116
4116
4116
147
4
4
4
351
3975
4116
4116
147
4
4
4
4
351
351
4116
147
11094
2692
2692
14065
13932
627
2692
2692
14065
627
2692
827
475
1316
475
475
6757
4170
475
475
475
4116
4116
147
10730
10730
3975
3975
4116
147
4
13261
351
3975
3975
147
4
4
351
351
351
147
4
4
4
351
351
351
2692
2692
14065
827
2692
827
475
1316
475
475
4116
147
10730
3975
3975
147
10730
3975
3975
147
13261
351
3975
3975
13261
351
351
351
4
351
351
351
4
4
351
351
2692
827
475
147
3975
147
3975
3975
3975
3975
351
3975
351
351
351
351
351
351
4
351
1537
1537
1537
1537
941
941
941
941
941
20
590
1665
590
1665
1665
1537
1665
1665
1537
1665
1665
1537
1665
5582
10241
5582
5582
10241
5582
5582
10241
5582
401
671
230
401
20
1949
1949
590
590
1665
1665
590
590
1665
1665
1665
590
4799
1665
1665
1665
1537
4799
1665
5582
5582
1537
11554
5582
5582
401
10241
11554
5582
5582
401
671
6330
230
6281
401
671
230
230
20
1949
1949
3787
1949
1949
1949
590
590
590
1665
1665
1665
590
590
590
1665
1665
1665
401
590
590
4799
1665
5582
5582
401
590
4799
11554
5582
5582
6281
401
671
6330
6330
230
6281
6281
401
671
6330
230
230
5499
671
230
230
20
1949
1949
3787
1949
1949
1949
10859
3787
1949
1949
1949
2725
590
590
590
590
1665
1665
6281
401
590
590
590
590
1665
5582
6281
6281
401
590
590
590
6330
230
6281
6281
6281
401
39
6330
6330
230
230
11065
5499
39
6330
230
230
230
671
230
230
20
1061
2725
3787
1061
11353
2725
3787
3787
1061
11353
8172
4380
10859
10859
3787
1061
8172
8172
8172
4380
590
590
590
590
10
1825
1825
1825
1825
401
2641
2641
2641
2641
10
230
11065
11065
5499
2641
2641
12502
10
230
230
5499
39
12502
10
230
230
39
10
230
10
1061
2725
1061
1061
11353
2725
1061
1061
1061
8172
8172
4380
10859
269
1061
1061
1825
1825
1825
678
14203
14203
269
269
1825
1825
1825
1825
2641
2641
2641
10
10
10
1825
1825
2641
2641
2641
10
10
10
230
39
12502
10
10
10
39
10
10
10
1061
2725
1061
1061
8172
4380
1061
1061
1061
1825
1825
678
269
3229
3229
1825
1825
1825
269
269
269
8416
1825
1825
14203
269
269
13589
8416
1825
2641
2641
10
10
10
10
2641
2641
10
10
10
39
10
10
10
1061
2725
1061
1061
1825
678
3229
3229
1825
1825
3229
3229
8416
1825
269
269
8416
6938
269
269
13589
774
269
269
13589
774
2641
10
10
10
39
10
10
10
1061
678
3229
1825
3229
6938
3229
6938
269
6938
269
774
269
774
269
774
10
10
10
399
399
399
399
330
330
330
330
330
28
40
40
558
558
1535
558
558
1535
558
558
1535
558
558
10233
5574
5574
10233
5574
5574
10233
5574
5574
301
1149
98
28
1149
40
40
4052
40
40
40
8195
558
558
13355
1535
558
558
558
13355
1535
558
558
558
11498
10233
558
5574
5574
11498
301
5574
5574
5574
4367
301
1149
2844
98
98
28
1149
2844
98
1149
40
40
4052
40
40
40
4052
4052
40
40
40
40
8195
13900
558
558
13355
11498
301
8195
558
558
558
11498
4367
301
558
558
5574
5574
4367
4367
301
1149
2844
2844
98
98
98
28
1149
2844
2844
98
98
1149
2844
4838
1149
40
40
6059
40
40
40
4052
4052
40
40
40
14
4052
4052
4052
40
40
40
4367
14
8195
13900
13900
558
558
4367
4367
4367
301
1022
13262
558
2844
98
98
98
98
28
1022
2844
2844
2844
98
98
98
1149
2844
2844
14011
98
1149
2844
4838
1149
40
674
6059
40
674
674
4052
6059
40
674
674
14
4052
4052
4052
40
674
8179
8179
14
362
362
362
362
40
98
98
98
98
14
1022
13262
13262
3723
2844
98
98
98
98
1022
3723
3723
2844
14011
98
98
3723
3723
2844
14011
4838
3723
2844
4838
1149
674
674
11045
674
674
14
6059
11045
674
674
8179
14
362
362
494
494
1424
1424
1424
14
362
362
362
494
1424
1424
1424
1123
362
362
362
362
4132
98
98
98
1022
13262
3723
3723
4471
4471
98
1022
3723
3723
4471
4471
3723
3723
4471
1511
674
674
11045
674
674
14
494
494
494
1424
1424
14
494
494
494
1424
1424
1123
362
5120
494
6966
1424
1123
362
362
4132
4132
4132
1123
362
362
362
4132
4132
4132
1022
3723
3723
4471
4471
3723
3723
4471
1511
674
14
494
494
1424
14
494
494
1424
1123
494
494
6966
1123
5120
494
6966
1370
5120
4132
4132
1370
362
4132
4132
4132
362
362
4132
4132
1022
3723
4471
1511
494
14
494
1123
494
1370
494
1370
494
1370
4132
4132
4132
4132
4132
4132
362
4132
1511
399
399
399
399
399
399
399
399
399
2449
2449
2449
2449
2449
2449
42
1149
42
1537
3783
8195
399
399
399
5276
399
399
399
5276
399
399
399
5276
399
2449
2449
10539
2449
2449
42
10539
2449
2449
42
1149
1149
2977
42
1149
2939
1537
3783
1537
1537
11952
3783
8195
8195
399
399
399
399
8195
5276
399
399
399
42
5276
5276
399
2449
2449
42
5276
10539
2449
2449
5922
42
1149
1149
1149
2977
2977
42
1149
1149
2977
2977
1149
2939
1537
3783
1537
1537
11952
1025
10800
1537
1537
11952
6876
702
8195
8195
8195
399
399
399
5922
42
8195
8195
5276
399
2449
5922
5922
42
1022
1022
1149
1149
2977
2977
2977
42
1149
1149
1149
2977
2977
2977
1149
1149
3504
2939
1149
2939
1537
1025
1537
1537
6876
1025
1537
1537
1537
6876
6876
702
10800
10800
1537
1537
6876
12468
12468
702
1022
1022
1022
1022
39
241
241
241
241
42
1022
1022
1022
1149
2977
2977
2977
2977
1022
8791
1149
3504
2977
2977
8791
1149
3504
2939
1149
2939
6876
1025
10241
6876
6876
702
1537
10241
6876
6876
12468
702
10800
39
671
241
241
241
241
78
14323
14323
39
39
241
241
241
241
1022
1022
1022
39
1511
241
241
241
1022
1022
1511
1511
1511
2939
8791
1511
1511
1511
1511
1511
6876
1025
10241
6876
6876
702
671
671
241
241
241
78
39
671
671
241
241
241
39
39
39
10452
241
241
14323
39
39
7998
7998
241
1022
1022
39
1511
1511
130
1022
1511
1511
1511
1511
1511
6876
702
671
241
241
78
671
671
241
241
671
671
10452
241
39
39
10452
1810
39
39
7998
130
39
39
7998
130
1022
39
1511
130
1511
1511
241
78
671
241
671
1810
671
1810
39
1810
39
130
39
130
39
130
39
130
2963
2963
2963
2963
2648
2648
2648
2648
2648
348
725
2973
725
2973
2973
4060
2973
2973
4060
2973
2973
4060
2973
2728
13247
13069
2728
13247
13069
2728
13247
13069
2728
2708
2514
965
348
3961
3961
725
725
2973
2973
725
725
2973
2973
2973
725
4060
2973
2973
2728
4060
4060
2973
13069
2728
4060
13247
13069
13069
2728
13247
13247
13069
13069
3303
2708
2708
2514
2514
965
2708
2708
2514
348
3961
3961
4815
3961
3961
3961
725
725
725
2973
2973
2973
725
725
725
2973
2973
2973
2728
725
725
4060
2973
13069
13069
3303
725
4060
13247
13069
13069
13452
3303
2708
2708
2708
2514
2514
2514
965
2708
2708
2708
2514
2514
2708
2708
6036
348
3961
3961
4815
3961
3961
2452
7806
4815
3961
3961
2452
592
725
725
725
725
2973
2452
7224
592
725
725
725
725
2973
13069
13452
13452
3303
725
725
215
2708
2514
2514
2514
2514
965
215
215
2708
2708
2514
2514
2514
215
2708
2708
13544
2514
2708
2708
6036
348
2452
2452
4815
2452
2452
2452
4815
4815
2452
2452
2452
592
7806
7806
4815
2452
2452
7224
7224
592
725
725
725
725
215
2514
2514
2514
2514
592
2455
6646
6646
215
215
2514
2514
2514
2514
2455
215
215
215
13544
2514
2514
215
215
215
13544
6036
215
215
6036
200
2452
2452
11865
2452
2452
592
4815
11865
2452
2452
7224
592
2725
401
401
401
7224
7224
7224
592
2725
2725
2725
401
3538
9457
9457
7156
2725
2725
2725
215
4038
2514
2514
2514
2455
6646
215
215
12701
12701
2514
215
215
215
12701
631
215
215
631
200
2452
2452
11865
2452
2452
592
401
401
401
7224
7224
592
401
401
401
3538
9457
7156
2725
4380
401
3538
3538
7156
2725
2725
4038
4038
3538
1126
2725
2725
215
4038
4038
631
2455
215
215
12701
631
215
215
631
200
2452
592
401
401
7224
592
401
401
3538
7156
401
401
3538
1126
4380
401
3538
1126
4380
4038
4038
1126
2725
4038
4038
4038
2725
215
4038
631
215
215
631
200
401
592
401
1126
401
1126
401
1126
401
1126
4038
4038
4038
4038
4038
4038
215
631
200
797
797
4168
4168
4168
4168
4168
4168
4168
4498
10626
4498
10626
4498
10626
3963
1052
2425
797
797
1693
797
797
797
1693
4168
4168
4168
6503
4168
4168
4168
6503
4168
10626
4498
14309
10626
10626
3963
14309
10626
6861
3963
13543
1052
6861
2425
1052
1052
797
797
8215
797
797
797
1693
1693
797
797
797
797
1693
1693
4168
4168
4168
3963
1693
6503
4168
10626
6861
3963
6503
14309
10626
6861
6861
3963
13543
13543
1052
6861
6861
2425
13543
1052
1052
7598
1052
1052
797
797
8215
797
797
797
11559
8215
797
797
797
2022
1693
1693
1693
797
797
797
2022
2022
1693
1693
1693
4168
6861
6861
6861
3963
1693
1693
13543
1052
6861
6861
6861
2425
13268
13543
1052
1052
7598
7598
13543
1052
1052
1052
1052
1052
797
6118
8215
797
7070
6118
8215
8215
797
7070
2022
2022
11559
11559
8215
797
2022
2022
2022
2022
1693
1693
1693
1693
200
2022
2022
2022
2022
2022
2455
2455
2455
200
1052
7598
7598
7598
2455
13268
200
1052
1052
7598
13268
200
1052
1052
200
1052
2761
6118
2761
2761
7070
2022
2761
2761
2761
2022
2022
2022
3066
1668
2761
2022
2022
2022
2022
2022
3066
3066
1668
1668
3743
3743
3743
2035
2455
2455
2455
200
200
200
3743
2035
2455
2455
200
200
200
1052
13268
200
200
200
200
200
2761
6118
2761
2761
2022
2022
2761
2761
2022
2022
2022
2022
1668
3375
3375
3743
3743
2035
1668
1668
1668
11496
3743
2035
3066
1668
1668
9212
9212
2035
2455
2455
200
200
200
200
2455
200
200
200
200
200
2761
2022
2761
2022
2022
2022
3375
3375
3743
2035
3375
3375
11496
2035
1668
1668
11496
7185
1668
1668
9212
4063
1668
1668
9212
4063
2455
200
200
200
200
200
2022
2022
3375
2035
3375
7185
3375
7185
1668
7185
1668
4063
1668
4063
1668
4063
200
200
238
238
238
238
238
410
410
410
410
54
238
238
693
238
238
693
238
238
693
238
238
693
238
2947
5434
2947
2947
5434
2947
2947
5434
2947
2439
1407
2439
1963
1253
1535
3778
2866
238
238
238
2866
2866
238
238
238
693
7392
238
238
238
693
7392
238
2947
2947
693
5434
2947
2947
2439
5434
5434
2947
2439
2439
1407
5434
2439
2439
1963
1407
5108
1963
1253
1535
3778
1535
1535
9399
3778
2866
2866
238
238
238
238
2866
2866
2866
238
238
238
2439
2866
2866
7392
238
2947
2439
2439
693
5434
5434
2947
2439
2439
2439
1407
5434
5434
2439
2439
2439
1963
1407
12400
5108
5108
1963
1407
5108
5108
1253
1535
3778
1535
1535
9399
330
5924
1535
1535
9399
7431
330
2866
2866
2866
238
238
238
2439
2439
2866
2866
2866
2866
238
2439
2439
2439
2439
231
231
231
5434
2439
2439
2439
2439
1963
231
12400
12400
5108
5108
10024
1963
1366
12400
5108
5108
1963
1407
5108
5108
1253
1535
330
1535
1535
7431
330
1535
1535
1535
7431
6686
6686
5924
5924
1535
1535
6686
6686
6686
6686
231
231
231
231
14
2439
2439
2439
2439
1482
231
231
231
231
2019
5108
10024
10024
1963
231
231
12520
2019
5108
5108
1963
1366
12520
2019
5108
5108
1366
2019
5108
1253
7431
330
10233
7431
7431
330
1535
10233
7431
6686
6686
6686
5924
14
301
301
6686
6686
6686
1482
10960
10960
14
14
1819
12545
12545
11390
231
231
231
14
2019
1819
10024
1963
231
231
231
2019
2019
2019
1963
231
12520
2019
2019
2019
1366
2019
2019
1366
7431
330
10233
7431
6686
6686
301
301
301
6686
6686
1482
14
301
301
1819
12545
11390
14
14
14
1819
1819
11390
10960
14
14
9523
1819
863
231
231
14
2019
2019
53
231
231
2019
2019
2019
1366
2019
2019
1366
7431
330
301
301
6686
1482
301
301
1819
11390
301
301
1819
863
14
14
1819
863
14
14
9523
53
14
14
9523
53
231
14
2019
53
231
2019
2019
1366
301
1482
301
863
301
863
301
863
14
863
14
53
14
53
14
53
14
53
1366
693
1867
2635
2441
2635
2441
2635
2441
498
498
498
498
498
498
498
498
498
695
693
1867
1120
693
5146
1867
1120
2635
5146
2441
2635
2635
5146
498
2635
498
498
498
2920
498
498
498
2920
498
498
1752
2920
498
1734
695
8441
695
693
1867
693
693
10966
1867
1120
1120
693
5146
5146
1867
1120
1120
2635
5146
498
498
1120
2635
498
498
498
1752
2635
2920
498
498
3737
1752
2920
2920
498
1734
1734
695
8441
8441
1734
695
8441
8564
693
1867
693
693
10966
1867
10611
693
693
10966
6263
2952
1120
1120
1120
693
5146
498
2952
1752
1120
1120
1120
498
498
3737
3737
1752
74
74
2920
498
1734
1734
1734
695
8441
8441
8441
1734
1734
695
8441
8441
8564
695
8441
8564
693
6263
693
693
6263
6263
693
693
693
6263
2952
2952
10611
10611
693
693
2952
2952
2952
2952
74
74
74
74
74
1734
1734
1734
1734
695
74
74
74
1100
1734
1734
1734
695
74
12886
1100
8564
1734
695
12886
1100
8564
8564
1100
8564
6263
6263
6463
6263
6263
2952
693
6463
6263
2952
2952
2952
10611
693
1407
1407
2952
2952
2952
1156
12072
12072
1366
1366
6143
6143
6143
6143
74
74
74
74
1100
1100
1734
695
74
74
1100
1100
1100
695
12886
1100
1100
1100
1100
1100
6263
6263
6463
6263
2952
2952
1407
1407
1407
2952
2952
1156
1366
1407
1407
6143
6143
6143
1366
1366
1366
14294
6143
6143
12072
1366
1366
12454
12454
1253
74
74
74
1100
1100
1100
74
1100
1100
1100
1100
1100
6263
2952
1407
1407
2952
1156
1407
1407
6143
6143
1407
1407
14294
1253
1366
1366
14294
1253
1366
1366
12454
1253
1366
1366
12454
3414
74
74
1100
1100
1100
1100
1407
1156
1407
1253
1407
1253
1407
1253
1366
1253
1366
3414
1366
3414
1366
3414
74
1100
1405
1405
1405
1405
1405
2253
2253
2253
2253
138
1419
1419
1822
1419
1419
1822
1419
1419
1822
1419
1419
1822
1419
7079
9424
7079
7079
9424
7079
7079
9424
7079
2964
3662
3662
2964
3662
7791
7791
3783
1419
1419
1419
7800
1822
1419
1419
1419
1822
1822
1419
1419
1419
1822
1822
1419
7079
7079
1822
9424
7079
7079
2964
9424
9424
7079
7079
2964
3662
3662
3662
10189
2964
3662
3662
4590
3662
7791
7791
3783
7791
7791
7791
3783
3783
1419
1419
1419
1419
7800
9576
1822
1419
1419
1419
2964
7800
1822
1822
1419
7079
7079
2964
1822
1822
9424
7079
7079
10189
2964
3662
3662
3662
3662
10189
10189
2964
3662
3662
3662
11831
9138
3662
3662
4590
3662
7791
7791
9854
7791
7791
938
3783
3783
7791
7791
938
938
3783
3783
3783
1419
1419
938
9256
2964
7800
9576
9576
1822
1419
7079
10189
10189
2964
941
6855
1822
3662
3662
10189
10189
10189
2964
941
3662
3662
3662
11831
13034
9138
3662
3662
3662
11831
4590
3662
3662
4590
3662
938
938
9854
938
938
938
3783
9854
938
938
938
6449
3783
3783
3783
938
938
9256
9256
6449
1025
1025
1025
1025
42
8119
8119
8119
8119
2964
941
6855
6855
6855
3662
11831
13034
13034
9138
941
6855
11304
3662
11831
11831
9138
11304
11304
3662
11831
4590
11304
3662
4590
3034
938
938
11690
938
938
938
9854
11690
938
938
9256
6449
1025
42
42
42
8119
8119
8119
4254
1025
1025
702
42
8119
8119
8119
8119
1025
1025
1025
702
7940
7940
8119
8119
941
6855
6855
11304
11557
11557
4590
941
11304
11304
11557
3506
11304
11304
3506
3034
938
938
11690
938
938
6449
42
42
42
8119
8119
4254
42
42
42
8119
8119
8119
702
702
42
10256
8119
8119
1025
702
702
7940
7940
137
1025
1025
702
7940
7940
1887
941
6855
11304
11557
3506
11304
11304
3506
3034
938
938
42
42
8119
4254
42
42
8119
8119
42
42
10256
137
702
42
10256
137
702
702
7940
137
702
702
7940
1887
1025
702
7940
1887
941
11304
3506
3034
42
4254
42
137
42
137
42
137
42
137
702
1887
702
1887
702
1887
702
1887
3034
2855
2963
2963
2963
2963
2963
2963
2963
2728
2648
2728
2648
2728
2648
2728
2648
2728
3062
2855
4972
7800
2855
2963
2963
8211
2963
2963
2963
8211
2963
2963
2648
8211
2728
8841
2648
2728
2728
8841
2648
2728
2728
8841
3062
2728
2728
11973
3062
3303
3540
2855
4972
2855
2855
10453
4972
7800
7800
2855
2963
2963
2963
9241
8211
2963
2963
2963
2648
8211
8211
2728
8841
8841
3062
2728
2728
2728
8841
11973
3062
2728
2728
2728
11973
11973
3062
3303
3303
9573
3540
3303
7059
2855
4972
2855
2855
10453
2253
7800
2855
2855
10453
6334
2253
7800
7800
7800
2855
2963
2963
8125
3062
9241
9241
8211
2728
8841
11973
11973
3062
9241
592
2728
2728
11973
11973
11973
3062
592
3303
3303
9573
14106
3540
3303
3303
9573
3540
3303
7059
2855
2253
2855
2855
6334
2253
2855
2855
2855
6334
6334
8125
7800
7800
2855
2855
6334
8125
8125
8125
941
941
941
941
592
6574
6574
6574
6574
3062
11215
11215
592
592
9573
14106
14106
3540
592
592
592
9573
9573
3540
592
592
9573
7059
592
7059
6334
2253
11776
6334
6334
2253
2855
11776
6334
6334
8125
8125
941
941
11776
5218
6574
6574
6574
4631
941
941
941
5218
5218
6574
6574
6574
941
941
941
592
6590
5218
6574
3540
11215
592
592
9855
9573
3540
592
592
9855
1577
592
1577
6334
2253
11776
6334
6334
8125
11776
11776
5218
6574
6574
4631
11923
13076
5218
5218
6574
6574
941
11923
5218
5218
5218
6574
941
941
6590
6590
5218
5218
941
941
592
6590
6590
1577
592
592
9855
1577
592
1577
6334
2253
11776
5218
6574
4631
13076
5218
5218
6574
13076
5218
5218
5218
11923
5218
5218
5218
11923
6590
6590
5218
941
6590
6590
6590
941
592
6590
1577
592
1577
5218
4631
5218
5218
5218
5218
5218
5218
5218
5218
6590
6590
6590
6590
6590
6590
592
1577
1405
1405
1405
1405
1405
1405
1405
1405
1405
3314
3314
3314
3314
3314
3314
3314
2964
3151
4319
3664
3778
1405
1405
1405
4374
1405
1405
1405
4374
1405
1405
1405
4374
1405
3314
3314
13374
3314
3314
3314
13374
3314
3314
11062
2964
2964
11062
3151
2964
6389
4319
3664
3778
4319
8801
3664
3778
3778
1405
1405
1405
1405
8127
4374
1405
1405
1405
3314
4374
4374
1405
3314
3314
11062
4374
13374
3314
3314
11062
11062
2964
2964
2964
11062
11062
3151
2964
2964
13059
7932
2964
6389
4319
3664
4319
4319
8801
1153
3778
3778
4319
8801
1153
1153
3778
3778
3778
1405
1405
1153
4754
4754
8127
8127
4374
1405
3314
11062
11062
11062
7422
2964
2964
2964
11062
11062
11062
3151
2964
2964
2964
13059
13059
7932
2964
2964
13236
6389
2964
6389
1153
1153
4319
1153
1153
1153
3778
4319
1153
1153
1153
4754
3778
3778
3778
1153
1153
4754
4754
4754
330
330
330
330
330
3640
3640
3640
3640
3151
7422
7422
6449
2964
13059
13059
13059
7932
6449
6449
2964
13236
13059
7932
6449
2964
13236
6389
2964
6389
1153
1153
10063
1153
1153
1153
4319
10063
1153
1153
4754
4754
330
330
8457
1153
3640
3640
3640
3631
330
330
330
3086
3640
3640
3640
3640
330
330
330
330
3086
3086
3640
3640
7422
6449
6449
7986
7986
6389
6449
6449
7986
6389
6449
7986
1153
1153
10063
1153
1153
4754
8457
8457
1153
3640
3640
3631
8457
8457
8457
3640
3640
3640
330
12542
3086
13183
3640
3640
330
330
3086
3086
3086
3640
330
330
330
3086
3086
3086
6449
6449
7986
7986
6449
7986
1153
1153
8457
1153
3640
3631
8457
8457
3640
3640
8457
8457
13183
3640
12542
3086
13183
10490
12542
3086
3086
3086
330
3086
3086
3086
330
330
3086
3086
6449
7986
1153
3631
8457
3640
8457
10490
8457
10490
3086
10490
3086
3086
3086
3086
3086
3086
330
3086
2120
2120
2120
2120
1318
1318
1318
1318
1318
831
835
2213
2422
4969
8440
4969
4969
8440
4969
4969
8440
4969
3491
1318
3491
3491
1318
3491
3491
1318
3491
3491
1318
3491
2754
1399
1042
835
2213
927
835
5558
2213
2422
4188
4969
8440
8440
2422
4969
4969
8440
1318
4969
4969
3491
13902
1318
3491
3491
3491
13902
1318
3491
3491
3491
13243
8298
3491
3491
2754
8553
1399
6106
2754
1399
1042
835
2213
835
835
5558
2213
927
927
835
5558
5558
2213
2422
4188
4188
4969
8440
8440
1318
2422
4188
4969
3491
13902
13243
8298
2422
3491
3491
3491
13243
13243
8298
3491
3491
3491
2754
8553
8553
1399
6106
13642
2754
2754
1399
6106
2754
2754
1042
835
2213
835
835
5558
167
927
835
835
5558
5558
167
927
927
927
835
5558
3159
3159
2813
2422
4188
4188
4188
3491
13243
13243
13243
8298
2422
4188
3491
3491
2754
8553
8553
8553
1399
643
13274
13642
2754
2754
8553
1399
643
13642
2754
2754
1399
6106
2754
2754
1042
835
167
835
835
11136
167
835
835
835
11136
3159
2813
927
927
835
835
3159
3159
3159
2813
927
927
927
927
256
3159
3159
3159
3159
849
3308
5934
5934
5934
625
2754
8553
8553
1399
3308
5934
13274
625
2754
2754
1399
643
13274
625
2754
2754
643
625
2754
625
6149
167
6149
6149
11136
167
835
6149
6149
3159
3159
2813
927
835
6149
256
3159
3159
3159
849
1316
1316
1316
256
256
8181
8181
6812
1316
1316
1316
625
625
256
8181
1399
3308
5934
5934
625
625
625
1399
643
13274
625
625
625
643
625
625
625
6149
167
6149
6149
3159
2813
6149
6149
256
3159
3159
849
4170
6226
256
256
8181
6812
1316
4170
256
256
256
6812
1316
1316
3127
3127
256
256
1316
1316
625
625
625
625
3308
5934
625
625
625
643
625
625
625
6149
167
6149
256
3159
849
6226
256
256
6812
6226
256
256
256
4170
256
256
256
4170
3127
3127
256
1316
3127
3127
3127
1316
625
625
625
643
625
625
625
256
849
256
256
256
256
256
256
256
256
3127
3127
3127
3127
3127
3127
625
625
625
2120
2120
2120
2120
2120
2120
2120
2120
2120
6121
11771
6121
11771
6121
11771
6121
5559
2669
8296
8296
2422
2120
2120
2120
2422
2120
2120
2120
8375
2120
2120
2120
8375
2120
11771
6121
12446
11771
11771
6121
12446
11771
9098
9098
6106
5559
5559
2669
6106
5559
8296
8296
11219
8296
8296
8296
2422
2422
2120
2120
2120
2120
2422
2422
2120
2120
2120
6121
2422
8375
2120
11771
9098
9098
8375
12446
11771
9098
9098
9098
6106
6106
5559
5559
5559
2669
6106
6106
5559
5559
6106
10850
8296
8296
11219
8296
8296
4511
11972
11219
8296
8296
5932
1695
2422
2422
2422
2120
2120
2120
9098
1695
2422
2422
2422
2120
9098
9098
9098
9098
2422
643
6106
5559
5559
5559
5559
2669
643
6106
6106
5559
5559
5559
6106
6106
13744
5559
6106
10850
4498
4511
11219
4498
5932
4511
11219
11219
4498
5932
5932
1695
11972
11972
11219
4498
5932
13273
13273
1695
2422
2422
2422
2422
643
5559
5559
5559
5559
1695
3308
3308
643
643
5559
5559
5559
5559
643
643
643
13744
5559
5559
643
643
13744
10850
643
10850
4498
4511
4498
4498
5932
1695
4498
4498
4498
5932
13273
1695
6118
3963
3963
3188
12016
12016
12016
1695
6118
6118
6118
3188
3188
12016
12016
12016
3308
3308
3308
643
3432
3188
5559
5559
3308
643
643
14237
13744
5559
643
643
14237
1740
643
1740
4498
4511
4498
4498
5932
1695
3963
3963
3188
12016
12016
1695
3963
3963
3188
3188
12016
12016
6118
7331
3188
3188
3188
12016
6118
6118
3432
3432
3188
2425
3308
3308
643
3432
3432
1740
643
643
14237
1740
643
1740
4498
1695
3963
3188
12016
1695
3963
3188
3188
12016
3963
3188
3188
2425
7331
3188
3188
2425
7331
3432
3432
2425
6118
3432
3432
3432
3308
643
3432
1740
643
1740
3188
1695
3188
2425
3188
2425
3188
2425
3188
2425
3432
3432
3432
3432
3432
3432
643
1740
1867
2245
9472
2245
9472
2245
9472
2245
1318
3311
1318
3311
1318
3311
1318
3311
1318
1228
2213
1867
1867
2213
4478
7620
9472
9472
2245
12088
9472
9472
2245
12088
1318
1318
2245
10808
1318
1318
3311
10808
1318
1318
3311
10808
1318
8298
4190
9402
1228
1228
2213
1867
2213
2213
1867
1867
1867
2213
2213
4478
7620
7620
9472
9472
1318
4478
7620
12088
1318
1318
1318
2245
10808
10808
1318
1318
8298
3311
10808
10808
1318
8298
8298
4190
14076
9402
9172
5913
4190
9402
1228
1228
2213
2441
2213
2213
1867
1867
2213
2213
167
1867
1867
1867
1867
2213
167
2813
4478
7620
7620
7620
1318
1318
8298
8298
410
7394
4705
10808
1318
8298
8298
8298
410
4705
14076
9402
9172
9172
5913
3274
14076
9402
9402
1228
4190
9402
1228
1228
167
2441
167
167
1867
2441
167
167
167
1867
1867
1867
167
167
2813
2813
1867
1867
1867
1867
167
1252
1252
1252
1252
410
7394
7394
4705
3358
9172
9172
9172
5913
410
4705
4705
3358
9402
9172
5913
3274
4705
3358
9402
1228
3274
3358
1228
1228
167
6421
167
167
2441
6421
167
167
2813
1867
1752
1752
167
1252
1252
1252
11177
11177
7012
1156
1252
1252
1252
1252
7394
7394
7394
1156
1156
1156
1252
1252
410
7394
4705
3358
3358
3358
1228
410
4705
3358
3358
1228
3274
3358
3358
1875
167
6421
167
167
1752
1752
167
1252
1252
1752
1752
1752
1252
1252
1252
7012
7012
1156
8810
1252
1252
11177
7012
1156
1156
1156
1252
7394
7394
1156
1156
1156
1156
410
4705
3358
3358
3358
3274
3358
3358
1875
167
1752
167
1252
1752
1752
1252
1252
1752
1752
8810
1252
7012
1156
8810
4227
7012
1156
1156
1156
7012
1156
1156
1156
7394
1156
1156
1156
410
3358
3358
1875
167
1752
1252
1752
4227
1752
4227
1156
4227
1156
1156
1156
1156
1156
1156
1156
1156
1875
2245
4492
2245
4492
2245
4492
2245
4492
2245
6067
3311
6067
3311
6067
3311
5523
3311
2423
8669
9477
3664
2245
9477
4492
2245
2245
13628
4492
2245
2245
13628
4492
2245
2245
6067
6067
3311
3311
6067
5523
3311
3311
5523
5523
3311
3311
5523
2423
4190
2156
8669
9477
3664
8669
9477
9477
3664
3664
2245
9477
9477
4492
4478
2245
2245
13628
6067
5523
2245
2245
2245
6067
5523
5523
2245
3311
3311
5523
5523
5523
3311
3311
3311
5523
5523
2423
4190
4190
7289
4480
4190
2156
8669
9477
8669
8669
9477
2274
3664
3664
8669
9477
2274
2274
3664
3664
3664
2245
9477
2274
5523
5523
4478
4478
2245
2245
5523
5523
5523
5523
410
410
3311
3311
5523
5523
5523
2423
3274
4190
4190
7289
7289
4480
4190
4190
11431
2156
4190
2156
2274
2274
8669
2274
2274
2274
3664
8669
2274
2274
2274
9574
3664
3664
3664
2274
2274
11180
11180
9574
410
410
410
410
410
5523
5523
5523
5523
2423
410
410
410
1982
7289
7289
7289
4480
410
3274
1982
11431
7289
4480
3274
1982
11431
2156
1982
2156
2274
2274
12523
2274
2274
2274
8669
12523
2274
2274
11180
9574
3664
3664
12523
2274
8626
8626
8626
3740
12912
12912
7584
4822
6336
8626
8626
8626
410
410
410
410
1982
1982
7289
4480
410
410
1982
1982
1982
2156
3274
1982
1982
1982
1982
1982
2274
2274
12523
2274
2274
9574
12523
12523
2274
8626
8626
3740
7584
13973
6336
6336
8626
8626
7584
7584
4822
6336
6336
8626
12912
7584
4822
4822
4822
5388
410
410
410
1982
1982
1982
410
1982
1982
1982
1982
1982
2274
2274
12523
2274
8626
3740
13973
6336
6336
8626
13973
6336
6336
5388
7584
4822
6336
5388
7584
4822
4822
4822
7584
4822
4822
4822
410
410
1982
1982
1982
1982
2274
3740
6336
5388
6336
5388
6336
5388
4822
5388
4822
4822
4822
4822
4822
4822
410
1982
4492
4492
4492
4492
4492
6121
6121
6121
2423
12653
4972
4492
12806
4492
4492
12806
4492
4492
12806
4492
4492
6121
7075
6121
6121
7075
6121
6121
7075
2423
10213
2423
2423
12653
4972
12653
14022
4972
4972
4492
12806
12806
11717
4492
4492
12806
6121
4492
4492
4492
6121
6121
4492
7075
6121
6121
10213
7075
7075
2423
10213
10213
7297
2423
2423
9773
2423
2423
12653
12653
12653
14022
4972
4972
12653
14022
4511
4972
4972
4972
4492
12806
1695
1695
11717
11717
4492
4492
6121
10213
10213
2874
2874
7075
2423
10213
10213
10213
7297
7297
2423
2423
11173
9773
7297
2423
2423
2423
2423
2423
2648
12653
2648
4511
4972
12653
2648
4511
1695
4972
4972
4972
2648
1695
1695
1695
2253
2253
2253
2253
1695
1695
1695
1695
1695
2874
2874
2874
2423
2423
11173
11173
9773
2874
9574
2423
2423
2423
9773
9574
2423
2423
2423
2423
2423
2648
2648
2648
4511
2648
2648
2648
1695
1695
2253
2253
2648
1695
1695
1695
1695
2253
2253
2253
3062
9242
9242
9242
4089
2253
2253
2253
2253
5275
2423
9242
4089
2874
2874
6466
6466
2423
2423
9574
6466
6466
2423
6466
6466
2648
2648
2648
1695
2648
2648
1695
1695
1695
3062
3062
3062
9242
9242
4089
2253
11290
3062
13194
9242
4089
2253
2253
5275
5275
5275
4089
2253
2253
2253
5275
5275
5275
2874
6466
6466
6466
6466
6466
2648
2648
1695
1695
3062
3062
9242
4089
3062
3062
13194
4089
11290
3062
13194
6638
11290
5275
5275
5275
2253
5275
5275
5275
2253
2253
5275
5275
6466
6466
1695
3062
4089
3062
6638
3062
6638
3062
6638
5275
5275
5275
5275
5275
5275
2253
5275
3996
3996
3996
3996
2653
2653
2653
2653
2653
453
294
2335
841
5048
5048
4949
5048
5048
4949
5048
5048
4949
5048
2653
8010
11743
2653
8010
11743
2653
8010
11743
2653
3351
1339
3074
453
2335
2335
294
294
2335
2335
841
2136
5048
5048
5048
841
8221
5048
5048
2653
4949
8221
5048
11743
2653
4949
14383
11743
11743
2653
8010
14383
11743
11530
4826
3351
13773
1339
8893
3074
3351
1339
1339
453
2335
2335
294
2335
2335
2335
294
294
294
2335
2335
2335
841
2136
2136
5048
5048
5048
2653
841
2136
8221
5048
11743
11530
4826
841
8221
14383
11743
11530
11530
4826
3351
13773
13773
1339
8893
8893
3074
3351
13773
1339
1339
8893
3351
1339
1339
453
2335
2335
9452
2335
2335
2335
294
294
2335
2335
2335
2315
294
294
294
294
2335
2315
2315
2315
841
2136
2136
2136
5048
11530
11530
11530
4826
841
2136
2136
13773
1339
8893
8893
8893
3074
283
13773
13773
1339
1339
8893
8893
283
13773
1339
1339
1339
3351
1339
1339
453
2335
7231
9452
2335
12187
7231
294
9452
2335
12187
2315
2315
294
294
294
2335
2315
2315
2315
2315
294
294
294
294
265
2315
2315
2315
2315
2308
3106
3106
3106
3106
265
1339
8893
8893
8893
3106
3106
14005
265
1339
1339
8893
283
14005
265
1339
1339
283
265
1339
265
3404
7231
3404
3404
12187
2315
3404
3404
3404
2315
2315
2315
294
294
3404
550
2315
2315
2315
2308
3461
3461
2112
550
550
4646
4646
4646
3106
3106
3106
265
265
265
4646
4646
3106
3106
3106
265
265
265
1339
283
14005
265
265
265
283
265
265
265
3404
7231
3404
3404
2315
2315
3404
3404
550
2315
2315
2308
2112
7563
550
550
4646
4646
2112
2112
550
550
550
4646
3461
2112
2112
5512
550
550
3106
3106
265
265
265
265
3106
3106
265
265
265
283
265
265
265
3404
2315
3404
550
2315
2308
7563
550
550
4646
7563
550
550
550
2112
550
550
550
2112
2112
5512
550
2112
2112
5512
2338
3106
265
265
265
283
265
265
265
550
2308
550
550
550
550
550
550
550
550
2112
2338
2112
2338
2112
2338
265
265
265
1974
1974
1974
1974
1223
1223
1223
1223
1223
125
765
765
2109
2109
1974
2109
2109
1974
2109
2109
1974
2109
2109
11411
6718
6718
11411
6718
6718
11411
6718
6718
1289
1763
463
125
844
765
765
2226
765
765
765
2226
2109
2109
7784
1974
2109
2109
2109
7784
1974
2109
2109
2109
13986
11411
2109
6718
6718
13986
1289
6718
6718
6718
9681
1289
1763
6078
463
463
125
1763
6078
463
844
765
765
4696
765
765
765
2226
2226
765
765
765
765
2226
2226
2109
2109
7784
7784
1289
2226
2109
2109
2109
13986
9681
1289
2109
2109
6718
6718
9681
9681
1289
1763
6078
6078
463
463
463
125
1763
6078
6078
463
463
1763
6078
6634
844
765
765
11927
765
765
765
4696
4696
765
765
765
88
2226
2226
2226
765
765
765
9681
88
2226
2226
2226
2109
2109
9681
9681
9681
1289
2226
2226
2109
6078
463
463
463
463
125
3368
3748
6078
6078
463
463
463
1763
6078
6078
9779
463
1763
6078
6634
844
765
920
11927
765
920
920
4696
11927
765
920
920
88
4696
4696
4696
765
920
12436
12436
88
1348
1348
1348
1348
70
70
70
70
70
70
3368
12007
12007
3748
1392
463
463
463
463
3368
3748
3748
1392
9779
463
463
3474
3748
1392
9779
6634
3474
1392
6634
844
920
920
14259
920
920
88
11927
14259
920
920
12436
88
1348
737
737
70
70
70
70
70
1348
1348
1348
737
70
70
70
70
1348
1348
1348
1348
1392
70
70
70
3368
12007
3748
1392
1392
1392
463
3368
3748
1392
1392
1392
3474
1392
1392
1392
920
920
14259
920
920
88
737
737
70
70
70
70
737
737
737
70
70
70
1348
6728
737
12349
70
70
1348
1348
6728
9627
9627
70
1348
1348
1348
1392
1392
1392
3368
3748
1392
1392
1392
3474
1392
1392
1392
920
88
737
70
70
70
737
737
70
70
737
737
12349
70
6728
737
12349
1977
6728
6728
9627
1977
1348
6728
9627
9627
1348
1348
1392
1392
3368
1392
1392
1392
70
70
737
70
737
1977
737
1977
737
1977
6728
9627
6728
9627
6728
9627
1348
1392
1392
841
4068
4068
4068
4068
4068
4068
4068
4068
3371
8010
3371
8010
3371
8010
3371
2336
1245
4824
4824
841
841
4068
4068
841
4068
4068
4068
4949
4068
4068
3371
4949
4068
13841
3371
8010
8010
13841
3371
8010
8010
12327
5380
3351
2336
2336
1245
3351
2336
4824
4824
9078
4824
4824
4824
841
841
841
4068
4068
4068
841
841
4068
4068
4068
3371
841
4949
4068
13841
12327
5380
4949
8010
8010
12327
12327
5380
3351
3351
2336
2336
2336
1245
3351
3351
2336
2336
3351
7143
4824
4824
10146
4824
4824
3103
9078
9078
4824
4824
3103
767
841
841
841
841
4068
3103
11873
767
841
841
841
4068
12327
12327
12327
5380
841
283
3351
2336
2336
2336
2336
1245
283
3351
3351
2336
2336
2336
3351
3351
10419
2336
3351
7143
3103
3103
10146
3103
3103
3103
9078
10146
3103
3103
3103
767
9078
9078
9078
3103
3103
11873
11873
767
841
841
841
841
283
2336
2336
2336
2336
767
7328
7328
283
283
2336
2336
2336
2336
283
283
283
10419
2336
2336
283
283
10419
7143
283
7143
3103
3103
13999
3103
3103
767
10146
13999
3103
3103
11873
767
3368
1763
1763
1763
11873
11873
11873
767
3368
3368
3368
1763
4456
12189
12189
11124
3368
3368
3368
283
4928
2336
2336
2336
7328
283
283
13411
10419
2336
283
283
13411
812
283
812
3103
3103
13999
3103
3103
767
1763
1763
1763
11873
11873
767
1763
1763
1763
4456
12189
11124
3368
3474
1763
4456
4456
11124
3368
3368
3474
4928
4456
844
3368
3368
283
4928
4928
812
283
283
13411
812
283
812
3103
767
1763
1763
11873
767
1763
1763
4456
11124
1763
1763
4456
844
3474
1763
4456
844
3474
3474
4928
844
3368
3474
4928
4928
3368
283
4928
812
283
812
1763
767
1763
844
1763
844
1763
844
1763
844
3474
4928
3474
4928
3474
4928
283
812
182
182
182
182
103
103
103
103
103
77
182
541
182
182
541
182
182
541
182
182
541
182
182
5447
2375
2375
5447
2375
2375
5447
2375
2375
4163
1844
1844
2353
1844
3286
3091
1964
182
3599
541
4669
182
182
13122
541
182
182
182
13122
541
182
182
182
9334
5447
182
2375
2375
9334
4163
2375
2375
2375
4163
4163
1844
1844
1844
4163
2353
1844
1844
4295
1844
3286
3091
1964
3286
3599
3091
1964
1964
182
3599
3599
541
4669
11733
182
182
13122
9334
4163
4669
182
182
182
9334
4163
4163
182
182
2375
2375
4163
4163
4163
1844
1844
1844
1844
4163
4163
2353
1844
1844
1844
7253
5910
1844
1844
4295
1844
3286
3091
3286
3286
3599
309
1964
1964
3286
3599
309
309
1964
1964
1964
182
3599
309
4163
2195
4669
11733
11733
182
182
4163
4163
4163
4163
433
11733
182
1844
1844
4163
4163
4163
2353
433
1844
1844
1844
7253
7253
5910
1844
1844
1844
14233
4295
1844
1844
4295
1844
309
309
3286
309
309
309
1964
3286
309
309
309
2195
1964
1964
1964
309
309
4642
4642
2195
144
144
144
144
144
2177
2177
2177
2177
2177
433
13019
13019
4347
1844
7253
7253
7253
5910
433
4347
4347
1844
14233
7253
5910
4347
4347
1844
14233
4295
4347
1844
4295
1844
309
309
8515
309
309
309
3286
8515
309
309
4642
2195
144
144
8515
309
2177
2177
2177
2177
144
144
144
2061
2177
2177
2177
2177
144
144
144
144
2061
2061
2177
2177
433
13019
4347
4347
10360
10360
4295
433
4347
4347
10360
4295
4347
4347
8633
2892
309
309
8515
309
309
2195
8515
8515
309
2177
2177
2177
9653
9653
7670
2177
2177
2177
144
14092
2061
7670
2177
2177
144
144
2061
2061
2061
2177
144
144
144
2061
2061
2061
433
4347
4347
10360
8633
4347
4347
8633
2892
309
309
8515
309
2177
2177
9653
7670
2177
2177
9653
7670
7670
2177
14092
2061
7670
7670
14092
2061
2061
2061
144
2061
2061
2061
144
144
2061
2061
433
4347
8633
2892
309
2177
7670
2177
7670
7670
7670
7670
2061
7670
2061
2061
2061
2061
2061
2061
144
2061
2892
546
222
734
1510
3720
1510
3720
1510
3720
472
1309
472
1309
472
1309
472
1309
472
1945
546
222
734
734
222
222
734
734
1510
1510
13753
3720
1510
1510
13753
1309
1510
472
14003
1309
472
472
14003
1309
472
472
4629
4629
472
472
4629
1945
2447
5012
546
546
734
734
222
222
734
734
734
222
222
222
734
734
734
7167
1510
1510
13753
13753
1309
1510
1510
472
14003
4629
4629
472
472
472
4629
4629
4629
472
472
472
4629
4629
1945
2447
2447
5012
8986
2447
5012
546
546
734
734
222
7758
734
734
734
222
222
222
734
734
734
2402
222
222
222
222
734
734
4438
4266
7167
7167
1510
472
4629
4629
4629
4629
7167
188
472
472
4629
4629
4629
1945
188
2447
2447
5012
10947
8986
2447
2447
5012
5012
2447
5012
321
546
734
2402
546
7758
734
2402
2402
222
222
7758
734
2402
2402
4266
222
222
222
222
734
2402
4438
4438
4266
222
222
222
222
135
4438
4438
4438
4438
1945
13287
13287
188
188
5012
10947
10947
8986
188
188
188
5012
5012
8986
188
188
5012
5012
188
5012
321
5482
2402
2402
546
13026
2402
2402
2402
222
7758
13026
2402
2402
4438
4266
222
222
222
9205
135
4438
4438
4438
3061
1216
1216
1216
1216
135
135
13667
13667
8194
1216
1216
1216
188
1861
135
10947
8194
13287
188
188
9848
5012
5012
188
188
9848
557
188
557
321
5482
2402
2402
5482
13026
2402
2402
4266
408
9205
9205
135
4438
4438
3061
21
8367
9205
135
135
13667
8194
1216
1216
8367
135
135
135
8194
1216
1216
1216
1861
1861
135
135
1216
1216
188
1861
1861
557
188
188
9848
557
188
557
321
5482
2402
2402
408
9205
135
4438
3061
408
9205
135
135
8194
21
9205
135
135
135
21
8367
135
135
135
21
8367
1861
1861
135
1216
1216
1861
1861
1861
1216
188
1861
557
188
557
321
408
135
3061
408
135
135
408
135
135
408
135
135
21
135
135
21
1861
1861
21
1861
1861
21
1861
1861
188
557
41
41
41
41
41
21
21
21
21
21
546
1092
1092
1092
1092
1092
1092
1092
908
908
908
908
908
908
908
908
908
2611
546
1505
4669
546
1092
1092
4669
1092
1092
1092
8734
1092
1092
908
8734
908
908
908
6569
908
908
908
6569
908
908
3089
6569
908
3089
2611
11029
2611
546
1505
546
546
13348
1505
4669
4669
546
1092
1092
1092
4669
4669
1092
1092
908
908
4669
8734
908
908
908
3089
6569
6569
908
908
3089
3089
6569
6569
908
3089
3089
2611
13207
11029
9949
2611
11029
11029
546
1505
546
546
13348
436
7040
546
546
13348
8773
436
4669
4669
4669
546
1092
908
3089
3089
4669
4669
4669
908
908
3089
3089
3089
433
433
6569
908
3089
3089
3089
2611
13207
13207
11029
9949
9949
2611
13207
11029
11029
2611
11029
11029
546
436
546
546
8773
436
546
546
546
8773
8118
8118
7040
7040
546
546
8118
8118
8118
8118
433
433
433
433
21
3089
3089
3089
3089
1915
433
433
433
6234
9949
9949
9949
2611
433
13279
6234
11029
9949
2611
13279
6234
11029
11029
6234
11029
5482
436
5482
5482
8773
436
546
5482
5482
8118
8118
8118
7040
21
408
408
8118
8118
8118
1915
14308
14308
21
21
6167
13303
13303
7426
433
433
433
21
4162
4162
9949
2611
433
433
6234
6234
6234
2611
13279
6234
6234
6234
6234
6234
5482
436
5482
5482
8118
8118
408
408
408
8118
8118
1915
21
408
408
6167
13303
7426
21
21
21
6167
6167
7426
14308
21
21
4162
4162
1148
433
433
21
4162
4162
76
433
6234
6234
6234
6234
6234
5482
436
408
408
8118
1915
408
408
6167
7426
408
408
6167
1148
21
21
6167
1148
21
21
4162
76
21
21
4162
76
433
21
4162
76
6234
6234
408
1915
408
1148
408
1148
408
1148
21
1148
21
76
21
76
21
76
21
76
2385
2385
2385
2385
2385
3687
3687
3687
3687
101
525
1449
890
9652
9652
9588
9652
9652
9588
9652
9652
9588
4411
3687
4411
4411
3687
4411
4411
3687
4411
4411
3687
4411
3396
1836
1329
525
1449
1209
525
6693
1449
890
5069
9652
9652
9652
890
10100
9652
9652
3687
9588
10100
4411
10740
3687
4411
4411
4411
10740
3687
4411
4411
4411
10740
7896
4411
4411
3396
12091
1836
7218
3396
1836
1329
525
1449
525
525
6693
1449
1209
1209
525
6693
6693
1449
890
5069
5069
9652
9652
9652
3687
890
5069
10100
4411
10740
10740
7896
890
4411
4411
4411
10740
12091
7896
4411
4411
4411
3396
12091
12091
1836
7218
8177
3396
3396
1836
7218
3396
3396
1329
525
1449
525
525
6693
100
1209
525
525
6693
6693
100
1209
1209
1209
525
6693
6385
6385
6385
890
5069
5069
5069
4411
10740
12091
12091
7896
890
5069
1385
4411
3396
12091
12091
12091
1836
824
1385
8177
3396
3396
13344
1836
824
8177
3396
3396
1836
7218
3396
3396
1329
29
100
525
29
12409
100
525
525
29
12409
6385
6385
1209
1209
525
29
6385
6385
6385
6385
1209
1209
1209
1209
29
6385
6385
6385
6385
1134
7053
7053
7053
1385
806
3396
13344
13344
1836
7053
1385
1385
806
3396
3396
1836
824
1385
806
3396
3396
824
806
3396
806
29
100
29
29
12409
100
29
29
29
6385
6385
6385
1209
29
29
29
6385
6385
6385
1134
3621
3621
3621
672
672
8037
8037
5285
3621
3621
3621
806
806
672
8037
1836
7053
7053
1385
806
806
806
1836
824
1385
806
806
806
824
806
806
806
29
100
29
29
6385
6385
29
29
29
6385
6385
1134
5050
10553
672
672
8037
5285
3621
5050
672
672
672
5285
3621
3621
5050
6305
672
672
3621
3621
806
806
806
806
7053
1385
806
806
806
824
806
806
806
29
100
29
29
6385
1134
10553
672
672
5285
10553
672
672
672
5050
672
672
672
5050
5050
6305
672
3621
5050
6305
6305
3621
806
806
806
824
806
806
806
29
1134
672
672
672
672
672
672
672
672
5050
6305
5050
6305
5050
6305
806
806
806
890
5460
9521
9521
9521
9521
9521
9521
2653
5940
2653
5940
2653
5940
2653
2138
2653
2138
5460
5460
890
890
5460
5460
9933
9521
9521
9521
12659
9521
9521
5940
12659
2653
7050
5940
2653
2653
7050
2138
2653
2653
7050
2138
2653
2653
12984
2138
4826
2412
5460
5460
890
5460
5460
5460
890
890
890
5460
5460
5460
9933
9933
9521
9521
7050
2138
9933
12659
2653
7050
7050
2138
2653
2653
2653
7050
13780
2138
2653
2653
2653
12984
12984
2138
4826
4826
7517
2412
4826
3074
5460
5460
9588
5460
5460
5460
890
890
5460
5460
5460
5445
890
890
890
890
5460
5445
5445
2138
9933
9933
9933
2653
7050
13780
13780
2138
7231
2653
2653
2653
12984
12984
12984
2138
4826
4826
4826
7517
12984
2412
4826
4826
7517
2412
4826
3074
5460
7234
9588
5460
14240
7234
890
9588
5460
14240
5445
5445
890
890
890
5460
5445
5445
5445
5445
890
890
890
890
824
5445
5445
5445
5445
2138
7231
7231
7231
2308
7517
12984
12984
2412
7231
8675
2308
7517
7517
2412
8675
2308
7517
3074
2308
3074
12154
7234
12154
12154
14240
5445
9588
12154
12154
5445
5445
5445
890
824
7218
5167
5445
5445
5445
3318
7560
7560
824
824
5167
6694
6694
6694
7231
7231
7231
824
2308
2308
6694
2412
7231
7231
2308
2308
2308
2412
8675
2308
2308
2308
2308
2308
12154
7234
12154
12154
5445
5445
7218
7218
5167
5445
5445
3318
824
7218
5167
5167
6694
6694
824
824
824
5167
5167
6694
7560
824
824
13825
5167
5167
7231
7231
824
2308
2308
2183
7231
2308
2308
2308
2308
2308
12154
5445
7218
5167
5445
3318
7218
5167
5167
6694
7218
5167
5167
5167
824
824
5167
5167
824
824
13825
2183
824
824
13825
2183
7231
824
2308
2183
2308
2308
5167
3318
5167
5167
5167
5167
5167
5167
824
5167
824
2183
824
2183
824
2183
824
2183
541
1488
13033
2899
13033
2899
13033
2899
3687
7653
3687
7653
3687
7653
3687
888
888
888
541
1488
1449
541
8912
1488
1449
13033
13033
2899
13680
13033
13033
2899
13680
3687
11880
7653
3687
3687
11880
888
3687
3687
888
888
3687
888
888
888
7443
1493
541
1488
541
541
8912
1488
1449
1449
541
8912
8912
1488
1449
1449
13033
13033
11880
888
1449
13680
3687
11880
888
888
3687
3687
3687
888
888
888
3687
3687
888
888
888
888
7896
7443
7443
1493
7443
7032
541
1488
541
541
8912
103
3091
541
541
8912
8736
103
1449
1449
1449
541
8912
888
888
888
1449
1449
1449
3687
888
888
888
888
100
100
3687
888
888
888
888
888
7896
7896
7443
7443
13583
1493
7896
7443
7443
1493
7443
7032
541
103
541
541
8736
103
541
541
541
8736
5456
5456
3091
3091
541
541
5456
5456
5456
5456
100
100
100
100
100
888
888
888
888
888
100
100
100
2898
7443
13583
13583
1493
100
8487
2898
7443
7443
1493
8487
2898
7443
7032
2898
7032
5447
103
5447
5447
8736
103
541
5447
5447
5456
5456
5456
3091
541
5447
2353
5456
5456
5456
911
12899
12899
2195
2195
2353
8604
8604
8604
100
100
100
100
2898
2353
8604
1493
100
100
2898
2898
2898
1493
8487
2898
2898
2898
2898
2898
5447
103
5447
5447
5456
5456
5447
5447
2353
5456
5456
911
2195
11948
2353
2353
8604
8604
2195
2195
2195
2353
2353
8604
12899
2195
2195
8176
2353
2353
100
100
100
2898
2898
2898
100
2898
2898
2898
2898
2898
5447
103
5447
2353
5456
911
11948
2353
2353
8604
11948
2353
2353
2353
2195
2195
2353
2353
2195
2195
8176
2353
2195
2195
8176
5110
100
100
2898
2898
2898
2898
2353
911
2353
2353
2353
2353
2353
2353
2195
2353
2195
5110
2195
5110
2195
5110
100
2898
1761
1761
1974
4691
1974
4691
1974
4691
1974
1312
11411
1312
11411
1312
11411
1312
1008
356
3720
1761
1761
1974
1761
1761
1974
1974
1761
7778
1974
1974
4691
7778
1974
11411
1312
12321
11411
11411
1312
12321
11411
1289
1312
10007
1008
1289
2609
1008
1008
356
3720
3720
3720
11875
1761
1761
1761
1974
1974
1761
1761
1761
1974
1974
1974
1761
1761
7778
1974
11411
1289
1761
7778
12321
11411
1289
1289
1312
10007
10007
1008
1289
1289
2609
10007
1008
1008
3250
2609
1008
1008
356
3720
3720
3720
11875
6438
3720
3720
11875
11875
1761
1761
1761
1761
1974
88
88
1761
1761
1761
1761
1974
1289
1289
1289
917
917
917
10007
1008
1289
1289
1289
224
7038
10007
1008
1008
11568
3250
224
10007
1008
1008
1008
2609
1008
1008
356
1309
3720
1309
14248
3720
3720
1309
14248
88
6438
6438
3720
1309
88
88
88
917
917
917
917
88
88
88
88
88
917
917
917
917
1008
1008
11568
11568
3250
917
917
7038
1008
1008
1008
3250
224
7038
1008
1008
1008
224
1008
1008
224
1309
1309
1309
14248
1309
1309
1309
88
88
6438
1309
1309
88
88
88
88
11683
11683
4266
1945
1945
9204
9204
271
917
917
917
917
4421
1008
9204
271
917
917
917
7038
8115
1008
1008
224
7038
7038
8115
1008
224
7038
6794
224
1309
1309
1309
88
1309
1309
88
88
88
4266
10802
1945
1945
9204
271
4266
4266
1945
1945
1945
271
11683
4266
4266
4421
1945
271
917
917
917
4421
4421
4421
917
917
7038
8115
6794
224
7038
6794
224
1309
1309
88
88
10802
1945
1945
271
10802
1945
1945
271
4266
1945
1945
1945
4266
4266
4421
1945
4266
4266
4421
4421
917
917
4421
4421
224
7038
6794
224
88
1945
271
1945
1945
1945
1945
1945
1945
4266
4421
4266
4421
4266
4421
917
4421
224
1842
1842
1842
1842
1842
2906
2906
2906
2906
319
1505
1842
1856
1842
1842
1856
1842
1842
1856
1842
1842
1856
1842
6434
10327
6434
6434
10327
6434
6434
10327
6434
5250
2383
2383
5250
2383
3675
3675
1505
1505
1842
1842
3709
9384
1842
1842
1842
1856
10923
1842
1842
1842
1856
10923
1842
6434
6434
1856
10327
6434
6434
5250
10327
10327
6434
5250
5250
2383
2383
2383
5250
5250
2383
2383
3714
2383
3675
3675
1505
3675
3675
3675
1505
1505
1505
1842
1842
1842
3709
9384
9384
1842
1842
1842
5250
3709
9384
10923
1842
6434
5250
5250
1856
10327
10327
6434
5250
5250
5250
2383
2383
2383
2383
5250
5250
5250
2383
2383
2383
12224
5662
2383
2383
3714
2383
3675
3675
6952
3675
3675
318
1505
1505
3675
3675
318
318
1505
1505
1505
1505
1842
318
5250
5250
3709
9384
9384
9384
1842
5250
5250
5250
5250
321
8761
2383
2383
2383
5250
5250
5250
5250
321
2383
2383
2383
12224
12224
5662
2383
2383
2383
13883
3714
2383
2383
3714
2383
318
318
6952
318
318
318
1505
6952
318
318
318
6654
1505
1505
1505
318
318
6654
6654
6654
436
436
436
436
318
4543
4543
4543
4543
3519
321
8761
8761
8761
2383
12224
12224
12224
5662
321
8761
10135
2383
13883
12224
5662
8331
10135
2383
13883
3714
8331
2383
3714
2383
318
318
11286
318
318
318
6952
11286
318
318
6654
6654
436
436
9666
318
4543
4543
4543
3519
436
436
436
4009
4543
4543
4543
4543
436
436
436
436
4009
4009
4543
4543
321
8761
8761
9191
9191
9191
3714
321
10135
9191
9191
3714
8331
9191
9191
2405
318
318
11286
318
318
6654
9666
9666
318
4543
4543
3519
9666
9666
5605
4543
4543
4543
436
13301
4009
5605
4543
4543
436
436
4009
4009
4009
4543
436
436
436
4009
4009
4009
321
8761
9191
9191
9191
8331
9191
9191
2405
318
318
9666
318
4543
3519
9666
5605
4543
4543
9666
5605
5605
4543
13301
4009
5605
5605
13301
4009
4009
4009
436
4009
4009
4009
436
436
4009
4009
321
9191
9191
2405
318
3519
5605
4543
5605
5605
5605
5605
4009
5605
4009
4009
4009
4009
4009
4009
436
4009
2405
1856
4455
1856
4455
1856
4455
1856
4455
1856
12062
11148
12062
11148
12062
11148
4565
4565
4115
4691
9068
3709
1856
6170
4455
1856
1856
6170
4455
1856
1856
6170
4455
1856
1856
12062
12062
11148
11148
12062
4565
11148
11148
4565
4565
11148
4565
4565
4115
11373
7907
4691
9068
4691
4691
13015
9068
3709
3709
1856
6170
6170
4455
3709
1856
1856
6170
6170
4565
1856
1856
1856
12062
4565
4565
1856
11148
11148
4565
4565
4565
11148
11148
4565
4565
4565
4115
11373
11373
10075
8908
11373
7907
4691
9068
4691
4691
13015
1223
11153
4691
4691
13015
10225
1223
3709
3709
3709
1856
6170
4565
4565
4565
3709
3709
1856
1856
4565
4565
4565
4565
321
321
11148
4565
4565
4565
4565
4115
8331
11373
11373
10075
10075
8908
11373
11373
14242
7907
11373
7907
1312
1223
4691
1312
10225
1223
4691
4691
1312
10225
10225
13248
11153
11153
4691
1312
10225
13622
13622
13248
321
321
321
321
224
4565
4565
4565
4565
4115
321
321
321
5489
10075
10075
10075
8908
321
8331
5489
14242
10075
8908
8331
5489
14242
7907
5489
7907
1312
1223
1312
1312
10225
1223
1312
1312
1312
10225
13622
13248
11153
224
1312
1312
12489
12489
12489
4423
13513
13513
224
224
9154
12489
12489
4423
321
321
321
224
5489
5489
10075
4423
321
321
5489
5489
5489
7907
8331
5489
5489
5489
5489
5489
1312
1223
1312
1312
10225
13248
1312
1312
1312
12489
12489
4423
224
2609
2609
9154
12489
4423
224
224
224
9154
9154
4423
13513
224
224
7892
7892
4423
321
321
224
5489
5489
602
321
5489
5489
5489
5489
5489
1312
1223
1312
1312
12489
4423
2609
2609
9154
4423
2609
2609
9154
4423
224
224
9154
5862
224
224
7892
602
224
224
7892
602
321
224
5489
602
5489
5489
1312
4423
2609
4423
2609
5862
2609
5862
224
5862
224
602
224
602
224
602
224
602
1488
2385
13024
7897
13024
7897
13024
7897
2928
2928
2928
2928
2928
2928
2928
2928
2928
3467
2899
2385
1488
1488
12743
2385
4567
13024
13024
7897
13208
13024
13024
2928
13208
2928
2928
2928
10483
2928
2928
2928
10483
2928
2928
9832
10483
2928
9832
3467
12537
3982
2899
2385
1488
2899
12743
2385
1488
1488
1488
12743
12743
2385
4567
4567
13024
13024
2928
2928
4567
13208
2928
2928
2928
9832
10483
10483
2928
2928
9832
9832
10483
10483
2928
9832
9832
3467
14223
12537
11659
3982
12537
5439
2899
2385
2899
2899
12743
2385
1488
1488
2899
12743
7175
2229
1488
1488
1488
1488
12743
2229
2229
2229
4567
4567
4567
2928
2928
9832
9832
9832
4567
4567
10483
2928
9832
9832
9832
3467
8882
14223
12537
11659
11659
3982
14223
12537
12537
3982
12537
5439
2899
7175
2899
2899
7175
7175
1488
2899
2899
7175
2229
2229
1488
1488
1488
2899
2229
2229
2229
2229
103
103
103
103
103
2229
2229
2229
2229
2229
7852
7852
7852
4139
11659
11659
11659
3982
7852
8882
4139
12537
11659
3982
8882
4139
12537
5439
4139
5439
7175
7175
7653
7175
7175
2229
2899
7653
7175
2229
2229
2229
103
103
5071
2229
2229
2229
2229
2229
103
103
103
2382
5342
5342
5342
5182
103
103
103
103
2382
2382
5342
3982
7852
7852
4139
4139
4139
3982
8882
4139
4139
4139
4139
4139
7175
7175
7653
7175
2229
2229
5071
5071
2229
2229
2229
2229
5071
5071
5071
5342
5342
5182
103
8589
2382
12284
5342
5182
103
103
2382
2382
2382
5182
103
103
103
2382
2382
2382
7852
4139
4139
4139
4139
4139
7175
2229
5071
2229
2229
2229
5071
5071
5342
5182
5071
5071
12284
5182
8589
2382
12284
6274
8589
2382
2382
2382
103
2382
2382
2382
103
103
2382
2382
4139
4139
2229
2229
5071
5182
5071
6274
5071
6274
2382
6274
2382
2382
2382
2382
2382
2382
103
2382
2385
3996
13385
3996
13385
3996
13385
3996
3298
3298
3298
3298
3298
3298
3298
2228
2138
842
7897
8769
2385
2385
8769
3996
13463
13385
13385
3996
14282
13385
13385
3298
14282
3298
3298
3298
5940
3298
3298
2228
5940
3298
2228
2228
2138
2138
2228
842
2138
4976
7897
8769
2385
7897
8769
8769
2385
2385
2385
8769
8769
3996
13463
13463
13385
13385
3298
2228
13463
14282
3298
3298
2228
2228
5940
5940
3298
2228
2228
2228
2138
2138
2138
2228
2228
842
2138
2138
12262
5180
2138
4976
7897
8769
7897
7897
8769
2906
2385
2385
7897
8769
2906
2906
2385
2385
2385
2385
8769
2228
2228
2228
13463
13463
13463
3298
2228
2228
2228
2228
7234
2138
2138
2138
2228
2228
2228
842
2138
2138
2138
12262
13814
5180
2138
2138
12262
4976
2138
4976
2906
2906
7897
2906
2906
2906
2385
7897
2906
2906
2906
9382
2385
2385
2385
2906
2906
10125
10125
9382
2385
2385
2385
2385
2138
2228
2228
2228
2228
842
7234
7234
7234
2138
12262
13814
13814
5180
7234
11394
2138
12262
12262
5180
11394
2138
12262
4976
2138
4976
2906
2906
8496
2906
2906
2906
7897
8496
2906
2906
10125
9382
2385
2385
8496
2906
6436
6436
6436
1389
12287
12287
5353
3072
6436
6436
6436
6436
7234
7234
7234
3072
3072
3072
6436
5180
7234
7234
3725
3725
3725
4976
11394
3725
3725
3725
3725
3725
2906
2906
8496
2906
2906
9382
8496
8496
2906
6436
6436
1389
5353
13013
7337
6436
6436
6436
5353
5353
3072
7337
6436
6436
12287
5353
3072
3072
3072
6436
7234
7234
3072
3072
3072
3072
7234
3725
3725
3725
3725
3725
2906
2906
8496
2906
6436
1389
13013
7337
6436
6436
13013
7337
7337
6436
5353
3072
7337
7337
5353
3072
3072
3072
5353
3072
3072
3072
7234
3072
3072
3072
3725
3725
2906
1389
7337
6436
7337
7337
7337
7337
3072
7337
3072
3072
3072
3072
3072
3072
3072
3072
3996
3996
3996
3996
3371
3371
3371
3371
842
4455
9068
3996
3996
9449
3996
3996
9449
3996
3996
9449
3371
10634
3371
3371
10634
3371
3371
9935
3371
842
842
5380
842
4455
4455
4455
11569
9068
9068
3996
3996
3996
13700
9449
3996
3996
3996
9449
9449
3371
10634
9935
3371
3371
3371
9935
9935
3371
3371
842
842
842
5380
5380
842
842
5380
9996
4455
4455
4455
11569
9068
4455
4455
11569
11569
9068
9068
9068
3996
3996
3996
9382
13700
13700
9449
3371
9935
9935
9935
10215
767
3371
842
842
842
842
767
5380
5380
842
842
842
5380
5380
10783
842
5380
9996
4455
4455
4455
12890
4455
4455
4455
12890
9382
9068
9068
4455
4455
9382
9382
9382
1223
1223
1223
1223
767
842
842
842
842
10215
10215
767
767
842
842
842
842
767
767
767
10783
842
842
767
767
10783
9996
767
9996
12890
14002
12890
12890
4455
14002
12890
9382
9382
1223
1223
10082
6386
7335
7335
7335
1223
1223
1223
6386
6386
7335
7335
7335
1223
1223
1223
767
11154
842
842
842
10215
767
767
11154
10783
842
767
767
11154
2007
767
2007
12890
14002
12890
9382
10082
10082
6386
7335
7335
10082
10082
6386
6386
7335
7335
1223
13248
6386
6386
6386
7335
1223
1223
11284
11284
6386
6386
1223
1223
767
11154
11154
2007
767
767
11154
2007
767
2007
12890
10082
6386
7335
10082
6386
6386
7335
10082
6386
6386
6386
13248
6386
6386
6386
13248
11284
11284
6386
1223
11284
11284
11284
1223
767
11154
2007
767
2007
6386
6386
6386
6386
6386
6386
6386
6386
6386
11284
11284
11284
11284
11284
11284
767
2007
3
865
865
865
865
528
528
528
528
528
16
3
60
3
15
146
1962
1962
4665
1962
1962
4665
1962
1962
4665
1962
11387
528
11326
11387
528
11326
11387
528
11326
1030
528
1085
1030
385
3
3
3
15
60
146
3
1962
15
146
146
1962
1962
1962
146
14066
1962
1962
1962
4665
14066
1962
11387
11387
528
11326
11326
11387
1030
528
11326
11326
3041
1030
528
2664
1085
1540
1030
2664
1085
1085
385
3
3
3
15
438
3
3
13733
15
60
146
146
3
1962
1962
15
146
146
146
1962
1962
1962
1030
146
146
14066
1962
11387
3041
1030
146
11326
11326
11326
3041
3041
1030
528
2664
2664
1085
1540
1540
1030
2664
2664
1085
1085
1540
2664
1085
1085
385
3
3
3
15
3
3
3
13733
15
438
13709
3
3
13733
3810
322
60
146
146
146
3
1962
1962
3041
1030
146
146
146
146
1962
3041
3041
3041
1030
146
146
146
2664
1085
1540
1540
1540
1030
221
2664
2664
1085
1085
1540
1540
221
2664
1085
1085
1085
2664
1085
1085
385
3
3
3
322
3
3
3
3810
322
438
3
3
3
3810
3810
8237
438
13709
13709
3
3
3810
8976
8976
8237
60
146
146
146
146
3
1540
1540
1540
1540
617
1980
1980
1980
1980
1085
1085
1540
1540
1540
1980
1980
3602
1085
1085
1085
1540
221
3602
1085
1085
1085
221
1085
1085
221
7
104
104
322
3
104
104
3810
322
3
3
104
104
3810
8976
8237
438
9967
3
104
104
4079
4079
4079
617
4703
9967
9967
952
952
3699
4079
4079
4079
83
1980
1980
1980
952
8490
1085
1540
1540
1980
1980
1980
3602
8490
1085
1085
221
3602
3602
8490
1085
221
3602
3656
221
7
104
104
322
104
104
104
3810
8237
104
104
104
104
4079
4079
617
952
952
7870
3699
3699
4079
4079
4703
952
952
952
3699
3699
4079
4703
9967
952
952
9918
3699
192
83
1980
1980
952
8490
8490
2479
1980
1980
3602
8490
3656
221
3602
3656
221
7
104
104
322
104
104
104
4079
617
7664
7870
3699
3699
4079
952
7870
3699
3699
192
952
952
952
3699
192
952
952
952
9918
192
4703
952
952
9918
2479
83
1980
952
8490
2479
221
3602
3656
221
7
104
104
617
7664
3699
192
7664
3699
192
7664
3699
192
952
952
192
952
952
2479
952
952
2479
952
952
2479
83
952
2479
221
7
192
192
192
192
192
335
335
335
335
5
38
38
38
38
38
71
71
71
71
71
38
127
38
38
127
38
38
127
38
38
127
38
38
1782
660
660
1782
660
660
1782
660
660
1782
660
660
647
673
548
548
438
38
548
127
1227
38
38
10322
127
38
38
38
10322
127
38
38
38
3115
1782
38
660
660
3115
1782
660
660
660
3115
4231
660
660
660
1753
647
1371
1371
673
673
548
548
438
548
548
548
438
438
38
548
548
127
1227
10201
38
38
10322
3115
1782
1227
38
38
38
3115
3115
4231
38
38
660
660
3115
14017
4231
660
660
660
660
1753
1753
647
1371
1371
1371
1753
1753
1371
1371
673
673
548
548
14010
548
548
30
438
438
548
548
30
30
438
438
438
38
548
30
12934
3212
1227
10201
10201
38
38
3115
14017
14017
4231
83
8863
38
660
660
1753
1753
1753
647
83
1371
1371
1371
1753
1753
1753
1371
1371
1371
10106
673
1371
1371
673
673
30
30
14010
30
30
30
438
14010
30
30
30
3212
438
438
438
30
30
12934
12934
3212
438
438
438
438
30
1476
1476
1476
1476
647
83
8863
8863
2862
1371
1753
1753
1753
1753
83
2862
2862
1371
10106
1753
1753
2862
2862
1371
10106
673
2862
1371
673
673
30
30
7853
30
30
30
7853
7853
30
30
12934
3212
438
438
7664
30
1476
1476
1476
1080
4703
4703
4703
335
1476
1476
1476
1476
4703
4703
4703
335
335
335
1476
1476
83
8863
2862
2862
11801
10106
673
83
2862
2862
11801
673
2862
2862
6308
739
30
30
7853
30
30
3212
7664
7664
30
1476
1476
1080
7664
7664
3822
1476
1476
1476
4703
10948
335
3822
1476
1476
4703
4703
335
335
335
1476
4703
4703
335
335
335
335
83
2862
2862
11801
6308
2862
2862
6308
739
30
30
7664
30
1476
1080
7664
3822
1476
1476
7664
3822
3822
1476
10948
335
3822
3822
10948
335
335
335
4703
335
335
335
4703
335
335
335
83
2862
6308
739
30
1080
3822
1476
3822
3822
3822
3822
335
3822
335
335
335
335
335
335
335
335
739
441
60
441
4665
9035
4665
9035
4665
9035
528
1215
528
1215
528
1215
528
1215
528
828
441
60
441
441
60
60
441
441
4665
4665
13470
9035
4665
4665
13470
1215
4665
528
11309
1215
528
528
11309
1215
528
528
2196
2196
528
528
2196
828
2786
5113
441
1235
441
441
60
60
441
441
441
60
60
60
441
441
441
7641
4665
4665
13470
11309
1215
4665
4665
528
11309
2196
2196
528
528
528
2196
2196
2196
528
528
528
2196
2196
828
2786
2786
5424
5113
2786
5424
441
1235
441
441
60
13862
441
441
441
60
60
60
441
441
441
1567
60
60
60
60
441
441
1909
1567
7641
7641
4665
528
2196
2196
2196
2196
7641
221
528
528
2196
2196
2196
828
221
2786
2786
5424
5684
5113
2786
2786
5424
5113
2786
5424
257
1235
441
4728
1235
13862
441
4728
4728
60
60
13862
441
4728
1909
1567
60
60
60
60
441
1909
1909
1909
1567
60
60
60
60
43
1909
1909
1909
1909
828
11378
11378
221
221
5424
5684
5684
5113
221
221
221
5424
5424
5113
221
221
5424
5424
221
5424
257
8945
4728
4728
1235
8945
4728
4728
1567
60
8945
8945
4728
1909
1909
1567
60
60
60
5593
43
1909
1909
1909
1367
738
738
738
738
43
43
14117
14117
4555
738
738
738
221
723
43
5684
4555
11378
221
221
8246
5424
5113
221
221
8246
651
221
651
257
8945
4728
4728
8945
8945
4728
1909
1567
141
5593
5593
43
1909
1909
1367
5
5593
5593
43
43
14117
4555
738
738
9964
43
43
43
4555
738
738
738
723
723
43
43
738
738
221
723
723
651
221
221
8246
651
221
651
257
8945
4728
1567
141
5593
43
1909
1367
141
5593
43
43
4555
5
5593
43
43
43
5
9964
43
43
43
5
9964
723
723
43
738
738
723
723
723
738
221
723
651
221
651
257
141
43
1367
141
43
43
141
43
43
141
43
43
5
43
43
5
723
723
5
723
723
5
723
723
221
651
11
11
11
11
11
5
5
5
5
5
338
338
338
338
338
572
572
572
572
23
338
338
961
338
338
961
338
338
961
338
338
961
338
3864
3313
3313
3864
3313
3313
3864
3313
3313
1981
705
1981
1317
705
1235
3131
3112
338
338
338
3112
3112
338
338
338
961
4521
338
338
338
961
4521
338
3864
3864
961
3313
3313
3864
1981
3313
3313
3313
1981
1981
705
3313
1981
1981
1317
705
6150
1317
705
1235
3131
1235
1235
10698
3131
3112
3112
338
338
338
338
3112
3112
3112
338
338
338
1981
3112
3112
4521
338
3864
1981
1981
961
3313
3313
3313
1981
1981
1981
705
3313
3313
1981
1981
1981
1317
705
13519
6150
6150
1317
705
6150
6150
705
1235
3131
1235
1235
10698
257
7539
1235
1235
10698
4601
257
3112
3112
3112
338
338
338
1981
1981
3112
3112
3112
3112
338
1981
1981
1981
1981
254
254
254
3313
1981
1981
1981
1981
1317
254
13519
13519
6150
6150
7008
1317
705
13519
6150
6150
1317
705
6150
6150
705
1235
257
1235
1235
4601
257
1235
1235
1235
4601
4601
4966
7539
7539
1235
1235
4601
4966
4966
4966
254
254
254
254
5
1981
1981
1981
1981
798
254
254
254
254
2610
6150
7008
7008
1317
254
254
13569
2610
6150
6150
1317
1754
13569
2610
6150
6150
1754
2610
6150
705
4601
257
9122
4601
4601
257
1235
9122
4601
4601
4966
4966
7539
5
141
141
4966
4966
4966
798
12350
12350
5
5
2459
13152
13152
9468
254
254
254
5
2610
2459
7008
1317
254
254
254
2610
2610
2610
1317
254
13569
2610
2610
2610
1754
2610
2610
1150
4601
257
9122
4601
4601
4966
141
141
141
4966
4966
798
5
141
141
2459
13152
9468
5
5
5
2459
2459
9468
12350
5
5
10795
2459
427
254
254
5
2610
2610
22
254
254
2610
2610
2610
1754
2610
2610
1150
4601
257
141
141
4966
798
141
141
2459
9468
141
141
2459
427
5
5
2459
427
5
5
10795
22
5
5
10795
22
254
5
2610
22
254
2610
2610
1150
141
798
141
427
141
427
141
427
5
427
5
22
5
22
5
22
5
22
1150
961
1983
2819
1983
2819
1983
2819
1983
225
225
225
225
225
225
225
225
225
962
961
2505
1227
961
2819
1983
1227
2819
2819
1983
3604
2819
2819
225
3604
225
225
225
3837
225
225
225
3837
225
225
2408
3837
225
2392
962
8640
962
961
2505
961
961
9476
2505
1227
1227
961
2819
2819
1983
1227
1227
2819
2819
225
225
1227
3604
225
225
225
2408
3604
3837
225
225
5125
2408
3837
3837
225
2392
2392
962
10134
8640
2392
962
8640
8640
961
2505
961
961
9476
2505
12164
961
961
9476
6559
3868
1227
1227
1227
961
2819
225
3868
2408
1227
1227
1227
225
225
5125
5125
2408
83
83
3837
225
2392
2392
2392
962
10134
10134
8640
2392
2392
962
10134
8640
8640
962
8640
8640
961
6559
961
961
6559
6559
961
961
961
6559
3868
3868
12164
12164
961
961
3868
3868
3868
3868
83
83
83
83
83
2392
2392
2392
2392
962
83
83
83
1118
2392
2392
2392
962
83
13703
1118
8640
2392
962
13703
1118
8640
8640
1118
8640
6559
6559
7927
6559
6559
3868
961
7927
6559
3868
3868
3868
8924
705
705
705
3868
3868
3868
1573
8924
8924
1754
705
6301
6301
6301
6301
83
83
83
83
1118
1118
2392
962
83
83
1118
1118
1118
962
13703
1118
1118
1118
1118
1118
6559
6559
7927
6559
3868
3868
705
705
705
3868
3868
1573
705
705
705
6301
6301
6301
1754
1754
705
14133
6301
6301
8924
1754
1754
13541
13541
1643
83
83
83
1118
1118
1118
83
1118
1118
1118
1118
1118
6559
3868
705
705
3868
1573
705
705
6301
6301
705
705
14133
1643
1754
705
14133
1643
1754
1754
13541
1643
1754
1754
13541
4233
83
83
1118
1118
1118
1118
705
1573
705
1643
705
1643
705
1643
705
1643
1754
4233
1754
4233
1754
4233
83
1118
990
990
990
990
589
589
589
589
589
18
15
885
57
4667
3144
4667
4667
3144
4667
4667
3144
4667
589
589
1616
589
589
1616
589
589
1616
589
589
1616
589
210
18
885
885
15
15
885
885
57
4667
4667
5801
3144
57
4667
4667
5801
589
4667
4667
589
589
589
1616
9149
589
589
589
1616
9149
589
589
4066
1616
1654
589
1669
210
1654
1654
18
18
885
885
15
885
885
885
15
15
15
885
885
885
57
10287
4667
4667
5801
589
589
57
4667
4667
589
589
589
4066
57
4667
9149
589
589
12118
4066
1616
1654
1654
589
1669
1669
210
1654
1654
1654
1669
1669
1654
1654
18
18
885
885
13810
885
885
885
15
15
885
885
885
364
15
15
15
15
885
589
4593
364
57
10287
10287
4667
589
589
12118
12118
4066
57
10287
117
1654
589
1669
1669
1669
210
117
117
1654
1654
1669
1669
1669
117
1654
1654
7599
18
1654
1654
18
18
885
6685
13810
885
6685
6685
15
13810
885
6685
4593
364
15
15
15
885
4593
4593
4593
364
15
15
15
15
15
190
190
190
190
190
921
13573
13573
117
117
1669
1669
1669
1669
921
117
117
117
7599
1669
1669
117
117
117
7599
18
117
117
18
18
6685
6685
11896
6685
6685
364
11896
11896
6685
4593
4593
364
15
15
1030
190
190
190
190
190
322
322
322
1030
190
190
190
190
322
322
322
117
4624
190
190
190
921
13573
117
117
10249
7599
18
117
117
117
10249
18
117
117
359
35
6685
6685
11896
6685
4593
364
1030
1030
190
190
190
190
1030
1030
1030
190
190
190
322
8237
1030
11807
190
190
322
322
4624
4624
4624
190
322
322
117
4624
4624
359
921
117
117
10249
359
117
117
359
35
6685
364
1030
190
190
190
1030
1030
190
190
1030
1030
11807
190
8237
1030
11807
2660
8237
4624
4624
2288
322
4624
4624
2288
322
117
4624
359
117
117
359
35
190
190
1030
190
1030
2660
1030
2660
1030
2660
4624
2288
4624
2288
4624
2288
117
359
35
1050
1050
1050
1050
630
630
630
630
630
52
57
2379
184
2703
2703
6028
2703
2703
6028
2703
2703
6028
2204
2204
630
2204
2204
630
2204
2204
630
2204
2204
630
1739
1739
304
2379
2379
57
57
2379
2379
184
5623
2703
2703
2703
184
9039
2703
2703
2204
6028
9039
2204
2204
2204
630
6223
2204
2204
2204
630
6223
2204
2204
4199
630
6223
1739
1739
1739
9460
9892
304
304
2379
2379
57
2379
2379
2379
57
57
57
2379
2379
2379
184
5623
5623
2703
2703
2204
2204
184
5623
9039
2204
2204
2204
4199
184
6223
6223
2204
2204
13392
4199
630
6223
6223
1739
1739
1739
1739
9460
9892
9892
1739
1739
9460
9892
304
304
2379
2379
10451
2379
2379
2379
57
57
2379
2379
2379
1811
57
57
57
57
2379
2204
10565
1811
184
5623
5623
5623
2204
2204
13392
13392
4199
7
5623
1432
6223
1739
1739
1739
1739
1739
7
1432
9892
9892
1739
1739
1739
1432
9892
9892
12294
304
9460
9892
304
304
1616
3960
10451
1616
4746
3960
57
10451
1616
4746
4746
1811
57
57
57
1616
4746
10565
10565
1811
57
57
57
57
35
1739
1739
1739
1739
1739
7
13037
13037
1432
1432
1739
1739
1739
1739
7
1432
1432
1432
12294
1739
1739
1432
1432
1432
12294
304
1432
1432
304
304
1616
3960
1616
1616
4746
1811
1616
1616
1616
4746
10565
1811
57
57
1616
607
2286
2286
2286
1811
921
921
921
35
607
2286
2286
2286
921
921
921
35
35
35
1739
1739
7
13037
1432
1432
14023
12294
304
7
1432
1432
14023
304
1432
1432
3560
495
1616
3960
1616
1616
4746
1811
1616
1616
607
2286
2286
1811
3788
3788
607
607
2286
2286
921
12501
35
607
607
2286
921
921
35
35
35
607
921
921
35
35
35
35
7
1432
1432
14023
3560
1432
1432
3560
495
1616
1811
1616
607
2286
1811
3788
607
607
2286
3788
607
607
607
12501
35
607
607
12501
35
35
35
921
35
35
35
921
35
35
35
7
1432
3560
495
607
1811
607
607
607
607
607
607
35
607
35
35
35
35
35
35
35
35
495
127
390
127
390
127
390
127
390
127
4294
1782
4294
1782
4294
1782
666
666
228
5486
1373
184
127
5486
390
127
127
5657
390
127
127
5657
390
127
127
5361
4294
1782
1782
5361
666
1782
1782
666
666
1782
666
666
228
4231
900
5486
1373
184
5486
5486
1373
184
184
127
5486
5486
390
11961
127
127
5657
5361
666
127
127
127
5361
666
666
127
1782
1782
666
666
666
1782
1782
666
666
666
228
4231
4231
6740
1796
4231
900
5486
1373
6028
5486
5486
1373
184
184
5486
5486
5486
1704
184
184
184
127
5486
666
666
666
11961
11961
127
127
666
666
666
666
11961
127
1782
666
666
666
666
228
3212
4231
4231
6740
6740
1796
4231
4231
13150
900
4231
900
630
1704
6028
630
12177
1704
184
6028
630
12177
6262
5455
184
184
184
630
6262
6262
6262
5455
7
7
7
7
7
666
666
666
666
129
12410
12410
3212
3212
6740
6740
6740
1796
3212
3212
3212
13150
6740
1796
3212
3212
13150
900
3212
900
630
1704
630
630
12177
1704
630
630
630
6262
6262
5455
7
7
630
630
5412
5412
5412
129
7
7
7
518
5303
5412
5412
129
7
7
7
7
518
518
5412
129
12410
3212
3212
14270
13150
900
3212
3212
14270
900
3212
1080
630
1704
630
630
6262
5455
630
630
630
5412
5412
129
9460
9460
5303
5303
5412
129
7
13812
518
5303
5303
129
7
7
518
518
518
129
7
7
7
518
518
518
3212
3212
14270
1080
3212
1080
630
1704
630
630
5412
129
9460
5303
5303
129
9460
5303
5303
129
13812
518
5303
5303
13812
518
518
518
7
518
518
518
7
7
518
518
3212
1080
630
129
5303
129
5303
5303
5303
5303
518
5303
518
518
518
518
518
518
7
518
1239
1239
1239
1239
746
746
746
746
746
31
561
865
561
1239
1239
3140
1239
1239
3140
1239
1239
3140
1239
9141
1457
8167
9141
1457
8167
9141
1457
8167
942
968
341
31
111
9035
865
561
561
1239
865
561
561
1239
1239
1239
561
8484
1239
1239
1239
3140
8484
1239
9141
9141
1457
8167
8167
9141
942
1457
8167
8167
942
942
968
8167
341
942
31
968
341
341
111
9035
865
3043
9035
12274
865
561
561
561
1239
1239
865
561
561
561
1239
1239
1239
942
561
561
8484
1239
9141
942
942
561
8167
8167
8167
942
942
942
968
8167
8167
341
942
942
31
968
11193
341
341
2456
968
341
341
111
9035
865
9035
9035
12274
865
3043
3043
9035
12274
12274
59
561
561
561
561
1239
59
59
59
561
561
561
561
1239
942
942
942
942
561
561
561
8167
341
942
942
942
31
62
4558
11193
341
341
8992
2456
62
11193
341
341
341
968
341
341
111
1215
3085
9035
1215
14307
3085
3043
9035
1215
14307
59
59
3043
3043
3043
1215
59
59
59
59
561
561
561
561
59
59
59
59
59
16
1993
1993
1993
1993
341
341
8992
8992
2456
1993
1993
4558
341
341
341
2456
62
4558
341
341
341
62
341
341
62
1215
3085
1215
1215
14307
59
1215
1215
1215
59
59
59
3043
1215
1215
59
59
59
59
16
8820
8820
1567
828
828
9849
9849
189
1993
1993
1993
1567
1889
341
8992
189
1993
1993
1993
3887
3887
341
341
62
4558
3887
3887
341
62
3887
3887
62
1215
3085
1215
1215
59
59
1215
1215
59
59
59
16
1567
10348
828
828
9849
189
1567
1567
828
828
828
189
8820
1567
1567
1889
828
189
1993
1993
1567
1889
1889
1889
1993
1993
3887
3887
3887
62
3887
3887
62
1215
59
1215
59
59
16
10348
828
828
189
10348
828
828
189
1567
828
828
828
1567
1567
1889
828
1567
1567
1889
1889
1993
1567
1889
1889
62
3887
3887
62
59
16
828
189
828
828
828
828
828
828
1567
1889
1567
1889
1567
1889
1567
1889
62
703
703
703
703
703
1168
1168
1168
1168
196
703
703
718
703
703
718
703
703
718
703
703
718
703
3035
6591
3035
3035
6591
3035
3035
6591
3035
3035
3875
3035
3258
3875
4560
2121
3131
703
703
703
6481
5600
703
703
703
718
5600
703
703
703
718
5600
703
3035
3035
718
13871
3035
3035
3035
6591
13871
3035
3035
12395
3875
3875
3035
11688
3258
3875
3875
6241
3875
4560
2121
3131
4560
10356
2121
3131
3131
703
703
703
703
6481
6481
5600
703
703
703
3035
6481
5600
5600
703
3035
3035
12395
718
5600
13871
3035
3035
12395
12395
3875
3875
3875
3035
11688
11688
3258
3875
3875
3875
11688
8860
3875
3875
6241
3875
4560
2121
4560
4560
10356
1571
3131
3131
4560
10356
1571
1571
3131
3131
3131
703
703
703
5853
4916
6481
6481
6481
5600
703
3035
12395
12395
12395
743
4579
3875
3875
3035
11688
11688
11688
3258
743
3875
3875
3875
11688
11688
8860
3875
3875
3875
13800
6241
3875
3875
6241
3875
1571
1571
4560
1571
1571
1571
3131
4560
1571
1571
1571
4916
3131
3131
3131
1571
1571
5853
5853
4916
257
257
257
257
257
2094
2094
2094
2094
2085
743
4579
4579
4579
3875
11688
11688
11688
8860
743
4579
7913
3875
13800
11688
8860
7913
7913
3875
13800
6241
7913
3875
6241
3875
1571
1571
7078
1571
1571
1571
4560
7078
1571
1571
5853
4916
257
257
6626
1571
2094
2094
2094
2085
257
257
257
2118
2094
2094
2094
2094
257
257
257
257
2118
2094
2094
2094
743
4579
4579
7913
8948
8948
6241
743
7913
7913
8948
6241
7913
7913
8948
5520
1571
1571
7078
1571
1571
4916
6626
6626
1571
2094
2094
2085
6626
6626
6626
2094
2094
2094
257
13116
2118
11763
2094
2094
257
257
2118
2118
2118
2094
257
257
257
2118
2118
2118
743
4579
7913
8948
8948
7913
7913
8948
5520
1571
1571
6626
1571
2094
2085
6626
6626
2094
2094
6626
6626
11763
2094
13116
2118
11763
11334
13116
2118
2118
2118
257
2118
2118
2118
257
257
2118
2118
743
7913
8948
5520
1571
2085
6626
2094
6626
11334
6626
11334
2118
11334
2118
2118
2118
2118
2118
2118
257
2118
5520
718
1929
718
1929
718
1929
718
1929
718
10718
6591
10718
6591
10718
6591
2119
2119
2119
3140
6782
6600
718
2462
1929
718
718
2462
1929
718
718
2462
1929
718
718
10718
10718
6591
6591
10718
2119
6591
6591
2119
2119
6591
2119
2119
2119
11695
4967
3140
6782
3140
3140
8891
6782
6600
6600
718
2462
2462
1929
6764
718
718
2462
2462
2119
718
718
718
10718
2119
2119
718
6591
6591
2119
2119
2119
6591
6591
2119
2119
2119
2119
11695
11695
12805
4967
11695
6603
3140
6782
3140
3140
8891
746
6600
3140
3140
8891
8148
746
6600
6600
6600
718
2462
2119
2119
2119
6764
6764
718
718
2119
2119
2119
2119
743
718
6591
2119
2119
2119
2119
2119
8902
11695
11695
12805
12805
4967
11695
11695
13749
4967
11695
6603
1457
746
3140
1457
8148
746
3140
3140
1457
8148
8148
11765
6600
6600
3140
1457
8148
11765
11765
11765
743
743
743
743
62
2119
2119
2119
2119
1891
743
743
743
8569
12805
12805
12805
4967
743
8902
8569
13749
12805
4967
8902
8569
13749
6603
8569
6603
1457
746
1457
1457
8148
746
1457
1457
1457
8148
11765
11765
6600
62
968
968
11765
11765
11765
1891
12704
12704
62
62
6478
12611
12611
1891
743
743
743
62
8569
6478
12611
1891
743
743
8569
8569
8569
4967
8902
8569
8569
6603
8569
8569
1457
746
1457
1457
8148
11765
968
968
968
11765
11765
1891
62
968
968
6478
12611
1891
62
62
62
6478
6478
1891
12704
62
62
8858
6478
1891
743
743
62
8569
8569
195
743
8569
8569
8569
8569
8569
1457
746
968
968
11765
1891
968
968
6478
1891
968
968
6478
1891
62
62
6478
2521
62
62
8858
195
62
62
8858
195
743
62
8569
195
8569
8569
968
1891
968
1891
968
2521
968
2521
62
2521
62
195
62
195
62
195
62
195
865
2328
2328
2328
2328
2328
2328
2328
2328
4741
4741
4741
4741
4741
4741
563
331
563
2575
2575
865
865
2328
2328
865
2328
2328
2328
5887
2328
2328
2328
5887
2328
4741
4741
11163
4741
4741
563
11163
4741
4592
563
7819
331
4592
563
331
331
2575
2575
3144
2575
2575
2575
865
865
865
2328
2328
2328
865
865
2328
2328
2328
563
865
5887
2328
4741
4592
563
5887
11163
4741
4592
4592
563
7819
7819
331
4592
4592
563
7819
331
331
3413
331
331
2575
2575
3144
2575
2575
2575
11313
3144
2575
2575
2575
3087
865
865
865
865
2328
2328
4592
563
865
865
865
2328
4592
4592
4592
563
865
865
7819
331
4592
4592
4592
563
7819
7819
331
331
11718
3413
7819
331
331
331
331
331
1491
3087
3144
1491
12521
3087
3144
3144
1491
12521
9667
4934
11313
11313
3144
1491
9667
9667
9667
4934
865
865
865
865
16
2465
2465
2465
2465
563
3085
3085
3085
16
331
11718
11718
3413
3085
13086
16
331
331
3413
13086
16
331
331
16
331
1491
3087
1491
1491
12521
3087
1491
1491
1491
9667
9667
4934
11313
364
1491
1491
2465
2465
2465
946
13163
13163
364
364
2465
2465
2465
2465
3085
3085
3085
16
16
16
2465
2465
3085
3085
16
16
16
331
13086
16
16
16
16
16
1491
3087
1491
1491
9667
4934
1491
1491
1491
2465
2465
946
364
4066
4066
2465
2465
2465
364
364
364
8881
2465
2465
13163
364
364
11533
8881
2465
3085
3085
16
16
16
16
3085
16
16
16
16
16
1491
3087
1491
1491
2465
946
4066
4066
2465
2465
4066
4066
8881
2465
364
364
8881
8219
364
364
11533
1027
364
364
11533
1027
3085
16
16
16
16
16
1491
946
4066
2465
4066
8219
4066
8219
364
8219
364
1027
364
1027
364
1027
16
16
3874
3874
3874
3874
3613
3613
3613
3613
3613
515
990
3884
990
3884
3884
5370
3884
3884
5370
3884
3884
5370
3884
3682
10964
10964
3682
10964
10964
3682
10964
10964
3682
3665
3495
1401
515
5292
5292
990
990
3884
3884
990
990
3884
3884
3884
990
5370
3884
3884
3682
5370
5370
3884
13757
3682
5370
10964
10964
13757
3682
10964
10964
10964
13105
4135
3665
3665
3495
3495
1401
3665
3665
3495
515
5292
5292
5901
5292
5292
5292
990
990
990
3884
3884
3884
990
990
990
3884
3884
3884
3682
990
990
5370
3884
13757
13105
4135
990
5370
10964
10964
13105
13105
4135
3665
3665
3665
3495
3495
3495
1401
3665
3665
3665
3495
3495
3665
3665
7621
515
5292
5292
5901
5292
5292
1999
6789
5901
5292
5292
1999
867
990
990
990
990
3884
1999
8452
867
990
990
990
990
3884
13105
13105
13105
4135
990
990
317
3665
3495
3495
3495
3495
1401
317
317
3665
3665
3495
3495
3495
317
3665
3665
11181
3495
3665
3665
7621
515
1999
1999
5901
1999
1999
1999
5901
5901
1999
1999
1999
867
6789
6789
5901
1999
1999
8452
8452
867
990
990
990
990
317
3495
3495
3495
3495
867
2002
8038
8038
317
317
3495
3495
3495
3495
2002
317
317
317
11181
3495
3495
317
317
317
11181
7621
317
317
7621
302
1999
1999
11267
1999
1999
867
5901
11267
1999
1999
8452
867
3087
563
563
563
8452
8452
8452
867
3087
3087
3087
563
1930
10748
10748
6540
3087
3087
3087
317
5106
1930
3495
3495
2002
8038
317
317
13627
11181
3495
317
317
317
13627
904
317
317
904
302
1999
1999
11267
1999
1999
867
563
563
563
8452
8452
867
563
563
563
1930
10748
6540
3087
4934
563
1930
1930
6540
3087
3087
4934
5106
1930
1545
3087
3087
317
5106
5106
904
2002
317
317
13627
904
317
317
904
302
1999
867
563
563
8452
867
563
563
1930
6540
563
563
1930
1545
4934
563
1930
1545
4934
4934
5106
1545
3087
4934
5106
5106
3087
317
5106
904
317
317
904
302
563
867
563
1545
563
1545
563
1545
563
1545
4934
5106
4934
5106
4934
5106
317
904
302
1050
1050
5453
5453
5453
5453
5453
5453
5453
5700
12174
5700
12174
5700
12174
5294
1483
2101
1050
1050
2354
1050
1050
1050
2354
5453
5453
5453
7947
5453
5453
5453
7947
5453
12174
5700
14008
12174
12174
5294
14008
12174
8152
5294
11175
1483
4933
2101
1483
1483
1050
1050
9983
1050
1050
1050
2354
2354
1050
1050
1050
1050
2354
2354
5453
5453
5453
5294
2354
7947
5453
12174
8152
5294
7947
14008
12174
8152
8152
5294
11175
11175
1483
4933
4933
2101
11175
1483
1483
4933
1483
1483
1050
1050
9983
1050
1050
1050
12613
9983
1050
1050
1050
1777
2354
2354
2354
1050
1050
1050
1777
1777
2354
2354
2354
5453
8152
8152
8152
5294
2002
2002
11175
1483
4933
4933
4933
2101
11175
11175
1483
1483
4933
4933
11175
1483
1483
1483
1483
1483
1050
6688
9983
1050
8332
6688
9983
9983
1050
8332
1777
1777
12613
12613
9983
1050
1777
1777
1777
1777
2002
2002
2002
2002
302
1777
1777
1777
1777
1771
2002
2002
2002
302
1483
4933
4933
4933
2002
11315
302
1483
1483
4933
11315
302
1483
1483
302
1483
3712
6688
3712
3712
8332
1777
3712
3712
3712
1777
1777
1777
3960
1811
3712
1777
1777
1777
1777
1771
3960
3960
1811
1811
5129
5129
5129
2624
2002
2002
2002
302
302
302
4933
2624
2002
2002
302
302
302
1483
11315
302
302
302
302
302
3712
6688
3712
3712
1777
1777
3712
3712
1777
1777
1777
1771
1811
4199
4199
5129
5129
2624
1811
1811
1811
12569
5129
2624
3960
1811
1811
10552
10552
2624
2002
2002
302
302
302
302
2002
302
302
302
302
302
3712
1777
3712
1777
1777
1771
4199
4199
5129
2624
4199
4199
12569
2624
1811
1811
12569
8421
1811
1811
10552
3160
1811
1811
10552
3160
2002
302
302
302
302
302
1777
1771
4199
2624
4199
8421
4199
8421
1811
8421
1811
3160
1811
3160
1811
3160
302
302
1160
1160
1160
1160
1160
1706
1706
1706
1706
386
1099
1099
1160
8967
10133
1160
8967
10133
1160
8967
10133
1160
1706
1706
4143
1706
1706
4143
1706
1706
4143
1706
1706
4143
1706
697
1103
1099
1099
2505
1099
1099
1099
4971
4971
8967
10758
10133
1160
8967
8967
10758
1706
1160
8967
1706
1706
1706
1160
12281
1706
1706
1706
4143
12281
1706
1706
10041
4143
12281
1706
8822
697
5469
10701
1103
1103
1099
1099
1983
1099
1099
1099
2505
2505
1099
1099
1099
1099
4971
4971
4971
8967
10758
1706
1706
4971
4971
8967
1706
1706
1706
10041
1160
8967
12281
1706
1706
10041
10041
4143
12281
12281
1706
8822
8822
697
5469
13955
10701
8822
7538
5469
10701
1103
1103
1099
1099
1983
1099
1099
71
2505
1983
1099
1099
71
71
2505
2505
2505
1099
1099
71
3758
2957
4971
4971
4971
4971
1706
1706
10041
10041
10041
572
4527
4303
12281
1706
8822
8822
8822
697
572
4303
13955
10701
8822
8822
7538
4107
13955
10701
10701
1103
5469
10701
1103
1103
71
71
1983
71
71
71
1983
1983
71
71
71
2957
2505
2505
1983
71
71
3758
3758
2957
2505
2505
2505
2505
71
1159
1159
1159
1159
413
572
4527
4527
4303
4184
8822
8822
8822
7538
572
4303
4303
4184
10701
8822
7538
4107
4303
4184
10701
1103
4107
4184
1103
1103
71
71
7893
71
71
71
1983
7893
71
71
3758
2957
2505
1983
2408
71
1159
1159
1159
413
11490
11490
8283
1573
1159
1159
1159
1159
4527
4527
4527
1573
1573
1159
1159
1159
572
4527
4303
4184
4184
4184
1103
572
4303
4184
4184
1103
4107
4184
4184
1788
71
71
7893
71
71
2957
2408
2408
71
1159
1159
413
2408
2408
2408
1159
1159
1159
8283
8283
1573
10361
1159
1159
11490
8283
1573
1573
1573
1159
4527
4527
1573
1573
1573
1573
572
4303
4184
4184
4184
4107
4184
4184
1788
71
71
2408
71
1159
413
2408
2408
1159
1159
2408
2408
10361
1159
8283
1573
10361
4348
8283
1573
1573
1573
8283
1573
1573
1573
4527
1573
1573
1573
572
4184
4184
1788
71
413
2408
1159
2408
4348
2408
4348
1573
4348
1573
1573
1573
1573
1573
1573
1573
1573
1788
1160
2958
1160
2958
1160
2958
1160
2958
1160
7646
4143
7646
4143
7646
4143
4290
4143
3429
8938
8938
2121
1160
8938
2958
1160
1160
11693
2958
1160
1160
11693
2958
1160
1160
7646
7646
4143
4143
7646
4290
4143
4143
7274
4290
4143
4143
4275
3429
5469
2740
8938
8938
2121
8938
8938
8938
2121
2121
1160
8938
8938
2958
5691
1160
1160
11693
7646
4290
1160
1160
1160
7646
7274
4290
1160
4143
4143
7274
7274
4290
4143
4143
4143
4275
4275
3429
5469
5469
4275
4275
5469
2740
8938
8938
10264
8938
8938
1194
2121
2121
8938
8938
1194
1194
2121
2121
2121
1160
8938
1194
7274
4290
5691
5691
1160
1160
7274
7274
7274
4290
572
572
4143
4143
4275
4275
4275
3429
4107
5469
5469
4275
4275
4275
5469
5469
10985
2740
5469
2740
1194
1194
10264
1194
1194
1194
2121
10264
1194
1194
1194
8889
2121
2121
2121
1194
1194
12460
12460
8889
572
572
572
572
572
4275
4275
4275
4275
3429
572
572
572
1788
4275
4275
4275
4275
572
4107
1788
10985
4275
4275
4107
1788
10985
2740
1788
2740
1194
1194
13572
1194
1194
1194
10264
13572
1194
1194
12460
8889
2121
2121
13572
1194
8966
8966
8966
4618
11775
11775
4916
4916
7824
8966
8966
8966
572
572
572
572
1788
1788
4275
4275
572
572
1788
1788
1788
2740
4107
1788
1788
1788
1788
1788
1194
1194
13572
1194
1194
8889
13572
13572
1194
8966
8966
4618
4916
14039
7824
7824
8966
8966
4916
4916
4916
7824
7824
8966
11775
4916
4916
5907
5907
3258
572
572
572
1788
1788
1788
572
1788
1788
1788
1788
1788
1194
1194
13572
1194
8966
4618
14039
7824
7824
8966
14039
7824
7824
3258
4916
4916
7824
3258
4916
4916
5907
3258
4916
4916
5907
5907
572
572
1788
1788
1788
1788
1194
4618
7824
3258
7824
3258
7824
3258
4916
3258
4916
5907
4916
5907
4916
5907
572
1788
1929
3874
3874
3874
3874
3874
3874
3874
3682
3613
3682
3613
3682
3613
3682
3613
3682
1932
1929
4591
6782
1929
3874
3874
9979
3874
3874
3874
9979
3874
3874
3613
9979
3682
10368
3613
3682
3682
10368
3613
3682
3682
8536
3956
3682
3682
8536
1932
4135
1932
1929
4591
1929
1929
12099
4591
6782
6782
1929
3874
3874
3874
10574
9979
3874
3874
3874
3613
9979
9979
3682
10368
8536
3956
3682
3682
3682
8536
8536
3956
3682
3682
3682
8536
8536
1932
4135
4135
8888
1932
4135
8326
1929
4591
1929
1929
12099
1168
6782
1929
1929
12099
7822
1168
6782
6782
6782
1929
3874
3874
6479
3956
10574
10574
9979
3682
8536
8536
8536
3956
10574
867
3682
3682
8536
8536
8536
1932
867
4135
4135
8888
14277
1932
4135
4135
8888
1932
4135
8326
1929
1168
1929
1929
7822
1168
1929
1929
1929
7822
6479
6479
6782
6782
1929
1929
6479
6479
6479
6479
746
746
746
746
746
6479
6479
6479
6479
1932
10907
10907
867
867
8888
14277
14277
1932
867
867
867
8888
8888
1932
867
867
8888
8326
867
8326
7822
1168
11306
7822
7822
1168
1929
11306
7822
6479
6479
6479
746
746
11306
2959
6479
6479
6479
3039
746
746
746
2959
2959
7993
7993
7993
746
746
746
746
6601
2959
7993
1932
10907
867
867
6601
6601
1932
867
867
6601
2247
867
2247
7822
1168
11306
7822
6479
6479
11306
11306
2959
6479
6479
3039
12859
13167
2959
2959
7993
7993
746
12859
2959
2959
2959
7993
746
746
7073
7073
2959
2959
746
746
746
6601
6601
2247
867
867
6601
2247
867
2247
7822
1168
11306
2959
6479
3039
13167
2959
2959
7993
13167
2959
2959
2959
12859
2959
2959
2959
12859
7073
7073
2959
746
7073
7073
7073
746
746
6601
2247
867
2247
2959
3039
2959
2959
2959
2959
2959
2959
2959
2959
7073
7073
7073
7073
7073
7073
746
2247
390
3428
6033
6033
6033
6033
6033
6033
1876
1876
1876
1876
1876
1876
1876
1876
1876
1473
390
1373
390
4707
3428
5467
6033
10133
3428
6033
6033
10133
6033
6033
1876
14093
1876
1876
1876
14093
1876
1876
1876
13060
1876
1876
1876
10204
7671
3705
697
1473
390
390
390
4707
1373
1373
390
4707
4707
3428
5467
5467
6033
10133
10133
3428
5467
6033
1876
14093
13060
3428
1876
1876
1876
13060
13060
1876
1876
1876
1876
10204
10204
7671
11719
3705
3705
697
7671
3705
3705
1473
390
390
390
4707
1373
390
390
4707
4707
1373
1373
1373
390
4707
2957
2957
3428
5467
5467
5467
1876
13060
13060
13060
3428
5467
1876
1876
1876
10204
10204
10204
916
11719
11719
3705
3705
10204
697
916
11719
3705
3705
697
7671
3705
3705
1473
390
390
390
12437
390
390
390
12437
2957
1373
1373
390
390
2957
2957
2957
1373
1373
1373
1373
228
2957
2957
2957
2957
4140
7549
7549
7549
898
3705
10204
10204
697
4140
7549
13819
898
3705
3705
697
916
13819
898
3705
3705
916
898
3705
898
4294
4294
4294
12437
390
4294
4294
2957
2957
1373
390
4294
228
2957
2957
2957
1704
1704
1704
228
228
9966
9966
6483
1704
1704
1704
898
898
228
9966
697
4140
7549
7549
898
898
898
697
916
13819
898
898
898
916
898
898
898
4294
4294
4294
2957
4294
4294
228
2957
2957
5455
7763
228
228
9966
6483
1704
5455
228
228
228
6483
1704
1704
2838
2838
228
228
1704
1704
898
898
898
898
4140
7549
898
898
898
916
898
898
898
4294
4294
228
2957
7763
228
228
6483
7763
228
228
228
5455
228
228
228
5455
2838
2838
228
1704
2838
2838
2838
1704
898
898
898
916
898
898
898
228
228
228
228
228
228
228
228
228
2838
2838
2838
2838
2838
2838
898
898
898
2706
2706
10039
10039
10039
10039
10039
10039
5700
5710
5700
5710
5700
5710
5700
2356
4030
2356
2706
2706
3428
2706
2706
2706
8534
10039
10039
10039
12471
10039
10039
5710
12471
5700
7547
5710
5700
5700
7547
2356
5700
5700
7547
2356
5294
4030
8752
2356
4030
3430
2706
2706
3428
2706
2706
2706
3428
3428
2706
2706
2706
2706
8534
8534
10039
10039
7547
2356
8534
12471
5700
7547
7547
2356
5700
5700
5700
7547
13818
2356
5294
5294
4030
8752
8752
2356
5294
4030
4030
8752
4030
3430
2706
2706
10094
2706
2706
2706
3428
3428
2706
2706
2706
7684
3428
3428
3428
2706
2706
2706
8578
2356
8534
8534
8534
5700
7547
13818
13818
2356
6688
4422
5294
4030
8752
8752
8752
2356
4422
5294
4030
4030
8752
8752
5294
4030
4030
3430
4030
3430
2706
7684
10094
2706
12763
7684
3428
10094
2706
12763
8578
8578
3428
3428
3428
2706
8578
8578
8578
8578
3428
3428
3428
3428
916
4496
4496
4496
4496
2356
6688
6688
4422
1771
4030
8752
8752
8752
4422
4422
1771
4030
4030
8752
4422
1771
4030
3430
1771
3430
10969
7684
10969
10969
12763
7684
10094
10969
10969
8578
8578
8578
3428
916
7671
4496
4496
4496
4496
3629
4140
4140
916
916
4496
4496
4496
4496
4140
4140
4140
916
1771
1771
4496
4496
6688
4422
1771
1771
1771
3430
4422
1771
1771
1771
1771
1771
10969
7684
10969
10969
8578
8578
7671
7671
4496
4496
4496
3629
916
7671
7671
4496
4496
4496
916
916
916
13100
4496
4496
4140
916
916
13427
13100
4496
4140
4140
916
1771
1771
1771
4422
1771
1771
1771
1771
1771
10969
7684
7671
4496
4496
3629
7671
7671
4496
4496
7671
7671
13100
4496
916
916
13100
12301
916
916
13427
2398
916
916
13427
2398
4140
916
1771
1771
1771
1771
4496
3629
7671
4496
7671
12301
7671
12301
916
12301
916
2398
916
2398
916
2398
916
1771
2958
13309
13309
13309
3613
3613
3613
3613
2356
2958
4591
2958
13428
4591
13309
14262
13309
13309
14262
13309
3613
5710
3613
3613
5710
3613
3613
2356
3613
2356
2356
3956
2961
2958
2958
2958
13428
4591
4591
2958
13428
13428
4591
4591
13309
14262
5710
4591
13309
3613
5710
2356
3613
3613
3613
2356
2356
3613
3613
2356
2356
2356
3956
3956
10575
2961
3956
8031
2958
2958
2958
13428
12725
2958
2958
13428
7684
4591
4591
4591
2958
13428
2356
2356
4591
4591
4591
3613
2356
2356
2356
1168
1168
3613
2356
2356
2356
2356
3956
3956
3956
10575
10575
2961
3956
3956
13056
2961
3956
8031
2958
2958
2958
7684
2958
2958
2958
7684
7684
12725
12725
2958
2958
7684
8825
8825
1168
1168
1168
1168
1168
2356
2356
2356
2356
1168
1168
1168
3039
10575
10575
10575
2961
1168
12500
3039
13056
10575
2961
12500
3039
13056
8031
3039
8031
7684
8336
7684
7684
2958
8336
7684
7684
8825
3795
2958
4290
3429
8825
8825
8825
3795
3795
3795
3429
3429
12458
12458
6417
1168
1168
1168
1168
3039
3039
10575
2961
1168
1168
3039
3039
3039
2961
12500
3039
3039
3039
3039
3039
7684
8336
7684
7684
4290
4290
3429
8825
8825
4290
4290
3429
3429
12458
6417
3795
8889
3429
3429
3429
6417
3795
3795
7928
7928
3429
3429
1168
1168
1168
3039
3039
3039
1168
3039
3039
3039
3039
3039
7684
4290
3429
8825
4290
3429
3429
6417
4290
3429
3429
3429
8889
3429
3429
3429
8889
7928
7928
3429
3795
7928
7928
7928
1168
1168
3039
3039
3039
3039
3429
3429
3429
3429
3429
3429
3429
3429
3429
7928
7928
7928
7928
7928
7928
1168
3039
1338
1338
1338
1338
1338
2148
2148
2148
2148
47
264
763
462
7139
10888
7139
7139
10888
7139
7139
10888
7139
3230
2148
3230
3230
2148
3230
3230
2148
3230
3230
2148
3230
3230
1250
1132
264
763
1619
264
4361
763
462
6114
7139
10888
10888
462
7139
7139
10888
2148
7139
7139
3230
9505
2148
3230
3230
3230
9505
2148
3230
3230
3230
8982
8982
3230
3230
3230
8982
1250
6381
4216
1250
1132
264
763
264
264
4361
763
1619
1619
264
4361
4361
763
462
6114
6114
7139
10888
9505
2148
462
6114
7139
3230
9505
8982
8982
462
3230
3230
3230
8982
8982
8982
3230
3230
3230
3230
8982
8982
1250
6381
6381
4216
4216
1250
6381
4216
4216
1132
264
763
264
264
4361
46
1619
264
264
4361
4361
46
1619
1619
1619
264
4361
4361
4501
4501
462
6114
6114
6114
3230
8982
8982
8982
8982
462
6114
681
3230
3230
8982
8982
8982
1250
681
681
6381
4216
4216
13854
1250
681
6381
4216
4216
1250
6381
4216
4216
1132
12
46
264
12
13130
46
264
264
12
13130
4501
4501
1619
1619
264
12
4501
4501
4501
4501
1619
1619
1619
1619
12
4501
4501
4501
4501
1250
4879
8320
8320
681
681
4216
13854
13854
1250
4879
681
681
681
4216
4216
1250
681
681
681
4216
4216
681
681
4216
681
12
46
12
12
13130
46
12
12
12
4501
4501
4501
1619
12
12
12
4501
4501
4501
1552
2071
2071
2071
459
459
9872
9872
3060
2071
2071
2071
681
1059
459
9872
1250
4879
8320
681
681
1059
1059
1250
681
681
681
1059
1059
681
681
1059
681
12
46
12
12
4501
4501
12
12
12
4501
4501
1552
6101
12141
459
459
9872
3060
2071
6101
459
459
459
3060
2071
2071
4862
4862
459
459
2071
2071
681
1059
1059
1059
4879
681
681
1059
1059
681
681
1059
681
12
46
12
12
4501
1552
12141
459
459
3060
12141
459
459
459
6101
459
459
459
6101
4862
4862
459
2071
4862
4862
4862
2071
681
1059
1059
681
681
1059
681
12
1552
459
459
459
459
459
459
459
459
4862
4862
4862
4862
4862
4862
681
1059
681
5322
5322
5322
5322
3615
3615
3615
3615
3615
405
134
404
1285
6099
6016
6099
6099
6016
6099
6099
6016
6099
6099
9218
3615
12745
9218
3615
12745
9218
3615
12745
4177
3615
1727
608
2013
134
404
1285
134
2721
404
1285
1285
6099
9985
6016
1285
6099
6099
9985
6016
6099
6099
6099
14315
9218
3615
12745
12745
14315
4177
3615
12745
12745
14053
4177
3615
9211
1727
1727
608
5911
9211
1727
2013
134
404
134
134
2721
404
1285
1285
134
2721
2721
404
1285
1285
1285
6099
9985
9985
4177
1285
1285
6099
6099
14315
14053
4177
1285
6099
12745
12745
14053
14053
4177
3615
9211
9211
1727
1727
1727
608
5911
9211
9211
1727
1727
5911
9211
10398
2013
134
404
134
134
2721
404
10744
134
134
2721
2721
378
1285
1285
1285
134
2721
2721
14026
378
1285
1285
1285
1285
6099
14053
14053
14053
4177
1285
1285
1261
9211
1727
1727
1727
1727
608
1261
1261
9211
9211
1727
1727
1727
1261
9211
9211
10398
1727
5911
9211
10398
2013
134
3993
134
134
3993
3993
134
134
134
3993
3993
378
10744
10744
134
134
3993
14026
14026
378
1285
1285
1285
1285
134
360
360
360
360
360
8459
9340
9340
1261
1261
1727
1727
1727
1727
8459
1261
1261
1261
10398
1727
1727
1261
1261
1261
10398
10398
1261
1261
10398
1249
1841
3993
1841
1841
3993
378
134
1841
1841
3993
14026
378
4223
134
1841
360
360
360
360
360
4223
4223
4223
830
360
360
360
360
4223
4223
4223
830
830
360
360
360
8459
9340
1261
1261
4364
4364
1727
1261
1261
1261
4364
3184
1261
1261
3184
1249
1841
3993
1841
1841
3993
378
1841
1841
360
360
360
360
2698
2698
2698
360
360
360
4223
4885
830
7264
360
360
4223
4223
830
830
830
360
4223
4223
830
830
830
830
8459
1261
1261
4364
3184
1261
1261
3184
1249
1841
378
1841
360
360
360
2698
2698
360
360
2698
2698
7264
360
4885
830
7264
1288
4885
830
830
830
4223
830
830
830
4223
830
830
830
1261
1261
3184
1249
360
360
2698
360
2698
1288
2698
1288
830
1288
830
830
830
830
830
830
830
830
1249
462
3349
10793
10793
10793
10793
10793
10793
3615
7551
3615
7551
3615
7551
3615
2723
3615
2723
3349
3349
462
462
3349
3349
6844
10793
10793
10793
11090
10793
10793
7551
11090
3615
8318
7551
3615
3615
8318
2723
3615
3615
8318
2723
3615
3615
13413
2723
4798
3418
3349
3349
462
3349
3349
3349
462
462
462
3349
3349
3349
6844
6844
10793
10793
8318
2723
6844
11090
3615
8318
8318
2723
3615
3615
3615
8318
13413
2723
3615
3615
3615
13413
13413
2723
5911
4798
4798
3418
4798
3967
3349
3349
10839
3349
3349
3349
462
462
3349
3349
3349
3327
462
462
462
462
3349
3327
3327
2723
6844
6844
6844
3615
8318
13413
13413
2723
6844
3615
3615
3615
13413
13413
13413
2723
5911
5911
4798
4798
13726
3418
5911
4798
4798
3418
4798
3967
3349
8462
10839
3349
13441
8462
462
10839
3349
13441
3327
3327
462
462
462
3349
3327
3327
3327
3327
462
462
462
462
462
3327
3327
3327
3327
2723
8459
8459
8459
1249
4798
13726
13726
3418
8459
8653
1249
4798
4798
3418
8653
1249
4798
3967
1249
3967
9238
8462
9238
9238
13441
3327
9238
9238
9238
3327
3327
3327
462
462
8448
2895
3327
3327
3327
3320
4879
4879
1077
1077
2895
8067
8067
7100
4879
4879
4879
1077
1249
1249
8067
3418
8459
8459
1249
1249
1249
3418
8653
1249
1249
1249
1249
1249
9238
8462
9238
9238
3327
3327
8448
8448
2895
3327
3327
3320
1077
8448
2895
2895
8067
7100
1077
1077
1077
2895
2895
7100
4879
1077
1077
12998
2895
2895
4879
4879
1077
1249
1249
1249
8459
1249
1249
1249
1249
1249
9238
3327
8448
2895
3327
3320
8448
2895
2895
7100
8448
2895
2895
2895
1077
1077
2895
2895
1077
1077
12998
2765
1077
1077
12998
2765
4879
1077
1249
1249
1249
1249
2895
3320
2895
2895
2895
2895
2895
2895
1077
2895
1077
2765
1077
2765
1077
2765
1077
1249
91
91
91
91
49
49
49
49
49
49
91
91
281
91
91
281
91
91
281
91
91
281
91
1328
3331
1328
1328
3331
1328
1328
3331
1328
1328
3283
1328
2482
1304
2585
5821
2040
91
91
91
2040
2040
91
91
91
281
12970
91
91
91
281
12970
91
1328
1328
281
6939
1328
1328
1328
3331
6939
1328
1328
2482
3283
3283
1328
2482
2482
3283
3283
4352
1304
2585
5821
2585
2585
12737
5821
2040
2040
91
91
91
91
2040
2040
2040
91
91
91
1328
2040
2040
12970
91
1328
1328
2482
281
6939
6939
1328
1328
2482
2482
3283
3283
3283
1328
2482
2482
2482
3283
3283
3283
8476
4352
3283
3283
7027
1304
2585
5821
2585
2585
12737
594
4118
2585
2585
12737
12737
594
2040
2040
2040
91
91
91
2482
2482
2040
2040
2040
2040
91
1328
2482
2482
2482
152
152
152
3283
1328
2482
2482
2482
2482
152
3283
3283
3283
8476
13418
4352
2777
3283
3283
8476
4352
3283
3283
7027
1304
202
594
2585
202
13742
594
2585
2585
202
13742
3407
3407
4118
4118
2585
202
3407
3407
3407
3407
152
152
152
152
91
2482
2482
2482
2482
2482
152
152
152
152
2759
8476
13418
13418
4352
152
152
5805
2759
8476
8476
4352
2777
5805
2759
8476
7027
2777
2759
7027
1304
202
594
202
202
13742
594
202
202
202
3407
3407
3407
4118
202
202
202
3407
3407
3407
3407
6314
6314
6314
2650
2650
12044
12044
7238
152
152
152
152
2759
2650
12044
4352
152
152
152
2759
2759
2759
4352
152
5805
2759
2759
2759
2777
2759
2759
2100
202
594
202
202
3407
3407
202
202
202
3407
3407
3407
10889
13405
2650
2650
12044
7238
6314
10889
2650
2650
2650
7238
6314
6314
5055
5055
2650
2650
152
152
152
2759
2759
2759
152
152
2759
2759
2759
2777
2759
2759
2100
202
594
202
202
3407
3407
13405
2650
2650
7238
13405
2650
2650
2650
10889
2650
2650
2650
10889
5055
5055
2650
6314
5055
5055
5055
152
152
2759
2759
152
2759
2759
2100
202
3407
2650
2650
2650
2650
2650
2650
2650
2650
5055
5055
5055
5055
5055
5055
152
2759
2100
281
805
281
805
281
805
281
805
281
49
3331
49
3331
49
3331
49
1304
483
11551
3817
763
281
8648
805
281
281
8648
805
281
281
8648
49
281
281
10304
49
3331
3331
10304
49
3331
3331
3344
3344
3331
1304
3344
483
1304
1304
11551
3817
763
11551
11551
3817
763
763
281
8648
8648
805
3978
281
281
8648
8648
49
281
281
281
10304
3344
3344
281
3331
3331
3344
3344
3344
3331
3331
1304
3344
3344
483
12878
1304
1304
7129
1304
1304
11551
3817
11845
11551
11551
3817
763
763
11551
11551
11551
460
763
763
763
281
8648
460
460
460
3978
3978
281
281
3344
3344
3344
3344
3978
281
3331
1304
3344
3344
3344
483
2777
12878
1304
1304
10235
7129
12878
1304
1304
1304
1304
1304
2148
5021
11845
2148
12834
5021
763
11845
2148
12834
460
460
763
763
763
2148
460
460
460
460
46
46
46
46
46
460
460
460
460
460
11042
11042
2777
1304
1304
10235
10235
7129
2777
2777
1304
1304
1304
7129
2777
1304
1304
1304
1304
1304
2148
5021
2148
2148
12834
460
2148
2148
2148
460
460
460
46
46
2148
460
460
460
460
460
46
46
46
2014
4627
11519
11519
810
46
46
46
46
2014
1304
10235
810
11042
2777
2777
9423
1304
1304
2777
2777
9423
1304
2777
6152
2148
5021
2148
2148
460
460
2148
2148
460
460
460
460
9777
9777
4627
4627
11519
810
46
10158
2014
4627
4627
810
46
46
2014
2014
2014
810
46
46
46
2014
2014
2014
2777
2777
9423
6152
2777
6152
2148
460
2148
460
460
460
9777
4627
4627
810
9777
4627
4627
810
10158
2014
4627
4627
10158
2014
2014
2014
46
2014
2014
2014
46
46
2014
2014
2777
6152
460
460
4627
810
4627
4627
4627
4627
2014
4627
2014
2014
2014
2014
2014
2014
46
2014
2595
2595
2595
2595
1632
1632
1632
1632
1632
185
1018
1018
1137
2695
2595
2695
2695
2595
2695
2695
2595
2695
2695
11269
8089
8089
11269
8089
8089
11269
8089
8089
1678
2419
618
185
407
1018
1018
1137
1018
1018
1018
1137
1137
2695
6752
2595
1137
2695
2695
6752
2595
2695
2695
2695
13508
11269
2695
8089
8089
13508
1678
8089
8089
8089
6162
1678
2419
7140
618
618
185
2419
6427
618
407
1018
1018
5845
1018
1018
1018
1137
1137
1018
1018
1018
1018
1137
1137
1137
2695
6752
6752
1678
1137
1137
2695
2695
13508
6162
1678
1137
2695
8089
8089
6162
6162
1678
2419
7140
7140
618
618
618
185
2419
7140
6427
618
618
2419
6427
6427
407
1018
1018
12863
1018
1018
492
5845
5845
1018
1018
492
119
1137
1137
1137
1018
1018
492
6162
119
1137
1137
1137
1137
2695
6162
6162
6162
1678
1137
1137
1137
7140
618
618
618
618
185
1854
5134
7140
6427
618
618
618
1854
7140
6427
6427
618
2419
6427
6427
407
492
492
12863
492
492
492
5845
12863
492
492
492
119
5845
5845
5845
492
492
13535
13535
119
1137
1137
1137
1137
105
105
105
105
105
105
4192
8730
8730
5134
688
618
618
618
618
4192
5134
5134
688
6427
618
618
1854
5134
688
6427
6427
1854
688
6427
407
492
492
14107
492
492
119
12863
14107
492
492
13535
119
1736
661
661
105
105
105
105
105
1736
1736
1736
661
105
105
105
105
1736
1736
1736
688
688
105
105
105
4192
8730
5134
688
688
688
618
1854
5134
688
688
688
1854
688
688
688
492
492
14107
492
492
119
661
661
105
105
105
105
661
661
661
105
105
105
1736
6236
661
13516
105
105
1736
1736
6236
10867
10867
105
1736
1736
688
688
688
688
4192
5134
688
688
688
1854
688
688
688
492
119
661
105
105
105
661
661
105
105
661
661
13516
105
6236
661
13516
1783
6236
6236
10867
1783
1736
6236
10867
10867
1736
688
688
688
1854
688
688
688
105
105
661
105
661
1783
661
1783
661
1783
6236
10867
6236
10867
6236
10867
688
688
688
404
5373
5373
5373
5373
5373
5373
5373
5373
4195
9218
4195
9218
4195
9218
3243
1286
1286
5909
5909
404
404
5373
5373
404
5373
5373
5373
6016
5373
5373
4195
6016
5373
12991
4195
9218
9218
12991
3243
9218
9218
10921
3243
4177
1286
1286
1286
4177
1286
5909
5909
7252
5909
5909
5909
404
404
404
5373
5373
5373
404
404
5373
5373
5373
3243
404
6016
5373
12991
10921
3243
6016
9218
9218
10921
10921
3243
4177
4177
1286
1286
1286
1286
4177
4177
1286
1286
4177
8388
5909
5909
7252
5909
5909
3990
10507
7252
5909
5909
3990
1020
404
404
404
404
5373
3990
10921
1020
404
404
404
5373
10921
10921
10921
3243
404
378
4177
1286
1286
1286
1286
1286
378
4177
4177
1286
1286
1286
4177
4177
12075
1286
4177
8388
3990
3990
7252
3990
3990
3990
7252
7252
3990
3990
3990
1020
10507
10507
7252
3990
3990
12827
12827
1020
404
404
404
404
378
1286
1286
1286
1286
1020
4419
4419
378
378
1286
1286
1286
1286
378
378
378
12075
1286
1286
378
378
12075
8388
378
8388
3990
3990
14256
3990
3990
1020
7252
14256
3990
3990
12827
1020
4192
1854
2419
2419
9342
9342
9342
1020
4192
4192
1854
1854
5669
9342
9342
9342
4192
4192
4192
378
5998
1286
1286
1286
4419
378
378
13894
12075
1286
378
378
13894
1065
378
1065
3990
3990
14256
3990
3990
1020
2419
2419
2419
9342
9342
1020
1854
2419
2419
5669
9342
9342
1854
1854
1854
5669
5669
9342
4192
1854
1854
5998
5669
407
4192
4192
378
5998
5998
1065
378
378
13894
1065
378
1065
3990
1020
2419
2419
9342
1020
2419
2419
5669
9342
2419
2419
5669
407
1854
1854
5669
407
1854
1854
5998
407
1854
1854
5998
4449
4192
378
5998
1065
378
1065
2419
1020
2419
407
2419
407
2419
407
1854
407
1854
4449
1854
4449
1854
4449
378
1065
286
286
286
286
164
164
164
164
164
61
286
822
286
286
822
286
286
822
286
286
822
286
286
597
3386
3386
597
3386
3386
597
3386
3386
597
570
570
2545
61
1522
1522
5821
286
1522
822
324
286
286
13858
822
286
286
286
13858
597
286
286
286
10336
597
286
3386
3386
10336
597
3386
3386
3386
7164
7164
570
570
570
7164
2545
570
570
1566
61
1522
1522
5821
1522
1522
1522
5821
5821
286
1522
1522
822
324
8308
286
286
13858
10336
597
324
286
286
286
10336
7164
7164
286
286
3386
3386
7164
7164
7164
570
570
570
570
7164
7164
2545
570
570
570
7713
4584
570
570
1566
61
1522
1522
9183
1522
1522
480
5821
5821
1522
1522
480
480
5821
5821
5821
286
1522
480
3976
3976
324
8308
8308
286
286
7164
7164
7164
7164
324
8308
32
570
570
7164
7164
7164
2545
32
32
570
570
7713
13278
4584
32
570
570
7713
1566
570
570
1566
61
480
480
9183
480
480
480
5821
9183
480
480
480
3976
5821
5821
5821
480
480
3976
3976
3976
594
594
594
594
32
3976
3976
3976
3976
2545
1625
13942
13942
32
32
7713
13278
13278
4584
1625
32
32
32
7713
7713
4584
32
32
32
7713
1566
32
32
1566
32
480
480
6315
480
480
480
6315
6315
480
480
3976
3976
594
594
6315
480
3976
3976
3976
3029
594
594
594
6306
6865
6865
6865
3584
594
594
594
32
5450
5450
6865
3584
1625
13942
32
32
5450
5450
1566
32
32
32
5450
109
32
32
109
32
480
480
6315
480
480
3976
6315
6315
480
3976
3976
3029
12929
12929
9655
6865
6865
3584
594
13115
6306
9655
6865
3584
594
594
6306
6306
6306
3584
594
594
32
5450
5450
109
1625
32
32
5450
109
32
32
109
32
480
480
6315
480
3976
3029
12929
9655
6865
3584
12929
9655
9655
3584
13115
6306
9655
9655
13115
6306
6306
6306
594
6306
6306
6306
594
32
5450
109
32
32
109
32
480
3029
9655
3584
9655
9655
9655
9655
6306
9655
6306
6306
6306
6306
6306
6306
32
109
32
324
999
827
2193
827
2193
827
2193
627
1697
627
1697
627
1697
627
1697
627
2571
999
999
324
324
999
999
827
827
14191
2193
827
827
14191
1697
827
627
14080
1697
627
627
14080
1697
627
627
5794
5794
627
627
5794
2571
1990
4722
999
999
324
999
999
999
324
324
324
999
999
999
8406
827
827
14191
14080
1697
827
827
627
14080
5794
5794
627
627
627
5794
5794
5794
627
627
627
5794
5794
2571
1990
1990
6069
9394
1990
4722
999
999
9718
999
999
999
324
324
999
999
999
1356
324
324
324
324
999
999
5653
5530
8406
8406
827
627
5794
5794
5794
5794
8406
147
627
627
5794
5794
5794
2571
147
1990
1990
6069
12342
9394
1990
1990
6069
4722
1990
4722
999
1356
9718
999
1356
1356
324
9718
999
1356
1356
5530
324
324
324
999
1356
5653
5653
5530
324
324
324
324
147
5653
5653
5653
5653
2571
13827
13827
147
147
6069
12342
12342
9394
147
147
147
6069
6069
9394
147
147
6069
4722
147
4722
1356
1356
11623
1356
1356
1356
9718
11623
1356
1356
5653
5530
324
324
10546
193
5653
5653
5653
3955
1625
1625
1625
193
193
11808
11808
9034
1625
1625
1625
147
2499
193
11808
9034
13827
147
147
6578
6069
4722
147
147
6578
440
147
440
1356
1356
11623
1356
1356
5530
10546
10546
193
5653
5653
3955
10087
10546
193
193
11808
9034
1625
10087
193
193
193
9034
1625
1625
2499
2499
193
193
1625
1625
147
2499
2499
440
147
147
6578
440
147
440
1356
1356
10546
193
5653
3955
10546
193
193
9034
10546
193
193
193
10087
193
193
193
10087
2499
2499
193
1625
2499
2499
2499
1625
147
2499
440
147
440
193
3955
193
193
193
193
193
193
193
193
2499
2499
2499
2499
2499
2499
147
440
2480
2480
2480
2480
2480
3823
3823
3823
3823
162
805
2134
1338
11916
2480
9778
11916
2480
9778
11916
2480
9778
3845
5081
3845
3845
5081
3845
3845
5081
3845
3845
3003
3845
3845
3003
1847
805
2134
3817
805
5748
2134
1338
11538
11916
12930
2480
1338
11916
11916
12930
2480
9778
11916
3845
12119
5081
3845
3845
3845
12119
3003
3845
3845
3845
12119
3003
3845
3845
3845
13371
3003
6550
6550
3321
1847
805
2134
805
805
5748
2134
3817
3817
805
5748
5748
2134
1338
11538
11538
11916
12930
12119
3003
1338
11538
11916
3845
12119
12119
3003
1338
3845
3845
3845
12119
13371
3003
3845
3845
3845
3845
13371
13371
3003
6550
6550
6550
9233
3321
6550
6550
5310
1847
805
2134
805
805
5748
161
3817
805
805
5748
5748
161
3817
3817
3817
805
5748
5748
9363
3003
1338
11538
11538
11538
3845
12119
13371
13371
3003
1338
8414
1140
3845
3845
13371
13371
13371
3003
1140
1140
6550
6550
9233
13577
3321
1140
6550
6550
9233
3321
6550
6550
5310
1847
49
161
805
49
9746
161
805
805
49
9746
9363
8044
3817
3817
805
49
9363
9363
9363
8044
3817
3817
3817
3817
49
5430
5430
5430
5430
1907
8414
8414
8414
1140
1140
9233
13577
13577
3321
8414
1140
1140
1140
9233
9233
3321
1140
1140
1140
9233
5310
1140
1140
5310
1140
49
161
49
49
9746
161
49
49
49
9363
9363
8044
3817
49
49
49
5430
5430
5430
1907
5021
5021
5021
1335
1335
5430
5430
5430
5021
5021
5021
1140
3179
1335
5430
3321
8414
8414
1140
1140
3179
3179
3321
1140
1140
1140
3179
2913
1140
1140
2913
1140
49
161
49
49
9363
8044
49
49
49
5430
5430
1907
6116
10226
1335
1335
5430
5430
5021
6116
1335
1335
1335
5430
5021
5021
6116
9543
1335
1335
5021
5021
1140
3179
3179
2913
8414
1140
1140
3179
2913
1140
1140
2913
1140
49
161
49
49
5430
1907
10226
1335
1335
5430
10226
1335
1335
1335
6116
1335
1335
1335
6116
6116
9543
1335
5021
6116
9543
7794
5021
1140
3179
2913
1140
1140
2913
1140
49
1907
1335
1335
1335
1335
1335
1335
1335
1335
6116
7794
6116
7794
6116
7794
1140
2913
1140
1338
5322
12891
5322
12891
5322
12891
5322
4130
4130
4130
4130
4130
4130
4130
1139
1139
405
7217
7217
1338
1338
7217
5322
11792
12891
12891
5322
13987
12891
12891
4130
13987
4130
4130
4130
7551
4130
4130
1139
7551
4130
1139
1139
2723
1139
1139
405
2723
2911
7217
7217
1338
7217
7217
7217
1338
1338
1338
7217
7217
5322
11792
11792
12891
12891
4130
1139
11792
13987
4130
4130
1139
1139
7551
7551
4130
1139
1139
1139
2723
2723
1139
1139
1139
405
2723
2723
9502
2911
2723
6038
7217
7217
9778
7217
7217
3823
1338
1338
7217
7217
3823
3823
1338
1338
1338
1338
7217
1139
1139
1139
11792
11792
11792
4130
1139
1139
1139
1139
8462
2723
2723
1139
1139
1139
1139
405
2723
2723
2723
9502
14210
2911
2723
2723
9502
2911
2723
6038
3823
3823
9778
3823
3823
3823
1338
9778
3823
3823
3823
7198
1338
1338
1338
3823
3823
7198
7198
7198
1338
1338
1338
1338
1139
1139
1139
1139
1139
405
8462
8462
8462
2723
9502
14210
14210
2911
8462
8654
2723
9502
9502
2911
8654
2723
9502
6038
2723
6038
3823
3823
10164
3823
3823
3823
9778
10164
3823
3823
7198
7198
1338
1338
10164
3823
7198
7198
7198
685
9555
9555
3192
3192
4430
7902
7902
7902
8462
8462
8462
3192
3320
3320
7902
2911
8462
8462
3320
3320
3320
2911
8654
3320
3320
3320
3320
3320
3823
3823
10164
3823
3823
7198
10164
10164
3823
7198
7198
685
3192
13269
4430
4430
7902
7902
3192
3192
3192
4430
4430
7902
9555
3192
3192
3965
3965
4430
8462
8462
3192
3320
3320
3320
8462
3320
3320
3320
3320
3320
3823
3823
10164
3823
7198
685
13269
4430
4430
7902
13269
4430
4430
4430
3192
3192
4430
4430
3192
3192
3965
3965
3192
3192
3965
3965
8462
3192
3320
3320
3320
3320
3823
685
4430
4430
4430
4430
4430
4430
3192
4430
3192
3965
3192
3965
3192
3965
3192
3320
822
2176
2480
2494
2480
2494
2480
2494
2480
9635
5081
9635
5081
9635
5081
1336
1336
1336
822
2176
2134
822
10683
2176
2134
2480
12334
2494
2480
2480
12334
2494
2480
2480
12022
9635
5081
5081
12022
1336
5081
5081
1336
1336
3003
1336
1336
1336
3003
2181
822
2176
822
822
10683
2176
2134
2134
822
10683
10683
2176
2134
2134
2480
12334
12022
1336
2134
2480
2480
12022
1336
1336
2480
5081
5081
1336
1336
1336
3003
3003
1336
1336
1336
1336
3003
3003
9420
2181
3003
6548
822
2176
822
822
10683
164
8232
822
822
10683
10329
164
2134
2134
2134
822
10683
1336
1336
1336
2134
2134
2134
2480
1336
1336
1336
1336
161
161
3003
1336
1336
1336
1336
1336
3003
3003
3003
9420
14033
2181
3003
3003
9420
2181
3003
6548
597
164
822
597
10329
164
822
822
597
10329
7212
7212
8232
8232
822
597
7212
7212
7212
7212
161
161
161
161
161
1336
1336
1336
1336
1336
161
161
161
3003
9420
14033
14033
2181
161
8044
3003
9420
9420
2181
8044
3003
9420
6548
3003
6548
597
164
597
597
10329
164
597
597
597
7212
7212
7212
8232
597
597
597
7212
7212
7212
1359
11043
11043
6880
3363
3363
10535
10535
10535
161
161
161
161
4979
3363
10535
2181
161
161
4979
4979
4979
2181
8044
4979
4979
4979
4979
4979
597
164
597
597
7212
7212
597
597
597
7212
7212
1359
6880
13836
3363
3363
10535
10535
6880
6880
3363
3363
3363
10535
11043
6880
6583
6583
3363
3363
161
161
161
4979
4979
4979
161
4979
4979
4979
4979
4979
597
164
597
597
7212
1359
13836
3363
3363
10535
13836
3363
3363
3363
6880
3363
3363
3363
6880
6583
6583
3363
6880
6583
6583
6583
161
161
4979
4979
4979
4979
597
1359
3363
3363
3363
3363
3363
3363
3363
3363
6583
6583
6583
6583
6583
6583
161
4979
2193
2417
2595
5840
2595
5840
2595
5840
2595
1700
9672
1700
9672
1700
9672
1700
1442
522
2193
2417
2193
2595
2417
2417
2595
2595
2417
6746
2595
2595
5840
6746
2595
11269
1700
9672
9672
11269
1700
9672
9672
1678
1700
6985
1442
1678
3582
1442
1442
522
2193
2193
2193
12829
2417
2417
2193
2595
2595
2417
2417
2417
2595
2595
2595
2417
2417
6746
2595
11269
1678
2417
6746
9672
9672
1678
1678
1700
6985
6985
1442
1678
1678
3582
6985
1442
1442
4085
3582
1442
1442
522
2193
2193
2193
12829
7904
2193
2193
12829
12829
2417
2417
2417
2193
2595
119
119
2417
2417
2417
2417
2595
1678
1678
1678
489
489
489
6985
1442
1678
1678
1678
326
6985
6985
1442
1442
12620
4085
326
6985
1442
1442
1442
3582
1442
1442
522
1697
2193
1697
13990
2193
2193
1697
13990
119
7904
7904
2193
1697
119
119
119
489
489
489
489
119
119
119
119
119
489
489
489
489
1442
1442
12620
12620
4085
489
489
8306
1442
1442
1442
4085
326
8306
1442
1442
1442
326
1442
1442
326
1697
1697
1697
13990
1697
1697
1697
119
119
7904
1697
1697
119
119
119
119
12699
12699
5530
2571
2571
10545
10545
366
489
489
489
489
5636
1442
10545
366
489
489
489
8306
9605
1442
1442
326
8306
8306
9605
1442
326
8306
8100
326
1697
1697
1697
119
1697
1697
119
119
119
5530
12276
2571
2571
10545
366
5530
5530
2571
2571
2571
366
12699
5530
5530
5636
2571
366
489
489
489
5636
5636
5636
489
489
8306
9605
8100
326
8306
8100
326
1697
1697
119
119
12276
2571
2571
366
12276
2571
2571
366
5530
2571
2571
2571
5530
5530
5636
2571
5530
5530
5636
5636
489
489
5636
5636
326
8306
8100
326
119
2571
366
2571
2571
2571
2571
2571
2571
5530
5636
5530
5636
5530
5636
489
5636
326
2176
3395
5840
8892
5840
8892
5840
8892
1700
1632
1700
1632
1700
1632
1700
1632
1700
4881
2494
3395
2176
2176
7714
3395
5840
5840
13739
8892
5840
5840
13739
1632
5840
1700
9107
1632
1700
1700
9107
1632
1700
1700
9107
11675
1700
1700
11675
4881
3582
5638
2494
3395
2176
2494
7714
3395
2176
2176
2176
7714
7714
3395
11469
5840
5840
13739
9107
1632
5840
5840
1700
9107
9107
11675
1700
1700
1700
9107
11675
11675
1700
1700
1700
11675
11675
4881
3582
3582
10512
5638
3582
7193
2494
3395
2494
2494
7714
3395
2176
2176
2494
7714
7714
3244
2176
2176
2176
2176
7714
3244
3244
3244
11469
11469
5840
1700
9107
11675
11675
11675
10930
326
1700
1700
11675
11675
11675
4881
326
3582
3582
10512
13419
5638
3582
3582
10512
5638
3582
7193
2494
8900
2494
2494
8900
8900
2176
2494
2494
8900
3244
3244
2176
2176
2176
2494
3244
3244
3244
3244
164
164
164
164
164
3244
3244
3244
3244
3244
10930
10930
326
326
10512
13419
13419
5638
326
326
326
10512
10512
5638
326
326
10512
7193
326
7193
8900
8900
9635
8900
8900
3244
2494
9635
8900
3244
3244
3244
164
164
9635
3244
3244
3244
3244
3244
164
164
164
3393
7095
7095
7095
6959
164
164
164
164
3393
3393
7095
5638
10930
326
326
9774
9774
5638
326
326
9774
876
326
876
8900
8900
9635
8900
3244
3244
9635
9635
3244
3244
3244
3244
10060
11540
11540
7095
7095
6959
164
10060
3393
13483
7095
6959
164
164
3393
3393
3393
6959
164
164
164
3393
3393
876
326
326
9774
876
326
876
8900
3244
9635
3244
3244
3244
11540
11540
7095
6959
11540
11540
13483
6959
10060
3393
13483
9785
10060
3393
3393
3393
164
3393
3393
3393
164
164
3393
876
326
876
3244
3244
11540
6959
11540
9785
11540
9785
3393
9785
3393
3393
3393
3393
3393
3393
164
876
3395
5322
5322
5322
4195
4195
4195
4195
405
8892
3395
3395
10741
5322
5322
10741
5322
5322
10741
5322
4195
4195
12179
4195
4195
12179
4195
3243
6846
405
3243
405
405
8892
3395
8892
11947
3395
3395
3395
10741
10741
12621
5322
5322
10741
4195
5322
5322
4195
4195
3243
5322
12179
4195
3243
3243
6846
6846
405
3243
3243
6846
405
405
6958
405
405
8892
8892
8892
11947
3395
3395
8892
11947
9097
3395
3395
3395
3395
10741
1020
1020
12621
12621
5322
4195
3243
3243
3243
12621
5322
6846
405
3243
3243
3243
6846
6846
405
405
12263
6958
6846
405
405
405
405
405
1632
8892
1632
9097
3395
8892
1632
9097
1020
3395
3395
3395
1632
1020
1020
1020
3395
3395
3395
3395
405
1020
1020
1020
1020
13272
13272
10681
405
405
12263
12263
6958
10681
10681
405
405
405
6958
10681
405
405
405
405
405
1632
1632
1632
9097
1632
1632
1632
1020
1020
3395
1632
1632
1020
1020
1020
1020
13487
13487
7108
7108
9344
12448
12448
2600
13272
13272
13272
4428
4428
405
12263
2600
13272
10681
4428
4428
405
405
10681
4428
4428
405
4428
4428
1632
1632
1632
1020
1632
1632
1020
1020
1020
7108
13804
9344
9344
12448
2600
7108
7108
7108
9344
9344
2600
13487
7108
7108
7864
7864
2600
13272
13272
4428
4428
4428
4428
10681
4428
4428
4428
4428
4428
1632
1632
1020
1020
13804
9344
9344
2600
13804
9344
9344
2600
7108
7108
9344
9344
7108
7108
7864
7864
7108
7108
7864
7864
13272
4428
4428
4428
4428
4428
1020
9344
2600
9344
9344
9344
9344
7108
9344
7108
7864
7108
7864
7108
7864
4428
4428
526
526
526
526
526
882
882
882
882
567
526
526
543
526
526
543
526
526
543
526
526
543
526
2149
5022
2149
2149
5022
2149
2149
5022
2149
2149
5022
2149
2606
2064
3656
1677
2479
526
526
526
5321
5321
526
526
526
543
13952
526
526
526
543
13952
526
2149
2149
543
13133
2149
2149
2149
5022
13133
2149
2149
11270
5022
13133
2149
10551
2606
6598
11804
2064
2064
3656
1677
2479
3656
4245
1677
2479
2479
526
526
526
526
5321
5321
5321
526
526
526
2149
5321
5321
13952
526
2149
2149
11270
543
13133
13133
2149
2149
11270
11270
5022
13133
13133
2149
10551
10551
2606
6598
14349
11804
10551
7536
6598
11804
2064
2064
3656
1677
3656
3656
4245
385
2479
2479
3656
4245
385
385
2479
2479
2479
526
526
385
4658
4027
5321
5321
5321
5321
526
2149
11270
11270
11270
566
3677
3677
13133
2149
10551
10551
10551
2606
566
6940
14349
11804
10551
10551
7536
4991
14349
11804
11804
2064
6598
11804
2064
2064
385
385
3656
385
385
385
2479
3656
385
385
385
4027
2479
2479
2479
385
385
4658
4658
4027
192
192
192
192
192
1650
1650
1650
1650
1640
566
3677
3677
3677
5064
10551
10551
10551
7536
566
3677
6940
5064
11804
10551
7536
4991
6940
5064
11804
2064
4991
5064
2064
2064
385
385
5961
385
385
385
3656
5961
385
385
4658
4027
192
192
3058
385
1650
1650
1650
1640
192
192
192
1674
1650
1650
1650
1650
192
192
192
192
1674
1650
1650
1650
566
3677
3677
5064
5064
5064
2064
566
6940
5064
5064
2064
4991
5064
5064
3147
385
385
5961
385
385
4027
3058
3058
385
1650
1650
1640
3058
3058
3058
1650
1650
1650
192
9509
1674
10651
1650
1650
192
192
1674
1674
1674
1650
192
192
192
1674
1674
1674
566
3677
5064
5064
5064
4991
5064
5064
3147
385
385
3058
385
1650
1640
3058
3058
1650
1650
3058
3058
10651
1650
9509
1674
10651
6629
9509
1674
1674
1674
192
1674
1674
1674
192
192
1674
1674
566
5064
5064
3147
385
1640
3058
1650
3058
6629
3058
6629
1674
6629
1674
1674
1674
1674
1674
1674
192
1674
3147
956
956
956
956
569
569
569
569
569
261
956
956
2492
956
956
2492
956
956
2492
956
956
2492
956
7898
3425
5023
7898
3425
5023
7898
3425
5023
891
3425
891
289
2301
6308
11034
2394
956
956
956
5471
2803
956
956
956
2492
2803
956
956
956
2492
2803
956
7898
7898
2492
5023
5023
7898
891
3425
5023
5023
891
891
3425
5023
891
891
289
9912
9912
2339
2301
6308
11034
2394
6308
11211
11034
2394
2394
956
956
956
956
5471
10303
2803
956
956
956
891
5471
2803
2803
956
7898
891
891
2492
2803
5023
5023
891
891
891
3425
5023
5023
891
891
891
289
9912
9912
9912
7708
2339
9912
9912
11102
2301
6308
11034
6308
6308
11211
1813
2394
2394
6308
11211
10959
166
2394
2394
2394
956
956
166
166
166
5471
10303
10303
2803
956
891
891
891
891
1555
1555
1555
5023
891
891
891
891
289
1555
3654
9912
9912
7708
7708
2339
3654
9912
9912
13941
2339
9912
9912
11102
2301
673
1813
6308
673
10959
1813
2394
6308
673
10959
166
166
2394
2394
2394
673
166
166
166
166
1555
1555
1555
1555
166
166
166
166
166
166
1555
1555
1555
1555
3654
7708
7708
7708
2339
1555
1555
3654
3654
13941
7708
2339
3654
3654
3654
13941
11102
3654
3654
11102
2301
673
1813
673
673
10959
166
673
673
673
166
166
166
2394
673
673
166
166
166
166
166
7490
7490
7490
647
647
11135
11135
179
1555
1555
1555
1451
1451
647
7708
179
1555
1555
1555
3654
6258
6258
2339
1555
3654
3654
6258
3570
3654
3654
3570
3570
673
1813
673
673
166
166
673
673
166
166
166
166
11332
14016
647
647
11135
179
7490
11332
647
647
647
179
7490
7490
1451
1451
647
179
1555
1555
1451
1451
1451
1451
1555
1555
3654
6258
3570
3654
3654
3570
3570
673
166
673
166
166
166
14016
647
647
179
14016
647
647
179
11332
647
647
647
11332
1451
1451
647
7490
1451
1451
1451
1555
1451
1451
1451
1555
3654
3570
3570
166
166
647
179
647
647
647
647
647
647
1451
1451
1451
1451
1451
1451
1451
1451
3570
543
1495
543
1495
543
1495
543
1495
543
8931
5022
8931
5022
8931
5022
1675
1675
1675
2492
5664
5471
543
7595
1495
543
543
14231
1495
543
543
14231
1495
543
543
8931
8931
5022
5022
8931
1675
5022
5022
1675
1675
5022
1675
1675
1675
6598
3383
2492
5664
2492
2492
7595
5664
5471
5471
543
7595
7595
1495
5634
543
543
14231
8931
1675
543
543
543
8931
1675
1675
543
5022
5022
1675
1675
1675
5022
5022
1675
1675
1675
1675
6598
6598
10910
4080
6598
3383
2492
5664
2492
2492
7595
569
5471
2492
2492
7595
4286
569
5471
5471
5471
543
7595
1675
1675
1675
5634
5634
543
543
1675
1675
1675
1675
566
543
5022
1675
1675
1675
1675
1675
4991
6598
6598
10910
10910
4080
6598
6598
13315
3383
6598
3383
2492
569
2492
2492
4286
569
2492
2492
2492
4286
4286
10653
5471
5471
2492
2492
4286
10653
10653
10653
566
566
566
566
543
1675
1675
1675
1675
1453
566
566
566
3231
10910
10910
10910
4080
566
4991
3231
13315
10910
4080
4991
3231
13315
3383
3231
3383
3425
569
3425
3425
4286
569
2492
3425
3425
4286
10653
10653
5471
2492
3425
3425
10653
10653
10653
1453
12130
12130
8475
5318
5318
11417
11417
1453
566
566
566
566
3231
3231
10910
1453
566
566
3231
3231
3231
3383
4991
3231
3231
3231
3231
3231
3425
569
3425
3425
4286
10653
3425
3425
3425
10653
10653
1453
8475
14337
5318
5318
11417
1453
8475
8475
5318
5318
5318
1453
12130
8475
7026
7026
5318
1453
566
566
566
3231
3231
3231
566
3231
3231
3231
3231
3231
3425
569
3425
3425
10653
1453
14337
5318
5318
1453
14337
5318
5318
1453
8475
5318
5318
5318
8475
7026
7026
5318
8475
7026
7026
7026
566
566
3231
3231
3231
3231
3425
1453
5318
1453
5318
5318
5318
5318
5318
5318
7026
7026
7026
7026
7026
7026
566
3231
874
874
874
874
811
811
811
811
811
75
247
874
247
6615
874
7137
6615
874
7137
6615
874
7137
811
2147
811
811
2147
811
811
2147
811
811
2147
811
811
270
411
651
1760
247
247
4084
874
247
247
6615
6615
874
247
7137
6615
6615
874
7137
7137
811
13093
2147
811
811
811
13093
2147
811
811
811
9333
6586
811
811
811
6545
270
11178
6464
270
411
651
1760
651
651
4084
1760
247
247
247
4084
4084
874
247
247
247
6615
6615
6615
2147
247
247
7137
811
13093
9333
6586
247
811
811
811
9333
9333
6586
811
811
811
811
6545
6545
270
11178
13114
6464
6464
270
11178
6464
6464
411
651
1760
651
651
4084
1760
1542
651
651
4084
3607
1284
247
247
247
247
4084
1284
1284
1284
247
247
247
247
811
9333
9333
9333
6586
11
11
11
811
811
6545
6545
6545
270
11
13114
13114
6464
6464
6545
270
1868
13114
6464
6464
270
11178
6464
6464
411
651
3607
651
651
3607
3607
651
651
651
3607
1284
1284
1542
1542
651
651
1284
1284
1284
1284
11
11
11
11
11
1284
1284
1284
1284
270
11
11
11
11
694
6464
6545
6545
270
11
11
14132
694
6464
6464
270
1868
14132
694
6464
6464
1868
694
6464
306
3607
3607
6165
3607
3607
1284
651
6165
3607
1284
1284
1284
1542
651
5113
1284
1284
1284
1284
461
8365
8365
4555
2501
2501
10054
10054
3239
11
11
11
11
694
694
6545
270
11
11
11
694
694
694
270
11
14132
694
694
694
1868
694
694
306
3607
3607
6165
3607
1284
1284
5113
5113
1284
1284
1284
461
4555
5113
2501
2501
10054
3239
4555
4555
2501
2501
2501
3239
8365
4555
4555
12455
2501
1182
11
11
11
694
694
694
11
11
694
694
694
1868
694
694
306
3607
1284
5113
1284
1284
461
5113
2501
2501
3239
5113
2501
2501
1182
4555
2501
2501
1182
4555
4555
12455
1182
4555
4555
12455
1367
11
11
694
694
11
694
694
306
1284
461
2501
1182
2501
1182
2501
1182
2501
1182
4555
1367
4555
1367
4555
1367
11
694
306
1267
1267
1267
1267
764
764
764
764
764
25
22
1171
80
5865
6312
5865
5865
6312
5865
5865
6312
5865
764
764
2043
764
764
2043
764
764
2043
764
764
2043
764
278
25
1171
1171
22
22
1171
1171
80
5865
5865
6887
6312
80
5865
5865
6887
764
5865
5865
764
764
764
2043
12968
764
764
764
2043
12968
764
764
4954
2043
2098
764
2113
278
2098
2098
25
25
1171
1171
22
1171
1171
1171
22
22
22
1171
1171
1171
80
7814
5865
5865
6887
764
764
80
5865
5865
764
764
764
4954
80
5865
12968
764
764
8226
4954
2043
2098
2098
764
2113
2113
278
2098
2098
2098
2113
2113
2098
2098
25
25
1171
1171
14131
1171
1171
1171
22
22
1171
1171
1171
474
22
22
22
22
1171
764
8226
474
80
7814
7814
5865
764
764
8226
8226
4954
80
7814
158
2098
764
2113
2113
2113
278
158
158
2098
2098
2113
2113
2113
158
2098
2098
8894
25
2098
2098
25
25
1171
2776
14131
1171
2776
2776
22
14131
1171
2776
2776
474
22
22
22
1171
2776
8922
8922
474
22
22
22
22
22
255
255
255
255
255
1203
12161
12161
158
158
2113
2113
2113
2113
1203
158
158
158
8894
2113
2113
158
158
158
8894
25
158
158
25
25
2776
2776
12273
2776
2776
474
12273
12273
2776
2776
8922
474
22
22
1317
255
255
255
255
255
427
427
427
1317
255
255
255
255
427
427
427
158
5595
255
255
255
1203
12161
158
158
5595
5595
25
158
158
158
5595
25
158
158
469
48
2776
2776
12273
2776
2776
474
1317
1317
255
255
255
255
1317
1317
1317
255
255
255
427
9468
1317
14044
255
255
427
427
8972
8972
8972
255
427
427
158
5595
5595
469
1203
158
158
5595
469
158
158
469
48
2776
474
1317
255
255
255
1317
1317
255
255
1317
1317
14044
255
9468
1317
14044
3309
9468
8972
8972
2942
427
8972
8972
2942
427
158
5595
469
158
158
469
48
255
255
1317
255
1317
3309
1317
3309
1317
3309
8972
2942
8972
2942
8972
2942
158
469
48
80
3028
3348
3348
3348
3348
3348
3348
1438
1438
1438
1438
1438
1438
1438
1438
1438
2182
3028
3028
80
80
3028
3028
3791
3348
3348
3348
10531
3348
3348
1438
10531
1438
1438
1438
11671
1438
1438
1438
11671
1438
1438
5080
11178
1438
2182
2182
11178
411
3028
3028
80
3028
3028
3028
80
80
80
3028
3028
3028
3791
3791
3348
3348
1438
1438
3791
10531
1438
1438
1438
5080
10531
11671
1438
1438
10594
5080
11178
11178
1438
2182
2182
2182
11178
11178
2182
2182
11178
411
3028
3028
11567
3028
3028
3028
80
80
3028
3028
3028
2448
80
80
80
80
3028
1438
10594
2448
3791
3791
3791
1438
1438
10594
10594
5080
3791
1868
11178
1438
2182
2182
2182
2182
1868
11178
11178
2182
2182
2182
11178
11178
12000
411
11178
411
2043
4823
11567
2043
8643
4823
80
11567
2043
8643
8643
2448
80
80
80
2043
8643
11701
11701
2448
80
80
80
80
48
2182
2182
2182
2182
2182
12796
12796
1868
1868
2182
2182
2182
2182
1868
1868
1868
12000
2182
2182
1868
1868
12000
411
1868
411
2043
4823
2043
2043
8643
2448
2043
2043
2043
8643
11701
2448
80
80
2043
788
2940
2940
2940
2448
1203
1203
1203
48
788
2940
2940
2940
1203
1203
1203
48
48
48
2182
2182
12796
1868
1868
13714
12000
411
1868
1868
13714
411
1868
4479
2043
4823
2043
2043
8643
2448
2043
2043
788
2940
2940
2448
4704
4704
788
788
2940
2940
1203
10260
48
788
788
2940
1203
1203
48
48
48
788
1203
1203
48
48
48
48
1868
1868
13714
4479
1868
4479
2043
2448
2043
788
2940
2448
4704
788
788
2940
4704
788
788
788
10260
48
788
788
10260
48
48
48
1203
48
48
48
1203
48
48
48
1868
4479
788
2448
788
788
788
788
788
788
48
788
48
48
48
48
48
48
48
48
874
2303
7141
7141
7141
7141
7141
7141
912
912
912
912
912
912
912
912
912
1906
874
2303
1677
874
6596
2303
1677
7141
7141
7141
11325
7141
7141
912
11325
912
912
912
13663
912
912
912
13663
912
912
7593
13639
912
4606
1906
7405
2606
874
2303
874
874
6596
2303
1677
1677
874
6596
6596
2303
1677
1677
7141
7141
912
912
1677
11325
912
912
912
7593
11325
13663
912
912
12439
7593
13639
13639
912
4606
4606
1906
13639
7405
4606
4606
7405
2606
874
2303
874
874
6596
2303
1760
874
874
6596
6596
1198
1677
1677
1677
874
6596
912
12439
1198
1677
1677
1677
912
912
12439
12439
7593
1677
1677
13639
912
4606
4606
4606
1906
4027
13639
7405
4606
4606
4606
13639
7405
7405
2606
7405
2606
874
5020
874
874
8868
5020
874
874
874
8868
8868
1198
1760
1760
874
874
8868
14136
14136
1198
1677
1677
1677
1677
461
1180
1180
1180
1180
1180
10665
10665
4027
4027
4606
4606
4606
4606
4027
4027
4027
7405
4606
4606
4027
4027
7405
2606
4027
2606
2147
5020
2147
2147
8868
1198
874
2147
2147
8868
14136
1198
1760
874
2147
1180
1180
1180
1180
1180
8981
8981
8981
461
1180
1180
1180
1180
8981
8981
8981
461
461
461
1180
1180
10665
4027
4027
9963
7405
2606
4027
4027
9963
2606
4027
8147
2147
5020
2147
2147
8868
1198
2147
2147
1180
1180
1180
1180
6586
6586
4875
1180
1180
1180
8981
9028
461
4875
1180
1180
8981
8981
461
461
461
1180
8981
8981
461
461
461
461
4027
4027
9963
8147
4027
8147
2147
1198
2147
1180
1180
1180
6586
4875
1180
1180
6586
4875
4875
1180
9028
461
4875
4875
9028
461
461
461
8981
461
461
461
8981
461
461
461
4027
8147
1180
1180
4875
1180
4875
4875
4875
4875
461
4875
461
461
461
461
461
461
461
461
2497
2497
2497
2497
1565
1565
1565
1565
1565
44
1150
2986
1150
2986
2986
2864
2986
2986
2864
2986
2986
2864
2986
3850
7910
3850
3850
7910
3850
3850
7910
3850
741
1224
437
741
44
3200
3200
1150
1150
2986
2986
1150
1150
2986
2986
2986
1150
7006
2986
2986
2986
2864
7006
2986
3850
3850
2864
13365
3850
3850
741
7910
13365
3850
3850
741
1224
9094
437
9063
741
1224
437
437
44
3200
3200
6312
3200
3200
3200
1150
1150
1150
2986
2986
2986
1150
1150
1150
2986
2986
2986
741
1150
1150
7006
2986
3850
3850
741
1150
7006
13365
3850
3850
9063
741
1224
9094
9094
437
9063
9063
741
1224
9094
437
437
8632
1224
437
437
44
3200
3200
6312
3200
3200
3200
13144
6312
3200
3200
3200
4010
1150
1150
1150
1150
2986
2986
9063
741
1150
1150
1150
1150
2986
3850
9063
9063
741
1150
1150
1150
9094
437
9063
9063
9063
741
82
9094
9094
437
437
13205
8632
82
9094
437
437
437
1224
437
437
44
1925
4010
6312
1925
13280
4010
6312
6312
1925
13280
11234
6745
13144
13144
6312
1925
11234
11234
11234
6745
1150
1150
1150
1150
23
3121
3121
3121
3121
741
4008
4008
4008
4008
23
437
13205
13205
8632
4008
4008
14001
23
437
437
8632
82
14001
23
437
437
82
23
437
23
1925
4010
1925
1925
13280
4010
1925
1925
1925
11234
11234
6745
12096
474
1925
1925
3121
3121
3121
1231
12096
12096
474
474
3121
3121
3121
3121
4008
4008
4008
23
23
23
3121
3121
4008
4008
4008
23
23
23
437
82
14001
23
23
23
82
23
23
23
1925
4010
1925
1925
11234
6745
1925
1925
1925
3121
3121
1231
474
4954
4954
3121
3121
3121
474
474
474
11317
3121
3121
12096
474
474
13588
11317
3121
4008
4008
23
23
23
23
4008
4008
23
23
23
82
23
23
23
1925
4010
1925
1925
3121
1231
4954
4954
3121
3121
4954
4954
11317
3121
474
474
11317
9455
474
474
13588
1314
474
474
13588
1314
4008
23
23
23
82
23
23
23
1925
1231
4954
3121
4954
9455
4954
9455
474
9455
474
1314
474
1314
474
1314
23
23
23
739
739
739
739
739
739
739
739
739
4353
4353
4353
4353
4353
4353
85
962
85
2864
2497
4233
739
739
739
4233
739
739
739
8554
739
739
739
8554
739
4353
4353
10824
4353
4353
85
10824
4353
3689
85
962
962
3689
85
962
2507
2864
2497
2864
2864
10162
2497
4233
4233
739
739
739
739
4233
4233
739
739
739
85
4233
8554
739
4353
3689
85
8554
10824
4353
3689
3689
85
962
962
962
3689
3689
85
962
962
4759
4759
962
2507
2864
2497
2864
2864
10162
1895
13131
2864
2864
10162
9417
1248
4233
4233
4233
739
739
739
3689
85
4233
4233
4233
739
3689
3689
3689
85
1643
962
962
962
3689
3689
3689
85
962
962
962
4759
4759
4759
962
962
6200
2507
962
2507
2864
1895
2864
2864
9417
1895
2864
2864
2864
9417
9417
1248
13131
13131
2864
2864
9417
12209
12209
1248
1643
1643
1643
1643
82
446
446
446
446
85
1643
1643
1643
962
4759
4759
4759
4759
1643
7934
962
6200
4759
4759
7934
962
6200
2507
962
2507
7910
1895
7910
7910
9417
1248
2864
7910
7910
9417
12209
1248
13131
82
1224
446
446
446
446
150
13658
13658
82
82
446
446
446
446
1643
1643
1643
82
2859
446
446
446
1643
1643
2859
2859
2859
2507
7934
2859
2859
2507
2859
2859
7910
1895
7910
7910
9417
1248
1224
1224
446
446
446
150
82
1224
1224
446
446
446
82
82
82
9755
446
446
13658
82
82
11142
9755
446
1643
1643
82
2859
2859
253
1643
2859
2859
2859
2859
2859
7910
1248
1224
446
446
150
1224
1224
446
446
1224
1224
9755
446
82
82
9755
3107
82
82
11142
253
82
82
11142
253
1643
82
2859
253
2859
2859
446
150
1224
446
1224
3107
1224
3107
82
3107
82
253
82
253
82
253
82
253
4749
4749
4749
4749
4532
4532
4532
4532
4532
691
1267
4755
1267
4755
4755
6523
4755
4755
6523
4755
4755
6523
4755
4585
14129
13567
4585
14129
13567
4585
14129
13567
4585
4568
2332
1838
691
6454
6454
1267
1267
4755
4755
1267
1267
4755
4755
4755
1267
6523
4755
4755
4585
6523
6523
4755
13567
4585
6523
14129
13567
13567
4585
14129
14129
13567
9888
5015
4568
4568
2332
2332
1838
4568
4043
2332
691
6454
6454
7021
6454
6454
6454
1267
1267
1267
4755
4755
4755
1267
1267
1267
4755
4755
4755
4585
1267
1267
6523
4755
13567
9888
5015
1267
6523
14129
13567
9888
9888
5015
4568
4568
4568
2332
2332
2332
1838
4568
4568
4043
2332
2332
4568
4043
4043
691
6454
6454
7021
6454
6454
1565
11039
7021
6454
6454
1565
1152
1267
1267
1267
1267
4755
1565
9663
1152
1267
1267
1267
1267
4755
9888
9888
9888
5015
1267
1267
422
4568
2332
2332
2332
2332
1838
422
422
4568
4043
2332
2332
2332
422
4568
4043
4043
2332
4568
4043
4043
691
1565
1565
7021
1565
1565
1565
7021
7021
1565
1565
1565
1152
11039
11039
7021
1565
1565
9663
9663
1152
1267
1267
1267
1267
422
2332
2332
2332
2332
1152
4358
9257
9257
422
422
2332
2332
2332
2332
4358
422
422
422
4043
2332
2332
422
422
422
4043
4043
422
422
4043
409
1565
1565
7712
1565
1565
1152
7021
7712
1565
1565
9663
1152
4010
741
741
741
9663
9663
9663
1152
4010
4010
4010
741
6225
10893
10893
7475
4010
4010
4010
422
6512
2332
2332
2332
4358
9257
422
422
12259
4043
2332
422
422
422
12259
1186
422
422
1186
409
1565
1565
7712
1565
1565
1152
741
741
741
9663
9663
1152
741
741
741
6225
10893
7475
4010
6745
741
6225
6225
7475
4010
4010
6512
6512
6225
1986
4010
4010
422
6512
6512
1186
4358
422
422
12259
1186
422
422
1186
409
1565
1152
741
741
9663
1152
741
741
6225
7475
741
741
6225
1986
6745
741
6225
1986
6745
6512
6512
1986
4010
6512
6512
6512
4010
422
6512
1186
422
422
1186
409
741
1152
741
1986
741
1986
741
1986
741
1986
6512
6512
6512
6512
6512
6512
422
1186
409
1337
1337
6584
6584
6584
6584
6584
6584
6584
6792
11960
6792
11960
6792
11960
6456
1916
2306
1337
1337
3002
1337
1337
1337
3002
6584
6584
6584
9160
6584
6584
6584
9160
6584
11960
6792
14369
11960
11960
6456
14369
11960
9404
6456
5444
1916
7410
2306
1916
1916
1337
1337
11245
1337
1337
1337
3002
3002
1337
1337
1337
1337
3002
3002
6584
6584
6584
6456
3002
9160
6584
11960
9404
6456
9160
14369
11960
9404
9404
6456
5444
5444
1916
7410
7410
2306
5444
1916
1916
7410
1916
1916
1337
1337
11245
1337
1337
1337
13370
11245
1337
1337
1337
3262
3002
3002
3002
1337
1337
1337
3262
3262
3002
3002
3002
6584
9404
9404
9404
6456
3002
3002
5444
1916
7410
7410
7410
2306
3505
5444
1916
1916
7410
7410
5444
1916
1916
1916
1916
1916
1337
8121
11245
1337
9553
8121
11245
11245
1337
9553
3262
3262
13370
13370
11245
1337
3262
3262
3262
3262
3002
3002
3002
3002
409
3262
3262
3262
3262
2306
4358
4358
3505
409
1916
7410
7410
7410
3505
3505
409
1916
1916
7410
3505
409
1916
1916
409
1916
4613
8121
4613
4613
9553
3262
4613
4613
4613
3262
3262
3262
4823
2448
4613
3262
3262
3262
3262
3262
4823
4823
2448
2448
3577
3577
3577
3275
4358
4358
4358
409
409
409
3577
3275
4358
3505
409
409
409
1916
3505
409
409
409
409
409
4613
8121
4613
4613
3262
3262
4613
4613
3262
3262
3262
3262
2448
5080
5080
3577
3577
3275
2448
2448
2448
12203
3577
3275
4823
2448
2448
11689
11689
3275
4358
4358
409
409
409
409
3505
409
409
409
409
409
4613
3262
4613
3262
3262
3262
5080
5080
3577
3275
5080
5080
12203
3275
2448
2448
12203
9634
2448
2448
11689
5571
2448
2448
11689
5571
4358
409
409
409
409
409
3262
3262
5080
3275
5080
9634
5080
9634
2448
9634
2448
5571
2448
5571
2448
5571
409
409
2497
3118
2814
3118
2814
3118
2814
3118
2814
3842
3842
3842
3842
3842
3842
3688
313
1496
10112
2497
2497
2814
5677
3118
2814
2814
3118
3118
2814
2814
3118
3118
2814
9558
3118
3842
3842
9558
3842
3842
3842
9558
3688
3688
313
313
3688
3688
313
1496
10112
2497
10112
11034
2497
2497
2497
2814
2814
5677
11905
3118
2814
2814
2814
5677
3118
3118
2814
9558
9558
3118
3118
3842
3842
9558
9934
3688
3688
3688
313
313
313
3688
3688
3688
313
313
3688
3688
2770
1496
10112
10112
10112
11034
2497
2497
10112
11034
1813
2497
2497
2497
2497
2814
1813
9934
5677
11905
11905
3118
2814
9558
9934
9934
1815
9398
3118
3688
313
313
313
313
1815
3688
3688
3688
313
313
313
3688
3688
3688
10590
313
3688
3688
2770
1496
1813
10112
1813
1813
2497
10112
1813
1813
1813
2497
2497
2497
1813
1813
11716
11716
1895
1895
1895
1895
85
313
313
313
313
1815
9398
9398
8458
3688
313
313
313
313
1815
8458
8458
3688
10590
313
313
4044
8458
3688
10590
2770
4044
3688
2770
1496
1813
12329
1813
1813
10112
12329
1813
1813
11716
1895
85
85
85
3625
3625
3625
1895
1895
1248
85
3625
3625
3625
3625
1895
1895
1895
1248
7583
313
313
313
1815
9398
8458
8458
13368
10590
313
1815
8458
8458
13368
2770
4044
8458
6202
2386
1813
12329
1813
1813
85
85
85
3625
3625
85
85
85
3625
3625
3625
1248
1248
85
10426
3625
3625
1895
1248
1248
7583
7583
260
1895
1895
1248
7583
7583
3154
1815
8458
8458
13368
6202
4044
8458
6202
2386
1813
85
85
3625
85
85
3625
3625
85
85
10426
260
1248
85
10426
260
1248
1248
7583
260
1248
1248
7583
3154
1895
1248
7583
3154
1815
8458
6202
2386
85
85
260
85
260
85
260
85
260
1248
3154
1248
3154
1248
3154
1248
3154
2386
4693
4749
4749
4749
4749
4749
4749
4749
4585
4532
4585
4532
4585
4532
4585
4532
4585
3643
4693
7142
5677
4693
4749
4749
9687
4749
4749
4749
9687
4749
4749
4532
9687
4585
11483
4532
4585
4585
11483
4532
4585
4585
11483
4819
4585
4585
12219
3643
5015
6227
4693
7142
4693
4693
10328
7142
5677
5677
4693
4749
4749
4749
11708
9687
4749
4749
4749
4532
9687
9687
4585
11483
11483
4819
4585
4585
4585
11483
12219
4819
4585
4585
4585
12219
12219
3643
5015
5015
9900
6227
5015
9544
4693
7142
4693
4693
10328
1562
5677
4693
4693
10328
1562
1562
5677
5677
5677
4693
4749
1562
9767
4819
11708
11708
9687
4585
11483
12219
12219
4819
11708
1152
4585
4585
12219
12219
12219
3643
1152
5015
5015
9900
14286
6227
5015
5015
9900
6227
5015
9544
1562
1562
4693
1562
1562
1562
4693
4693
1562
1562
1562
9767
5677
5677
4693
1562
1562
9767
9767
9767
1815
1815
1815
1815
1152
9199
9199
9199
9199
3643
12333
12333
1152
1152
9900
14286
14286
6227
1152
1152
1152
9900
9900
6227
1152
1152
9900
9544
1152
9544
1562
1562
10038
1562
1562
1562
4693
10038
1562
1562
9767
9767
1815
1815
10038
1496
9199
9199
9199
5407
1815
1815
1815
1496
1496
9199
9199
5407
1815
1815
1815
1152
4222
1496
9199
5407
12333
1152
1152
12911
9900
6227
1152
1152
12911
1459
1152
1459
1562
1562
10038
1562
1562
9767
10038
10038
1496
9199
9199
5407
4044
12642
1496
1496
9199
5407
1815
4044
1496
1496
1496
5407
1815
1815
4044
4222
1496
1496
1815
1815
1152
4222
4222
1459
1152
1152
12911
1459
1152
1459
1562
1562
10038
1496
9199
5407
12642
1496
1496
5407
12642
1496
1496
1496
4044
1496
1496
1496
4044
4044
4222
1496
1815
4044
4222
4222
1815
1152
4222
1459
1152
1459
1496
5407
1496
1496
1496
1496
1496
1496
1496
1496
4044
4222
4044
4222
4044
4222
1152
1459
2303
3350
11268
11268
11268
11268
11268
11268
6792
6800
6792
6800
6792
6800
6792
3004
4920
1498
3350
3350
2303
2303
3350
3350
12744
11268
11268
11268
13234
11268
11268
6800
13234
6792
7267
6800
6792
6792
7267
3004
6792
6792
7267
3004
6456
4920
12126
1498
4920
2306
3350
3350
2303
3350
3350
3350
2303
2303
2303
3350
3350
3350
12744
12744
11268
11268
7267
3004
12744
13234
6792
7267
7267
3004
6792
6792
6792
7267
14135
3004
6456
6456
4920
12126
12126
1498
6456
4920
4920
12039
4920
2306
3350
3350
11297
3350
3350
882
2303
2303
3350
3350
882
882
2303
2303
2303
2303
3350
882
11627
3004
12744
12744
12744
6792
7267
14135
14135
3004
8121
6456
6456
4920
12126
12126
12126
1498
6456
6456
4920
4920
12126
12039
6456
4920
4920
2306
4920
2306
882
882
11297
882
882
882
2303
11297
882
882
882
5319
2303
2303
2303
882
882
11627
11627
5319
2303
2303
2303
2303
882
2389
2389
2389
2389
1498
8121
8121
7495
4920
4920
12126
12126
12039
7495
7495
4920
4920
4920
12039
7495
4920
4920
2306
4920
2306
882
882
13760
882
882
882
11297
13760
882
882
11627
5319
2303
1198
7593
882
2389
2389
2389
2389
5020
5020
1198
1198
2389
2389
2389
2389
5020
5020
5020
1198
6159
2389
2389
2389
8121
7495
6159
6159
4920
2306
7495
6159
6159
2306
6159
5254
882
882
13760
882
882
5319
7593
7593
882
2389
2389
2389
1198
7593
7593
2389
2389
2389
1198
1198
1198
9841
2389
2389
5020
1198
1198
14375
9841
2389
5020
5020
1198
6159
6159
3046
7495
6159
6159
5254
6159
5254
882
882
7593
882
2389
2389
7593
7593
2389
2389
7593
7593
9841
2389
1198
1198
9841
9841
1198
1198
14375
3046
1198
1198
14375
3046
5020
1198
6159
3046
6159
5254
882
2389
7593
2389
7593
9841
7593
9841
1198
9841
1198
3046
1198
3046
1198
3046
1198
3046
1495
13512
13512
13512
4532
4532
4532
4532
3004
1495
5664
1495
12257
7142
13512
14202
13512
13512
14202
13512
4532
6800
4532
4532
6800
4532
4532
3004
4532
3004
3004
4819
1498
1495
1495
1495
12257
5664
5664
1495
12257
12257
7142
7142
13512
14202
6800
7142
13512
4532
6800
3004
4532
4532
4532
3004
3004
4532
4532
3004
3004
3004
4819
4819
7592
1498
4819
7592
1495
1495
1495
12257
5664
1495
1495
12257
8961
5664
5664
5664
1495
12257
3004
3004
7142
7142
7142
4532
3004
3004
3004
4268
4268
4532
3004
3004
3004
3004
4819
4819
4819
7592
11709
1498
4819
4819
7592
1498
4819
7592
1495
1495
1495
8961
1495
1495
1495
8961
5319
5664
5664
1495
1495
5319
5319
5319
569
569
569
569
569
3004
3004
3004
3004
4268
4268
4268
4819
7592
11709
11709
1498
4268
13254
4819
7592
7592
1498
13254
4819
7592
7592
4819
7592
8961
9557
8961
8961
1495
9557
8961
5319
5319
569
569
9557
2304
5319
5319
5319
569
569
569
2304
2304
12416
12416
9914
569
569
569
569
5472
2304
11709
1498
4268
4268
5472
5472
5472
1498
13254
5472
5472
5472
5472
5472
8961
9557
8961
5319
9557
9557
2304
5319
5319
10914
10914
2304
2304
12416
9914
569
11903
2304
2304
2304
9914
569
569
5956
5956
2304
2304
569
569
569
5472
5472
5472
4268
5472
5472
5472
5472
5472
8961
9557
2304
5319
10914
2304
2304
9914
10914
2304
2304
2304
11903
2304
2304
2304
11903
5956
5956
2304
569
5956
5956
5956
569
569
5472
5472
5472
5472
2304
2304
2304
2304
2304
2304
2304
2304
2304
5956
5956
5956
5956
5956
5956
569
5472
1726
1726
1726
1726
1726
2733
2733
2733
2733
66
359
1016
617
8386
8979
8386
8386
8979
8386
8386
8979
8386
4067
2733
4067
4067
2733
4067
4067
2733
4067
4067
2733
4067
4067
1641
1550
359
1016
2288
359
5589
1016
617
4598
8386
8979
8979
617
8386
8386
8979
2733
8386
8386
4067
9448
2733
4067
4067
4067
9448
2733
4067
4067
4067
9448
6424
4067
4067
4067
10443
1641
6889
4887
1641
1550
359
1016
359
359
5589
1016
2288
2288
359
5589
5589
1016
617
4598
4598
8386
8979
8979
2733
617
4598
8386
4067
9448
9448
6424
617
4067
4067
4067
9448
10443
6424
4067
4067
4067
4067
10443
10443
1641
6889
6889
4887
4887
1641
6889
4887
4887
1550
359
1016
359
359
5589
65
2288
359
359
5589
5589
65
2288
2288
2288
359
5589
5589
5702
5702
617
4598
4598
4598
4067
9448
10443
10443
6424
617
4598
949
4067
4067
10443
10443
10443
1641
949
949
6889
4887
4887
13982
1641
949
6889
4887
4887
1641
6889
4887
4887
1550
18
65
359
18
11093
65
359
359
18
11093
5702
5702
2288
2288
359
18
5702
5702
5702
5702
2288
2288
2288
2288
18
5702
5702
5702
5702
1641
5955
7105
7105
949
949
4887
13982
13982
1641
5955
949
949
949
4887
4887
1641
949
949
949
4887
4887
949
949
4887
949
18
65
18
18
11093
65
18
18
18
5702
5702
5702
2288
18
18
18
5702
5702
5702
2223
2660
2660
2660
614
614
6645
6645
3954
2660
2660
2660
949
1489
614
6645
1641
5955
7105
949
949
1489
1489
1641
949
949
949
1489
1489
949
949
1489
949
18
65
18
18
5702
5702
18
18
18
5702
5702
2223
7667
9213
614
614
6645
3954
2660
7667
614
614
614
3954
2660
2660
5939
5939
614
614
2660
2660
949
1489
1489
1489
5955
949
949
1489
1489
949
949
1489
949
18
65
18
18
5702
2223
9213
614
614
3954
9213
614
614
614
7667
614
614
614
7667
5939
5939
614
2660
5939
5939
5939
2660
949
1489
1489
949
949
1489
949
18
2223
614
614
614
614
614
614
614
614
5939
5939
5939
5939
5939
5939
949
1489
949
617
4176
8939
8939
8939
8939
8939
8939
2064
4863
2064
4863
2064
4863
2064
3679
2064
1756
4176
4176
617
617
4176
4176
8138
8939
8939
8939
11624
8939
8939
4863
11624
2064
7102
4863
2064
2064
7102
3679
2064
2064
7102
3679
2064
2064
13157
1756
5886
1756
4176
4176
617
4176
4176
4176
617
617
617
4176
4176
4176
8138
8138
8939
8939
7102
3679
8138
11624
2064
7102
7102
3679
2064
2064
2064
7102
13157
3679
2064
2064
2064
13157
13157
1756
7536
5886
5886
1756
5886
3081
4176
4176
9609
4176
4176
4176
617
617
4176
4176
4176
4156
617
617
617
617
4176
4156
4156
3679
8138
8138
8138
2064
7102
13157
13157
3679
6629
2064
2064
2064
13157
13157
13157
1756
7536
7536
5886
5886
13944
1756
7536
5886
5886
1756
5886
3081
4176
6632
9609
4176
13907
6632
617
9609
4176
13907
4156
4156
617
617
617
4176
4156
4156
4156
4156
617
617
617
617
617
4156
4156
4156
4156
1756
6629
6629
6629
1640
5886
13944
13944
1756
6629
9026
1640
5886
5886
1756
9026
1640
5886
3081
1640
3081
10572
6632
10572
10572
13907
4156
9609
10572
10572
4156
4156
4156
617
617
9360
3814
4156
4156
4156
2780
5955
5955
1507
1507
3814
9896
9896
8357
5955
5955
5955
1507
1640
1640
9896
1756
6629
6629
1640
1640
1640
1756
9026
1640
1640
1640
1640
1640
10572
6632
10572
10572
4156
4156
9360
9360
3814
4156
4156
2780
1507
9360
3814
3814
9896
8357
1507
1507
1507
3814
3814
8357
5955
1507
1507
13282
3814
3814
5955
5955
1507
1640
1640
1640
6629
1640
1640
1640
1640
1640
10572
4156
9360
3814
4156
2780
9360
3814
3814
8357
9360
3814
3814
3814
1507
1507
3814
3814
1507
1507
13282
3249
1507
1507
13282
3249
5955
1507
1640
1640
1640
1640
3814
2780
3814
3814
3814
3814
3814
3814
1507
3814
1507
3249
1507
3249
1507
3249
1507
1640
122
122
122
122
68
68
68
68
68
68
122
122
376
122
122
376
122
122
376
122
122
376
122
1716
4158
1716
1716
4158
1716
1716
4158
1716
1716
3336
1716
3464
1692
3560
7467
2629
122
122
122
2629
2629
122
122
122
376
13724
122
122
122
376
13724
122
1716
1716
376
8220
1716
1716
1716
4158
8220
1716
1716
3464
3336
3336
1716
3464
3464
3336
3336
4698
1692
3560
7467
3560
3560
11351
7467
2629
2629
122
122
122
122
2629
2629
2629
122
122
122
1716
2629
2629
13724
122
1716
1716
3464
376
8220
8220
1716
1716
3464
3464
3336
3336
3336
1716
3464
3464
3464
3336
3336
3336
10147
4698
3336
3336
4825
1692
3560
7467
3560
3560
11351
869
5414
3560
3560
11351
11351
869
2629
2629
2629
122
122
122
3464
3464
2629
2629
2629
2629
122
1716
3464
3464
3464
207
207
207
3336
1716
3464
3464
3464
3464
207
3336
3336
3336
10147
13896
4698
3336
3336
3336
10147
4698
3336
3336
4825
1692
304
869
3560
304
13949
869
3560
3560
304
13949
4226
4226
5414
5414
3560
304
4226
4226
4226
4226
207
207
207
207
122
3464
3464
3464
3464
3464
207
207
207
207
3336
10147
13896
13896
4698
207
207
7454
3336
10147
10147
4698
3722
7454
3336
10147
4825
3722
3336
4825
1692
304
869
304
304
13949
869
304
304
304
4226
4226
4226
5414
304
304
304
4226
4226
4226
4226
7808
7808
7808
2018
2018
8809
8809
8466
207
207
207
207
3710
2018
8809
4698
207
207
207
3710
3710
3710
4698
207
7454
3710
3710
3710
3722
3710
3710
2686
304
869
304
304
4226
4226
304
304
304
4226
4226
4226
11336
13888
2018
2018
8809
8466
7808
11336
2018
2018
2018
8466
7808
7808
6104
6104
2018
2018
207
207
207
3710
3710
3710
207
207
3710
3710
3710
3722
3710
3710
2686
304
869
304
304
4226
4226
13888
2018
2018
8466
13888
2018
2018
2018
11336
2018
2018
2018
11336
6104
6104
2018
7808
6104
6104
6104
207
207
3710
3710
207
3710
3710
2686
304
4226
2018
2018
2018
2018
2018
2018
2018
2018
6104
6104
6104
6104
6104
6104
207
3710
2686
376
1058
376
1058
376
1058
376
1058
376
68
4158
68
4158
68
4158
68
1692
638
12607
5169
1016
376
10251
1058
376
376
10251
1058
376
376
10251
68
376
376
10957
68
4158
4158
10957
68
4158
4158
4171
4171
4158
1692
4171
638
1692
1692
12607
5169
1016
12607
12607
5169
1016
1016
376
10251
10251
1058
5306
376
376
10251
10251
68
376
376
376
10957
4171
4171
376
4158
4158
4171
4171
4171
4158
4158
1692
4171
4171
638
13212
1692
1692
8379
1692
1692
12607
5169
12813
12607
12607
5169
1016
1016
12607
12607
11898
615
1016
1016
1016
376
10251
615
615
615
5306
5306
376
376
4171
4171
4171
4171
5306
376
4158
1692
4171
4171
4171
638
3722
13212
1692
1692
9126
8379
13212
1692
1692
1692
1692
1692
2733
6077
12813
2733
11898
6077
1016
12813
2733
11898
615
615
1016
1016
1016
2733
615
615
615
615
65
65
65
65
65
615
615
615
615
615
12387
12387
3722
1692
1692
9126
9126
8379
3722
3722
1692
1692
1692
8379
3722
1692
1692
1692
1692
1692
2733
6077
2733
2733
11898
615
2733
2733
2733
615
615
615
65
65
2733
615
615
615
615
615
65
65
65
2607
5792
12583
12583
1063
65
65
65
65
2607
1692
9126
1063
12387
3722
3722
6888
1692
1692
3722
3722
6888
1692
3722
6888
2733
6077
2733
2733
615
615
2733
2733
615
615
615
615
6424
6424
5792
5792
12583
1063
65
8842
2607
5792
5792
1063
65
65
2607
2607
2607
1063
65
65
65
2607
2607
2607
3722
3722
6888
6888
3722
6888
2733
615
2733
615
615
615
6424
5792
5792
1063
6424
5792
5792
1063
8842
2607
5792
5792
8842
2607
2607
2607
65
2607
2607
2607
65
65
2607
2607
3722
6888
615
615
5792
1063
5792
5792
5792
5792
2607
5792
2607
2607
2607
2607
2607
2607
65
2607
381
381
381
381
219
219
219
219
219
96
381
1075
381
381
1075
381
381
1075
381
381
1075
381
381
872
4206
4206
872
4206
4206
872
4206
4206
872
845
845
3163
96
2207
2207
7067
381
2207
1075
495
381
381
13991
1075
381
381
381
13991
872
381
381
381
8560
872
381
4206
4206
8560
872
4206
4206
4206
6816
6816
845
845
845
6816
3163
845
845
2237
96
2207
2207
7467
2207
2207
2207
7067
7067
381
2207
2207
1075
495
7067
381
381
13991
8560
872
495
381
381
381
8560
6816
6816
381
381
4206
4206
6816
6816
6816
845
845
845
845
6816
6816
3163
845
845
845
9683
5764
845
845
2237
96
2207
2207
8543
2207
2207
635
7467
7467
2207
2207
635
635
7067
7067
7067
381
2207
635
5304
5304
495
7067
7067
381
381
6816
6816
6816
6816
495
7067
52
845
845
6816
6816
6816
3163
52
52
845
845
9683
13823
5764
52
845
845
9683
2237
845
845
2237
96
635
635
8543
635
635
635
7467
8543
635
635
635
5304
7467
7467
7467
635
635
5304
5304
5304
869
869
869
869
52
5304
5304
5304
5304
2020
2294
14245
14245
52
52
9683
13823
13823
5764
2294
52
52
52
9683
9683
5764
52
52
52
9683
2237
52
52
2237
52
635
635
7809
635
635
635
7809
7809
635
635
5304
5304
869
869
7809
635
5304
5304
5304
2020
869
869
869
6726
8156
8156
8156
2020
869
869
869
52
3335
3335
8156
2020
2294
14245
52
52
3335
3335
2237
52
52
52
3335
169
52
52
169
52
635
635
7809
635
635
5304
7809
7809
635
5304
5304
2020
13038
13712
10891
8156
8156
2020
869
13038
6726
10891
8156
2020
869
869
6726
6726
6726
2020
869
869
52
3335
3335
169
2294
52
52
3335
169
52
52
169
52
635
635
7809
635
5304
2020
13712
10891
8156
2020
13712
10891
10891
2020
13038
6726
10891
10891
13038
6726
6726
6726
869
6726
6726
6726
869
52
3335
169
52
52
169
52
635
2020
10891
2020
10891
10891
10891
10891
6726
10891
6726
6726
6726
6726
6726
6726
52
169
52
495
755
755
755
755
755
755
755
755
1744
1744
1744
1744
1744
1744
1744
295
5286
1080
2775
495
495
755
755
495
755
755
755
6221
755
755
755
6221
755
1744
1744
12658
1744
1744
1744
12658
1744
1744
7280
12137
295
7344
5286
295
295
1080
2775
1080
1080
13048
2775
495
495
495
755
755
755
495
495
755
755
755
1744
495
6221
755
1744
1744
7280
6221
12658
1744
1744
7344
7280
12137
12137
295
7344
7344
5286
12137
295
295
6907
295
295
1080
2775
1080
1080
13048
2358
10108
1080
1080
13048
13048
2358
495
495
495
495
755
755
7344
7280
495
495
495
755
1744
7344
7344
7280
495
495
12137
295
7344
7344
7344
5286
7117
12137
295
295
12784
6907
12137
295
295
295
295
295
900
2358
1080
900
13950
2358
1080
1080
900
13950
7445
7445
10108
10108
1080
900
7445
7445
7445
7445
495
495
495
495
129
7344
7344
7344
7344
3547
2294
2294
2294
295
295
12784
12784
6907
2294
7117
295
295
295
6907
7117
295
295
295
295
295
900
2358
900
900
13950
2358
900
900
900
7445
7445
7445
10108
129
900
900
7445
7445
7445
3547
13164
13164
129
129
7648
11256
11256
10693
2294
2294
2294
129
3481
295
11256
6907
2294
2294
3481
3481
295
295
7117
3481
3481
295
3481
3481
900
2358
900
900
7445
7445
900
900
900
7445
7445
3547
129
1796
1796
7648
11256
10693
129
129
129
7648
7648
10693
13164
129
129
7997
7648
4318
2294
2294
129
3481
3481
393
2294
3481
3481
3481
3481
3481
900
2358
900
900
7445
3547
1796
1796
7648
10693
1796
1796
7648
4318
129
129
7648
4318
129
129
7997
393
129
129
7997
393
2294
129
3481
393
3481
3481
900
3547
1796
4318
1796
4318
1796
4318
129
4318
129
393
129
393
129
393
129
393
3462
3462
3462
3462
3462
4865
4865
4865
4865
217
1058
2719
1726
12855
3462
6426
12855
3462
6426
12855
3462
6426
4865
6126
4865
4865
6126
4865
4865
6126
4865
4865
3908
4865
4865
3908
2485
1058
2719
5169
1058
7412
2719
1726
11741
12855
13713
3462
1726
12855
12855
13713
3462
6426
12855
4865
9048
6126
4865
4865
4865
9048
3908
4865
4865
4865
9048
3908
4865
4865
4865
11385
3908
7975
7975
3095
2485
1058
2719
1058
1058
7412
2719
5169
5169
1058
7412
7412
2719
1726
11741
11741
12855
13713
9048
3908
1726
11741
12855
4865
9048
9048
3908
1726
4865
4865
4865
9048
13870
3908
4865
4865
4865
4865
11385
11385
3908
7975
7975
7975
10568
4150
7975
7975
3095
2485
1058
2719
1058
1058
7412
216
5169
1058
1058
7412
6372
216
5169
5169
5169
1058
7412
6372
10667
3908
1726
11741
11741
11741
4865
9048
13870
13870
3908
1726
7196
1558
4865
4865
11385
11385
11385
3908
1558
1558
7975
7975
10568
11385
4150
1558
7975
7975
10568
3095
7975
7975
3095
2485
68
216
1058
68
6372
216
1058
1058
68
6372
6372
7066
5169
5169
1058
68
6372
10667
10667
7066
5169
5169
5169
5169
68
3307
3307
3307
3307
2538
7196
7196
7196
1558
1558
10568
11385
11385
4150
7196
1558
1558
1558
10568
10568
4150
1558
1558
1558
10568
3095
1558
1558
3095
1558
68
216
68
68
6372
216
68
68
68
6372
10667
7066
5169
68
68
68
3307
3307
3307
2538
6077
6077
6077
1723
1723
3307
3307
3307
6077
6077
6077
1558
4022
1723
3307
3307
7196
7196
1558
1558
4022
4022
3095
1558
1558
1558
4022
3095
1558
1558
3830
1558
68
216
68
68
6372
7066
68
68
68
3307
3307
2538
7680
9110
1723
1723
3307
3307
6077
7680
1723
1723
1723
3307
6077
6077
7680
10811
1723
1723
6077
6077
1558
4022
4022
3830
7196
1558
1558
4022
3830
1558
1558
3830
1558
68
216
68
68
3307
2538
9110
1723
1723
3307
9110
1723
1723
1723
7680
1723
1723
1723
7680
7680
10811
1723
6077
7680
10811
6769
6077
1558
4022
3830
1558
1558
3830
1558
68
2538
1723
1723
1723
1723
1723
1723
1723
1723
7680
6769
7680
6769
7680
6769
1558
3830
1558
1726
3147
13415
3147
13415
3147
13415
3147
3328
3328
3328
3328
3328
3328
3328
1557
1557
567
6426
8447
1726
1726
8447
3147
12777
13415
13415
3147
14116
13415
13415
3147
14116
3328
3328
3328
4863
3328
3328
1557
4863
3328
1557
1557
3679
1557
1557
567
3679
3828
6426
8447
1726
6426
8447
8447
1726
1726
1726
8447
8447
3147
12777
12777
13415
13415
3328
1557
12777
14116
3328
3328
1557
1557
4863
4863
3328
1557
1557
1557
3679
3679
1557
1557
1557
567
3679
3679
10782
3828
3679
7623
6426
8447
6426
6426
8447
5175
1726
1726
6426
8447
5175
5175
1726
1726
1726
1726
8447
1557
1557
1557
12777
12777
12777
3328
1557
1557
1557
1557
6632
3679
3679
1557
1557
1557
1557
567
3679
3679
3679
10782
13265
3828
3679
3679
10782
3828
3679
7623
5175
5175
6426
5175
5175
5175
1726
6426
5175
5175
5175
8429
1726
1726
1726
5175
5175
8429
8429
8429
1726
1726
1726
1726
1557
1557
1557
1557
1557
567
6632
6632
6632
2780
10782
13265
13265
3828
6632
10254
2780
10782
10782
3828
10254
2780
10782
7623
2780
7623
5175
5175
11956
5175
5175
5175
6426
11956
5175
5175
8429
8429
1726
1726
11956
5175
8429
8429
8429
953
10818
10818
4034
4034
5645
9783
9783
9783
6632
6632
6632
2780
2780
2780
9783
3828
6632
6632
2780
2780
2780
3828
10254
2780
2780
2780
2780
2780
5175
5175
11956
5175
5175
8429
11956
11956
5175
8429
8429
953
4034
13815
5645
5645
9783
9783
4034
4034
4034
5645
5645
9783
10818
4034
4034
4678
4678
5645
6632
6632
2780
2780
2780
2780
6632
2780
2780
2780
2780
2780
5175
5175
11956
5175
8429
953
13815
5645
5645
9783
13815
5645
5645
5645
4034
4034
5645
5645
4034
4034
4678
4678
4034
4034
4678
4678
6632
2780
2780
2780
2780
2780
5175
953
5645
5645
5645
5645
5645
5645
4034
5645
4034
4678
4034
4678
4034
4678
2780
2780
1075
2758
3462
3476
3462
3476
3462
3476
3462
8759
6126
8759
6126
8759
6126
1724
1724
1724
1075
2758
2719
1075
12201
2758
2719
3462
13511
3476
3462
3462
13511
3476
3462
3462
8759
8759
6126
6126
8759
1724
6126
6126
1724
1724
3908
1724
1724
1724
3908
2763
1075
2758
1075
1075
12201
2758
2719
2719
1075
12201
12201
2758
2719
2719
3462
13511
8759
1724
2719
3462
3462
8759
1724
1724
3462
6126
6126
1724
1724
1724
3908
3908
1724
1724
1724
1724
3908
3908
10716
2763
3908
4447
1075
2758
1075
1075
12201
219
9992
1075
1075
12201
8549
219
2719
2719
2719
1075
12201
1724
1724
1724
2719
2719
2719
3462
1724
1724
1724
1724
216
216
3908
1724
1724
1724
1724
1724
3908
3908
3908
10716
13394
2763
3908
3908
10716
2763
3908
4447
872
219
1075
872
8549
219
1075
1075
872
8549
8442
7069
9992
9992
1075
872
8442
8442
8442
7069
216
216
216
216
216
1724
1724
1724
1724
1724
216
216
216
3908
10716
13394
13394
2763
216
7066
3908
10716
10716
2763
7066
3908
10716
4447
3908
4447
872
219
872
872
8549
219
872
872
872
8442
8442
7069
9992
872
872
872
8442
8442
8442
1747
12388
12388
8171
3163
3163
8776
8776
8776
216
216
216
216
4379
3163
8776
2763
216
216
6040
6040
6040
2763
7066
6040
6040
4447
6040
6040
872
219
872
872
8442
7069
872
872
872
8442
8442
1747
8171
13050
3163
3163
8776
8776
8171
8171
3163
3163
3163
8776
12388
8171
4379
4379
3163
3163
216
216
216
4379
4379
4379
216
6040
6040
6040
6040
6040
872
219
872
872
8442
1747
13050
3163
3163
8776
13050
3163
3163
3163
8171
3163
3163
3163
8171
4379
4379
3163
8171
4379
4379
4379
216
216
4379
4379
6040
6040
872
1747
3163
3163
3163
3163
3163
3163
3163
3163
4379
4379
4379
4379
4379
4379
216
4379
2775
3423
3570
6252
3570
6252
3570
6252
3570
2361
10899
2361
10899
2361
10899
2016
754
261
3423
3423
2775
2775
3423
3423
3570
3570
6252
6252
3570
3570
6252
2361
3570
3570
10899
2361
11102
10899
10899
2016
11102
10899
8257
2016
2339
754
754
261
2339
754
3423
3423
2775
3423
3423
3423
2775
2775
2775
3423
3423
3423
13052
3570
3570
6252
6252
2016
3570
3570
3570
10899
8257
2016
3570
11102
10899
8257
8257
2016
2339
2339
754
754
754
261
2339
2339
754
754
2339
5383
3423
3423
6232
3423
3423
644
2775
2775
3423
3423
644
497
2775
2775
2775
2775
3423
644
8257
497
13052
13052
3570
3570
8257
8257
8257
2016
13052
179
2339
754
754
754
754
261
179
2339
2339
754
754
754
2339
2339
11664
754
2339
5383
644
644
6232
644
644
644
2775
6232
644
644
644
497
2775
2775
2775
644
644
9594
9594
497
2358
2358
2358
2358
179
754
754
754
754
261
13962
13962
179
179
754
754
754
754
179
179
179
11664
754
754
179
179
11664
5383
179
5383
644
644
13626
644
644
497
6232
13626
644
644
9594
497
2358
2358
7280
644
6811
6811
6811
447
2358
2358
2358
3547
6811
6811
6811
6811
2358
2358
2358
179
3547
754
754
754
13962
179
179
11050
11050
754
179
179
11050
531
179
531
644
644
13626
644
644
497
7280
7280
644
6811
6811
447
7280
7280
7280
6811
6811
6811
2358
9531
3547
7330
6811
6811
2358
2358
3547
3547
3547
6811
2358
2358
179
3547
3547
531
179
179
11050
531
179
531
644
497
7280
644
6811
447
7280
7280
6811
6811
7280
7280
7330
6811
9531
3547
7330
7330
9531
3547
3547
3547
2358
3547
3547
3547
2358
179
3547
531
179
531
644
447
7280
6811
7280
7330
7280
7330
3547
7330
3547
3547
3547
3547
3547
3547
179
531
2758
4215
7485
10397
7485
10397
7485
10397
2361
2301
2361
2301
2361
2301
2361
2301
2016
4930
3476
4215
2758
2758
9684
4215
7485
7485
14087
10397
7485
7485
14087
2301
7485
2361
8588
2301
2361
2361
8588
2301
2361
2361
8588
12692
2016
2016
11261
4930
2016
4764
3476
4215
2758
3476
9684
4215
2758
2758
2758
9684
9684
4215
10972
7485
7485
14087
8588
2301
7485
7485
2361
8588
8588
12692
2361
2361
2361
8588
12692
12692
2016
2016
2016
11261
11261
4930
2016
2016
11261
4930
2016
4764
3476
4215
3476
3476
9684
4215
2758
2758
3476
9684
9684
4081
2758
2758
2758
2758
9684
4081
4081
4081
10972
10972
7485
2361
8588
12692
12692
12692
10972
497
2016
2016
11261
11261
11261
4930
497
2016
2016
11261
11261
4930
2016
2016
12131
4764
2016
4764
3476
10402
3476
3476
10402
10402
2758
3476
3476
10402
4081
4081
2758
2758
2758
3476
4081
4081
4081
4081
219
219
219
219
219
4081
4081
4081
4081
3282
12337
12337
497
497
11261
11261
11261
4930
497
497
497
12131
11261
4930
497
497
12131
4764
497
4764
10402
10402
10874
10402
10402
4081
3476
10874
10402
4081
4081
4081
219
219
10874
4081
4081
4081
4081
3282
219
219
219
4213
8352
8352
8352
8239
219
219
219
219
4213
4213
8352
4930
12337
497
497
6420
6420
4764
497
497
6420
447
497
447
10402
10402
10874
10402
4081
4081
10874
10874
4081
4081
4081
3282
7069
12598
12598
8352
8352
8239
219
7069
4213
13924
8352
8239
219
219
4213
4213
4213
6441
219
219
219
4213
4213
447
497
497
6420
447
497
447
10402
4081
10874
4081
4081
3282
12598
12598
8352
8239
12598
12598
13924
6441
7069
4213
13924
6441
7069
4213
4213
4213
219
4213
4213
4213
219
219
4213
447
497
447
4081
3282
12598
6441
12598
6441
12598
6441
4213
6441
4213
4213
4213
4213
4213
4213
219
447
3147
3147
3147
3147
3147
3383
3383
3383
567
10397
4215
3147
9506
3147
3147
9506
3147
3147
9506
3147
3147
3383
9319
3383
3383
9319
3383
3383
8140
567
4080
567
567
10397
4215
10397
12877
4215
4215
3147
9506
9506
11099
3147
3147
9506
3383
3147
3147
3147
3383
3383
3147
9319
3383
3383
4080
8140
8140
567
4080
4080
8140
567
567
8238
567
567
10397
10397
10397
12877
4215
4215
10397
12877
8577
4215
4215
4215
3147
9506
1453
1453
11099
11099
3147
3147
3383
4080
4080
11099
3147
8140
567
4080
4080
4080
8140
8140
567
567
9511
8238
8140
567
567
567
567
567
2301
10397
2301
8577
4215
10397
2301
8577
1453
4215
4215
4215
2301
1453
1453
1453
4215
4215
4215
4215
567
1453
1453
1453
1453
13817
13817
12199
567
567
9511
9511
8238
12199
12199
567
567
567
8238
12199
567
567
567
567
567
2301
2301
2301
8577
2301
2301
2301
1453
1453
4215
2301
2301
1453
1453
1453
1453
13926
13926
8359
7025
10655
10973
10973
3574
13817
13817
13817
5643
5643
567
9511
3574
13817
12199
5643
5643
567
567
12199
5643
5643
567
5643
5643
2301
2301
2301
1453
2301
2301
1453
1453
1453
8359
13054
10655
10655
10973
3574
8359
8359
7025
10655
10655
3574
13926
8359
7025
7025
7025
3574
13817
13817
5643
5643
5643
5643
12199
5643
5643
5643
5643
5643
2301
2301
1453
1453
13054
10655
10655
3574
13054
10655
10655
3574
8359
7025
10655
10655
8359
7025
7025
7025
8359
7025
7025
7025
13817
5643
5643
5643
5643
5643
1453
10655
3574
10655
10655
10655
10655
7025
10655
7025
7025
7025
7025
7025
7025
5643
5643
445
445
445
445
445
750
750
750
750
108
347
445
347
5084
445
8384
5084
445
8384
5084
445
8384
1064
2732
1064
1064
2732
1064
1064
2732
1064
1064
2732
1064
1064
365
259
924
2416
347
347
5084
445
347
347
5084
5084
445
347
8384
5084
5084
445
8384
8384
1064
13450
2732
1064
1064
1064
13450
2732
1064
1064
1064
10645
6765
1064
1064
1064
7972
365
9150
4747
365
259
924
2416
924
924
5382
2416
347
347
347
5084
5084
445
347
347
347
5084
5084
5084
2732
347
347
8384
1064
13450
10645
6765
347
1064
1064
1064
10645
10645
6765
1064
1064
1064
1064
7972
7972
365
9150
11641
4747
4747
365
9150
4747
4747
259
924
2416
924
924
5382
2053
2214
924
924
5382
2053
1673
347
347
347
347
5084
1673
1673
1673
347
347
347
347
1064
10645
10645
10645
6765
17
17
17
1064
1064
7972
7972
7972
365
17
11641
11641
4747
4747
7972
365
1242
11641
4747
4747
365
9150
4747
4747
259
924
2053
924
924
2053
2053
924
924
924
2053
1673
1673
2214
2214
924
924
1673
1673
1673
1673
17
17
17
17
17
1673
1673
1673
1673
365
17
17
17
17
444
4747
7972
7972
365
17
17
12881
444
4747
4747
365
1242
12881
444
4747
4747
1242
444
4747
149
2053
2053
7711
2053
2053
1673
924
7711
2053
1673
1673
1673
2214
924
6154
1673
1673
1673
1673
616
8859
8859
5742
3483
3483
7056
7056
4076
17
17
17
17
444
444
7056
365
17
17
17
444
444
444
365
17
12881
444
444
444
1242
444
444
149
2053
2053
7711
2053
1673
1673
6154
6154
1673
1673
1673
616
5742
6154
3483
3483
7056
4076
5742
5742
3483
3483
3483
4076
8859
5742
5742
13542
3483
1595
17
17
17
444
444
444
17
17
444
444
444
1242
444
444
149
2053
1673
6154
1673
1673
616
6154
3483
3483
4076
6154
3483
3483
1595
5742
3483
3483
1595
5742
5742
13542
1595
5742
5742
13542
1755
17
17
444
444
17
444
444
149
1673
616
3483
1595
3483
1595
3483
1595
3483
1595
5742
1755
5742
1755
5742
1755
17
444
149
1656
1656
1656
1656
1017
1017
1017
1017
1017
36
33
1586
113
7503
6732
7503
7503
6732
7503
7503
6732
7503
1017
1017
2632
1017
1017
2632
1017
1017
2632
1017
1017
2632
1017
373
36
1586
1586
33
33
1586
1586
113
6515
7503
8175
6732
113
7503
7503
8175
1017
7503
7503
1017
1017
1017
2632
12894
1017
1017
1017
2632
12894
1017
1017
6021
2632
2684
1017
2699
373
2684
2684
36
36
1586
1586
33
1586
1586
1586
33
33
33
1586
1586
1586
113
6515
6515
7503
8175
1017
1017
113
6515
7503
1017
1017
1017
6021
113
7503
12894
1017
1017
9987
6021
2632
2684
2684
1017
2699
2699
373
2684
2684
2684
2699
2699
2684
2684
36
36
1586
1586
13406
1586
1586
1586
33
33
1586
1586
1586
629
33
33
33
33
1586
1017
9987
629
113
6515
6515
6515
1017
1017
9987
9987
6021
113
6515
213
2684
1017
2699
2699
2699
373
213
213
2684
2684
2699
2699
2699
213
2684
2684
6423
36
2684
2684
36
36
1586
3721
13406
1586
3721
3721
33
13406
1586
3721
3721
629
33
33
33
1586
3721
10413
10413
629
33
33
33
33
33
227
227
227
227
227
1613
9261
9261
213
213
2699
2699
2699
2699
1613
213
213
213
6423
2699
2699
213
213
213
6423
36
213
213
36
36
3721
3721
9524
3721
3721
629
9524
9524
3721
3721
10413
629
33
33
1705
227
227
227
227
227
588
588
588
1705
227
227
227
227
588
588
588
213
7302
227
227
227
1613
9261
213
213
7302
6423
36
213
213
213
7302
36
213
213
624
67
3721
3721
9524
3721
3721
629
1705
1705
227
227
227
227
1705
1705
1705
227
227
227
588
10755
1705
13190
227
227
588
588
9640
9640
9640
227
588
588
213
7302
7302
624
1613
213
213
7302
624
213
213
624
67
3721
629
1705
227
227
227
1705
1705
227
227
1705
1705
13190
227
10755
1705
13190
4141
10755
9640
9640
3859
588
9640
9640
3859
588
213
7302
624
213
213
624
67
227
227
1705
227
1705
4141
1705
4141
1705
4141
9640
3859
9640
3859
9640
3859
213
624
67
113
3930
4175
4175
4175
4175
4175
4175
750
750
750
750
750
750
750
750
750
2764
3930
3930
113
113
3930
3930
5148
4175
4175
4175
9639
4175
4175
750
9639
750
750
750
12689
750
750
750
12689
750
750
6125
9150
750
2764
2764
8717
259
3930
3930
113
3930
3930
3930
113
113
113
3930
3930
3930
5148
5148
4175
4175
750
750
5148
9639
750
750
750
6125
9639
12689
750
750
9365
6125
9150
9150
750
2764
2764
2764
9150
8717
2764
2764
8717
259
3930
3930
12619
3930
3930
3930
113
113
3930
3930
3930
1992
113
113
113
113
3930
750
9365
1992
5148
5148
5148
750
750
9365
9365
6125
5148
1242
9150
750
2764
2764
2764
2764
1242
9150
8717
2764
2764
2764
9150
8717
8717
259
8717
259
2632
5908
12619
2632
8501
5908
113
12619
2632
8501
8501
1992
113
113
113
2632
8501
12711
12711
1992
113
113
113
113
67
2764
2764
2764
2764
1992
11139
11139
1242
1242
2764
2764
2764
2764
1242
1242
1242
8717
2764
2764
1242
1242
8717
259
1242
259
2632
5908
2632
2632
8501
1992
2632
2632
2632
8501
12711
1992
113
113
2632
1041
3857
3857
3857
1992
1613
1613
1613
67
1041
3857
3857
3857
1613
1613
1613
67
67
67
2764
2764
11139
1242
1242
13000
8717
259
1242
1242
13000
259
1242
3145
2632
5908
2632
2632
8501
1992
2632
2632
1041
3857
3857
1992
4302
4302
1041
1041
3857
3857
1613
11985
67
1041
1041
3857
1613
1613
67
67
67
1041
1613
1613
67
67
67
67
1242
1242
13000
3145
1242
3145
2632
1992
2632
1041
3857
1992
4302
1041
1041
3857
4302
1041
1041
1041
11985
67
1041
1041
11985
67
67
67
1613
67
67
67
1613
67
67
67
1242
3145
1041
1992
1041
1041
1041
1041
1041
1041
67
1041
67
67
67
67
67
67
67
67
445
1244
5024
5024
5024
5024
5024
5024
484
484
484
484
484
484
484
484
484
2184
445
1244
2338
445
5024
1244
2338
5024
5024
5024
12515
5024
5024
484
12515
484
484
484
11793
484
484
484
11793
484
484
4926
11713
484
5083
2184
4550
3580
445
1244
445
445
8008
1244
2338
2338
445
5024
5024
1244
2338
2338
5024
5024
484
484
2338
12515
484
484
484
4926
11793
11793
484
484
11287
4926
11713
11713
484
5083
5083
2184
11713
4550
4550
5083
4550
3580
445
1244
445
445
8008
1244
2416
445
445
8008
8008
1609
2338
2338
2338
445
5024
484
11287
1609
2338
2338
2338
484
484
11287
11287
4926
2338
2338
11713
484
5083
5083
5083
2184
5347
11713
4550
4550
5083
5083
11713
4550
4550
3580
4550
3580
445
6076
445
445
9570
6076
445
445
445
9570
9570
1609
2416
2416
445
445
9570
14289
14289
1609
2338
2338
2338
2338
445
1593
1593
1593
1593
1593
12191
12191
5347
4550
4550
5083
5083
5083
5347
5347
4550
4550
4550
5083
5347
4550
4550
3580
4550
3580
2732
6076
2732
2732
9570
1609
445
2732
2732
9570
14289
1609
2416
445
2732
1593
1593
1593
1593
1593
10442
10442
9008
616
1593
1593
1593
1593
10442
10442
10442
616
616
616
1593
1593
12191
5347
5347
6890
4550
3580
5347
5347
6890
3580
5347
6890
2732
6076
2732
2732
9570
1609
2732
2732
1593
1593
1593
1593
6765
6765
5951
1593
1593
1593
9008
9008
616
5951
1593
1593
10442
9008
616
616
616
1593
10442
10442
616
616
616
616
5347
5347
6890
6890
5347
6890
2732
1609
2732
1593
1593
1593
6765
5951
1593
1593
6765
5951
5951
1593
9008
616
5951
4953
9008
616
616
616
9008
616
616
616
10442
616
616
616
5347
6890
1593
1593
5951
1593
5951
4953
5951
4953
616
4953
616
616
616
616
616
616
616
616
3110
3110
3110
3110
1979
1979
1979
1979
1979
64
1568
3896
1568
3896
3896
3110
3896
3896
3110
3896
3896
3110
3896
5199
9788
5199
5199
9788
5199
5199
9788
5199
665
1633
598
665
64
4041
4041
1568
1568
3896
3896
1568
1568
3896
3896
3896
1568
8277
3896
3896
3896
3110
8277
3896
5199
5199
3110
11910
5199
5199
665
9788
11910
5199
5199
665
1633
6178
598
9343
665
1633
598
598
64
4041
4041
6732
4041
4041
4041
1568
1568
1568
3896
3896
3896
1568
1568
1568
3896
3896
3896
665
1568
1568
8277
3896
5199
5199
665
1568
8277
11910
5199
5199
9343
665
1633
6178
6178
598
9343
9343
665
1633
6178
598
598
7237
1633
598
598
64
4041
4041
6732
4041
4041
4041
13776
6732
4041
4041
4041
4524
1568
1568
1568
1568
3896
3896
9343
665
1568
1568
1568
1568
3896
5199
9343
9343
665
1568
1568
1568
6178
598
9343
9343
9343
665
115
6178
6178
598
598
11238
7237
115
6178
598
598
598
1633
598
598
64
2555
5335
6732
2555
13824
5335
6732
6732
2555
13824
12476
4524
13776
13776
6732
2555
12476
12476
12476
4524
1568
1568
1568
1568
34
2832
2832
2832
2832
665
5334
5334
5334
5334
34
598
11238
11238
7237
5334
5334
12995
34
598
598
7237
115
12995
34
598
598
115
34
598
34
2555
5335
2555
2555
13824
4524
2555
2555
2555
12476
12476
4524
8993
629
2555
2555
2832
2832
2832
1106
8993
8993
629
629
2832
2832
2832
2832
5334
5334
5334
34
34
34
2832
2832
5334
5334
5334
34
34
34
598
115
12995
34
34
34
115
34
34
34
2555
5335
2555
2555
12476
4524
2555
2555
2555
2832
2832
1106
629
6021
6021
2832
2832
2832
629
629
629
8906
2832
2832
8993
629
629
11532
8906
2832
5334
5334
34
34
34
34
5334
5334
34
34
34
115
34
34
34
2555
4524
2555
2555
2832
1106
6021
6021
2832
2832
6021
6021
8906
2832
629
629
8906
8906
629
629
11532
1702
629
629
11532
1702
5334
34
34
34
115
34
34
34
2555
1106
6021
2832
6021
8906
6021
8906
629
8906
629
1702
629
1702
629
1702
34
34
34
663
663
663
663
663
663
663
663
663
4699
4699
4699
4699
4699
4699
116
1398
116
3110
3479
5500
663
663
663
5500
663
663
663
10205
663
663
663
10205
663
4699
4699
9287
4699
4699
116
9287
4699
2152
116
1398
1398
2152
116
1398
3489
3110
3479
3110
3110
11954
3479
5500
5500
663
663
663
663
5500
5500
663
663
663
116
5500
10205
663
4699
2152
116
9287
9287
4699
2152
2152
116
1398
1398
1398
2152
2152
116
1398
1398
5858
5026
1398
3489
3110
3479
3110
3110
11954
2529
12985
3110
3110
11954
10713
1639
5500
5500
5500
663
663
663
2152
116
5500
5500
5500
663
2152
2152
2152
116
2310
1398
1398
1398
2152
2152
2152
116
1398
1398
1398
5858
5858
5026
1398
1398
7739
3489
1398
3489
3110
2529
3110
3110
10713
2529
3110
3110
3110
10713
9396
1639
12985
12985
3110
3110
9396
9396
9396
1639
2310
2310
2310
2310
115
601
601
601
601
116
2310
2310
2310
1398
5858
5858
5858
5026
2310
9807
1398
7739
5858
5026
9807
1398
7739
3489
1398
3489
9788
2529
9788
9788
10713
1639
3110
9788
9788
9396
9396
1639
11784
115
1633
601
601
601
601
205
11784
11784
115
115
601
601
601
601
2310
2310
2310
115
2191
601
601
601
2310
2310
2191
2191
2191
3489
9807
2191
2191
2191
2191
2191
9788
2529
9788
9788
9396
1639
1633
1633
601
601
601
205
115
1633
1633
601
601
601
115
115
115
6393
601
601
11784
115
115
12441
6393
601
2310
2310
115
2191
2191
353
2310
2191
2191
2191
2191
2191
9788
1639
1633
601
601
205
1633
1633
601
601
1633
1633
6393
601
115
115
6393
3994
115
115
12441
353
115
115
12441
353
2310
115
2191
353
2191
2191
601
205
1633
601
1633
3994
1633
3994
115
3994
115
353
115
353
115
353
115
353
5848
5848
5848
5848
4249
4249
4249
4249
4249
815
1656
5854
1656
5854
5854
7958
5854
5854
7958
5854
5854
7958
5854
5765
12892
11343
5765
12892
11343
5765
12892
11343
3233
3326
1282
1282
959
7918
7918
1656
1656
5854
5854
1656
1656
5854
5854
5854
1656
7958
5854
5854
5765
7958
7958
5854
11343
5765
7958
12892
11343
11343
3233
12892
12892
11343
6679
3233
3326
5749
1282
1282
1282
3326
5359
1282
959
7918
7918
8292
7918
7918
7918
1656
1656
1656
5854
5854
5854
1656
1656
1656
5854
5854
5854
3233
1656
1656
7958
5854
11343
6679
3233
1656
7958
12892
11343
6679
6679
3233
3326
5749
5749
1282
1282
1282
1282
3326
5749
5359
1282
1282
3326
5359
5359
959
7918
7918
8292
7918
7918
2236
10927
8292
7918
7918
2236
1570
1656
1656
1656
1656
5854
2236
6679
1570
1656
1656
1656
1656
5854
6679
6679
6679
3233
1656
1656
583
5749
1282
1282
1282
1282
1282
583
583
5749
5359
1282
1282
1282
583
5749
5359
5359
1282
3326
5359
5359
959
2236
2236
8292
2236
2236
2236
8292
8292
2236
2236
2236
1570
10927
10927
8292
2236
2236
7173
7173
1570
1656
1656
1656
1656
583
1282
1282
1282
1282
775
4702
10585
10585
583
583
1282
1282
1282
1282
4702
583
583
583
5359
1282
1282
583
583
583
5359
5359
583
583
5359
571
2236
2236
9682
2236
2236
1570
8292
9682
2236
2236
7173
1570
5335
665
665
665
7173
7173
7173
775
5335
5335
4524
665
7762
9320
9320
4680
5335
5335
5335
583
7952
1282
1282
1282
4702
10585
583
583
9498
5359
1282
583
583
583
9498
1598
583
583
1598
571
2236
2236
9682
2236
2236
1570
665
665
665
7173
7173
775
665
665
665
7762
9320
4680
4524
4524
665
7762
7762
4680
5335
4524
4524
7952
7762
1792
5335
5335
583
7952
7952
1598
4702
583
583
9498
1598
583
583
1598
571
2236
1570
665
665
7173
775
665
665
7762
4680
665
665
7762
1792
4524
665
7762
1792
4524
4524
7952
1792
4524
4524
7952
7952
5335
583
7952
1598
583
583
1598
571
665
775
665
1792
665
1792
665
1792
665
1792
4524
7952
4524
7952
4524
7952
583
1598
571
1725
1725
8001
8001
8001
8001
8001
8001
8001
8098
8500
8098
8500
8098
8500
7920
2546
1247
1725
1725
3907
1725
1725
1725
3907
8001
8001
8001
10518
8001
8001
8001
10518
8001
8500
8098
14062
8500
8500
7920
14062
8500
8500
7920
3326
2546
4557
1247
2546
2546
1725
1725
11858
1725
1725
1725
3907
3907
1725
1725
1725
1725
3907
3907
8001
8001
8001
7920
3907
10518
8001
8500
8500
7920
10518
14062
8500
8500
10702
7920
3326
3326
2546
4557
4557
1247
3326
2546
2546
4557
2546
2546
1725
1725
11858
1725
1725
1725
13869
11858
1725
1725
1725
4095
3907
3907
3907
1725
1725
1725
4095
4095
3907
3907
3907
8001
8500
10702
10702
7920
3907
1890
3326
2546
4557
4557
4557
1247
1890
3326
2546
2546
4557
4557
3326
2546
2546
2546
2546
2546
1725
7221
11858
1725
10816
7221
11858
11858
1725
10816
4095
4095
13869
13869
11858
1725
4095
4095
4095
4095
3907
3907
3907
3907
571
2010
2010
2010
2010
1247
4702
4702
1890
571
2546
4557
4557
4557
1890
1890
571
2546
2546
4557
1890
571
2546
2546
571
2546
5785
7221
5785
5785
10816
4095
5785
5785
5785
4095
4095
4095
5908
1992
5785
2010
2010
2010
2010
2010
5908
5908
1992
1992
2010
2010
2010
2010
4702
4702
4702
571
571
571
2010
2010
4702
1890
571
571
571
2546
1890
571
571
571
571
571
5785
7221
5785
5785
4095
4095
5785
5785
2010
2010
2010
2010
1992
6125
6125
2010
2010
2010
1992
1992
1992
9387
2010
2010
5908
1992
1992
11802
9387
2010
4702
4702
571
571
571
571
1890
571
571
571
571
571
5785
4095
5785
2010
2010
2010
6125
6125
2010
2010
6125
6125
9387
2010
1992
1992
9387
9387
1992
1992
11802
4725
1992
1992
11802
4725
4702
571
571
571
571
571
2010
2010
6125
2010
6125
9387
6125
9387
1992
9387
1992
4725
1992
4725
1992
4725
571
571
2789
2789
2789
2789
2789
2789
2789
2789
2789
5193
5193
5193
5193
5193
5193
2151
156
813
7171
3479
2789
3759
7361
2789
2789
3759
2789
2789
2789
3759
2789
2789
2789
6634
2789
5193
5193
6634
5193
5193
5193
6634
2151
2151
156
156
2151
2151
156
813
7171
3479
7171
11424
3479
3479
2789
3759
3759
7361
12847
2789
2789
3759
3759
7361
2789
2789
2789
6634
6634
2789
2789
5193
5193
6634
6845
2151
2151
2151
156
156
156
2151
2151
2151
156
156
2151
2151
1943
813
7171
7171
7171
11424
3479
3479
7171
11424
1977
3479
3479
3479
2789
3759
1977
6845
7361
12847
12847
2789
2789
6634
6845
6845
1979
10697
2151
2151
156
156
156
156
1979
2151
2151
2151
156
156
156
2151
2151
2151
12162
156
2151
2151
1943
813
1977
7171
1977
1977
3479
7171
1977
1977
1977
3479
3479
3479
1977
1977
9258
9258
2529
2529
2529
2529
116
156
156
156
156
1979
10697
10697
6627
2151
156
156
156
156
1979
6627
6627
2151
12162
156
156
5360
6627
2151
12162
1943
5360
2151
1943
813
1977
11220
1977
1977
7171
11220
1977
1977
9258
2529
116
116
116
2077
2077
2077
2529
2529
1639
116
2077
2077
2077
2077
2529
2529
2529
1639
4915
156
156
156
1979
10697
6627
6627
13868
12162
156
1979
6627
6627
13868
1943
5360
6627
7741
1340
1977
11220
1977
1977
116
116
116
2077
2077
116
116
116
2077
2077
2077
1639
1639
116
11535
2077
2077
2529
1639
1639
4915
4915
355
2529
2529
1639
4915
4915
4003
1979
6627
6627
13868
7741
5360
6627
7741
1340
1977
116
116
2077
116
116
2077
2077
116
116
11535
355
1639
116
11535
355
1639
1639
4915
355
1639
1639
4915
4003
2529
1639
4915
4003
1979
6627
7741
1340
116
116
355
116
355
116
355
116
355
1639
4003
1639
4003
1639
4003
1639
4003
1340
5842
5848
5848
5848
5848
5848
5848
5848
5765
5725
5765
5725
5765
5725
5765
5725
3233
2097
5842
8387
7361
5842
5848
5848
6173
5848
5848
5848
6173
5848
5848
5725
6173
5765
12560
5725
5765
5765
12560
5725
5765
5765
9414
5905
3233
3233
9414
2097
3233
6700
5842
8387
5842
5842
12023
8387
7361
7361
5842
5848
5848
5848
12717
6173
5848
5848
5848
5725
6173
6173
5765
12560
9414
5905
5765
5765
5765
9414
9414
5905
3233
3233
3233
9414
9414
2097
3233
3233
6700
7764
3233
6700
5842
8387
5842
5842
12023
2233
7361
5842
5842
12023
2233
2233
7361
7361
7361
5842
5848
2233
6408
5905
12717
12717
6173
5765
9414
9414
9414
5905
12717
1570
3233
3233
9414
9414
9414
2097
1570
3233
3233
6700
14330
7764
3233
3233
6700
6700
3233
6700
2233
2233
5842
2233
2233
2233
5842
5842
2233
2233
2233
6408
7361
7361
5842
2233
2233
6408
6408
6408
1979
1979
1979
1979
813
6408
6408
6408
6408
2097
13510
13510
1570
1570
6700
14330
14330
7764
1570
1570
1570
6700
6700
7764
1570
1570
6700
6700
1570
6700
2233
2233
7024
2233
2233
2233
5842
7024
2233
2233
6408
6408
1979
1979
7024
813
6408
6408
6408
3278
1979
1979
1979
813
813
8795
8795
3278
1979
1979
1979
1570
3057
813
8795
3278
13510
1570
1570
11774
6700
6700
1570
1570
11774
775
1570
775
2233
2233
7024
2233
2233
6408
7024
7024
813
6408
6408
3278
5360
13600
813
813
8795
3278
1979
5360
813
813
813
3278
1979
1979
3057
3057
813
813
1979
1979
1570
3057
3057
775
1570
1570
11774
775
1570
775
2233
2233
7024
813
6408
3278
13600
813
813
3278
13600
813
813
813
5360
813
813
813
5360
3057
3057
813
1979
3057
3057
3057
1979
1570
3057
775
1570
775
813
3278
813
813
813
813
813
813
813
813
3057
3057
3057
3057
3057
3057
1570
775
1244
2150
12494
12494
12494
12494
12494
12494
4249
4249
4249
4249
4249
4249
4249
3909
4249
815
2150
2150
1244
1244
2150
2150
11803
12494
12494
12494
13798
12494
12494
4249
13798
4249
4249
4249
8098
4249
4249
3909
8098
4249
4249
3909
7920
4249
9072
815
5990
1247
2150
2150
1244
2150
2150
2150
1244
1244
1244
2150
2150
2150
11803
11803
12494
12494
4249
3909
11803
13798
4249
4249
4249
3909
8098
8098
4249
4249
14167
3909
7920
7920
4249
9072
9072
815
7920
5990
5990
8796
5990
1247
2150
2150
12503
2150
2150
453
1244
1244
2150
2150
453
453
1244
1244
1244
1244
2150
453
11243
3104
11803
11803
11803
4249
4249
14167
14167
3909
7221
4753
7920
4249
9072
9072
9072
815
4753
7920
5990
5990
9072
8796
7920
5990
5990
1247
5990
1247
453
453
12503
453
453
453
1244
12503
453
453
453
3104
1244
1244
1244
453
453
11243
11243
3104
1244
1244
1244
1244
453
1343
1343
1343
1343
815
7221
7221
4753
4753
5990
9072
9072
8796
4753
4753
4753
5990
5990
8796
4753
4753
5990
1247
4753
1247
453
453
14152
453
453
453
12503
14152
453
453
11243
3104
1244
1244
4926
453
1343
1343
1343
1343
6076
6076
1609
1609
1343
1343
1343
1343
6076
6076
6076
1609
7705
1343
1343
1343
7221
4753
4753
7705
5990
1247
4753
4753
7705
1247
4753
3008
453
453
14152
453
453
3104
4926
4926
453
1343
1343
1343
1609
4926
4926
1343
1343
1343
1609
1609
1609
6571
1343
1343
6076
1609
1609
14331
6571
1343
6076
6076
1609
7705
7705
3008
4753
4753
7705
3008
4753
3008
453
453
4926
453
1343
1343
4926
4926
1343
1343
4926
4926
6571
1343
1609
1609
6571
6571
1609
1609
14331
3397
1609
1609
14331
3397
6076
1609
7705
3008
4753
3008
453
1343
4926
1343
4926
6571
4926
6571
1609
6571
1609
3397
1609
3397
1609
3397
1609
3008
812
10925
10925
10925
5725
5725
5725
5725
3909
812
7351
812
9495
8387
10925
13158
10925
10925
13158
10925
5725
8106
5725
5725
8106
5725
5725
3909
5725
3909
3909
4925
815
812
812
812
9495
7351
7351
812
9495
9495
8387
8387
10925
13158
8106
8387
10925
5725
8106
3909
5725
5725
5725
3909
3909
5725
5725
3909
3909
3909
5905
4925
4925
815
4925
4925
812
812
812
9495
7351
812
812
9495
9495
7351
7351
7351
812
9495
3104
3104
8387
8387
8387
5725
3909
3909
3909
5532
5532
5725
3909
3909
3909
3909
5905
5905
4925
4925
12718
815
5905
4925
4925
815
4925
4925
812
812
812
10436
812
812
812
10436
3104
7351
7351
812
812
3104
3104
3104
844
844
844
844
812
3104
3104
3104
3104
5532
5532
5532
3369
4925
12718
12718
815
5532
13040
3369
4925
4925
815
13040
3369
4925
4925
3369
4925
7143
7143
7143
10436
812
7143
7143
3104
3104
844
812
7143
1245
3104
3104
3104
844
844
844
1245
1245
11172
11172
6720
844
844
844
844
3369
1245
11172
815
5532
5532
3369
3369
3369
815
13040
3369
3369
3369
3369
3369
7143
7143
7143
3104
7143
7143
1245
3104
3104
11124
12331
1245
1245
11172
6720
844
11124
1245
1245
1245
6720
844
844
7561
7561
1245
1245
844
844
844
3369
3369
3369
5532
3369
3369
3369
3369
3369
7143
7143
1245
3104
12331
1245
1245
6720
12331
1245
1245
1245
11124
1245
1245
1245
11124
7561
7561
1245
844
7561
7561
7561
844
844
3369
3369
3369
3369
1245
1245
1245
1245
1245
1245
1245
1245
1245
7561
7561
7561
7561
7561
7561
844
3369
81
81
81
81
81
143
143
143
143
143
81
250
81
81
250
81
81
250
81
81
250
81
81
3084
1214
1214
3084
1214
1214
3084
1214
1214
3084
1214
1214
1053
1226
1116
1116
774
81
1116
250
2063
81
81
10428
250
81
81
81
10428
250
81
81
81
4026
3084
81
1214
1214
4026
3084
1214
1214
1214
4026
6633
1214
1214
1214
3059
1053
2779
2779
1226
1226
1116
1116
774
1116
1116
1116
774
774
81
1116
1116
250
2063
9944
81
81
10428
4026
3084
2063
81
81
81
4026
4026
6633
81
81
1214
1214
4026
14252
6633
1214
1214
1214
1214
3059
3059
1053
2779
2779
2779
3059
3059
2779
2779
1226
1226
1116
1116
8039
1116
1116
73
774
774
1116
1116
73
73
774
774
774
81
1116
73
13599
1509
2063
9944
9944
81
81
4026
14252
14252
6633
155
6063
81
1214
1214
3059
3059
3059
1053
155
2779
2779
2779
3059
3059
3059
2779
2779
2779
12951
1226
2779
2779
1226
1226
73
73
8039
73
73
73
774
8039
73
73
73
1509
774
774
774
73
73
13599
13599
1509
774
774
774
774
73
1708
1708
1708
1708
632
155
6063
6063
4700
2779
3059
3059
3059
3059
155
4700
4700
2779
12951
3059
3059
4700
4700
2779
12951
1226
4700
2779
1226
1226
73
73
5760
73
73
73
5760
5760
73
73
13599
1509
774
774
5499
73
1708
1708
1708
632
6938
6938
6938
678
1708
1708
1708
1708
6063
6063
6063
678
678
678
1708
1708
155
6063
4700
4700
12837
12837
1226
155
4700
4700
12837
1226
4700
4700
9086
1281
73
73
5760
73
73
1509
5499
5499
73
1708
1708
632
5499
5499
5499
1708
1708
1708
6938
12617
678
6341
1708
1708
6938
6938
678
678
678
1708
6063
6063
678
678
678
678
155
4700
4700
12837
9086
4700
4700
9086
1281
73
73
5499
73
1708
632
5499
5499
1708
1708
5499
5499
6341
1708
12617
678
6341
5904
12617
678
678
678
6938
678
678
678
6063
678
678
678
155
4700
9086
1281
73
632
5499
1708
5499
5904
5499
5904
678
5904
678
678
678
678
678
678
678
678
1281
1709
3232
1709
3232
1709
3232
1709
3232
432
432
432
432
432
432
432
432
432
1835
1834
4406
2063
1709
4664
3232
1709
1709
4664
3232
1709
1709
4664
432
1709
432
432
432
6354
432
432
432
6354
432
432
4345
6354
432
4332
1835
11427
1835
1834
4406
1834
1834
10876
4406
2063
2063
1709
4664
4664
3232
2063
1709
1709
4664
432
432
1709
1709
432
432
432
4345
1709
6354
432
432
5229
4345
6354
6354
432
4332
4332
1835
12758
11427
4332
1835
11427
10842
1834
4406
1834
1834
10876
1748
8068
1834
1834
10876
1748
1748
2063
2063
2063
1709
4664
432
5229
4345
2063
2063
1709
432
432
5229
5229
4345
155
155
6354
432
4332
4332
4332
1835
12365
12758
11427
4332
4332
1835
12758
11427
11427
1835
11427
10842
1748
1748
1834
1748
1748
1748
1834
1834
1748
1748
1748
6384
8068
8068
1834
1748
1748
6384
6384
6384
155
155
155
155
155
4332
4332
4332
4332
1835
155
155
155
1978
4332
4332
4332
1835
155
12365
1978
11427
4332
1835
12365
1978
11427
10842
1978
10842
1748
1748
11100
1748
1748
1748
1834
11100
1748
1748
6384
6384
8068
1250
1250
1250
6384
6384
6384
2897
11521
11521
3060
1250
9080
9080
9080
9080
155
155
155
155
1978
1978
4332
1835
155
155
1978
1978
1978
1835
12365
1978
1978
1978
1978
1978
1748
1748
11100
1748
1748
6384
1250
1250
1250
6384
6384
2897
1250
1250
1250
9080
9080
9080
3060
3060
1250
10674
9080
9080
11521
3060
3060
12020
10674
2966
155
155
155
1978
1978
1978
155
1978
1978
1978
1978
1978
1748
1748
1250
1250
6384
2897
1250
1250
9080
9080
1250
1250
10674
2966
3060
1250
10674
2966
3060
3060
12020
2966
3060
3060
12020
6635
155
155
1978
1978
1978
1978
1250
2897
1250
2966
1250
2966
1250
2966
1250
2966
3060
6635
3060
6635
3060
6635
155
1978
889
889
889
889
530
530
530
530
530
168
1863
1863
2334
2334
5376
2334
2334
5376
2334
2334
5376
2334
2334
530
6270
9829
530
6270
9829
530
6270
9829
530
3686
1494
354
1004
1863
1863
2642
1863
1863
1863
2642
2334
2334
8323
5376
2334
2334
2334
8323
530
2334
2334
2334
9829
530
2334
12184
9829
9829
530
6270
12184
9829
5847
5847
3686
12184
1494
5847
354
3686
1494
1494
1004
1863
1863
7701
1863
1863
1863
2642
2642
1863
1863
1863
1863
2642
2642
2334
2334
8323
8323
530
2642
2334
2334
2334
9829
5847
5847
2334
2334
12184
9829
5847
5847
5847
3686
12184
12184
1494
5847
5847
354
3686
13910
1494
1494
10510
3686
1494
1494
1004
1863
1863
7701
1863
1863
1863
8852
7701
1863
1863
1863
599
2642
2642
2642
1863
1863
599
599
599
2642
2642
2642
2334
2334
5847
5847
5847
5847
2642
2642
2334
12184
1494
5847
5847
5847
354
600
6129
13910
1494
1494
12672
10510
600
13910
1494
1494
1494
3686
1494
1494
1004
1863
2411
7701
1863
11167
2411
7701
7701
1863
11167
599
599
8852
8852
7701
1863
599
599
599
599
1370
1370
1370
1370
28
599
599
599
599
204
3247
3247
3247
3247
1494
1494
12672
12672
10510
3247
3247
6129
1494
1494
1494
10510
600
6129
1494
1494
1494
600
1494
1494
600
4838
2411
4838
4838
11167
599
4838
4838
4838
599
599
599
1370
1123
4838
28
599
599
599
204
1370
1370
1123
28
28
13701
13701
1634
1370
1370
1370
514
514
28
12672
1634
3247
3247
3247
6129
10098
1494
1494
600
6129
6129
10098
1494
600
6129
9177
600
4838
2411
4838
4838
599
599
4838
4838
28
599
599
204
1123
7115
28
28
13701
1634
1123
1123
28
28
28
1634
1370
1123
514
514
28
28
1370
1370
514
514
514
514
3247
3247
6129
10098
9177
600
6129
9177
600
4838
599
4838
28
599
204
7115
28
28
1634
7115
28
28
28
1123
28
28
28
1123
514
514
28
1123
514
514
514
1370
514
514
514
600
6129
9177
600
28
204
28
28
28
28
28
28
28
28
514
514
514
514
514
514
514
514
600
889
889
3184
6854
3184
6854
3184
6854
3184
2013
5738
2013
5738
2013
5738
2013
639
2766
889
889
9355
889
889
889
3184
3184
8178
6854
3184
3184
8178
2013
3184
3184
5738
2013
12722
5738
5738
2013
12722
5738
5738
6128
12722
639
6128
2766
639
639
889
889
10459
889
889
889
9355
9355
889
889
889
889
9355
3184
3184
8178
5738
2013
3184
3184
3184
5738
5738
6128
3184
12722
5738
5738
6128
6128
12722
12722
639
6128
6128
2766
12778
639
639
5996
639
639
889
889
10459
889
889
889
12090
10459
889
889
889
2262
9355
9355
9355
889
889
889
2262
2262
9355
9355
3184
3184
5738
6128
6128
6128
1288
1288
12722
639
6128
6128
6128
2766
12778
12778
639
639
11140
5996
12778
639
639
639
639
639
889
6020
10459
889
7556
6020
10459
10459
889
7556
2262
2262
12090
12090
10459
889
2262
2262
2262
2262
1288
1288
1288
1288
600
2262
2262
2262
2262
2262
1288
1288
1288
639
639
11140
11140
5996
1288
13566
639
639
639
5996
13566
639
639
639
639
639
6270
6020
6270
6270
7556
2262
6270
6270
6270
2262
2262
2262
3422
600
3686
2262
2262
2262
2262
2262
3422
3422
600
600
10829
14372
14372
2278
1288
1288
1288
600
6079
639
11140
2278
1288
1288
6079
6079
639
639
13566
6079
6079
639
6079
6079
6270
6020
6270
6270
2262
2262
3686
3686
2262
2262
2262
2262
600
3686
3686
10829
14372
2278
600
600
600
10829
10829
2278
3422
600
600
9216
9216
2278
1288
1288
600
6079
6079
1635
1288
6079
6079
6079
6079
6079
6270
2262
3686
2262
2262
2262
3686
3686
10829
2278
3686
3686
10829
2278
600
600
10829
7652
600
600
9216
1635
600
600
9216
1635
1288
600
6079
1635
6079
6079
2262
2262
3686
2278
3686
7652
3686
7652
600
7652
600
1635
600
1635
600
1635
600
1635
1914
1914
1914
1914
1185
1185
1185
1185
1185
126
130
4325
396
4564
4564
7365
4564
4564
7365
4564
4564
7365
4004
4004
1185
4004
4004
1185
4004
4004
1185
4004
3717
1185
1508
547
206
4325
4325
130
130
4325
4325
396
3928
4564
4564
4564
396
7365
4564
4564
4004
7365
7365
4004
4004
4004
1185
9025
4004
4004
3717
1185
9025
4004
4004
3717
1185
8122
1508
1508
547
8122
8122
206
206
4325
4325
130
4325
4325
4325
130
130
130
4325
4325
4325
396
3928
3928
4564
4564
4004
3717
396
3928
7365
4004
4004
4004
3717
396
7365
9025
4004
4004
14158
3717
1185
8122
8122
1508
1508
1508
547
8122
8122
8122
1508
1508
8122
8122
206
206
4325
4325
13039
4325
4325
4325
130
130
4325
4325
4325
2613
130
130
130
130
4325
4004
13074
2613
396
3928
3928
3928
4004
4004
14158
14158
3717
20
3928
1009
8122
1508
1508
1508
1508
547
20
1009
8122
8122
1508
1508
1508
1009
8122
8122
12682
206
8122
8122
206
206
2939
5502
13039
2939
5502
5502
130
13039
2939
5502
5502
2613
130
130
130
2939
5502
13074
13074
2613
130
130
130
130
78
1023
1023
1023
1023
547
20
12462
12462
1009
1009
1508
1508
1508
1508
20
1009
1009
1009
12682
1508
1508
1009
1009
1009
12682
206
1009
1009
206
206
2939
5502
2939
2939
5502
2613
2939
2939
2939
5502
13074
2613
130
130
2939
1023
1023
1023
1023
919
1810
1810
1810
78
1023
1023
1023
1023
1810
1810
1810
78
78
78
1023
1023
20
12462
1009
1009
12249
12249
206
20
1009
1009
12249
206
1009
1009
2612
357
2939
5502
2939
2939
5502
2613
2939
2939
1023
1023
1023
919
5703
5703
1167
1023
1023
1023
1810
12353
78
1167
1023
1023
1810
1810
78
78
78
1023
1810
1810
78
78
78
78
20
1009
1009
12249
2612
1009
1009
2612
357
2939
2613
2939
1023
1023
919
5703
1167
1023
1023
5703
1167
1167
1023
12353
78
1167
1167
12353
78
78
78
1810
78
78
78
1810
78
78
78
20
1009
2612
357
1023
919
1167
1023
1167
1167
1167
1167
78
1167
78
78
78
78
78
78
78
78
357
250
730
250
730
250
730
250
730
250
2711
2711
2711
2711
2711
2711
1220
1220
435
8623
2781
396
250
5776
730
250
250
5776
730
250
250
5776
730
250
250
2711
2711
3084
2711
2711
1220
3084
2711
1220
1220
3084
1220
1220
435
6633
1053
8623
2781
396
8623
8623
2781
396
396
250
5776
5776
730
12046
250
250
5776
2711
1220
250
250
250
2711
1220
1220
250
3084
2711
1220
1220
1220
3084
3084
1220
1220
1220
435
6633
6633
7364
3098
6633
1053
8623
2781
8907
8623
8623
2781
396
396
8623
8623
8623
3013
396
396
396
250
5776
1220
1220
1220
12046
12046
250
250
1220
1220
1220
1220
10415
250
3084
1220
1220
1220
1220
435
1509
6633
6633
7364
7364
3098
6633
6633
12422
1053
6633
1053
1185
3013
8907
1185
12258
3013
396
8907
1185
12258
9053
6029
396
396
396
1185
9053
9053
9053
6029
20
20
20
20
20
1220
1220
1220
1220
252
10415
10415
1509
1509
7364
7364
7364
3098
1509
1509
1509
12422
7364
3098
1509
1509
12422
1053
1509
1053
1185
3013
1185
1185
12258
3013
1185
1185
1185
9053
9053
6029
20
20
1185
1185
5253
5253
5253
252
20
20
20
357
4011
5253
5253
252
20
20
20
20
357
357
5253
252
10415
1509
1509
13597
12422
1053
1509
1509
13597
1053
1509
1944
1185
3013
1185
1185
9053
6029
1185
1185
1185
5253
5253
252
7759
10609
4011
4011
5253
252
20
7759
357
4011
4011
252
20
20
357
357
357
252
20
20
20
357
357
357
1509
1509
13597
1944
1509
1944
1185
3013
1185
1185
5253
252
10609
4011
4011
252
10609
4011
4011
252
7759
357
4011
4011
7759
357
357
357
20
357
357
357
20
20
357
357
1509
1944
1185
252
4011
252
4011
4011
4011
4011
357
4011
357
357
357
357
357
357
20
357
1914
1914
5376
8601
5376
8601
5376
8601
530
1460
530
1460
530
1460
530
1460
530
168
1914
1914
2264
1914
1914
1914
2264
5376
8601
8601
5376
5376
8601
1460
5376
530
12136
1460
530
530
12136
1460
530
530
7317
2644
530
530
5663
168
2598
168
1914
1914
12034
1914
1914
1914
2264
2264
1914
1914
1914
1914
2264
2264
5376
8601
8601
1460
2264
5376
530
12136
7317
2644
530
530
530
7317
7317
2644
530
530
530
5663
5663
168
12417
2598
2598
168
2598
2598
1914
1914
12034
1914
1914
1914
14027
12034
1914
1914
1914
839
2264
2264
2264
1914
1914
839
839
839
2264
2264
2264
530
7317
7317
7317
2644
2264
530
530
530
5663
5663
5663
168
12343
12417
2598
2598
5663
168
12417
2598
2598
168
2598
2598
1914
9281
12034
1914
11283
9281
12034
12034
1914
11283
839
839
14027
14027
12034
1914
839
839
839
839
2264
2264
2264
2264
204
839
839
839
839
168
2411
2411
2411
204
2598
5663
5663
168
2411
12343
204
2598
2598
168
12343
204
2598
2598
204
2598
6291
9281
6291
6291
11283
839
6291
6291
6291
839
839
839
6453
2613
3717
839
839
839
839
293
6453
6453
2613
2613
8201
8201
8201
2219
2411
2411
2411
204
204
204
5663
168
2411
2411
204
204
204
168
12343
204
204
204
204
204
6291
9281
6291
6291
839
839
3717
3717
839
839
839
293
2613
3717
3717
8201
8201
2219
2613
2613
2613
13855
8201
2219
6453
2613
2613
13070
13070
2219
2411
2411
204
204
204
204
2411
204
204
204
204
204
6291
839
3717
839
839
293
3717
3717
8201
2219
3717
3717
13855
2219
2613
2613
13855
7691
2613
2613
13070
919
2613
2613
13070
919
2411
204
204
204
204
204
839
293
3717
2219
3717
7691
3717
7691
2613
7691
2613
919
2613
919
2613
919
204
204
2006
2006
2006
2006
1462
1462
1462
1462
1462
585
1961
1961
2006
11547
12960
2006
11547
12960
2006
11547
12960
2006
3014
3014
6567
3014
3014
6567
3014
3014
6567
3014
3014
6567
3014
1243
1965
1961
1961
4406
1961
1961
1961
6127
6127
11547
13121
12960
2006
11547
11547
13121
3014
2006
11547
3014
3014
3014
2006
7633
3014
3014
3014
6567
7633
3014
3014
9837
6567
7633
3014
9837
1243
8610
12149
1965
1965
1961
1961
3232
1961
1961
1961
4406
4406
1961
1961
1961
1961
6127
6127
6127
11547
13121
3014
3014
6127
6127
11547
3014
3014
3014
9837
2006
7633
7633
3014
3014
9837
9837
6567
7633
7633
3014
9837
9837
1243
8610
14336
12149
11479
2372
8610
12149
1965
1965
1961
1961
3232
1961
1961
143
4406
3232
1961
1961
143
143
4406
4406
4406
1961
1961
143
3593
3593
6127
6127
6127
6127
3014
3014
9837
9837
9837
1132
1717
1717
7633
3014
9837
9837
9837
1243
1132
6692
14336
12149
11479
11479
2372
6537
14336
12149
12149
1965
8610
12149
1965
1965
143
143
3232
143
143
143
3232
3232
143
143
143
3593
4406
4406
3232
143
143
3593
3593
3593
1717
1717
1717
1717
143
2005
2005
2005
2005
749
1132
1717
1717
1717
4219
11479
11479
11479
2372
1132
1717
6692
4219
12149
11479
2372
6537
6692
4219
12149
1965
6537
4219
1965
1965
143
143
8014
143
143
143
3232
8014
143
143
3593
3593
4406
3232
4345
143
2005
2005
2005
749
13343
13343
10832
2897
2005
2005
2005
2005
1717
1717
1717
1717
2897
2005
2005
2005
1132
1717
1717
4219
4219
4219
1965
1132
6692
4219
4219
1965
6537
4219
4219
3090
143
143
8014
143
143
3593
4345
4345
143
2005
2005
749
4345
4345
4345
2005
2005
2005
10832
10832
2897
5290
2005
2005
13343
10832
2897
2897
2897
2005
1717
1717
1717
2897
2897
2897
1132
1717
4219
4219
4219
6537
4219
4219
3090
143
143
4345
143
2005
749
4345
4345
2005
2005
4345
4345
5290
2005
10832
2897
5290
5290
10832
2897
2897
2897
10832
2897
2897
2897
1717
1717
2897
2897
1132
4219
4219
3090
143
749
4345
2005
4345
5290
4345
5290
2897
5290
2897
2897
2897
2897
2897
2897
1717
2897
3090
2006
2337
2006
2337
2006
2337
2006
2337
2006
11010
6567
11010
6567
11010
6567
6680
6567
6090
7973
10326
2765
2006
11531
2337
2006
2006
12328
2337
2006
2006
12328
2337
2006
2006
11010
11010
6567
6567
11010
6680
6567
6567
10906
6680
6567
6567
6667
6090
8610
2768
7973
10326
2765
7973
11531
10326
2765
2765
2006
11531
11531
2337
8714
2006
2006
12328
11010
6680
2006
2006
2006
11010
10906
6680
2006
6567
6567
10906
10906
6680
6567
6567
6567
6667
6667
6090
8610
8610
6667
6667
8610
2768
7973
10326
7973
7973
11531
2033
2765
2765
7973
11531
2033
2033
2765
2765
2765
2006
11531
2033
10906
6680
8714
8714
2006
2006
10906
10906
10906
6680
1132
1132
6567
6567
6667
6667
6667
6090
6537
8610
8610
6667
6667
6667
8610
8610
13187
2768
8610
2768
2033
2033
7973
2033
2033
2033
2765
7973
2033
2033
2033
11502
2765
2765
2765
2033
2033
13771
13771
11502
1132
1132
1132
1132
1132
6667
6667
6667
6667
6090
1132
1132
1132
3090
6667
6667
6667
6667
1132
6537
3090
13187
6667
6667
6537
3090
13187
2768
3090
2768
2033
2033
3967
2033
2033
2033
3967
3967
2033
2033
13771
11502
2765
2765
3418
2033
8460
8460
8460
6870
12857
12857
7100
3418
8460
8460
8460
8460
1132
1132
1132
1132
3090
3090
6667
6667
1132
1132
3090
3090
3090
2768
6537
3090
3090
2768
3090
3090
2033
2033
3967
2033
2033
11502
3418
3418
2033
8460
8460
6870
3418
3418
3418
8460
8460
8460
7100
7100
3418
10269
8460
8460
12857
7100
4148
4148
4148
4978
1132
1132
1132
3090
3090
3090
1132
3090
3090
3090
3090
3090
2033
2033
3418
2033
8460
6870
3418
3418
8460
8460
3418
3418
10269
4978
7100
3418
10269
4978
7100
4148
4148
4148
7100
4148
4148
4148
1132
1132
3090
3090
3090
3090
2033
6870
3418
4978
3418
4978
3418
4978
3418
4978
4148
4148
4148
4148
4148
4148
1132
3090
730
5859
8910
8910
8910
8910
8910
8910
1462
1462
1462
1462
1462
1462
1462
1462
1462
585
730
2781
730
5885
5859
8608
8910
12960
5859
8910
8910
12960
8910
8910
1462
10157
1462
1462
1462
10157
1462
1462
1462
10157
1462
1462
1462
5774
8002
6284
1243
585
730
730
730
5885
2781
2781
730
5885
5885
5859
8608
8608
8910
12960
10157
5859
8608
8910
1462
10157
10157
5859
1462
1462
1462
10157
14090
1462
1462
1462
1462
5774
5774
8002
8002
6284
5774
1243
8002
6284
3729
585
730
730
730
5885
2781
730
730
5885
5885
2781
2781
2781
730
5885
4748
4748
5859
8608
8608
8608
1462
10157
14090
14090
5859
8608
982
1462
1462
5774
5774
5774
982
982
8002
6284
5774
5774
1243
982
8002
6284
6284
1243
8002
6284
3729
585
730
730
730
12511
730
730
730
12511
4748
2781
2781
730
730
4748
4748
4748
2781
2781
2781
2781
435
3671
3671
3671
3671
6565
9792
9792
982
982
5774
5774
5774
1243
6565
982
982
982
6284
5774
1243
982
982
982
6284
3729
982
982
3729
585
6684
6684
6684
12511
730
6684
6684
4748
4748
2781
730
6684
435
3671
3671
3671
3013
3013
3013
435
435
3671
3671
3671
3013
3013
3013
982
1409
435
3671
1243
6565
9792
982
982
1409
1409
1243
982
982
982
1409
1409
982
982
1409
982
6684
6684
6684
4748
6684
6684
435
3671
3671
6029
7522
435
435
3671
3671
3013
6029
435
435
435
3671
3013
3013
4683
4683
435
435
3013
3013
982
1409
1409
1409
6565
982
982
1409
1409
982
982
1409
982
6684
6684
435
3671
7522
435
435
3671
7522
435
435
435
6029
435
435
435
6029
4683
4683
435
3013
4683
4683
4683
3013
982
1409
1409
982
982
1409
982
435
435
435
435
435
435
435
435
435
4683
4683
4683
4683
4683
4683
982
1409
982
4566
4566
4566
4566
4566
4566
4566
4566
4566
11025
13181
11025
13181
11025
13181
8381
3932
4173
9835
9835
5859
4566
4566
4566
5859
4566
4566
4566
12946
4566
4566
4566
12946
4566
14049
11025
13181
13181
14049
8381
13181
13181
11397
8381
11020
3932
4173
4173
3932
3932
9835
9835
9991
9835
9835
9835
5859
5859
4566
4566
4566
4566
5859
5859
4566
4566
4566
8381
5859
12946
4566
14049
11397
8381
12946
13181
13181
11397
11397
8381
11020
11020
3932
4173
4173
4173
11020
3932
3932
4173
3932
3932
9835
9835
9991
9835
9835
3619
11372
9991
9835
9835
8047
3512
5859
5859
5859
4566
4566
4566
11397
3512
5859
5859
5859
4566
11397
11397
11397
8381
5859
1805
11020
3932
4173
4173
4173
4173
1805
11020
3932
3932
4173
4173
11020
3932
3932
3932
3932
3932
1460
3619
9991
1460
8047
3619
9991
9991
1460
8047
8047
3512
11372
11372
9991
1460
8047
12866
12866
3512
5859
5859
5859
5859
293
4173
4173
4173
4173
2731
6565
6565
1805
1805
3932
4173
4173
4173
1805
1805
1805
3932
3932
4173
1805
1805
3932
3932
1805
3932
1460
3619
1460
1460
8047
3512
1460
1460
1460
8047
12866
3512
9281
1460
1460
1460
11468
11468
11468
2731
9281
9281
2560
293
3453
11468
11468
10735
6565
6565
6565
293
293
293
4173
4173
6565
1805
1805
5509
3932
3932
1805
1805
5509
3932
1805
4336
1460
3619
1460
1460
8047
3512
1460
1460
1460
11468
11468
2731
2560
2644
2644
3453
11468
10735
2560
2560
293
3453
3453
10735
9281
2560
293
293
293
3453
6565
6565
293
293
293
293
1805
1805
5509
4336
1805
4336
1460
3512
1460
1460
11468
2731
2644
2644
3453
10735
2644
2644
3453
3453
2560
293
3453
3453
2560
293
293
293
2560
293
293
293
6565
293
293
293
1805
4336
1460
2731
2644
3453
2644
3453
2644
3453
293
3453
293
293
293
293
293
293
293
293
2337
2337
2337
2337
2337
11025
11025
11025
6157
6854
13584
2337
2337
10076
2337
2337
10076
2337
2337
10076
2337
11285
11025
11025
11285
11025
11025
6680
8381
6157
6157
8381
6157
6854
6854
6854
10326
13584
13584
2337
2337
2337
13613
10076
2337
2337
2337
10076
10076
2337
11285
6680
10076
11025
11025
6680
6680
8381
8381
6157
6157
6157
8381
8381
6157
6157
8381
9135
6854
6854
6854
10326
13584
6854
6854
10326
6318
13584
13584
13584
2337
2337
2337
6680
13613
13613
10076
2337
6680
6680
6680
3619
3512
8381
6157
6157
6157
6157
3512
8381
8381
6157
6157
6157
8381
8381
12741
6157
8381
9135
2013
6854
2013
6318
6854
6854
2013
6318
6318
13584
13584
6854
2013
6318
11502
11502
3619
3619
3619
3619
2013
6157
6157
6157
6157
3619
3619
3512
3512
6157
6157
6157
6157
3512
3512
3512
12741
6157
6157
3512
3512
12741
9135
3512
9135
2013
2013
2013
6318
2013
2013
2013
6318
11502
6020
2013
2013
2013
10401
10401
10401
6020
6020
5750
2766
2766
10401
10401
8402
3619
3619
3619
3512
8291
2766
6157
6157
3619
3512
3512
13078
12741
6157
3512
3512
13078
2731
3512
2731
2013
2013
2013
6318
2013
2013
2013
10401
10401
5750
14000
2766
2766
10401
8402
5750
5750
2766
2766
2766
8402
6020
5750
5750
8291
2766
2766
3619
3619
3512
8291
8291
2731
3512
3512
13078
2731
3512
2731
2013
2013
2013
10401
14000
2766
2766
8402
14000
2766
2766
2766
5750
2766
2766
2766
5750
5750
8291
2766
5750
5750
8291
8291
3619
3512
8291
2731
3512
2731
2013
2766
2766
2766
2766
2766
2766
2766
2766
5750
8291
5750
8291
5750
8291
3512
2731
491
491
491
491
287
287
287
287
287
133
1455
1455
1871
1455
1455
1871
1455
1455
1871
1455
1455
1871
825
825
2187
825
825
2187
825
825
2187
825
308
2187
825
308
1597
1582
1582
3417
1455
1455
1455
3417
3417
1455
1455
1455
1871
11082
1455
1455
825
1871
11082
825
825
825
1871
14035
825
825
308
2187
14035
825
825
308
2187
5330
825
9928
308
5330
5330
1597
1597
1582
1582
3856
1582
1582
1582
3417
3417
1455
1455
1455
1455
3417
3417
3417
1455
1455
825
308
3417
3417
11082
825
825
825
308
1871
11082
14035
825
825
11275
308
2187
5330
5330
825
9928
9928
308
5330
5330
5330
8674
9928
5330
5330
1597
1597
1582
1582
4488
1582
1582
111
3856
3856
1582
1582
111
111
3417
3417
3417
1455
1455
111
9485
308
3417
3417
3417
3417
825
825
11275
11275
308
3006
3006
3006
5330
825
9928
9928
9928
308
3006
5330
5330
5330
8674
9928
9928
5330
5330
5330
8674
1597
5330
5330
1597
1597
111
111
4488
111
111
111
3856
4488
111
111
111
3585
3856
3856
3856
111
111
9485
9485
3585
3006
3006
3006
3006
111
1443
1443
1443
1443
308
3006
3006
3006
3006
4468
8674
9928
9928
9928
3006
3006
5747
4468
8674
8674
9928
5747
5747
4468
8674
1597
5747
4468
1597
1597
111
111
13246
111
111
111
4488
13246
111
111
9485
3585
3856
189
2456
111
1443
1443
1443
523
13751
13751
189
189
1443
1443
1443
1443
3006
3006
3006
189
4468
1443
1443
1443
3006
3006
3006
4468
4468
4468
1597
3006
5747
4468
4468
1597
5747
4468
4468
2544
111
111
13246
111
111
3585
2456
2456
111
1443
1443
523
189
2456
2456
1443
1443
1443
189
189
189
13545
1443
1443
13751
189
189
5268
5268
31
3006
3006
189
4468
4468
560
3006
3006
4468
4468
4468
5747
4468
4468
2544
111
111
2456
111
1443
523
2456
2456
1443
1443
2456
2456
13545
31
189
189
13545
31
189
189
5268
31
189
189
5268
560
3006
189
4468
560
3006
4468
4468
2544
111
523
2456
31
2456
31
2456
31
189
31
189
560
189
560
189
560
189
560
2544
306
306
1871
491
1871
491
1871
491
1871
5091
2187
5091
2187
5091
2187
1130
402
133
306
306
1367
306
306
306
1871
1871
12885
491
1871
1871
12885
491
1871
1871
13389
5091
2187
2187
13389
1130
2187
2187
9969
1130
2187
402
402
133
7801
402
306
306
1367
306
306
306
1367
1367
306
306
306
306
7917
1871
1871
12885
12885
1130
1871
1871
1871
13389
9969
1130
1871
2187
2187
9969
9969
1130
2187
2187
402
402
402
133
7801
7801
402
402
7801
10606
306
306
11311
306
306
306
1367
1367
306
306
306
75
1367
1367
1367
306
306
306
7350
75
7917
7917
1871
1871
9969
9969
9969
1130
7917
1871
2187
402
402
402
402
133
7801
7801
7801
402
402
402
7801
7801
12499
402
7801
10606
306
2948
11311
306
2948
2948
1367
11311
306
2948
2948
75
1367
1367
1367
306
2948
7350
7350
75
1182
1182
1182
1182
270
402
402
402
402
75
14263
14263
8788
2544
402
402
402
402
8788
8788
2544
12499
402
402
8788
2544
12499
10606
2544
10606
2948
2948
13528
2948
2948
75
11311
13528
2948
2948
7350
75
1182
270
270
270
4400
4400
4400
75
1182
1182
1182
270
4400
4400
4400
3609
1182
1182
1182
1182
2544
402
402
402
14263
8788
2544
2544
2544
402
8788
2544
2544
2544
2544
2544
2948
2948
13528
2948
2948
75
270
270
270
4400
4400
75
270
270
270
4400
4400
3609
1182
3239
270
9203
4400
3609
1182
1182
3239
8933
8933
776
1182
1182
1182
2544
2544
2544
8788
2544
2544
2544
2544
2544
2948
75
270
270
4400
75
270
270
4400
3609
270
270
9203
776
3239
270
9203
776
3239
3239
8933
776
1182
3239
8933
6951
1182
1182
2544
2544
2544
2544
270
75
270
776
270
776
270
776
270
776
3239
6951
3239
6951
3239
6951
1182
2544
2169
2169
2169
2169
2169
3376
3376
3376
3376
90
469
1303
798
9599
10016
8310
9599
10016
8310
9599
10016
8310
4955
3376
4955
4955
3376
4955
4955
3376
4955
4955
1694
4121
4121
1694
974
469
1303
2942
469
6734
1303
798
8955
9599
10016
10016
798
9599
9599
10016
3376
8310
9599
4955
11861
3376
4955
4955
4955
11861
1694
4955
4955
4955
11560
1694
4121
4121
4121
11560
1694
4121
4121
2086
974
469
1303
469
469
6734
1303
2942
2942
469
6734
6734
1303
798
8955
8955
9599
10016
10016
1694
798
8955
9599
4955
11861
11560
1694
798
4955
4955
4955
11560
11560
1694
4121
4121
4121
4121
11560
11560
1694
4121
4121
4121
6620
2086
4121
4121
6620
974
469
1303
469
469
6734
89
2942
469
469
6734
6734
89
2942
2942
2942
469
6734
6734
6793
1694
798
8955
8955
8955
4955
11560
11560
11560
1694
798
8955
580
4121
4121
11560
11560
11560
1694
580
580
4121
4121
6620
13515
2086
580
4121
4121
6620
2086
4121
4121
6620
974
25
89
469
25
11998
89
469
469
25
11998
6793
6793
2942
2942
469
25
6793
6793
6793
6793
2942
2942
2942
2942
25
6004
6004
6004
6004
1043
7072
11280
11280
580
580
6620
13515
13515
2086
7072
580
580
580
6620
6620
2086
580
580
580
6620
6620
580
580
6620
580
25
89
25
25
11998
89
25
25
25
6793
6793
6793
2942
25
25
25
6004
6004
6004
1043
3309
3309
3309
795
795
6004
6004
4817
3309
3309
3309
580
1923
795
6004
2086
7072
11280
580
580
1923
1923
2086
580
580
580
1923
1590
580
580
1590
580
25
89
25
25
6793
6793
25
25
25
6004
6004
1043
8949
12330
795
795
6004
4817
3309
8949
795
795
795
4817
3309
3309
7058
7058
795
795
3309
3309
580
1923
1923
1590
7072
580
580
1923
1590
580
580
1590
580
25
89
25
25
6004
1043
12330
795
795
4817
12330
795
795
795
8949
795
795
795
8949
7058
7058
795
3309
7058
7058
5948
3309
580
1923
1590
580
580
1590
580
25
1043
795
795
795
795
795
795
795
795
7058
5948
7058
5948
7058
5948
580
1590
580
798
5056
9738
5520
9738
5520
9738
5520
6241
10519
6241
10519
6241
10519
6241
579
579
196
5056
5056
798
798
5056
5056
9390
9738
9738
5520
12453
9738
9738
5520
12453
6241
10519
10519
6241
6241
10519
579
6241
6241
579
579
6241
579
579
196
7005
1588
5056
5056
798
5056
5056
5056
798
798
798
5056
5056
5056
9390
9390
9738
9738
9738
579
9390
12453
6241
10519
579
579
6241
6241
6241
579
579
579
6241
6241
579
579
579
196
8860
7005
7005
1588
7005
4000
5056
5056
8310
5056
5056
5056
798
798
5056
5056
5056
5034
798
798
798
798
5056
579
579
579
9390
9390
9390
6241
579
579
579
579
9390
5601
6241
579
579
579
579
196
5601
8860
7005
7005
13863
1588
8860
7005
7005
1588
7005
4000
5056
11335
8310
5056
14172
11335
798
8310
5056
14172
5034
5034
798
798
798
5056
5034
5034
5034
5034
798
798
798
798
579
579
579
579
579
196
11334
11334
5601
2085
7005
13863
13863
1588
5601
5601
2085
7005
7005
1588
5601
2085
7005
4000
2085
4000
11706
11335
11706
11706
14172
5034
8310
11706
11706
5034
5034
5034
798
798
11329
2532
5034
5034
5034
342
7072
7072
1941
1941
2532
8382
8382
8382
7072
7072
7072
1941
2085
2085
8382
1588
11334
5601
2085
2085
2085
1588
5601
2085
2085
2085
2085
2085
11706
11335
11706
11706
5034
5034
11329
11329
2532
5034
5034
342
1941
11329
2532
2532
8382
8382
1941
1941
1941
2532
2532
8382
7072
1941
1941
10723
2532
2532
7072
7072
1941
2085
2085
2085
5601
2085
2085
2085
2085
2085
11706
5034
11329
2532
5034
342
11329
2532
2532
8382
11329
2532
2532
2532
1941
1941
2532
2532
1941
1941
10723
2532
1941
1941
10723
4617
7072
1941
2085
2085
2085
2085
2532
342
2532
2532
2532
2532
2532
2532
1941
2532
1941
4617
1941
4617
1941
4617
1941
2085
163
163
163
163
92
92
92
92
92
92
163
163
486
163
163
486
163
163
486
163
163
486
163
2159
5038
2159
2159
5038
2159
2159
5038
2159
2159
4999
2159
4179
2135
4479
8802
3280
163
163
163
3280
3280
163
163
163
486
14075
163
163
163
486
14075
163
2159
2159
486
9456
2159
2159
2159
5038
9456
2159
2159
4383
4999
4999
2159
4383
4179
4999
4999
2727
2135
4479
8802
4479
4479
12005
8802
3280
3280
163
163
163
163
3280
3280
3280
163
163
163
2159
3280
3280
14075
163
2159
2159
4383
486
9456
9456
2159
2159
4383
4383
4999
4999
4999
2159
4383
4383
4179
4999
4999
4999
11345
6729
4999
4999
2727
2135
4479
8802
4479
4479
12005
1154
6547
4479
4479
12005
11968
1154
3280
3280
3280
163
163
163
4383
4383
3280
3280
3280
3280
163
2159
4383
4383
4383
275
275
275
4999
2159
4383
4383
4383
4179
275
4999
4999
4999
11345
14164
6729
4628
4999
4999
11345
2727
4999
4999
2727
2135
411
1154
4479
411
11968
1154
4479
4479
411
11968
5109
5109
6547
6547
4479
411
5109
5109
5109
5109
275
275
275
275
163
4383
4383
4383
4383
4179
275
275
275
275
4611
11345
14164
14164
6729
275
275
8374
4611
11345
11345
6729
4628
8374
4611
11345
2727
4628
4611
2727
1721
411
1154
411
411
11968
1154
411
411
411
5109
5109
5109
3792
411
411
411
5109
5109
5109
5109
3792
3792
3792
3776
3776
6080
6080
6080
275
275
275
275
4611
3776
6080
6080
275
275
275
4611
4611
4611
2727
275
8374
4611
4611
2727
4628
4611
3581
1721
411
1154
411
411
5109
5109
411
411
411
5109
5109
5109
10014
10739
3776
3776
6080
6080
3792
10014
3776
3776
3776
6080
3792
3792
7216
7216
3776
3776
275
275
275
4611
4611
3581
275
275
4611
4611
3581
4628
4611
3581
1721
411
1154
411
411
5109
5109
10739
3776
3776
6080
10739
3776
3776
3776
10014
3776
3776
3776
10014
7216
7216
3776
3792
7216
7216
7216
275
275
4611
3581
275
4611
3581
1721
411
5109
3776
3776
3776
3776
3776
3776
3776
3776
7216
7216
7216
7216
7216
7216
275
3581
1721
486
1345
486
1345
486
1345
486
1345
486
92
5038
92
5038
92
5038
92
2135
819
13363
6337
1303
486
11429
1345
486
486
11429
1345
486
486
11429
92
486
486
7322
92
5038
5038
7322
92
5038
5038
5051
5051
5038
2135
5051
819
2135
2135
13363
6337
1303
13363
13363
6337
1303
1303
486
11429
11429
1345
6467
486
486
11429
7322
92
486
486
486
7322
5051
5051
486
5038
5038
5051
5051
5051
5038
5038
2135
5051
5051
819
14064
2135
2135
9592
2135
2135
13363
6337
13467
13363
13363
6337
1303
1303
13363
13363
10733
796
1303
1303
1303
486
11429
796
796
796
6467
6467
486
486
5051
5051
5051
5051
6467
486
5038
2135
5051
5051
5051
819
4628
14064
2135
2135
10013
9592
14064
2135
2135
2135
2135
2135
3376
7186
13467
3376
10733
7186
1303
13467
3376
10733
796
796
1303
1303
1303
3376
796
796
796
796
89
89
89
89
89
796
796
796
796
796
7817
7817
4628
2135
2135
10013
10013
9592
4628
4628
2135
2135
2135
9592
4628
2135
2135
2135
2135
2135
3376
7186
3376
3376
10733
796
3376
3376
3376
796
796
796
89
89
1694
796
796
796
796
796
89
89
89
1694
6879
12656
12656
1350
89
89
89
89
3259
2135
10013
1350
7817
4628
4167
4167
2135
2135
4628
4167
4167
2135
4167
4167
3376
7186
3376
3376
796
796
1694
1694
796
796
796
796
1694
1694
1694
6879
12656
1350
89
7783
1694
6879
6879
1350
89
89
3259
3259
3259
1350
89
89
89
3259
3259
3259
4628
4167
4167
4167
4167
4167
3376
796
1694
796
796
796
1694
1694
6879
1350
1694
1694
6879
1350
7783
1694
6879
4119
7783
3259
3259
3259
89
3259
3259
3259
89
89
3259
3259
4167
4167
796
796
1694
1350
1694
4119
1694
4119
1694
4119
3259
3259
3259
3259
3259
3259
89
3259
4381
4381
4381
4381
3906
3906
3906
3906
3906
198
577
3402
577
4395
4395
5099
4395
4395
5099
4395
4395
5099
4395
8297
6094
6094
8297
6094
6094
8297
6094
6094
2167
4968
3437
2167
198
3402
3402
577
577
3402
3402
577
577
4395
4395
4395
577
5298
4395
4395
4395
5099
5298
4395
11935
8297
5099
6094
6094
11935
2167
6094
6094
6094
3437
2167
4968
4968
3437
3437
2167
4968
3926
3926
198
3402
3402
8816
3402
3402
3402
577
577
577
3402
3402
3402
577
577
577
4395
4395
4395
2167
577
577
5298
4395
11935
3437
2167
577
5298
6094
6094
3437
3437
2167
4968
4968
4968
3437
3437
3437
2167
4968
4968
3926
3926
7292
4968
3926
3926
198
3402
3402
13331
3402
3402
287
8816
8816
3402
3402
287
287
577
577
577
577
3402
287
3437
2167
577
577
577
577
4395
3437
3437
3437
2167
577
577
577
4968
3437
3437
3437
3437
2167
981
4968
4968
3926
3926
7724
7292
981
4968
3926
3926
3926
4968
3926
3926
198
287
287
13331
287
287
287
8816
13331
287
287
287
9654
8816
8816
8816
287
287
12186
12186
9654
577
577
577
577
287
3437
3437
3437
3437
2167
2955
5714
5714
5714
345
3926
7724
7724
7292
2955
5714
13408
345
3926
3926
7292
981
13408
345
3926
3926
981
345
3926
198
287
287
13172
287
287
287
13172
13172
287
287
12186
9654
3009
308
308
287
5097
5097
5097
2190
3009
3009
3009
308
5097
5097
5097
5097
3009
3009
3009
345
345
345
5097
5097
2955
5714
5714
345
345
345
3926
981
13408
345
345
345
981
345
345
345
287
287
13172
287
287
9654
308
308
287
5097
5097
2190
308
308
308
5097
5097
5097
3009
3585
308
11977
5097
5097
3009
3009
3585
13062
11977
877
3009
3009
345
345
345
345
2955
5714
345
345
345
981
345
345
345
287
287
308
287
5097
2190
308
308
5097
5097
308
308
11977
877
3585
308
11977
877
3585
3585
13062
877
3009
3585
13062
7504
3009
345
345
345
981
345
345
345
287
2190
308
877
308
877
308
877
308
877
3585
7504
3585
7504
3585
7504
345
345
345
195
5701
5099
9656
5099
9656
5099
9656
3906
3906
3906
3906
3906
3906
3906
3906
3906
1236
5701
5701
195
195
5701
5701
5099
5099
9806
9656
5099
5099
9806
3906
5099
3906
3906
3906
14181
3906
3906
3906
14181
3906
3906
9644
7995
3906
6766
1236
7995
198
5701
5701
195
5701
5701
5701
195
195
195
5701
5701
5701
11504
5099
5099
9806
3906
3906
5099
5099
3906
3906
3906
9644
5099
14181
3906
3906
12678
9644
7995
7995
3906
6766
6766
1236
7995
7995
6766
6766
7995
198
5701
5701
12561
5701
5701
5701
195
195
5701
5701
5701
1994
195
195
195
195
5701
3906
7305
1994
11504
11504
5099
3906
3906
12678
12678
9644
2955
981
7995
3906
6766
6766
6766
1236
981
7995
7995
6766
6766
6766
7995
7995
11063
198
7995
198
5701
6557
12561
5701
10343
6557
195
12561
5701
10343
7305
1994
195
195
195
5701
7305
7305
7305
1994
195
195
195
195
195
744
744
744
744
744
2955
2955
981
981
6766
6766
6766
6766
981
981
981
11063
6766
6766
981
981
11063
198
981
198
6603
6557
6603
6603
10343
1994
6603
6603
6603
7305
7305
1994
195
195
4967
744
744
744
744
744
2521
2521
1891
1891
744
744
744
744
2521
2521
2521
981
11767
744
744
744
2955
981
981
11767
11063
198
981
981
11767
198
981
2552
6603
6557
6603
6603
7305
1994
4967
4967
744
744
744
744
1891
4967
4967
744
744
744
1891
1891
1891
13927
744
744
2521
1891
1891
13610
13610
744
2521
2521
981
11767
11767
2552
981
981
11767
2552
981
2552
6603
1994
4967
744
744
744
4967
4967
744
744
4967
4967
13927
744
1891
1891
13927
9469
1891
1891
13610
4493
1891
1891
13610
4493
2521
981
11767
2552
981
2552
744
744
4967
744
4967
9469
4967
9469
1891
9469
1891
4493
1891
4493
1891
4493
981
2552
491
1362
491
1362
491
1362
491
1362
491
1157
5091
1157
5091
1157
5091
1157
1130
4443
1441
1441
8802
491
1441
1362
491
491
14227
1362
491
491
14227
1157
491
491
12987
1157
5091
5091
12987
1157
5091
5091
9616
9616
1130
1130
9616
4443
1130
2890
1441
1441
8802
1441
1441
1441
8802
8802
491
1441
1441
1362
11277
491
491
14227
12987
1157
491
491
491
12987
9616
9616
491
5091
5091
9616
9616
9616
1130
1130
1130
9616
9616
4443
1130
1130
5366
6849
1130
2890
1441
1441
9745
1441
1441
816
8802
8802
1441
1441
816
816
8802
8802
8802
491
1441
816
6465
6465
11277
11277
491
491
9616
9616
9616
9616
11277
75
1130
1130
9616
9616
9616
4443
75
1130
1130
5366
12240
6849
1130
1130
5366
2890
1130
2890
816
816
9745
816
816
816
8802
9745
816
816
816
6465
8802
8802
8802
816
816
6465
6465
6465
1154
1154
1154
1154
75
6465
6465
6465
6465
3473
13509
13509
75
75
5366
12240
12240
6849
75
75
75
5366
5366
6849
75
75
5366
2890
75
2890
816
816
9088
816
816
816
9088
9088
816
816
6465
6465
1154
1154
7390
816
6465
6465
6465
3473
1154
1154
1154
7390
9407
9407
9407
6235
1154
1154
1154
75
4161
4161
9407
6235
13509
75
75
4161
4161
2890
75
75
4161
233
75
233
816
816
9088
816
816
6465
7390
7390
816
6465
6465
3473
7390
7390
7390
9407
9407
6235
1154
10819
7390
11946
9407
6235
1154
1154
9084
9084
9084
4179
1154
1154
75
4161
4161
233
75
75
4161
233
75
233
816
816
7390
816
6465
3473
7390
7390
9407
6235
7390
7390
11946
4179
10819
7390
11946
4179
10819
9084
9084
4179
1154
9084
9084
9084
1154
75
4161
233
75
233
816
3473
7390
4179
7390
4179
7390
4179
7390
4179
9084
9084
9084
9084
9084
9084
75
233
1345
3362
2169
5737
4381
6000
5737
4381
6000
5737
4381
6000
5737
7239
6362
6362
7239
6362
6362
7239
6362
6362
2516
6362
2516
553
3134
1345
3362
6337
1345
5737
3362
2169
13357
5737
5737
4381
2169
13498
5737
5737
4381
6000
13498
5737
10540
7239
6000
6362
6362
10540
2516
6362
6362
6362
2516
2516
6362
6362
2516
2516
553
9186
9186
4018
3134
1345
3362
1345
1345
8755
3362
6337
6337
1345
5737
5737
3362
2169
13357
13357
5737
5737
5737
2516
2169
13357
13498
5737
10540
2516
2516
2169
6362
6362
6362
2516
2516
2516
6362
6362
6362
2516
2516
2516
553
9186
9186
9186
11702
5029
9186
9186
4018
3134
1345
3362
1345
1345
8755
284
6337
1345
1345
8755
7318
284
6337
6337
6337
1345
5737
2516
2516
2516
2169
13357
13357
13357
5737
2516
2516
2516
2516
2169
6010
1995
6362
2516
2516
2516
2516
553
1995
1995
9186
9186
11702
12107
5029
1995
9186
9186
11702
4018
9186
9186
4018
3134
92
284
1345
92
7318
284
1345
1345
92
7318
7318
11170
6337
6337
1345
92
7318
11778
11778
11170
6010
6010
6010
6010
92
2516
2516
2516
2516
553
6010
6010
6010
1995
1995
11702
12107
12107
5029
6010
1995
1995
1995
11702
11702
5029
1995
1995
1995
11702
4018
1995
1995
4018
1995
92
284
92
92
7318
284
92
92
92
7318
11778
11170
6337
92
92
92
7559
7559
7559
929
7186
7186
7186
2166
2166
7559
7559
929
6010
6010
6010
1995
4911
2166
7559
929
6010
6010
1995
1995
4911
4911
4018
1995
1995
1995
4911
4018
1995
1995
4731
1995
92
284
92
92
7318
11170
92
92
92
7559
7559
929
8957
12006
2166
2166
7559
929
7186
8957
2166
2166
2166
929
7186
7186
8957
11886
2166
929
6010
6010
1995
4911
4911
4731
6010
1995
1995
4911
4731
1995
1995
4731
1995
92
284
92
92
7559
929
12006
2166
2166
929
12006
2166
2166
929
8957
2166
2166
2166
8957
8957
11886
2166
7186
8957
11886
7576
6010
1995
4911
4731
1995
1995
4731
1995
92
929
2166
929
2166
2166
2166
2166
2166
2166
8957
7576
8957
7576
8957
7576
1995
4731
1995
2169
6000
6000
6000
6000
6342
6342
6342
6342
5520
2169
2169
9656
2169
6000
9656
6000
6000
9656
6000
6000
6342
7460
6342
6342
7460
6342
6342
7460
6342
9644
6768
3556
5520
5520
5520
9715
2169
2169
2169
9656
9656
2169
2169
6000
9656
6342
2169
6000
6000
6342
6342
6000
7460
6342
6342
9644
7460
7460
6342
9644
9644
13928
6768
6768
3556
6768
6768
5520
5520
5520
9715
12740
5520
5520
9715
6557
2169
2169
2169
2169
9656
1994
1994
2169
2169
2169
6000
6342
9644
9644
2169
2169
7460
6342
9644
9644
9644
4924
13928
6768
6768
9737
3556
13928
6768
6768
3556
6768
6768
5520
5520
5520
6557
5520
5520
5520
6557
1994
12740
12740
5520
5520
1994
1994
1994
2169
2169
2169
2169
196
1994
1994
1994
1994
11892
11892
4924
4924
6768
9737
9737
3556
4924
4924
4924
6768
6768
3556
4924
4924
6768
6768
4924
6768
6557
10981
6557
6557
5520
10981
6557
1994
1994
11335
4581
4581
196
1994
1994
1994
11335
11335
11335
196
196
13844
13844
4729
11335
11335
11335
2530
2530
196
9737
3556
11892
4924
4924
5874
5874
3556
4924
4924
5874
5874
4924
5874
6557
10981
6557
1994
4581
4581
196
1994
1994
4581
4581
196
196
13844
4729
11335
11432
196
196
196
4729
11335
11335
2530
2530
196
196
11335
11335
2530
2530
2530
2530
4924
4924
5874
5874
4924
5874
6557
4581
196
1994
4581
196
196
4729
4581
196
196
196
11432
196
196
196
11432
2530
2530
196
11335
2530
2530
2530
11335
2530
2530
2530
4924
5874
196
196
196
196
196
196
196
196
196
2530
2530
2530
2530
2530
2530
2530
2530
1362
4381
4381
4381
4381
7239
7239
7239
1523
1362
3362
1362
9882
3362
4381
9882
4381
4381
9882
4381
4381
8297
7239
7239
8297
7239
7239
2167
4775
1523
2167
1523
1523
1362
1362
1362
13097
3362
3362
1362
9882
9882
3362
3362
4381
9882
8297
3362
4381
4381
8297
2167
4381
7239
7239
2167
2167
4775
4775
1523
2167
2167
4775
1523
1523
3406
1523
1523
1362
1362
1362
13097
9750
1362
1362
13097
12472
3362
3362
3362
1362
9882
2167
2167
3362
3362
3362
4381
2167
2167
2167
284
284
4775
1523
2167
2167
2167
4775
4775
1523
1523
14192
3406
4775
1523
1523
1523
1523
1523
1157
1362
1157
12472
1362
1362
1157
12472
9654
9750
9750
1362
1157
9654
9654
9654
284
284
284
284
284
2167
2167
2167
2167
284
284
284
1523
1523
14192
14192
3406
284
11170
1523
1523
1523
3406
11170
1523
1523
1523
1523
1523
1157
1157
1157
12472
1157
1157
1157
9654
9654
9750
1157
1157
1157
9654
9654
9654
13202
13202
9421
3473
5068
9717
9717
9717
284
284
284
284
3473
1523
9717
3406
284
284
7147
7147
1523
1523
11170
7147
7147
1523
7147
7147
1157
1157
1157
9654
1157
1157
1157
9654
9654
9421
10408
5068
5068
9717
9717
9421
9421
3473
5068
5068
9717
13202
9421
3473
3473
3473
5068
284
284
284
3473
3473
3473
284
7147
7147
7147
7147
7147
1157
1157
1157
9654
10408
5068
5068
9717
10408
5068
5068
5068
9421
3473
5068
5068
9421
3473
3473
3473
9421
3473
3473
3473
284
284
3473
3473
7147
7147
1157
5068
5068
5068
5068
5068
5068
3473
5068
3473
3473
3473
3473
3473
3473
284
3473
1829
1829
1829
1829
1129
1129
1129
1129
1129
466
1829
1829
4393
1829
1829
4393
1829
1829
4393
1829
1829
4393
1829
10145
6155
7187
10145
6155
7187
10145
6155
7187
1790
6155
1790
649
1653
9086
11986
4334
1829
1829
1829
8612
4649
1829
1829
1829
4393
4649
1829
1829
1829
4393
4649
1829
11080
10145
4393
7187
7187
11080
1790
6155
7187
7187
1790
1790
6155
7187
1790
1790
649
8164
8164
4307
1653
9086
11986
4334
9086
11986
11986
4334
4334
1829
1829
1829
1829
8612
12980
4649
1829
1829
1829
1790
8612
4649
4649
1829
11080
1790
1790
4393
4649
7187
7187
1790
1790
1790
6155
7187
7187
1790
1790
1790
649
8164
8164
8164
5564
4307
8164
8164
10385
1653
9086
11986
9086
9086
11986
3109
4334
4334
9086
11986
11986
384
4334
4334
4334
1829
1829
384
384
384
8612
12980
12980
4649
1829
1790
1790
1790
1790
2879
2879
2879
7187
1790
1790
1790
1790
649
2879
5246
8164
8164
5564
5564
4307
5246
8164
8164
14228
4307
8164
8164
10385
1653
1226
3109
9086
1226
13179
3109
4334
9086
1226
13179
384
384
4334
4334
4334
1226
384
384
384
384
2879
2879
2879
2879
384
384
384
384
384
384
2879
2879
2879
2879
5246
5564
5564
5564
4307
2879
2879
5246
5246
14228
5564
4307
5246
5246
5246
14228
10385
5246
5246
10385
1653
1226
3109
1226
1226
13179
384
1226
1226
1226
384
384
384
4334
1226
1226
384
384
384
384
384
5904
5904
5904
632
1202
10664
10664
392
2879
2879
2879
632
632
632
5564
392
2879
2879
2879
5246
7456
7456
4307
2879
5246
5246
7456
2627
5246
5246
2627
2627
1226
3109
1226
1226
384
384
1226
1226
384
384
384
384
12160
12160
1202
1202
10664
392
5904
13270
632
1202
1202
392
5904
5904
632
632
632
392
2879
2879
632
632
632
632
2879
2879
5246
7456
2627
5246
5246
2627
2627
1226
384
1226
384
384
384
12160
1202
1202
392
12160
1202
1202
392
13270
632
1202
1202
13270
632
632
632
5904
632
632
632
2879
632
632
632
2879
5246
2627
2627
384
384
1202
392
1202
1202
1202
1202
632
1202
632
632
632
632
632
632
632
632
2627
631
1707
4393
8692
4393
8692
4393
8692
4393
1129
6155
1129
6155
1129
6155
1129
4035
634
631
1707
8612
631
8269
1707
4393
4393
11005
8692
4393
4393
11005
1129
4393
4393
6676
1129
6155
6155
6676
1129
6155
6155
6676
12384
6155
4035
12384
634
4035
634
631
1707
631
631
8269
1707
8612
8612
631
8269
8269
1707
8612
4393
4393
11005
6676
1129
4393
4393
4393
6676
6676
12384
4393
6155
6155
6676
12384
12384
6155
6155
4035
12384
12384
634
14393
4035
4035
634
4035
4035
631
1707
631
631
8269
348
8673
631
631
8269
8269
348
8612
8612
8612
631
8269
2453
2453
2453
8612
8612
4393
4393
6676
12384
12384
12384
8612
4393
6155
4035
12384
12384
12384
634
11344
14393
4035
4035
13313
634
14393
4035
4035
634
4035
4035
631
348
631
631
11527
348
631
631
631
11527
2453
2453
8673
8673
631
631
2453
2453
2453
2453
1126
1126
1126
1126
631
2453
2453
2453
2453
634
10582
10582
10582
2726
4035
13313
13313
634
10582
11344
2726
4035
4035
634
11344
2726
4035
4035
2726
4035
6036
348
6036
6036
11527
348
631
6036
6036
2453
2453
2453
1126
631
6036
965
2453
2453
2453
1056
1126
1126
1126
965
965
9881
9881
5583
1126
1126
1126
1126
2726
965
9881
634
10582
10582
2726
2726
2726
634
11344
2726
2726
2726
2726
2726
6036
348
6036
6036
2453
2453
6036
6036
965
2453
2453
1056
7156
9214
965
965
9881
5583
1126
7156
965
965
965
5583
1126
1126
4956
4956
965
965
1126
1126
1126
2726
2726
2726
10582
2726
2726
2726
2726
2726
6036
348
6036
965
2453
1056
9214
965
965
5583
9214
965
965
965
7156
965
965
965
7156
4956
4956
965
1126
4956
4956
4956
1126
1126
2726
2726
2726
2726
965
1056
965
965
965
965
965
965
965
965
4956
4956
4956
4956
4956
4956
1126
2726
340
340
340
340
340
575
575
575
575
194
2168
2100
340
4203
7608
340
4203
7608
340
4203
7608
340
1576
1576
3873
1576
1576
3873
1576
1576
3873
1576
1576
3873
1576
194
4065
3747
2100
2168
2168
4774
2100
2168
2168
4203
7608
7608
340
4203
4203
7608
1576
340
4203
1576
1576
1576
340
12782
1576
1576
1576
3873
12782
1576
1576
6834
3873
11806
1576
3172
194
5642
10956
3172
4065
3747
2100
3747
3747
4774
2100
2168
2168
2168
4774
4774
2100
2168
2168
2168
4203
7608
1576
1576
2168
2168
4203
1576
1576
1576
6834
340
4203
12782
1576
1576
8598
6834
3873
11806
11806
1576
3172
3172
194
5642
11806
10956
3172
3172
5642
10956
10956
4065
3747
2100
3747
3747
4774
2100
12738
3747
3747
4774
4234
758
2168
2168
2168
2168
4774
1576
6201
758
2168
2168
2168
2168
1576
1576
8598
8598
6834
1626
1626
1626
11806
1576
3172
3172
3172
194
1626
4982
11806
10956
3172
3172
3172
4982
11806
10956
10956
3172
5642
10956
10956
4065
3747
4234
3747
3747
4234
4234
3747
3747
3747
4234
4234
758
12738
12738
3747
3747
4234
6201
6201
758
1626
1626
1626
1626
339
339
339
339
339
110
1626
1626
1626
1626
4982
3172
3172
3172
3172
1626
1626
4982
4982
10956
3172
3172
4982
4982
4982
10956
10956
4982
4982
10956
4065
4234
4234
7027
4234
4234
758
3747
7027
4234
4234
6201
758
6867
3747
4352
339
339
339
339
110
6867
6867
6867
4352
339
339
339
339
1626
1626
1626
1626
5937
339
339
339
1626
1626
1626
4982
5937
5937
3172
1626
4982
4982
5937
4992
4982
4982
4992
4982
4234
4234
7027
4234
4234
758
4352
4352
339
339
339
110
4352
4352
4352
339
339
339
6867
7238
4352
13414
339
339
6867
6867
7238
13960
13414
339
1626
1626
1626
5937
5937
3811
1626
1626
4982
5937
4992
4982
4982
4992
4982
4234
758
4352
339
339
110
4352
4352
339
339
4352
4352
13414
339
7238
4352
13414
8638
7238
7238
13960
3811
6867
7238
13960
3811
1626
1626
5937
3811
1626
4982
4992
4982
339
110
4352
339
4352
8638
4352
8638
4352
8638
7238
3811
7238
3811
7238
3811
1626
3811
4982
340
964
4146
4146
4146
4146
4146
4146
374
374
374
374
374
374
374
374
374
1741
340
964
4063
340
4146
964
4063
4146
4146
4146
12043
4146
4146
374
12043
374
374
374
10690
374
374
374
10690
374
374
4036
10579
374
4202
1741
3647
3647
340
964
340
340
13245
964
4063
4063
340
4146
4146
964
4063
4063
4146
4146
374
374
4063
12043
374
374
374
4036
10690
10690
374
374
10064
4036
10579
10579
374
4202
4202
1741
10579
3647
3647
4202
3647
3647
340
964
340
340
13245
964
13799
340
340
13245
8356
4776
4063
4063
4063
340
4146
374
10064
4036
4063
4063
4063
374
374
10064
10064
4036
4063
2035
10579
374
4202
4202
4202
1741
2035
10579
3647
3647
4202
4202
10579
3647
3647
3647
3647
3647
340
5423
340
340
8356
5423
340
340
340
8356
8356
4776
13799
13799
340
340
8356
14359
14359
4776
4063
4063
4063
4063
340
4202
4202
4202
4202
1741
7185
7185
2035
2035
3647
4202
4202
4202
2035
2035
2035
3647
3647
4202
2035
2035
3647
3647
2035
3647
3873
5423
3873
3873
8356
4776
340
3873
3873
8356
14359
4776
10863
340
3873
3873
10573
10573
10573
2755
10863
10863
7733
5642
7104
10573
10573
3666
7185
7185
7185
2035
5804
3647
4202
3666
7185
2035
2035
5804
3647
3647
2035
2035
5804
3647
2035
4803
3873
5423
3873
3873
8356
4776
3873
3873
3873
10573
10573
2755
5642
5642
5642
7104
10573
3666
7733
7733
5642
7104
7104
3666
10863
7733
7733
8990
7104
3666
7185
7185
2035
5804
5804
4803
2035
2035
5804
4803
2035
4803
3873
4776
3873
3873
10573
2755
5642
5642
7104
3666
5642
5642
7104
3666
7733
5642
7104
4065
7733
7733
8990
4065
7733
7733
8990
8539
7185
2035
5804
4803
2035
4803
3873
2755
5642
3666
5642
4065
5642
4065
5642
4065
7733
8539
7733
8539
7733
8539
2035
4803
4398
4398
4398
4398
2889
2889
2889
2889
2889
87
1552
4762
1552
4762
4762
4701
4762
4762
4701
4762
4762
4701
4762
5365
11087
6367
5365
11087
6367
5365
11087
6367
1283
2060
773
1283
87
4931
4931
1552
1552
4762
4762
1552
1552
4762
4762
4762
1552
9503
4762
4762
4762
4701
9503
4762
6367
5365
4701
14155
6367
6367
1283
11087
14155
6367
6367
1283
2060
11625
773
5262
1283
2060
773
773
87
4931
4931
6152
4931
4931
4931
1552
1552
1552
4762
4762
4762
1552
1552
1552
4762
4762
4762
1283
1552
1552
9503
4762
6367
6367
1283
1552
9503
14155
6367
6367
11610
1283
2060
11625
11625
773
5262
5262
1283
2060
11625
773
773
5262
2060
773
773
87
4931
4931
6152
4931
4931
4207
12690
6152
4931
4931
4931
4207
1552
1552
1552
1552
4762
4762
11610
1283
1552
1552
1552
1552
4762
6367
11610
11610
1283
1552
1552
1552
11625
773
5262
5262
5262
1283
154
11625
11625
773
773
5262
5262
154
11625
773
773
773
2060
773
773
87
3181
4207
6152
3181
8042
4207
6152
6152
3181
8042
8042
9324
12690
12690
6152
3181
8042
12835
12835
9324
1552
1552
1552
1552
47
4870
4870
4870
4870
1283
6491
6491
6491
6491
47
773
5262
5262
5262
6491
6491
13526
47
773
773
5262
154
13526
47
773
773
154
47
773
47
3181
4207
3181
3181
8042
4207
3181
3181
3181
8042
12835
9324
8300
810
3181
3181
4870
4870
4870
2067
8300
8300
810
810
4870
4870
4870
4870
6491
6491
6491
47
47
47
4870
4870
6491
6491
6491
47
47
47
773
154
13526
47
47
47
154
47
47
47
3181
4207
3181
3181
8042
9324
3181
3181
3181
4870
4870
2067
810
7129
7129
4870
4870
4870
810
810
810
8427
4870
4870
8300
810
810
12369
8427
4870
6491
6491
47
47
47
47
6491
6491
47
47
47
154
47
47
47
3181
4207
3181
3181
4870
2067
7129
7129
4870
4870
7129
7129
8427
4870
810
810
8427
8427
810
810
12369
2145
810
810
12369
2145
6491
47
47
47
154
47
47
47
3181
2067
7129
4870
7129
8427
7129
8427
810
8427
810
2145
810
2145
810
2145
47
47
47
1281
1281
1281
1281
1281
1281
1281
1281
1281
6730
6730
6730
6730
6730
6730
157
1835
157
4701
4398
6635
1281
1281
1281
6635
1281
1281
1281
11380
1281
1281
1281
11380
1281
6730
6730
10842
6730
6730
157
10842
6730
6272
157
1835
1835
6272
157
1835
4408
4701
4398
4701
4701
7540
4398
6635
6635
1281
1281
1281
1281
6635
6635
1281
1281
1281
157
6635
11380
1281
6730
6272
157
10842
10842
6730
6272
6272
157
1835
1835
1835
6272
6272
157
1835
1835
6977
6124
1835
4408
4701
4398
4701
4701
7540
3157
13852
4701
4701
7540
7540
2084
6635
6635
6635
1281
1281
1281
6272
157
6635
6635
6635
1281
6272
6272
6272
157
2966
1835
1835
1835
6272
6272
6272
157
1835
1835
1835
6977
6977
6124
1835
1835
9010
4408
1835
4408
4701
3157
4701
4701
11817
3157
4701
4701
4701
11817
11817
2084
13852
13852
4701
4701
11817
12370
12370
2084
2966
2966
2966
2966
154
782
782
782
782
157
2966
2966
2966
1835
6977
6977
6977
6124
2966
11104
1835
9010
6977
6124
11104
1835
9010
4408
1835
4408
11087
3157
11087
11087
11817
2084
4701
11087
11087
11817
12370
2084
7709
154
2060
782
782
782
782
273
7709
7709
154
154
782
782
782
782
2966
2966
2966
154
4697
782
782
782
2966
2966
4697
4697
4697
4408
11104
4697
4697
3499
4697
3499
11087
3157
11087
11087
11817
2084
2060
2060
782
782
782
273
154
2060
2060
782
782
782
154
154
154
7614
782
782
7709
154
154
10425
7614
782
2966
2966
154
4697
4697
458
2966
4697
4697
3499
4697
3499
11087
2084
2060
782
782
273
2060
2060
782
782
2060
2060
7614
782
154
154
7614
4858
154
154
10425
458
154
154
10425
458
2966
154
4697
458
4697
3499
782
273
2060
782
2060
4858
2060
4858
154
4858
154
458
154
458
154
458
154
458
2100
3655
3655
3655
3655
3655
3655
3655
575
575
575
575
575
575
575
575
575
2477
5640
5640
2100
2100
3655
3655
2100
3655
3655
3655
8426
3655
3655
575
8426
575
575
575
12706
575
575
575
12706
575
575
7180
6834
575
4301
2477
6516
194
5640
5640
9518
5640
5640
5640
2100
2100
2100
3655
3655
3655
2100
2100
3655
3655
575
575
2100
8426
575
575
575
7180
8426
12706
575
575
8107
7180
6834
6834
575
4301
4301
2477
6834
6516
4301
4301
6516
194
5640
5640
9518
5640
5640
2889
10900
9518
5640
5640
2889
1554
2100
2100
2100
2100
3655
575
8107
1554
2100
2100
2100
575
575
8107
8107
7180
2100
758
6834
575
4301
4301
4301
2477
758
6834
6516
4301
4301
4301
6834
6516
6516
194
6516
194
2889
2889
9518
2889
2889
2889
9518
9518
2889
2889
2889
1554
10900
10900
9518
2889
2889
11950
11950
1554
2100
2100
2100
2100
575
4301
4301
4301
4301
1554
9843
9843
758
758
4301
4301
4301
4301
758
758
758
6516
4301
4301
758
758
6516
194
758
194
2889
2889
5365
2889
2889
1554
5365
5365
2889
2889
11950
1554
4207
1283
1283
1283
11950
11950
11950
1554
4207
4207
4207
1283
9027
13154
13154
5876
4207
4207
4207
758
8478
4301
4301
4301
9843
758
758
12049
6516
194
758
758
12049
194
758
2026
2889
2889
5365
2889
2889
1554
1283
1283
1283
11950
11950
1554
1283
1283
1283
9027
13154
5876
4207
9324
1283
9027
9027
5876
4207
4207
8478
8478
8478
3235
4207
4207
758
8478
8478
2026
758
758
12049
2026
758
2026
2889
1554
1283
1283
11950
1554
1283
1283
9027
5876
1283
1283
9027
3235
9324
1283
9027
3235
9324
8478
8478
3235
4207
8478
8478
3529
4207
758
8478
2026
758
2026
1283
1554
1283
3235
1283
3235
1283
3235
1283
3235
8478
3529
8478
3529
8478
3529
758
2026
4398
4867
4659
4867
4659
4867
4659
4867
4659
6359
6359
6359
6359
6359
6359
2679
664
883
12955
4398
4398
4659
8702
4867
4659
4659
4867
4867
4659
4659
4867
4867
4659
10145
4867
6359
6359
10145
6359
6359
6359
5552
2679
6034
664
664
2679
5362
664
883
12955
4398
12955
13201
4398
4398
4398
4659
4659
8702
13493
4867
4659
4659
4659
8702
4867
4867
4659
10145
5552
4867
4867
6359
6359
5552
5552
2679
6034
6034
664
664
664
2679
6034
5362
664
664
2679
5362
4622
883
12955
12955
12955
13201
4398
4398
12955
13201
3109
4398
4398
4398
4398
4659
3109
5552
8702
13493
13493
4867
4659
5552
5552
5552
3111
11800
4867
6034
664
664
664
664
1452
6034
6034
5362
664
664
664
1452
6034
5362
5362
664
2679
5362
4622
883
3109
12955
3109
3109
4398
12955
3109
3109
3109
4398
4398
4398
3109
3109
6065
6065
3157
3157
3157
3157
157
664
664
664
664
3111
11800
11800
11333
5362
664
664
664
664
3111
11333
11333
5362
5362
664
664
1452
11333
5362
5362
4622
1452
5362
4622
883
3109
10223
3109
3109
10223
10223
3109
3109
6065
3157
157
157
157
6065
6065
6065
3157
3157
2084
157
6250
6250
6250
3772
3157
3157
3157
2084
8272
664
664
664
3111
11800
11333
8272
8272
5362
664
1452
11333
8272
8272
4622
1452
8272
8272
1452
3109
10223
3109
3109
157
157
157
6065
6065
157
157
157
6250
6250
3772
2084
2084
157
10259
6250
3772
3157
2084
2084
8444
8444
465
3157
3157
2084
8272
8272
4893
3111
11333
8272
8272
8272
1452
8272
8272
1452
3109
157
157
6065
157
157
6250
3772
157
157
10259
465
2084
157
10259
465
2084
2084
8444
465
2084
2084
8444
4893
3157
2084
8272
4893
1452
8272
8272
1452
157
157
465
157
465
157
465
157
465
2084
4893
2084
4893
2084
4893
2084
4893
1452
2512
2512
6931
9600
6931
9600
6931
9600
2886
2886
2886
2886
2886
2886
2886
2886
2679
967
2512
2512
8702
2512
2512
2512
6931
6931
12412
9600
6931
6931
12412
2886
6931
2886
2886
2886
12940
2886
2886
2886
12940
2886
2886
7607
2679
2679
3653
967
2679
2846
2512
2512
10780
2512
2512
2512
8702
8702
2512
2512
2512
2512
8702
6931
6931
12412
2886
2886
6931
6931
2886
2886
2886
7607
6931
12940
2886
2886
10847
7607
2679
2679
2679
3653
3653
967
2679
2679
2846
3653
2679
2846
2512
2512
10780
2512
2512
2512
13422
10780
2512
2512
2512
3882
8702
8702
8702
2512
2512
2512
10847
3882
8702
8702
6931
2886
2886
10847
10847
7607
3111
1452
2679
2679
3653
3653
3653
967
1452
2679
2679
2846
3653
3653
2679
2679
2846
2846
2679
2846
2512
6109
10780
2512
10053
6109
10780
10780
2512
10053
10053
3882
13422
13422
10780
2512
10053
12562
12562
3882
3111
3111
3111
3111
1452
1580
1580
1580
1580
967
3111
3111
1452
1452
2846
3653
3653
3653
1452
1452
1452
2846
2846
3653
1452
1452
2846
2846
1452
2846
6850
6109
6850
6850
10053
3882
6850
6850
6850
10053
12562
3882
9968
1554
6850
1580
1580
1580
1580
1580
9968
9968
1554
1554
1580
1580
1580
1580
3111
3111
3111
1452
6625
1580
1580
1580
3111
1452
1452
6625
2846
2846
1452
1452
6625
2846
1452
3605
6850
6109
6850
6850
10053
3882
6850
6850
1580
1580
1580
1580
1554
7180
7180
1580
1580
1580
1554
1554
1554
8133
1580
1580
9968
1554
1554
10699
8133
1580
3111
3111
1452
6625
6625
2825
1452
1452
6625
3605
1452
3605
6850
3882
6850
1580
1580
1580
7180
7180
1580
1580
7180
7180
8133
1580
1554
1554
8133
8133
1554
1554
10699
2825
1554
1554
10699
2825
3111
1452
6625
2825
1452
3605
1580
1580
7180
1580
7180
8133
7180
8133
1554
8133
1554
2825
1554
2825
1554
2825
1452
2825
964
8692
8692
8692
1129
1129
1129
1129
1129
1707
964
964
1707
9600
8692
8692
9600
8692
8692
9600
1129
1129
6660
1129
1129
6660
1129
1129
6660
1129
7802
7607
967
1707
964
1707
1707
964
964
964
1707
1707
10700
9600
8692
8692
1129
9600
9600
1129
1129
1129
6660
6660
1129
1129
13491
6660
6660
1129
7802
7802
7607
7607
7802
7459
7607
967
1707
12040
1707
1707
964
964
1707
1707
348
964
964
964
964
1707
348
9977
10700
10700
9600
1129
1129
13491
13491
6109
3882
6660
1129
7802
7802
7802
3882
7607
7607
7802
7802
7459
7607
7607
8613
967
7607
967
348
12040
348
348
964
12040
348
348
348
964
964
964
348
348
9977
9977
964
964
964
964
348
1056
1056
1056
1056
6109
6109
3882
3882
7802
7802
7802
7459
3882
3882
3882
8613
7802
7459
3882
3882
8613
967
3882
967
348
11544
348
348
11544
11544
348
348
9977
964
964
4036
348
1056
1056
1056
5423
5423
4776
4036
1056
1056
1056
1056
5423
5423
5423
3882
11004
1056
1056
1056
6109
3882
3882
11004
8613
967
3882
3882
11004
967
3882
2360
348
11544
348
348
4036
4036
348
1056
1056
4036
4036
4036
1056
1056
1056
4776
4776
4036
5436
1056
1056
5423
4776
4776
13423
5436
1056
5423
5423
3882
11004
11004
2360
3882
3882
11004
2360
3882
2360
348
4036
348
1056
4036
4036
1056
1056
4036
4036
5436
1056
4776
4036
5436
5436
4776
4776
13423
2755
4776
4776
13423
2755
5423
3882
11004
2360
3882
2360
348
4036
1056
4036
5436
4036
5436
4036
5436
4776
2755
4776
2755
4776
2755
3882
2360
2321
2321
2321
2321
1450
1450
1450
1450
1450
56
53
1797
173
4770
6240
4770
4770
6240
4770
4770
6240
4770
1450
1450
3601
1450
1450
3601
1450
1450
3601
1450
1450
3601
1450
538
56
1797
1797
53
53
1797
1797
173
4770
4770
6893
6240
173
4770
4770
6893
1450
4770
4770
1450
1450
1450
3601
12918
1450
1450
1450
3601
12918
1450
1450
6945
3601
3644
1450
3657
538
3644
3644
56
56
1797
1797
53
1797
1797
1797
53
53
53
1797
1797
1797
173
6322
4770
4770
6893
1450
1450
173
4770
4770
1450
1450
1450
6945
173
4770
12918
1450
1450
6945
6945
3601
3644
3644
1450
3657
3657
538
3644
3644
3644
3657
3657
3644
3644
56
56
1797
1797
13889
1797
1797
1797
53
53
1797
1797
1797
902
53
53
53
53
1797
1450
6945
902
173
6322
6322
4770
1450
1450
6945
6945
6945
173
6322
315
3644
1450
3657
3657
3657
538
315
315
3644
3644
3657
3657
3657
315
3644
3644
7895
56
3644
3644
56
56
1797
2194
13889
1797
2194
2194
53
13889
1797
2194
2194
902
53
53
53
1797
2194
12071
12071
902
53
53
53
53
53
328
328
328
328
328
2282
10589
10589
315
315
3657
3657
3657
3657
2282
315
315
315
7895
3657
3657
315
315
315
7895
56
315
315
56
56
2194
2194
10796
2194
2194
902
10796
10796
2194
2194
12071
902
53
53
1963
328
328
328
328
328
863
863
863
1963
328
328
328
328
863
863
863
315
4369
328
328
328
2282
10589
315
315
4369
4369
56
315
315
315
4369
56
315
315
897
102
2194
2194
10796
2194
2194
902
1963
1963
328
328
328
328
1963
1963
1963
328
328
328
863
11390
1963
13790
328
328
863
863
10878
10878
10878
328
863
863
315
4369
4369
897
2282
315
315
4369
897
315
315
897
102
2194
902
1963
328
328
328
1963
1963
328
328
1963
1963
13790
328
11390
1963
13790
4666
11390
10878
10878
4666
863
10878
10878
5208
863
315
4369
897
315
315
897
102
328
328
1963
328
1963
4666
1963
4666
1963
4666
10878
5208
10878
5208
10878
5208
315
897
102
173
5270
5459
5459
5459
5459
5459
5459
1004
1004
1004
1004
1004
1004
1004
1004
1004
2841
5270
5270
173
173
5270
5270
2870
5459
5459
5459
9177
5459
5459
1004
9177
1004
1004
1004
13072
1004
1004
1004
13072
1004
1004
6967
10510
1004
3248
2841
10294
354
5270
5270
173
5270
5270
5270
173
173
173
5270
5270
5270
2870
2870
5459
5459
1004
1004
2870
9177
1004
1004
1004
6967
9177
13072
1004
1004
9268
6967
10510
10510
1004
3248
3248
2841
10510
10294
3248
3248
10294
354
5270
5270
11573
5270
5270
4829
173
173
5270
5270
5270
1799
173
173
173
173
5270
1004
9268
1799
2870
2870
2870
1004
1004
9268
9268
6967
2870
1634
10510
1004
3248
3248
3248
2841
1634
10510
10294
3248
3248
3248
10510
10294
10294
354
10294
354
3601
4829
11573
3601
8568
4829
173
11573
3601
8568
8568
1799
173
173
173
3601
8568
13631
13631
1799
173
173
173
173
102
3248
3248
3248
3248
1799
11820
11820
1634
1634
3248
3248
3248
3248
1634
1634
1634
10294
3248
3248
1634
1634
10294
354
1634
354
3601
4829
3601
3601
8568
1799
3601
3601
3601
8568
13631
1799
173
173
3601
1472
5206
5206
5206
1799
2282
2282
2282
102
1472
5206
5206
5206
2282
2282
2282
102
102
102
3248
3248
11820
1634
1634
12931
10294
354
1634
1634
12931
354
1634
3995
3601
4829
3601
3601
8568
1799
3601
3601
1472
5206
5206
1799
5556
5556
1472
1472
5206
5206
2282
8660
102
1472
1472
5206
2282
2282
102
102
102
1472
2282
2282
102
102
102
102
1634
1634
12931
3995
1634
3995
3601
1799
3601
1472
5206
1799
5556
1472
1472
5206
5556
1472
1472
1472
8660
102
1472
1472
8660
102
102
102
2282
102
102
102
2282
102
102
102
1634
3995
1472
1799
1472
1472
1472
1472
1472
1472
102
1472
102
102
102
102
102
102
102
102
1859
1859
1859
1859
1147
1147
1147
1147
1147
99
2239
3205
2239
5239
5239
2822
5239
5239
2822
5239
5239
2822
2933
2933
6444
2933
2933
6444
2933
2933
6444
2933
936
2302
873
936
99
3205
3205
2239
2239
3205
3205
2239
2239
5239
5239
5239
2239
10022
5239
5239
2933
2822
10022
2933
2933
2933
2822
12850
2933
2933
936
6444
12850
2933
2933
936
2302
7721
873
10654
936
2302
873
873
99
3205
3205
6240
3205
3205
3205
2239
2239
2239
3205
3205
3205
2239
2239
2239
5239
5239
2933
936
2239
2239
10022
2933
2933
2933
936
2239
10022
12850
2933
2933
10654
936
2302
7721
7721
873
10654
10654
936
2302
7721
873
873
8465
2302
873
873
99
3205
3205
6240
3205
3205
3164
14198
6240
3205
3205
3205
3164
2239
2239
2239
2239
3205
2933
10654
936
2239
2239
2239
2239
2933
2933
10654
10654
936
2239
2239
2239
7721
873
10654
10654
10654
936
175
7721
7721
873
873
12479
8465
175
7721
873
873
873
2302
873
873
99
3205
3164
6240
3205
13286
3164
6240
6240
3205
13286
11630
5721
14198
14198
6240
3205
11630
11630
11630
5721
2239
2239
2239
2239
54
2994
2994
2994
2994
936
3161
3161
3161
3161
54
873
12479
12479
8465
3161
3161
13732
54
873
873
8465
175
13732
54
873
873
175
54
873
54
3535
3164
3535
3535
13286
3164
3535
3535
3535
11630
11630
5721
10449
902
3535
2994
2994
2994
2994
1176
10449
10449
902
902
2994
2994
2994
2994
3161
3161
3161
54
54
54
2994
2994
3161
3161
3161
54
54
54
873
175
13732
54
54
54
175
54
54
54
3535
3164
3535
3535
11630
5721
3535
3535
2994
2994
2994
1176
902
7611
7611
2994
2994
2994
902
902
902
10404
2994
2994
10449
902
902
12593
10404
2994
3161
3161
54
54
54
54
3161
3161
54
54
54
175
54
54
54
3535
3164
3535
2994
2994
1176
7611
7611
2994
2994
7611
7611
10404
2994
902
902
10404
9661
902
902
12593
2363
902
902
12593
2363
3161
54
54
54
175
54
54
54
2994
1176
7611
2994
7611
9661
7611
9661
902
9661
902
2363
902
2363
902
2363
54
54
54
934
934
934
934
934
934
934
934
934
4296
4296
4296
4296
4296
4296
176
695
176
2822
1859
3414
934
934
934
3414
934
934
934
11978
934
934
934
11978
934
4296
4296
9565
4296
4296
176
9565
4296
2736
176
695
695
2736
176
695
1870
2822
1859
2822
2822
8491
1859
3414
3414
934
934
934
934
3414
3414
934
934
934
176
3414
11978
934
4296
2736
176
9565
9565
4296
2736
2736
176
695
695
695
2736
2736
176
695
695
7500
6081
695
1870
2822
1859
2822
2822
8491
1859
13727
2822
2822
8491
8491
2307
3414
3414
3414
934
934
934
2736
176
3414
3414
3414
934
2736
2736
2736
176
1253
695
695
695
2736
2736
2736
176
695
695
695
7500
7500
6081
695
695
9406
1870
695
1870
2822
3510
2822
2822
11846
3510
2822
2822
2822
11846
10695
2307
13727
13727
2822
2822
10695
10695
10695
2307
1253
1253
1253
1253
175
875
875
875
875
176
1253
1253
1253
695
7500
7500
7500
6081
1253
6474
695
9406
7500
6081
6474
695
9406
1870
695
1870
6444
3510
6444
6444
11846
2307
2822
6444
6444
10695
10695
2307
12772
175
2302
875
875
875
875
307
12772
12772
175
175
875
875
875
875
1253
1253
1253
175
2773
875
875
875
1253
1253
2773
2773
2773
1870
6474
2773
2773
1870
2773
2773
6444
3510
6444
6444
10695
2307
2302
2302
875
875
875
307
175
2302
2302
875
875
875
175
175
175
7868
875
875
12772
175
175
12910
7868
875
1253
1253
175
2773
2773
520
1253
2773
2773
2773
2773
2773
6444
2307
2302
875
875
307
2302
2302
875
875
2302
2302
7868
875
175
175
7868
3416
175
175
12910
520
175
175
12910
520
1253
175
2773
520
2773
2773
875
307
2302
875
2302
3416
2302
3416
175
3416
175
520
175
520
175
520
175
520
7491
7491
7491
7491
5515
5515
5515
5515
5515
1068
2321
7496
2321
7496
7496
9820
7496
7496
9820
7496
7496
9820
7496
7427
13705
12518
7427
13705
12518
7427
13705
12518
4070
4155
1671
1671
1268
8778
8778
2321
2321
7496
7496
2321
2321
7496
7496
7496
2321
9820
7496
7496
7427
9820
9820
7496
12518
7427
9820
13705
12518
12518
4070
13705
13705
12518
8059
4070
4155
6968
1671
1671
1671
4155
3202
1671
1268
8778
8778
10035
8778
8778
8778
2321
2321
2321
7496
7496
7496
2321
2321
2321
7496
7496
7496
4070
2321
2321
9820
7496
12518
8059
4070
2321
9820
13705
12518
8059
8059
4070
4155
6968
6968
1671
1671
1671
1671
4155
6968
3202
1671
1671
4155
3202
3202
1268
8778
8778
10035
8778
8778
1147
10980
10035
8778
8778
1147
1147
2321
2321
2321
2321
7496
1147
8059
2241
2321
2321
2321
2321
7496
8059
8059
8059
4070
2321
2321
858
6968
1671
1671
1671
1671
1671
858
858
6968
3202
1671
1671
1671
858
6968
3202
3202
1671
4155
3202
3202
1268
1147
1147
10035
1147
1147
1147
10035
10035
1147
1147
1147
2241
10980
10980
10035
1147
1147
8412
8412
2241
2321
2321
2321
2321
858
1671
1671
1671
1671
1028
4299
9264
9264
858
858
1671
1671
1671
1671
4299
858
858
858
3202
1671
1671
858
858
858
3202
3202
858
858
3202
846
1147
1147
6166
1147
1147
1147
6166
6166
1147
1147
8412
2241
3164
936
936
936
8412
8412
8412
1028
3164
3164
3164
936
9659
9659
9659
5829
3164
3164
3164
858
9818
1671
1671
1671
4299
9264
858
858
10778
3202
1671
858
858
858
10778
2267
858
858
2267
846
1147
1147
6166
1147
1147
2241
936
936
936
8412
8412
1028
936
936
936
9659
9659
5829
3164
5721
936
9720
9659
5829
3164
3164
5721
9818
9720
1900
3164
3164
858
9818
9818
2267
4299
858
858
10778
2267
858
858
2267
846
1147
1147
936
936
8412
1028
936
936
9659
5829
936
936
9720
1900
5721
936
9720
1900
5721
5721
9818
1900
3164
5721
9818
9818
3164
858
9818
2267
858
858
2267
846
936
1028
936
1900
936
1900
936
1900
936
1900
5721
9818
5721
9818
5721
9818
858
2267
846
2384
2384
9851
9851
9851
9851
9851
9851
9851
9919
10168
9919
10168
9919
10168
9797
3526
1638
2384
2384
5249
2384
2384
2384
5249
9851
9851
9851
11161
9851
9851
9851
11161
9851
10168
9919
14269
10168
10168
9797
14269
10168
10168
9797
4155
3526
5744
1638
3526
3526
2384
2384
12821
2384
2384
2384
5249
5249
2384
2384
2384
2384
5249
5249
9851
9851
9851
9797
5249
11161
9851
10168
10168
9797
11161
14269
10168
10168
12213
9797
4155
4155
3526
5744
5744
1638
4155
3526
3526
5744
3526
3526
2384
2384
12821
2384
2384
2384
14108
12821
2384
2384
2384
5392
5249
5249
5249
2384
2384
2384
5392
5392
5249
5249
5249
9851
10168
12213
12213
9797
4299
2524
4155
3526
5744
5744
5744
1638
2524
4155
3526
3526
5744
5744
4155
3526
3526
3526
3526
3526
2384
6820
12821
2384
12286
6820
12821
12821
2384
12286
5392
5392
14108
14108
12821
2384
5392
5392
5392
5392
4299
4299
4299
4299
846
2603
2603
2603
2603
1638
4299
4299
2524
846
3526
5744
5744
5744
2524
2524
846
3526
3526
5744
2524
846
3526
3526
846
3526
7436
6820
7436
7436
12286
5392
7436
7436
7436
5392
5392
5392
4829
1799
6967
2603
2603
2603
2603
2603
4829
4829
1799
1799
2603
2603
2603
2603
4299
4299
4299
846
846
846
2603
2603
4299
2524
846
846
846
3526
2524
846
846
846
846
846
7436
6820
7436
7436
5392
5392
6967
6967
2603
2603
2603
2603
1799
6967
6967
2603
2603
2603
1799
1799
1799
10686
2603
2603
4829
1799
1799
11740
10686
2603
4299
4299
846
846
846
846
2524
846
846
846
846
846
7436
5392
6967
2603
2603
2603
6967
6967
2603
2603
6967
6967
10686
2603
1799
1799
10686
10686
1799
1799
11740
4321
1799
1799
11740
4321
4299
846
846
846
846
846
2603
2603
6967
2603
6967
10686
6967
10686
1799
10686
1799
4321
1799
4321
1799
4321
846
846
1859
3734
3734
3734
3734
3734
3734
3734
2925
2925
2925
2925
2925
2925
2925
2735
211
1066
8410
1859
1859
5142
4464
3734
3734
5142
3734
3734
3734
5142
3734
3734
2925
8028
2925
2925
2925
8028
2925
2925
2925
8028
2735
2735
211
211
2735
2735
211
1066
8410
1859
8410
10976
1859
1859
1859
5142
5142
4464
13694
3734
3734
5142
5142
4464
3734
3734
2925
8028
8028
3734
2925
2925
2925
8028
8139
2735
2735
2735
211
211
211
2735
2735
2735
211
211
2735
2735
2188
1066
8410
8410
8410
10976
1859
1859
8410
10976
1783
1859
1859
1859
1859
5142
1783
8139
4464
13694
13694
3734
2925
8028
8139
8139
1785
12210
2735
2735
211
211
211
211
1785
2735
2735
2735
211
211
211
2735
2735
2735
9262
211
2735
2735
2188
1066
1783
8410
1783
1783
1859
8410
1783
1783
1783
1859
1859
1859
1783
1783
10586
10586
1859
1859
1859
1859
176
211
211
211
211
1785
12210
12210
7230
2735
211
211
211
211
1785
7230
7230
2735
9262
211
211
3203
7230
2735
9262
2188
3203
2735
2188
1066
1783
10912
1783
1783
8410
10912
1783
1783
10586
1859
176
176
176
2665
2665
2665
3510
3510
2307
176
2665
2665
2665
2665
3510
3510
3510
2307
5985
211
211
211
1785
12210
7230
7230
14222
9262
211
1785
7230
7230
14222
2188
3203
7230
9707
1728
1783
10912
1783
1783
176
176
176
2665
2665
176
176
176
2665
2665
2665
2307
2307
176
8944
2665
2665
3510
2307
2307
5985
5985
521
3510
3510
2307
5985
5985
5329
1785
7230
7230
14222
9707
3203
7230
9707
1728
1783
176
176
2665
176
176
2665
2665
176
176
8944
521
2307
176
8944
521
2307
2307
5985
521
2307
2307
5985
5329
3510
2307
5985
5329
1785
7230
9707
1728
176
176
521
176
521
176
521
176
521
2307
5329
2307
5329
2307
5329
2307
5329
1728
4464
7491
7491
7491
7491
7491
7491
7491
7427
7395
7427
7395
7427
7395
7427
7395
4070
2683
7487
8760
4464
4464
7491
7491
7717
7491
7491
7491
7717
7491
7491
7395
7717
7427
13032
7395
7427
7427
13032
7395
7427
7427
10710
7534
4070
4070
10710
2683
4070
8072
7487
8760
4464
7487
8760
8760
4464
4464
4464
7491
7491
7491
13443
7717
7491
7491
7491
7395
7717
7717
7427
13032
10710
7534
7427
7427
7427
10710
10710
7534
4070
4070
4070
10710
10710
2683
4070
4070
8072
9067
4070
8072
7487
8760
7487
7487
8760
1144
4464
4464
7487
8760
1144
1144
4464
4464
4464
4464
7491
1144
7881
7534
13443
13443
7717
7427
10710
10710
10710
7534
10916
2241
4070
4070
10710
10710
10710
2683
2241
4070
4070
8072
14126
9067
4070
4070
8072
8072
4070
8072
1144
1144
7487
1144
1144
1144
4464
7487
1144
1144
1144
7881
4464
4464
4464
1144
1144
7881
7881
7881
1785
1785
1785
1785
1066
7881
7881
7881
7881
2683
10916
10916
2241
2241
8072
14126
14126
9067
2241
2241
2241
8072
8072
9067
2241
2241
8072
8072
2241
8072
1144
1144
8295
1144
1144
1144
7487
8295
1144
1144
7881
7881
1785
1785
8295
1066
7881
7881
7881
4111
1785
1785
1785
1066
1066
10352
10352
4111
1785
1785
1785
1785
3403
1066
10352
4111
10916
2241
2241
12764
8072
8072
2241
2241
12764
1028
2241
1028
1144
1144
8295
1144
1144
7881
8295
8295
1066
7881
7881
4111
3203
11596
1066
1066
10352
4111
1785
3203
1066
1066
1066
4111
1785
1785
3203
3403
1066
1066
1785
1785
1785
3403
3403
1028
2241
2241
12764
1028
2241
1028
1144
1144
8295
1066
7881
4111
11596
1066
1066
4111
11596
1066
1066
1066
3203
1066
1066
1066
3203
3203
3403
1066
1785
3203
3403
3403
1785
1785
3403
1028
2241
1028
1066
4111
1066
1066
1066
1066
1066
1066
1066
1066
3203
3403
3203
3403
3203
3403
1785
1028
1635
2734
11410
11410
11410
11410
11410
11410
5515
5515
5515
5515
5515
5515
5515
5251
5515
1068
2734
2734
1635
1635
2734
2734
11742
11410
11410
11410
14007
11410
11410
5515
14007
5515
5515
5515
9919
5515
5515
5251
9919
5515
5515
5251
9797
5515
10502
1068
7588
1638
2734
2734
1635
2734
2734
2734
1635
1635
1635
2734
2734
2734
11742
11742
11410
11410
5515
5251
11742
14007
5515
5515
5515
5251
9919
9919
5515
5515
14298
5251
9797
9797
5515
10502
10502
1068
9797
7588
7588
10353
7588
1638
2734
2734
13281
2734
2734
608
1635
1635
2734
2734
608
608
1635
1635
1635
1635
2734
608
11111
3991
11742
11742
11742
5515
5515
14298
14298
5251
6820
5852
9797
5515
10502
10502
10502
1068
5852
9797
7588
7588
10502
10353
9797
7588
7588
1638
7588
1638
608
608
13281
608
608
608
1635
13281
608
608
608
3991
1635
1635
1635
608
608
11111
11111
3991
1635
1635
1635
1635
608
1731
1731
1731
1731
1068
6820
6820
5852
5852
7588
10502
10502
10353
5852
5852
5852
7588
7588
10353
5852
5852
7588
1638
5852
1638
608
608
13080
608
608
608
13080
13080
608
608
11111
3991
1635
1635
5996
608
1731
1731
1731
1731
7652
7652
2278
2278
1731
1731
1731
1731
6820
6820
6820
2278
9679
1731
1731
1731
6820
5852
5852
9679
7588
1638
5852
5852
9679
1638
5852
3913
608
608
13080
608
608
3991
5996
5996
608
1731
1731
1731
2278
5996
5996
1731
1731
1731
2278
2278
2278
7990
1731
1731
7652
2278
2278
14319
7990
1731
6820
6820
2278
9679
9679
3913
5852
5852
9679
3913
5852
3913
608
608
5996
608
1731
1731
5996
5996
1731
1731
5996
5996
7990
1731
2278
2278
7990
7990
2278
2278
14319
4217
2278
2278
14319
4217
6820
2278
9679
3913
5852
3913
608
1731
5996
1731
5996
7990
5996
7990
2278
7990
2278
4217
2278
4217
2278
4217
2278
3913
1065
12335
12335
12335
7395
7395
7395
7395
5251
1065
4449
1065
10776
9556
12335
13781
12335
12335
13781
12335
7395
9923
7395
7395
9923
7395
7395
5251
7395
5251
5251
5995
1068
1065
1065
1065
10776
4449
4449
1065
10776
10776
9556
9556
12335
13781
9923
9556
12335
7395
9923
5251
7395
7395
7395
5251
5251
7395
7395
5251
5251
5251
7534
5995
5995
1068
5995
5995
1065
1065
1065
10776
4449
1065
1065
10776
10776
4449
4449
4449
1065
10776
3991
3991
9556
9556
9556
7395
5251
5251
5251
7282
7282
7395
5251
5251
5251
5251
7534
7534
5995
5995
13635
1068
7534
5995
5995
1068
5995
5995
1065
1065
1065
12084
1065
1065
1065
12084
3991
4449
4449
1065
1065
3991
3991
3991
407
407
407
407
407
3991
3991
3991
3991
7282
7282
7282
4193
5995
13635
13635
1068
7282
13499
4193
5995
5995
1068
13499
4193
5995
5995
4193
5995
8388
8388
8388
12084
1065
8388
8388
3991
3991
407
407
8388
1636
3991
3991
3991
407
407
407
1636
1636
11109
11109
8091
407
407
407
407
4193
1636
11109
1068
7282
7282
4193
4193
4193
1068
13499
4193
4193
4193
4193
4193
8388
8388
8388
3991
8388
8388
1636
3991
3991
10924
10924
1636
1636
11109
8091
407
12425
1636
1636
1636
8091
407
407
4880
4880
1636
1636
407
407
407
4193
4193
4193
7282
4193
4193
4193
4193
4193
8388
8388
1636
3991
10924
1636
1636
8091
10924
1636
1636
1636
12425
1636
1636
1636
12425
4880
4880
1636
407
4880
4880
4880
407
407
4193
4193
4193
4193
1636
1636
1636
1636
1636
1636
1636
1636
1636
4880
4880
4880
4880
4880
4880
407
4193
114
114
114
114
114
201
201
201
201
201
114
350
114
114
350
114
114
350
114
114
350
114
114
3974
1624
1624
3974
1624
1624
3974
1624
1624
3974
1624
1624
709
1101
1539
1539
1027
114
1539
350
2652
114
114
12078
350
114
114
114
12078
350
114
114
114
5346
3974
114
1624
1624
5346
3974
1624
1624
1624
5346
7235
1624
1624
1624
3405
709
3724
3724
1101
1101
1539
1539
1027
1539
1539
1539
1027
1027
114
1539
1539
350
2652
6856
114
114
12078
5346
3974
2652
114
114
114
5346
5346
7235
114
114
1624
1624
5346
14042
7235
1624
1624
1624
1624
3405
3405
709
3724
3724
3724
3405
3405
3724
3724
1101
1101
1539
1539
6644
1539
1539
107
1027
1027
1539
1539
107
107
1027
1027
1027
114
1539
107
11574
826
2652
6856
6856
114
114
5346
14042
14042
7235
210
6593
114
1624
1624
3405
3405
3405
709
210
3724
3724
3724
3405
3405
3405
3724
3724
3724
11073
1101
3724
3724
1101
1101
107
107
6644
107
107
107
1027
6644
107
107
107
826
1027
1027
1027
107
107
11574
11574
826
1027
1027
1027
1027
107
1177
1177
1177
1177
709
210
6593
6593
4297
3724
3405
3405
3405
3405
210
4297
4297
3724
11073
3405
3405
4297
4297
3724
11073
1101
4297
3724
1101
1101
107
107
7423
107
107
107
6644
7423
107
107
11574
826
1027
1027
3413
107
1177
1177
1177
826
8219
8219
8219
946
1177
1177
1177
1177
6593
6593
6593
946
946
946
1177
1177
210
6593
4297
4297
12977
11073
1101
210
4297
4297
12977
1101
4297
4297
8567
1670
107
107
7423
107
107
826
3413
3413
107
1177
1177
826
3413
3413
3413
1177
1177
1177
8219
12882
946
7031
1177
1177
8219
8219
946
946
946
1177
6593
6593
946
946
946
946
210
4297
4297
12977
8567
4297
4297
8567
1670
107
107
3413
107
1177
826
3413
3413
1177
1177
3413
3413
7031
1177
12882
946
7031
7031
12882
946
946
946
8219
946
946
946
6593
946
946
946
210
4297
8567
1670
107
826
3413
1177
3413
7031
3413
7031
946
7031
946
946
946
946
946
946
946
946
1670
2368
4069
2368
4069
2368
4069
2368
4069
593
593
593
593
593
593
593
593
593
2474
2473
5627
2652
2368
5820
4069
2368
2368
5820
4069
2368
2368
5820
593
2368
593
593
593
7834
593
593
593
7834
593
593
2972
7834
593
2972
2474
10978
2474
2473
5627
2473
2473
9230
5627
2652
2652
2368
5820
5820
4069
2652
2368
2368
5820
593
593
2368
2368
593
593
593
2972
2368
7834
593
593
2972
2972
7834
7834
593
2972
2972
2474
11303
10978
4385
2474
10978
10978
2473
5627
2473
2473
9230
2076
9897
2473
2473
9230
2076
2076
2652
2652
2652
2368
5820
593
2972
2972
2652
2652
2368
593
593
2972
2972
2972
210
210
7834
593
2972
2972
2972
2474
11303
11303
10978
4385
4385
2474
11303
10978
10978
2474
10978
10978
2076
2076
2473
2076
2076
2076
2473
2473
2076
2076
2076
7863
9897
9897
2473
2076
2076
7863
7863
7863
210
210
210
210
210
2972
2972
2972
2972
1884
210
210
210
1784
4385
4385
4385
2474
210
11441
1784
10978
4385
2474
11441
1784
10978
10978
1784
10978
2076
2076
11570
2076
2076
2076
2473
11570
2076
2076
7863
7863
9897
1641
1641
1641
7863
7863
7863
1884
12585
12585
3954
1641
10509
10509
10509
8790
210
210
210
210
1784
1784
4385
2474
210
210
1784
1784
1784
2474
11441
1784
1784
1784
1784
1784
2076
2076
11570
2076
2076
7863
1641
1641
1641
7863
7863
1884
1641
1641
1641
10509
10509
8790
3954
3954
1641
11221
10509
8790
12585
3954
3954
8757
8757
3877
210
210
210
1784
1784
1784
210
1784
1784
1784
1784
1784
2076
2076
1641
1641
7863
1884
1641
1641
10509
8790
1641
1641
11221
3877
3954
1641
11221
3877
3954
3954
8757
3877
3954
3954
8757
8029
210
210
1784
1784
1784
1784
1641
1884
1641
3877
1641
3877
1641
3877
1641
3877
3954
8029
3954
8029
3954
8029
210
1784
350
995
350
995
350
995
350
995
350
3667
3667
3667
3667
3667
3667
1629
1629
596
9349
3726
560
350
7432
995
350
350
7432
995
350
350
7432
995
350
350
3667
3667
3974
3667
3667
1629
3974
3667
1629
1629
3974
1629
1629
596
7235
709
9349
3726
560
9349
9349
3726
560
560
350
7432
7432
995
8838
350
350
7432
3667
1629
350
350
350
3667
1629
1629
350
3974
3667
1629
1629
1629
3974
3974
1629
1629
1629
596
7235
7235
4467
3985
7235
709
9349
3726
10405
9349
9349
3726
560
560
9349
9349
9349
3917
560
560
560
350
7432
1629
1629
1629
8838
8838
350
350
1629
1629
1629
1629
8838
350
3974
1629
1629
1629
1629
596
826
7235
7235
4467
4467
3985
7235
7235
13530
709
7235
709
1597
3917
10405
1597
9497
3917
560
10405
1597
9497
9497
6529
560
560
560
1597
9497
10488
10488
6529
31
31
31
31
31
1629
1629
1629
1629
352
12073
12073
826
826
4467
4467
4467
3985
826
826
826
13530
4467
3985
826
826
13530
709
826
709
1597
3917
1597
1597
9497
3917
1597
1597
1597
9497
10488
6529
31
31
1597
1597
3007
3007
3007
352
31
31
31
523
3007
3007
3007
352
31
31
31
31
523
523
3007
352
12073
826
826
11571
11571
709
826
826
11571
709
826
2189
1597
3917
1597
1597
9497
6529
1597
1597
1597
3007
3007
352
9719
11201
5336
3007
3007
352
31
9719
523
5336
3007
352
31
31
523
523
523
352
31
31
31
523
523
523
826
826
11571
2189
826
2189
1597
3917
1597
1597
3007
352
11201
5336
3007
352
11201
5336
5336
352
9719
523
5336
5336
9719
523
523
523
31
523
523
523
31
31
523
523
826
2189
1597
352
5336
352
5336
5336
5336
5336
523
5336
523
523
523
523
523
523
31
523
1287
1287
1287
1287
778
778
778
778
778
675
2584
2584
2599
11651
11651
2599
11651
11651
2599
11651
11651
2599
2073
2073
4882
2073
2073
4882
2073
2073
4882
2073
2073
4882
2073
675
2586
2584
2584
5627
2584
2584
2584
6969
6969
11651
11651
11651
2599
12603
11651
11651
2073
2599
12603
2073
2073
2073
2599
4988
2073
2073
2073
4882
4988
2073
2073
6555
4882
4988
2073
6555
675
8681
9228
1325
2586
2584
2584
4069
2584
2584
2584
5627
5627
2584
2584
2584
2584
6969
6969
6969
11651
11651
2073
2073
6969
6969
12603
2073
2073
2073
6555
2599
4988
4988
2073
2073
6555
6555
4882
4988
4988
2073
6555
6555
675
8681
14335
9228
8650
1325
8681
9228
2586
2586
2584
2584
4069
2584
2584
201
5627
4069
2584
2584
201
201
5627
5627
5627
2584
2584
201
2034
2034
6969
6969
6969
6969
2073
2073
6555
6555
6555
1550
2376
2376
4988
2073
6555
6555
6555
675
1550
8066
14335
9228
8650
8650
1325
7103
14335
9228
9228
1325
8681
9228
2586
2586
201
201
4069
201
201
201
4069
4069
201
201
201
2034
5627
5627
4069
201
201
2034
2034
2034
2376
2376
2376
2376
201
1122
1122
1122
1122
675
1550
2376
2376
2376
5491
8650
8650
8650
1325
1550
2376
8066
5491
9228
8650
1325
7103
8066
5491
9228
2586
7103
5491
2586
2586
201
201
9856
201
201
201
4069
9856
201
201
2034
2034
5627
4069
5586
201
1122
1122
1122
1003
13290
13290
12292
3065
1122
1122
1122
1122
2376
2376
2376
2376
3816
1122
1122
1122
1550
2376
2376
5491
5491
5491
1325
1550
8066
5491
5491
2586
7103
5491
5491
3977
201
201
9856
201
201
2034
5586
5586
201
1122
1122
1003
5586
5586
3065
1122
1122
1122
12292
12292
3065
3065
1122
1122
13290
12292
3816
3816
3065
1122
2376
2376
2376
3816
3816
3816
1550
2376
5491
5491
5491
7103
5491
5491
3977
201
201
5586
201
1122
1003
5586
3065
1122
1122
5586
3065
3065
1122
12292
3065
3065
3065
12292
3816
3816
3065
12292
3816
3816
3816
2376
2376
3816
3816
1550
5491
5491
3977
201
1003
3065
1122
3065
3065
3065
3065
3065
3065
3816
3816
3816
3816
3816
3816
2376
3816
3977
2599
1287
2599
1287
2599
1287
2599
1287
2599
9348
4882
9348
4882
9348
4882
6350
4882
6350
9830
12021
3249
2599
11794
1287
2599
2599
11794
1287
2599
2599
11794
1287
2599
2599
11299
9348
4882
4882
11299
6350
4882
4882
11213
6350
4882
4882
8055
6350
8681
3716
9830
12021
3249
9830
12592
12021
3249
3249
2599
11794
11794
1287
9259
2599
2599
11794
11299
6350
2599
2599
2599
11299
11213
6350
2599
4882
4882
11213
11213
6350
4882
4882
4882
8055
8055
6350
8681
8681
8055
8055
8681
3716
9830
12021
9830
9830
12592
2622
3249
3249
9830
12592
2622
2622
3249
3249
3249
2599
11794
2622
11213
6350
9259
9259
2599
2599
11213
11213
11213
6350
1550
1550
4882
4882
8055
8055
8055
6350
7103
8681
8681
8055
8055
8055
8681
8681
13490
3716
8681
3716
2622
2622
9830
2622
2622
2622
3249
9830
2622
2622
2622
11338
3249
3249
3249
2622
2622
14196
14196
11338
1550
1550
1550
1550
1550
6630
6630
6630
6630
6350
1550
1550
1550
3977
8055
8055
8055
8055
1550
7103
3977
13490
8055
8055
7103
3977
13490
3716
3977
3716
2622
2622
3081
2622
2622
2622
3081
3081
2622
2622
14196
11338
3249
1756
1756
1756
6630
6630
6630
6630
11543
11543
8357
1756
6630
6630
6630
6630
1550
1550
1550
1550
3977
3977
6630
6630
1550
1550
3977
3977
3977
3716
7103
3977
3977
3716
3977
3977
2622
2622
3081
2622
2622
11338
1756
1756
1756
6630
6630
6630
1756
1756
1756
6630
6630
6630
8357
8357
1756
11016
6630
6630
11543
8357
5437
5437
5437
4236
1550
1550
1550
3977
3977
3977
1550
3977
3977
3977
3977
3977
2622
2622
1756
1756
6630
6630
1756
1756
6630
6630
1756
1756
11016
4236
8357
1756
11016
4236
8357
5437
5437
4236
8357
5437
5437
5437
1550
1550
3977
3977
3977
3977
1756
6630
1756
4236
1756
4236
1756
4236
1756
4236
5437
5437
5437
5437
5437
5437
1550
3977
3245
6352
3245
3245
6961
3245
3245
6961
3245
3245
6961
3245
3245
778
12383
13330
778
12383
13330
778
12383
13330
778
8768
4454
860
2991
7501
6352
6553
3245
7501
6352
6553
3245
3245
13134
6961
3245
3245
3245
13134
778
3245
3245
3245
13412
778
3245
13330
13330
13412
778
12383
13330
13330
11247
9852
8768
12541
4454
5272
860
8768
4454
4454
2991
7501
6352
6951
7501
7501
6352
6553
6553
3245
7501
7501
6352
6553
6553
3245
3245
13134
13134
778
6553
3245
3245
3245
13412
11247
9852
3245
3245
13330
13330
11247
11247
9852
8768
12541
12541
4454
5272
5272
860
8768
12541
4454
4454
5272
8768
4454
4454
2991
7501
6352
11796
7501
7501
6352
6951
6951
7501
7501
7501
1418
6553
6553
6553
3245
7501
1897
1897
1418
6553
6553
6553
3245
3245
11247
11247
11247
9852
2069
6553
3245
12541
4454
5272
5272
5272
860
1898
11339
12541
4454
4454
5272
5272
1898
12541
4454
4454
4454
8768
4454
4454
2991
7501
6450
11796
7501
7987
6450
6951
11796
7501
7987
1897
1418
6951
6951
6951
7501
1897
1897
1897
1418
776
776
776
776
133
1897
1897
1897
1897
707
2069
6677
6677
6677
4454
4454
5272
5272
5272
2069
6677
11339
4454
4454
4454
5272
1898
11339
4454
4454
4454
1898
4454
4454
1898
7987
6450
10606
7987
7987
1418
10606
10606
7987
1897
1897
1418
776
776
3539
133
1897
1897
1897
707
776
776
776
133
133
7262
7262
4534
776
776
776
776
1831
133
5272
4534
2069
6677
6677
11019
11019
4454
4454
1898
11339
11019
11019
4454
1898
11019
11019
1898
7987
6450
10606
7987
1897
1418
3539
3539
133
1897
1897
707
3539
3539
133
133
7262
4534
776
3609
133
133
133
4534
776
776
1831
1831
133
133
776
776
776
1831
1831
1831
2069
6677
11019
11019
11019
1898
11019
11019
1898
7987
1418
3539
133
1897
707
3539
133
133
4534
3539
133
133
133
3609
133
133
133
3609
1831
1831
133
776
1831
1831
1831
776
776
1831
1831
1898
11019
11019
1898
133
707
133
133
133
133
133
133
133
133
1831
1831
1831
1831
1831
1831
776
1831
1898
1287
1287
1287
1287
1287
9348
9348
9348
6350
8147
11520
1287
1287
7096
1287
1287
7096
1287
1287
7096
1287
9348
12383
9348
9348
12383
9348
6350
8768
6350
6350
8768
6366
8147
8147
8147
12021
11520
11520
1287
1287
1287
11639
7096
1287
1287
1287
7096
7096
1287
9348
6350
7096
12383
9348
6350
6350
8768
8768
6350
6350
6350
8768
8768
7703
6366
8768
8614
8147
8147
8147
12021
11520
8147
8147
12021
6675
11520
11520
11520
1287
1287
1287
6350
11639
11639
7096
1287
6350
6350
6350
2069
1898
8768
6350
6350
6350
6350
1898
8768
8768
7703
7703
6366
8768
8768
13651
6366
8768
8614
2606
8147
2606
6675
8147
8147
2606
6675
6675
11520
11520
8147
2606
6675
11338
11338
2069
2069
2069
2069
1287
6350
6350
6350
6350
2069
2069
1898
1898
7703
7703
7703
6366
1898
1898
1898
13651
7703
6366
1898
1898
13651
8614
1898
8614
2606
2606
2606
6675
2606
2606
2606
6675
11338
7610
2606
2606
1937
11338
11338
11338
7610
7610
7413
1937
1937
12061
12061
10104
2069
2069
2069
1898
10034
1937
7703
6366
2069
1898
1898
13758
13651
6366
1898
1898
13758
3685
1898
3685
2606
2606
2606
6675
2606
2606
1937
11338
11338
7413
14257
1937
1937
12061
10104
7413
7413
1937
1937
1937
10104
7610
7413
7413
10034
1937
1937
2069
2069
1898
10034
10034
3685
1898
1898
13758
3685
1898
3685
2606
2606
1937
11338
14257
1937
1937
10104
14257
1937
1937
1937
7413
1937
1937
1937
7413
7413
10034
1937
7413
7413
10034
10034
2069
1898
10034
3685
1898
3685
1937
1937
1937
1937
1937
1937
1937
1937
1937
7413
10034
7413
10034
7413
10034
1898
3685
995
6961
6961
6961
778
778
778
778
778
995
3726
995
7516
6352
6961
13723
6961
6961
13723
6961
778
9496
778
778
9496
778
778
9496
778
778
6859
6526
675
995
995
995
7516
3726
3726
995
7516
7516
6352
6352
6961
13723
9496
6352
6961
778
9496
9496
778
778
778
9496
12971
778
778
778
6859
6859
9852
6526
6526
675
6526
5118
995
995
995
7516
3726
995
995
7516
7516
3726
3726
3726
995
7516
2868
2868
6352
6352
6352
778
9496
12971
12971
6352
778
778
778
6859
6859
6859
1418
9852
6526
6526
6859
675
9852
6526
6526
675
6526
5118
995
995
995
13562
995
995
995
13562
2868
3726
3726
995
995
2868
2868
2868
3726
3726
3726
3726
596
2129
2129
2129
2129
6450
6450
1418
707
6526
6859
6859
675
1418
1418
707
6526
6526
675
1418
707
6526
5118
707
5118
8062
8062
8062
13562
995
8062
8062
2868
2868
3726
995
4805
596
2129
2129
2129
3917
3917
3917
596
596
2129
2129
2129
3917
3917
3917
707
707
596
2129
675
6450
1418
707
707
707
675
1418
707
707
707
707
707
8062
8062
8062
2868
4805
4805
596
2129
2129
4805
4805
596
596
2129
2129
3917
6529
596
596
596
2129
3917
3917
5832
5832
596
596
3917
3917
707
707
707
707
1418
707
707
707
707
707
8062
4805
596
2129
4805
596
596
2129
4805
596
596
596
6529
596
596
596
6529
5832
5832
596
3917
5832
5832
2935
3917
707
707
707
707
707
596
596
596
596
596
596
596
596
596
5832
2935
5832
2935
5832
2935
707
707
646
646
646
646
382
382
382
382
382
151
770
770
2024
770
770
2024
770
770
2024
770
770
2024
770
1078
2769
1078
1078
2769
1078
1078
2769
1078
151
2769
1078
151
2266
2252
2252
4235
770
770
770
4235
4235
770
770
770
2024
12402
770
770
770
2024
12402
770
1078
1078
2024
14071
1078
1078
151
2769
14071
1078
1078
151
2769
3155
1078
6821
151
3155
3155
2266
2266
2252
2252
4502
2252
2252
2252
4235
4235
770
770
770
770
4235
4235
4235
770
770
770
151
4235
4235
12402
770
1078
1078
151
2024
12402
14071
1078
1078
11653
151
2769
3155
3155
1078
6821
6821
151
3155
3155
3155
6821
6821
3155
3155
2266
2266
2252
2252
4502
2252
2252
171
5205
4502
2252
2252
171
171
4235
4235
4235
770
770
171
10767
151
4235
4235
4235
4235
770
1078
11653
11653
151
3911
3911
3155
3155
1078
6821
6821
6821
151
3911
3155
3155
3155
6821
6821
6821
3155
3155
3155
8652
2266
3155
3155
2266
2266
171
171
4502
171
171
171
4502
4502
171
171
171
2021
5205
5205
4502
171
171
10767
10767
2021
3911
3911
3911
3911
148
756
756
756
756
151
3911
3911
3911
3911
3155
6821
6821
6821
6821
3911
3911
7411
3155
8652
6821
6821
7411
7411
3155
8652
2266
7411
3155
2266
2266
171
171
10963
171
171
171
4502
10963
171
171
10767
2021
5205
148
2003
171
756
756
756
262
14190
14190
148
148
756
756
756
756
3911
3911
3911
148
3026
756
756
756
3911
3911
3911
5681
5681
5681
2266
3911
7411
5681
5681
2266
7411
5681
5681
3524
171
171
10963
171
171
2021
2003
2003
171
756
756
262
148
2003
2003
756
756
756
148
148
148
11183
756
756
14190
148
148
3026
3026
51
3911
3911
148
3026
3026
443
3911
3911
5681
5681
5681
7411
5681
5681
3524
171
171
2003
171
756
262
2003
2003
756
756
2003
2003
11183
51
148
148
11183
51
148
148
3026
51
148
148
3026
443
3911
148
3026
443
3911
5681
5681
3524
171
262
2003
51
2003
51
2003
51
148
51
148
443
148
443
148
443
148
443
3524
149
149
2024
646
2024
646
2024
646
2024
6134
2769
6134
2769
6134
2769
1548
564
191
149
149
1755
149
149
149
2024
2024
13702
646
2024
2024
13702
646
2024
2024
13345
6134
2769
2769
13345
1548
2769
2769
6916
1548
2769
564
564
191
6783
564
149
149
1755
149
149
149
1755
1755
149
149
149
149
9795
2024
2024
13702
13345
1548
2024
2024
2024
13345
6916
1548
2024
2769
2769
6916
6916
1548
2769
2769
564
564
564
191
6783
6783
564
564
6783
11386
149
149
10949
149
149
149
1755
1755
149
149
149
108
1755
1755
1755
149
149
149
4448
108
9795
9795
2024
2024
6916
6916
6916
1548
9795
2024
2769
564
564
564
564
191
6783
6783
6783
564
564
564
6783
6783
13557
564
6783
11386
149
2004
10949
149
2004
2004
1755
10949
149
2004
2004
108
1755
1755
1755
149
2004
4448
4448
108
1595
1595
1595
1595
149
564
564
564
564
108
14367
14367
10345
3524
564
564
564
564
10345
10345
3524
13557
564
564
10345
3524
13557
11386
3524
11386
2004
2004
11110
2004
2004
108
10949
11110
2004
2004
4448
108
1595
365
365
365
4448
4448
4448
108
1595
1595
1595
365
5621
5621
5621
2055
1595
1595
1595
1595
3524
564
564
564
14367
10345
3524
3524
3524
564
10345
3524
3524
3524
3524
3524
2004
2004
11110
2004
2004
108
365
365
365
4448
4448
108
365
365
365
5621
5621
2055
1595
4076
365
10544
5621
2055
1595
1595
4076
9123
9123
1029
1595
1595
1595
3524
3524
3524
10345
3524
3524
3524
3524
3524
2004
108
365
365
4448
108
365
365
5621
2055
365
365
10544
1029
4076
365
10544
1029
4076
4076
9123
1029
1595
4076
9123
8231
1595
1595
3524
3524
3524
3524
365
108
365
1029
365
1029
365
1029
365
1029
4076
8231
4076
8231
4076
8231
1595
3524
2753
2753
2753
2753
2753
4200
4200
4200
4200
121
624
1691
1051
6996
6996
10048
6996
6996
10048
6996
6996
10048
6022
4200
6022
6022
4200
6022
6022
4200
6022
6022
2355
5416
5416
2355
1410
624
1691
3859
624
6244
1691
1051
10432
6996
6996
6996
1051
10848
6996
6996
4200
10048
10848
6022
11263
4200
6022
6022
6022
11263
2355
6022
6022
6022
11263
2355
5416
5416
5416
10953
2355
5416
5416
2672
1410
624
1691
624
624
6244
1691
3859
3859
624
6244
6244
1691
1051
10432
10432
6996
6996
6996
2355
1051
10432
10848
6022
11263
11263
2355
1051
6022
6022
6022
11263
12614
2355
5416
5416
5416
5416
10953
10953
2355
5416
5416
5416
8026
2672
5416
5416
8026
1410
624
1691
624
624
6244
120
3859
624
624
6244
6244
120
3859
3859
3859
624
6244
6244
8099
2355
1051
10432
10432
10432
6022
11263
12614
12614
2355
1051
9050
855
5416
5416
10953
10953
10953
2355
855
855
5416
5416
8026
10953
2672
855
5416
5416
8026
2672
5416
5416
8026
1410
36
120
624
36
8708
120
624
624
36
8708
8099
6751
3859
3859
624
36
8099
8099
8099
6751
3859
3859
3859
3859
36
4418
4418
4418
4418
1474
8334
9050
9050
855
855
8026
10953
10953
2672
8334
855
855
855
8026
8026
2672
855
855
855
8026
8026
855
855
8026
855
36
120
36
36
8708
120
36
36
36
8099
8099
6751
3859
36
36
36
4418
4418
4418
1474
4141
4141
4141
1048
1048
4418
4418
4418
4141
4141
4141
855
2553
1048
4418
2672
8334
9050
855
855
2553
2553
2672
855
855
855
2553
2259
855
855
2259
855
36
120
36
36
8099
6751
36
36
36
4418
4418
1474
6562
11444
1048
1048
4418
4418
4141
6562
1048
1048
1048
4418
4141
4141
6562
8325
1048
1048
4141
4141
855
2553
2553
2259
8334
855
855
2553
2259
855
855
2259
855
36
120
36
36
4418
1474
11444
1048
1048
4418
11444
1048
1048
1048
6562
1048
1048
1048
6562
6562
8325
1048
4141
6562
8325
7553
4141
855
2553
2259
855
855
2259
855
36
1474
1048
1048
1048
1048
1048
1048
1048
1048
6562
7553
6562
7553
6562
7553
855
2259
855
1051
6105
6358
6358
6358
6358
6358
6358
6358
9175
7768
9175
7768
9175
7768
854
854
298
6105
6105
1051
1051
6105
6105
10689
6358
6358
6358
12939
6358
6358
6358
12939
6358
11176
9175
7768
7768
11176
854
7768
7768
854
854
6471
854
854
298
6471
2257
6105
6105
1051
6105
6105
6105
1051
1051
1051
6105
6105
6105
10689
10689
6358
6358
6358
854
10689
12939
6358
11176
854
854
7768
7768
7768
854
854
854
6471
6471
854
854
854
298
6471
6471
8276
2257
6471
5326
6105
6105
10048
6105
6105
6105
1051
1051
6105
6105
6105
6089
1051
1051
1051
1051
6105
854
854
854
10689
10689
10689
6358
854
854
854
854
9056
6471
6471
854
854
854
854
298
6471
6471
6471
8276
13947
2257
6471
6471
8276
2257
6471
5326
6105
11929
10048
6105
14301
11929
1051
10048
6105
14301
6089
6089
1051
1051
1051
6105
6089
6089
6089
6089
1051
1051
1051
1051
854
854
854
854
854
298
9056
9056
7308
2671
8276
13947
13947
2257
7308
7308
2671
8276
8276
2257
7308
2671
8276
5326
2671
5326
12715
11929
12715
12715
14301
6089
10048
12715
12715
6089
6089
6089
1051
1051
12517
3513
6089
6089
6089
509
8334
8334
2569
2569
3513
6561
6561
6561
8334
8334
8334
2569
2671
2671
6561
2257
9056
7308
2671
2671
2671
2257
7308
2671
2671
2671
2671
2671
12715
11929
12715
12715
6089
6089
12517
12517
3513
6089
6089
509
2569
12517
3513
3513
6561
6561
2569
2569
2569
3513
3513
6561
8334
2569
2569
12230
3513
3513
8334
8334
2569
2671
2671
2671
7308
2671
2671
2671
2671
2671
12715
6089
12517
3513
6089
509
12517
3513
3513
6561
12517
3513
3513
3513
2569
2569
3513
3513
2569
2569
12230
3513
2569
2569
12230
5789
8334
2569
2671
2671
2671
2671
3513
509
3513
3513
3513
3513
3513
3513
2569
3513
2569
5789
2569
5789
2569
5789
2569
2671
218
218
218
218
123
123
123
123
123
123
218
218
641
218
218
641
218
218
641
218
218
641
218
2743
6091
2743
2743
6091
2743
2743
6091
2743
2743
3038
2743
4518
2720
3145
6790
4113
218
218
218
4113
4113
218
218
218
641
13954
218
218
218
641
13954
218
2743
2743
641
8716
2743
2743
2743
6091
8716
2743
2743
4518
3038
3038
2743
5608
4518
3038
3038
3681
2720
3145
6790
3145
3145
8727
6790
4113
4113
218
218
218
218
4113
4113
4113
218
218
218
2743
4113
4113
13954
218
2743
2743
4518
641
8716
8716
2743
2743
5608
4518
3038
3038
3038
2743
5608
5608
4518
3038
3038
3038
12519
6237
3038
3038
3681
2720
3145
6790
3145
3145
8727
748
4446
3145
3145
8727
8527
748
4113
4113
4113
218
218
218
5608
4518
4113
4113
4113
4113
218
2743
5608
5608
4518
370
370
370
3038
2743
5608
5608
5608
4518
370
3038
3038
3038
12519
14174
6237
3038
3038
3038
12519
3681
3038
3038
3681
2720
259
748
3145
259
8527
748
3145
3145
259
8527
6151
6151
4446
4446
3145
259
6151
6151
6151
6151
370
370
370
370
218
5608
5608
5608
5608
2978
370
370
370
370
3038
12519
14174
14174
6237
370
370
10093
3038
12519
12519
6237
5793
10093
3038
12519
3681
5793
3038
3681
2015
259
748
259
259
8527
748
259
259
259
6151
6151
6151
4446
259
259
259
6151
6151
6151
2978
5149
5149
5149
3129
3129
6520
6520
6520
370
370
370
370
5783
3129
6520
6237
370
370
370
5783
5783
5783
3681
370
10093
5783
5783
2015
5793
5783
2015
2015
259
748
259
259
6151
6151
259
259
259
6151
6151
2978
6994
9504
3129
3129
6520
6520
5149
6994
3129
3129
3129
6520
5149
5149
6994
8446
3129
3129
370
370
370
5783
5783
2015
370
370
5783
5783
2015
5793
5783
2015
2015
259
748
259
259
6151
2978
9504
3129
3129
6520
9504
3129
3129
3129
6994
3129
3129
3129
6994
6994
8446
3129
5149
6994
8446
6974
370
370
5783
2015
370
5783
2015
2015
259
2978
3129
3129
3129
3129
3129
3129
3129
3129
6994
6974
6994
6974
6994
6974
370
2015
2015
641
1733
641
1733
641
1733
641
1733
641
123
4407
123
4407
123
4407
123
2720
1072
13865
7825
1691
641
10983
1733
641
641
10983
1733
641
641
10983
123
641
641
4407
123
6091
4407
4407
123
6091
4407
4407
6102
6091
2720
6102
1072
2720
2720
13865
7825
1691
13865
13865
7825
1691
1691
641
10983
10983
1733
7929
641
641
10983
4407
123
641
641
641
4407
4407
6102
641
6091
4407
4407
6102
6102
6091
6091
2720
6102
6102
1072
14068
2720
2720
6993
2720
2720
13865
7825
13918
13865
13865
7825
1691
1691
13865
13865
11753
1049
1691
1691
1691
641
10983
1049
1049
1049
7929
7929
641
641
4407
6102
6102
6102
7929
641
6091
2720
6102
6102
6102
1072
5793
14068
2720
2720
6993
6993
14068
2720
2720
2720
2720
2720
4200
8422
13918
4200
11753
8422
1691
13918
4200
11753
1049
1049
1691
1691
1691
4200
1049
1049
1049
1049
120
120
120
120
120
1049
1049
1049
1049
1049
9727
9727
5793
2720
2720
6993
6993
6993
5793
5793
2720
2720
2720
6993
5793
2720
2720
2720
2720
2720
4200
8422
4200
4200
11753
1049
4200
4200
4200
1049
1049
1049
120
120
2355
1049
1049
1049
1049
1049
120
120
120
2355
8170
13607
13607
1738
120
120
120
120
4092
2720
6993
1738
9727
5793
5452
5452
2720
2720
5793
5452
5452
2720
5452
5452
4200
8422
4200
4200
1049
1049
2355
2355
1049
1049
1049
1049
2355
2355
2355
8170
13607
1738
120
6751
2355
8170
8170
1738
120
120
4092
4092
4092
1738
120
120
120
4092
4092
4092
5793
5452
5452
5452
5452
5452
4200
1049
2355
1049
1049
1049
2355
2355
8170
1738
2355
2355
8170
1738
6751
2355
8170
4961
6751
4092
4092
4092
120
4092
4092
4092
120
120
4092
4092
5452
5452
1049
1049
2355
1738
2355
4961
2355
4961
2355
4961
4092
4092
4092
4092
4092
4092
120
4092
3077
3077
3077
3077
3077
4652
4652
4652
4652
236
852
4221
852
3077
5616
3077
3077
5616
3077
3077
5616
3077
3077
10040
7662
7662
10040
7662
7662
10040
7662
7662
1776
6032
1776
1776
300
4221
4221
852
852
4221
4221
852
852
3077
5616
5616
852
3077
3077
5616
5616
3077
3077
3077
12870
10040
3077
7662
7662
12870
1776
7662
7662
7662
1776
1776
6032
6032
1776
1776
1776
6032
5266
4278
300
4221
4221
8830
4221
4221
4221
852
852
852
4221
4221
4221
852
852
852
3077
5616
5616
1776
852
852
3077
3077
12870
1776
1776
852
3077
7662
7662
1776
1776
1776
6032
6032
6032
1776
1776
1776
1776
6032
6032
5266
5266
4278
6032
5266
5266
300
4221
4221
11678
4221
4221
382
8830
8830
4221
4221
382
382
852
852
852
852
4221
382
1776
1776
852
852
852
852
3077
1776
1776
1776
1776
852
852
852
6032
1776
1776
1776
1776
1776
1417
6032
6032
5266
5266
9693
4278
1417
6032
5266
5266
4278
6032
5266
5266
300
382
382
11678
382
382
382
8830
11678
382
382
382
9339
8830
8830
8830
382
382
9339
9339
9339
852
852
852
852
151
1776
1776
1776
1776
1096
3171
7389
7389
7389
512
5266
9693
9693
4278
3171
7389
13891
512
5266
5266
4278
1417
13891
512
5266
5266
1417
512
5266
300
382
382
13784
382
382
382
11678
13784
382
382
9339
9339
3914
151
151
151
6140
6140
6140
1096
3914
3914
2021
151
6140
6140
6140
6140
3914
3914
3914
512
512
512
6140
4278
3171
7389
7389
512
512
512
4278
1417
13891
512
512
512
1417
512
512
512
382
382
13784
382
382
9339
151
151
151
6140
6140
1096
151
151
151
6140
6140
6140
2021
2021
151
8551
6140
6140
3914
2021
2021
11591
8551
448
3914
3914
512
512
512
512
3171
7389
512
512
512
1417
512
512
512
382
382
151
151
6140
1096
151
151
6140
6140
151
151
8551
448
2021
151
8551
448
2021
2021
11591
448
2021
2021
11591
4772
3914
512
512
512
1417
512
512
512
151
1096
151
448
151
448
151
448
151
448
2021
4772
2021
4772
2021
4772
512
512
512
297
6211
6813
6211
6813
6211
6813
6211
6813
7982
8015
7982
8015
7982
8015
1801
668
668
6142
6473
297
297
6473
6211
297
6813
6813
6211
13042
6813
6813
6211
13042
6813
12032
7982
8015
8015
12032
1801
8015
8015
4372
1801
6031
668
668
668
6031
668
6142
6473
6142
6142
6473
6473
297
297
297
6473
6473
6211
297
297
6813
6813
6813
1801
297
13042
6813
12032
4372
1801
8015
8015
8015
4372
4372
1801
6031
6031
668
668
668
668
6031
6031
668
668
6031
10756
6142
6473
6142
6142
6473
5248
8552
6142
6142
6473
5248
5248
297
297
297
297
6473
4372
4372
1801
297
297
297
6813
4372
4372
4372
1801
297
297
6031
668
668
668
668
668
2525
6031
6031
668
668
668
6031
6031
13119
668
6031
10756
5248
5248
6142
5248
5248
5248
6142
6142
5248
5248
5248
10881
8552
8552
6142
5248
5248
11077
11077
10881
297
297
297
297
297
668
668
668
668
668
3502
3502
2525
2525
668
668
668
668
2525
2525
2525
13119
668
668
2525
2525
13119
10756
2525
10756
5248
5248
14305
5248
5248
5248
6142
14305
5248
5248
11077
10881
3171
1417
9846
5248
6271
6271
6271
1111
3171
3171
1417
1417
6271
6271
6271
6271
3171
3171
3171
1417
11208
668
668
668
3502
2525
2525
11631
11631
668
2525
2525
11631
5698
2525
5698
5248
5248
14305
5248
5248
10881
9846
9846
5248
6271
6271
1111
1417
9846
8655
6271
6271
6271
1417
1417
1417
8655
6271
6271
3171
1417
1417
11208
8655
300
3171
3171
1417
11208
11208
3532
2525
2525
11631
5698
2525
5698
5248
5248
9846
5248
6271
1111
9846
8655
6271
6271
9846
8655
8655
300
1417
1417
8655
300
1417
1417
11208
300
1417
1417
11208
3532
3171
1417
11208
3532
2525
5698
5248
1111
8655
300
8655
300
8655
300
1417
300
1417
3532
1417
3532
1417
3532
1417
3532
646
753
646
1750
646
1750
646
1750
646
1256
6134
1256
6134
1256
6134
1256
1548
2923
753
753
6790
646
753
753
646
646
13393
1750
646
646
13393
1256
646
646
13728
1256
6134
6134
13728
1256
6134
6134
10857
10857
1548
1548
9445
2923
1548
3217
753
753
6371
753
753
753
6790
6790
646
753
753
753
9337
646
646
13393
13393
1256
646
646
646
13728
10857
10857
646
6134
6134
10857
10857
10857
1548
1548
1548
9445
9445
2923
1548
1548
3217
8143
1548
3217
753
753
6371
753
753
753
6790
6371
753
753
753
1069
6790
6790
6790
646
753
753
4445
4445
9337
9337
646
646
10857
10857
10857
10857
9337
108
1548
1548
9445
9445
9445
2923
108
1548
1548
3217
9445
8143
1548
1548
3217
3217
1548
3217
753
1069
6371
753
1069
1069
6371
6371
753
1069
1069
4445
6790
6790
6371
753
1069
4445
4445
4445
748
748
748
748
108
4445
4445
4445
4445
1853
10908
10908
108
108
3217
9445
9445
8143
108
108
108
3217
3217
8143
108
108
3217
3217
108
3217
1069
1069
8571
1069
1069
1069
6371
8571
1069
1069
4445
4445
748
748
4518
1069
4445
4445
4445
1853
748
748
748
4518
10704
10704
10704
6307
748
748
748
108
3037
3037
9445
6307
10908
108
108
3037
3037
3217
108
108
3037
333
108
333
1069
1069
8571
1069
1069
4445
4518
4518
1069
4445
4445
1853
4518
4518
4518
10704
10704
6307
748
9608
4518
11491
10704
6307
748
748
8565
8565
8565
4528
748
748
108
3037
3037
333
108
108
3037
333
108
333
1069
1069
4518
1069
4445
1853
4518
4518
10704
6307
4518
4518
11491
4528
9608
4518
11491
4528
9608
8565
8565
4528
748
8565
8565
8565
748
108
3037
333
108
333
1069
1853
4518
4528
4518
4528
4518
4528
4518
4528
8565
8565
8565
8565
8565
8565
108
333
1733
4187
2753
7404
5606
7597
7404
5606
7597
7404
5606
7597
7404
8467
4652
7842
8467
4652
7842
8467
4652
7842
3497
4652
3497
833
2847
1733
4187
7825
1733
7404
4187
2753
13103
7404
7404
5606
2753
13936
7404
7404
5606
7597
13936
7404
8808
8467
4652
7842
7842
8808
3497
4652
7842
7842
3497
3497
4652
7842
3497
3497
833
8546
8546
4483
2847
1733
4187
1733
1733
10323
4187
7825
7825
1733
7404
7404
4187
2753
13103
13103
7404
7404
7404
3497
2753
13103
13936
7404
8808
3497
3497
2753
7842
7842
7842
3497
3497
3497
4652
7842
7842
3497
3497
3497
833
8546
8546
8546
9016
6084
8546
8546
4483
2847
1733
4187
1733
1733
10323
379
7825
1733
1733
10323
4401
379
7825
7825
7825
1733
7404
3497
3497
3497
2753
13103
13103
13103
7404
3497
3497
3497
3497
2753
7604
1802
7842
3497
3497
3497
3497
833
1802
1802
8546
8546
9016
9016
6084
1802
8546
8546
9405
4483
8546
8546
4483
2847
123
379
1733
123
4401
379
1733
1733
123
4401
4401
9336
7825
7825
1733
123
4401
12767
12767
9336
7604
7604
7604
7604
123
3497
3497
3497
3497
833
7604
7604
7604
1802
1802
9016
9016
9016
6084
7604
1802
1802
1802
9405
9016
6084
1802
1802
1802
9405
4483
1802
1802
4483
1802
123
379
123
123
4401
379
123
123
123
4401
12767
9336
7825
123
123
123
4878
4878
4878
1375
8422
8422
6356
2750
2750
4878
4878
1375
7604
7604
7604
1802
5981
2750
4878
1375
7604
7604
1802
1802
5981
5981
4483
1802
1802
1802
5981
4329
1802
1802
4329
1802
123
379
123
123
4401
9336
123
123
123
4878
4878
1375
6356
8729
2750
2750
4878
1375
6356
6356
2750
2750
2750
1375
8422
6356
6356
12839
2750
1375
7604
7604
1802
5981
5981
4329
7604
1802
1802
5981
4329
1802
1802
4329
1802
123
379
123
123
4878
1375
8729
2750
2750
1375
8729
2750
2750
1375
6356
2750
2750
2750
6356
6356
12839
2750
6356
6356
12839
4908
7604
1802
5981
4329
1802
1802
4329
1802
123
1375
2750
1375
2750
2750
2750
2750
2750
2750
6356
4908
6356
4908
6356
4908
1802
4329
1802
2753
6211
6211
6211
6211
7982
7982
7982
298
7597
2753
2753
6211
7271
6211
6211
7271
6211
6211
7271
6211
7982
9175
7982
7982
9175
7982
1801
5761
298
1801
298
298
7597
2753
7597
10892
2753
2753
2753
6211
6211
13391
7271
6211
6211
6211
7271
7271
6211
7982
1801
7271
9175
7982
1801
1801
5761
5761
298
1801
1801
5761
298
298
4327
298
298
7597
7597
7597
10892
2753
2753
7597
10892
7828
2753
2753
2753
2753
6211
1801
1801
13391
13391
7271
6211
1801
1801
1801
11929
5761
5761
298
1801
1801
1801
5761
5761
298
298
14024
4327
5761
298
298
298
298
298
4652
7597
4652
7828
2753
7597
4652
7828
7828
2753
2753
2753
4652
7828
10881
10881
2753
2753
2753
2753
298
1801
1801
1801
1801
11929
11929
8510
298
298
14024
14024
4327
8510
8510
298
298
298
4327
8510
298
298
298
298
298
4652
4652
4652
7828
4652
4652
4652
7828
10881
2753
2753
4652
4652
6355
6355
6355
12843
12843
5994
5994
6273
6355
6355
1956
11929
11929
11929
3511
3511
298
6355
1956
11929
8510
3511
3511
298
298
8510
3511
3511
298
3511
3511
4652
4652
4652
7828
4652
4652
4652
6355
6355
5994
13186
6273
6273
6355
1956
5994
5994
5994
6273
6273
1956
12843
5994
5994
6470
6273
1956
11929
11929
3511
3511
3511
3511
8510
3511
3511
3511
3511
3511
4652
4652
4652
6355
13186
6273
6273
1956
13186
6273
6273
1956
5994
5994
6273
6273
5994
5994
6470
6273
5994
5994
6470
6470
11929
3511
3511
3511
3511
3511
4652
6273
1956
6273
6273
6273
6273
5994
6273
5994
6470
5994
6470
5994
6470
3511
3511
1750
5606
5606
5606
5606
8467
8467
8467
2208
1750
4187
1750
6664
4187
5606
6664
5606
5606
6664
5606
5606
10040
8467
8467
10040
8467
8467
2751
4281
2208
2751
2208
2208
1750
1750
1750
13184
4187
4187
1750
6664
6664
4187
4187
5606
6664
6664
4187
5606
5606
10040
2751
5606
8467
8467
2751
2751
4281
4281
2208
2751
2751
4281
2208
2208
4225
2208
2208
1750
1750
1750
13184
6383
1750
1750
13184
13184
4187
4187
4187
1750
6664
2751
2751
4187
4187
4187
5606
2751
2751
2751
379
379
4281
2208
2751
2751
2751
4281
4281
2208
2208
13049
4225
4281
2208
2208
2208
2208
2208
1256
1750
1256
13549
1750
1750
1256
13549
10890
6383
6383
1750
1256
10890
10890
10890
379
379
379
379
379
2751
2751
2751
2751
379
379
379
2208
2208
13049
13049
4225
379
9336
2208
2208
2208
4225
9336
2208
2208
2208
2208
2208
1256
1256
1256
13549
1256
1256
1256
10890
10890
6383
1256
1256
1256
6214
6214
6214
12921
12921
10717
1853
6113
6214
6214
6214
379
379
379
379
1853
1853
6214
4225
379
379
8392
8392
2208
2208
9336
8392
8392
2208
8392
6665
1256
1256
1256
10890
1256
1256
1256
6214
6214
10717
12066
6113
6113
6214
6214
10717
10717
1853
6113
6113
6214
12921
10717
1853
1853
1853
6113
379
379
379
1853
1853
1853
379
8392
8392
6665
8392
6665
1256
1256
1256
6214
12066
6113
6113
6214
12066
6113
6113
6113
10717
1853
6113
6113
10717
1853
1853
1853
10717
1853
1853
1853
379
379
1853
1853
8392
6665
1256
6113
6113
6113
6113
6113
6113
1853
6113
1853
1853
1853
1853
1853
1853
379
1853
2468
2468
2468
2468
1547
1547
1547
1547
1547
454
2468
2468
5614
2468
2468
5614
2468
2468
5614
2468
2468
5614
2468
7250
7702
8423
7250
7702
8423
7250
7702
8423
2442
7702
2442
922
1904
8567
8666
3036
2468
2468
2468
6592
5811
2468
2468
2468
5614
5811
2468
2468
2468
5614
5811
2468
12401
7250
5614
8423
8423
12401
2442
7702
8423
8423
2442
2442
7702
8423
2442
2442
922
9956
9956
4716
1904
8567
8666
3036
8567
8666
8666
3036
3036
2468
2468
2468
2468
6592
11738
5811
2468
2468
2468
2442
6592
5811
5811
2468
12401
2442
2442
5614
5811
8423
8423
2442
2442
2442
7702
8423
8423
2442
2442
2442
922
9956
9956
9956
4716
4716
9956
9956
12056
1904
8567
8666
8567
8567
8666
2821
3036
3036
8567
8666
8666
549
3036
3036
3036
2468
2468
549
549
549
6592
11738
11738
5811
2468
2442
2442
2442
2442
3800
3800
2998
8423
2442
2442
2442
2442
922
2998
2998
9956
9956
4716
4716
4716
2998
9956
9956
13401
4716
9956
9956
12056
1904
1101
2821
8567
1101
13174
2821
3036
8567
1101
13174
549
549
3036
3036
3036
1101
549
549
549
549
3036
3036
3036
3036
549
549
549
549
549
549
3800
3800
3800
2998
2998
4716
4716
4716
4716
3800
2998
2998
2998
13401
4716
4716
2998
2998
2998
13401
12056
2998
2998
12056
1904
1101
2821
1101
1101
13174
549
1101
1101
1101
549
549
549
3036
1101
1101
549
549
549
549
549
7249
7249
7249
905
1363
12190
12190
556
3800
3800
3800
905
905
905
4716
556
3800
3800
2998
2998
4645
4645
4716
2998
2998
2998
4645
3597
2998
2998
3597
1954
1101
2821
1101
1101
549
549
1101
1101
549
549
549
549
9260
9260
1363
1363
12190
556
7249
13816
905
1363
1363
556
7249
7249
905
905
905
556
3800
3800
905
905
905
905
3800
2998
2998
4645
3597
2998
2998
3597
1954
1101
549
1101
549
549
549
9260
1363
1363
556
9260
1363
1363
556
13816
905
1363
1363
13816
905
905
905
7249
905
905
905
3800
905
905
905
2998
2998
3597
1954
549
549
1363
556
1363
1363
1363
1363
905
1363
905
905
905
905
905
905
905
905
1954
904
2367
904
2367
904
2367
904
2367
904
515
7621
515
7621
515
7621
515
1401
1486
5614
9669
6592
904
9669
2367
904
904
10017
2367
904
904
10017
515
904
904
12589
515
7621
7621
12589
515
7621
7621
2000
2000
7621
1401
2000
1486
1401
1401
5614
9669
5614
5614
9669
9669
6592
6592
904
9669
9669
2367
9426
904
904
10017
10017
515
904
904
904
12589
2000
2000
904
7621
7621
2000
2000
2000
7621
7621
1401
2000
2000
1486
10554
1401
1401
4742
1401
1401
5614
9669
5614
5614
9669
1547
6592
5614
5614
9669
6657
1547
6592
6592
6592
904
9669
2000
2000
2000
9426
9426
904
904
2000
2000
2000
2000
1545
904
7621
1401
2000
2000
2000
1486
6540
10554
1401
1401
6663
4742
10554
1401
1401
1401
1401
1401
5614
1547
5614
5614
6657
1547
5614
5614
5614
6657
6657
11476
6592
6592
5614
5614
6657
11476
11476
11476
1545
1545
1545
1545
904
2000
2000
2000
2000
907
1545
1545
1545
1401
1401
6663
6663
4742
1545
6540
1401
1401
1401
4742
6540
1401
1401
1401
1401
1401
6657
1547
7702
6657
6657
1547
5614
7702
6657
6657
11476
11476
6592
5614
7702
5354
11476
11476
11476
907
11944
11944
9005
3680
5354
13307
13307
907
1545
1545
1545
1545
3680
1401
6663
907
1545
1545
6023
6023
1401
1401
6540
6023
6023
1401
6023
6023
6657
1547
7702
6657
6657
11476
7702
7702
5354
11476
11476
907
9005
14357
5354
5354
13307
907
9005
9005
3680
5354
5354
907
11944
9005
3680
3680
3680
907
1545
1545
1545
3680
3680
3680
1545
6023
6023
6023
6023
6023
6657
1547
7702
5354
11476
907
14357
5354
5354
907
14357
5354
5354
907
9005
3680
5354
3073
9005
3680
3680
3073
9005
3680
3680
3680
1545
1545
3680
3680
6023
6023
5354
907
5354
907
5354
3073
5354
3073
3680
3073
3680
3680
3680
3680
3680
3680
1545
3680
507
507
507
507
507
850
850
850
850
296
2752
2686
507
4948
4948
507
4948
4948
507
4948
4948
507
2246
2246
5220
2246
2246
5220
2246
2246
5220
2246
2246
5220
2246
296
4350
4280
2686
2752
2752
4280
2686
2752
2752
4948
4948
4948
507
5479
4948
4948
2246
507
5479
2246
2246
2246
507
11226
2246
2246
2246
5220
11226
2246
2246
8128
5220
11226
2246
4015
296
7334
8668
4015
4350
4280
2686
5133
4280
4280
2686
2752
2752
2752
4280
4280
2686
2752
2752
2752
4948
4948
2246
2246
2752
2752
5479
2246
2246
2246
8128
507
5479
11226
2246
2246
8806
8128
5220
11226
11226
2246
4015
4015
296
7334
11745
8668
4015
4015
7334
8668
8668
4350
4280
2686
5133
4280
4280
2686
11755
5133
4280
4280
4280
1011
2752
2752
2752
2752
4280
2246
7740
1011
2752
2752
2752
2752
2246
2246
8806
8806
8128
2295
2295
2295
11226
2246
4015
4015
4015
296
2295
6043
11745
8668
4015
4015
4015
6043
11745
8668
8668
4015
7334
8668
8668
4350
4280
5501
5133
4280
5501
5501
5133
5133
4280
5501
5501
1011
11755
11755
5133
4280
5501
7740
7740
1011
2295
2295
2295
2295
506
506
506
506
506
170
2295
2295
2295
2295
6043
4015
4015
4015
4015
2295
2295
6043
6043
8668
4015
4015
6043
6043
6043
8668
8668
6043
6043
8668
4350
4825
5501
4825
4825
5501
1011
4825
4825
4825
5501
7740
1011
8158
4698
4698
506
506
506
506
170
8158
8158
8158
4698
506
506
506
506
2295
2295
2295
2295
6303
506
506
506
2295
2295
2295
6043
6303
6303
4015
2295
6043
6043
6303
4950
6043
6043
4950
4950
4825
5501
4825
4825
5501
1011
4698
4698
506
506
506
170
4698
4698
4698
506
506
506
8158
8466
4698
13299
506
506
8158
8158
8466
14055
13299
506
2295
2295
2295
6303
6303
4950
2295
2295
6043
6303
4950
6043
6043
4950
4950
4825
1011
4698
506
506
170
4698
4698
506
506
4698
4698
13299
506
8466
4698
13299
9081
8466
8466
14055
5164
8158
8466
14055
5164
2295
2295
6303
4950
2295
6043
4950
4950
506
170
4698
506
4698
9081
4698
9081
4698
9081
8466
5164
8466
5164
8466
5164
2295
4950
4950
507
1400
5435
5435
5435
5435
5435
5435
539
539
539
539
539
539
539
539
539
2399
507
1400
3160
507
5435
1400
3160
5435
5435
5435
8807
5435
5435
539
8807
539
539
539
12206
539
539
539
12206
539
539
5355
11942
539
5478
2399
2101
2101
507
1400
507
507
10962
1400
3160
3160
507
5435
5435
1400
3160
3160
5435
5435
539
539
3160
8807
539
539
539
5355
8807
12206
539
539
7080
5355
11942
11942
539
5478
5478
2399
11942
2101
2101
5478
2101
2101
507
1400
507
507
10962
1400
14014
507
507
10962
10079
3297
3160
3160
3160
507
5435
539
7080
4282
3160
3160
3160
539
539
7080
7080
5355
3160
2624
11942
539
5478
5478
5478
2399
2624
11942
2101
2101
5478
5478
11942
2101
2101
2101
2101
2101
507
3297
507
507
10079
3297
507
507
507
10079
10079
4282
14014
14014
507
507
10079
14358
14358
4282
3160
3160
3160
3160
507
5478
5478
5478
5478
2124
8421
8421
2624
2101
2101
5478
5478
5478
2624
2624
2101
2101
2101
5478
2624
2101
2101
2101
2101
2101
5220
3297
5220
5220
10079
3297
507
5220
5220
10079
14358
4282
12309
507
5220
5220
12155
12155
12155
2124
12309
12309
9701
7052
7052
12155
12155
2124
8421
8421
8421
2624
7453
2101
5478
2124
8421
2624
2624
7453
2101
2101
2624
2624
7453
2101
2624
5889
5220
3297
5220
5220
10079
4282
5220
5220
5220
12155
12155
2124
7334
7334
7052
7052
12155
2124
9701
9701
7052
7052
7052
2124
12309
9701
9701
10447
7052
2124
8421
8421
2624
7453
7453
5889
2624
2624
7453
5889
2624
5889
5220
3297
5220
5220
12155
2124
7334
7052
7052
2124
7334
7052
7052
2124
9701
7052
7052
4350
9701
9701
10447
4350
9701
9701
10447
10193
8421
2624
7453
5889
2624
5889
5220
2124
7052
2124
7052
4350
7052
4350
7052
4350
9701
10193
9701
10193
9701
10193
2624
5889
4298
4298
4298
4298
2823
2823
2823
2823
2823
118
2223
3201
2223
5860
5860
4298
5860
5860
4298
5860
5860
4298
5860
3216
12405
7847
3216
12405
7847
3216
12405
7847
1672
2649
1026
1672
118
3201
3201
2223
2223
3201
3201
2223
2223
5860
5860
5860
2223
9289
5860
5860
3216
4298
9289
5860
7847
3216
4298
14054
7847
7847
1672
12405
14054
7847
7847
1672
2649
8849
1026
3019
1672
2649
1026
1026
118
3201
3201
7699
3201
3201
3201
2223
2223
2223
3201
3201
3201
2223
2223
2223
5860
5860
5860
1672
2223
2223
9289
5860
7847
7847
1672
2223
9289
14054
7847
7847
9280
1672
2649
8849
8849
1026
3019
3019
1672
2649
8849
1026
1026
3019
2649
1026
1026
118
3201
3201
7699
3201
3201
3201
13073
7699
3201
3201
3201
5483
2223
2223
2223
2223
3201
3201
9280
1672
2223
2223
2223
2223
5860
7847
9280
9280
1672
2223
2223
2223
8849
1026
3019
3019
3019
1672
209
8849
8849
1026
1026
3019
3019
209
8849
1026
1026
1026
2649
1026
1026
118
3201
5483
7699
3201
9876
5483
7699
7699
3201
9876
9876
10637
13073
13073
7699
3201
9876
11899
11899
10637
2223
2223
2223
2223
66
3019
3019
3019
3019
1672
6504
7939
7939
7939
66
1026
3019
3019
3019
6504
7939
11092
66
1026
1026
3019
209
11092
66
1026
1026
209
66
1026
66
4024
5483
4024
4024
9876
5483
4024
4024
4024
9876
11899
10637
6394
1063
4024
4024
5946
5946
5946
1919
6394
6394
1063
1063
5946
5946
5946
5946
6394
6394
6394
66
66
66
3019
3019
6504
7939
7939
66
66
66
1026
209
11092
66
66
66
209
66
66
66
4024
5483
4024
4024
9876
10637
4024
4024
4024
5946
5946
1919
1063
8379
8379
5946
5946
5946
1063
1063
1063
10123
5946
5946
6394
1063
1063
11446
10123
5946
6394
6394
66
66
66
66
6504
7939
66
66
66
209
66
66
66
4024
5483
4024
4024
5946
1919
8379
8379
5946
5946
8379
8379
10123
5946
1063
1063
10123
10123
1063
1063
11446
2730
1063
1063
11446
2730
6394
66
66
66
209
66
66
66
4024
1919
8379
5946
8379
10123
8379
10123
1063
10123
1063
2730
1063
2730
1063
2730
66
66
66
1670
1670
1670
1670
1670
1670
1670
1670
1670
6238
6238
6238
6238
6238
6238
212
2474
212
4298
4844
8029
1670
1670
1670
8029
1670
1670
1670
12535
1670
1670
1670
12535
1670
6238
6238
11057
6238
6238
212
11057
6238
6238
212
2474
2474
6899
212
2474
5629
4298
4844
4298
4298
4844
4844
8029
8029
1670
1670
1670
1670
8029
8029
1670
1670
1670
212
8029
12535
1670
6238
6238
212
11057
11057
6238
6238
7792
212
2474
2474
2474
6899
6899
212
2474
2474
6899
6327
2474
5629
4298
4844
4298
4298
4844
4006
14215
4298
4298
4844
4844
2049
8029
8029
8029
1670
1670
1670
7792
212
8029
8029
8029
1670
6238
7792
7792
212
3877
2474
2474
2474
6899
6899
6899
212
2474
2474
2474
6899
6899
6327
2474
2474
10461
5629
2474
5629
4298
4006
4298
4298
12793
4006
4298
4298
4298
12793
11447
2049
14215
14215
4298
4298
11447
11447
11447
2049
3877
3877
3877
3877
209
1035
1035
1035
1035
212
3877
3877
3877
2474
6899
6899
6899
6327
3877
8790
2474
10461
6899
6327
8790
2474
10461
5629
2474
5629
12405
4006
12405
12405
12793
2049
4298
12405
12405
11447
11447
2049
6504
209
2649
1035
1035
1035
1035
368
6504
6504
209
209
1035
1035
1035
1035
3877
3877
3877
209
5846
1035
1035
1035
3877
3877
5846
5846
5846
5629
8790
5846
5846
1884
5846
1884
12405
4006
12405
12405
11447
2049
2649
2649
1035
1035
1035
368
209
2649
2649
1035
1035
1035
209
209
209
4959
1035
1035
6504
209
209
11534
4959
1035
3877
3877
209
5846
5846
613
3877
5846
5846
1884
5846
1884
12405
2049
2649
1035
1035
368
2649
2649
1035
1035
2649
2649
4959
1035
209
209
4959
4959
209
209
11534
613
209
209
11534
613
3877
209
5846
613
5846
1884
1035
368
2649
1035
2649
4959
2649
4959
209
4959
209
613
209
613
209
613
209
613
2110
2110
2110
2110
2110
2110
2110
2110
850
850
850
850
850
850
850
850
850
2840
7332
7332
2686
2110
2110
2110
2686
2110
2110
2110
10122
2110
2110
850
10122
850
850
850
13629
850
850
850
13629
850
850
8419
8128
850
5555
2840
4484
296
7332
7332
10790
7332
7332
7332
2686
2686
2110
2110
2110
2110
2686
2686
2110
2110
850
850
2686
10122
850
850
850
8419
10122
13629
850
850
8800
8419
8128
8128
850
5555
5555
2840
8128
4484
4484
5555
4484
296
7332
7332
10790
7332
7332
3808
11448
10790
7332
7332
3808
2225
2686
2686
2686
2110
2110
850
8800
2225
2686
2686
2686
850
850
8800
8800
8419
2686
1011
8128
850
5555
5555
5555
2840
1011
8128
4484
4484
5555
5555
8128
4484
4484
296
4484
296
3216
3808
10790
3216
3808
3808
10790
10790
3216
3808
3808
2225
11448
11448
10790
3216
3808
12879
12879
2225
2686
2686
2686
2686
850
5555
5555
5555
5555
2225
6573
6573
1011
1011
4484
5555
5555
5555
1011
1011
1011
4484
4484
5555
1011
1011
4484
296
1011
296
3216
3808
3216
3216
3808
2225
3216
3216
3216
3808
12879
2225
5483
1672
1672
1672
12879
12879
12879
2225
5483
5483
5483
1672
9007
13495
13495
7507
5483
5483
5483
1011
8848
4484
5555
5555
6573
1011
1011
8848
4484
296
1011
1011
8848
296
1011
2615
3216
3808
3216
3216
3808
2225
1672
1672
1672
12879
12879
2225
1672
1672
1672
9007
13495
7507
5483
10637
1672
9007
9007
7507
5483
5483
10149
10149
9007
4072
5483
5483
1011
8848
8848
1919
1011
1011
8848
2615
1011
2615
3216
2225
1672
1672
12879
2225
1672
1672
9007
7507
1672
1672
9007
4072
10637
1672
9007
4072
10637
10149
10149
1919
5483
10149
10149
1919
5483
1011
8848
1919
1011
2615
1672
2225
1672
4072
1672
4072
1672
4072
1672
4072
10149
1919
10149
1919
10149
1919
1011
1919
4647
5943
4647
5943
4647
5943
4647
5943
4647
7839
7250
7839
7250
7839
7250
3639
935
454
11537
5619
4647
4647
10280
5943
4647
4647
5943
5943
4647
4647
5943
5943
4647
7250
5943
7839
7250
7250
7839
7839
7250
7250
3639
7619
935
935
3639
3206
935
454
11537
5619
11537
11537
5619
5619
4647
4647
4647
10280
13931
5943
4647
4647
4647
10280
5943
5943
4647
7250
7250
5943
5943
7839
7250
7250
7296
3639
7619
7619
935
935
935
3639
7619
3206
935
935
3639
3206
3206
454
11537
12981
11537
11537
5619
5619
11537
11537
2821
5619
5619
5619
4647
4647
2821
7296
10280
13931
13931
5943
4647
7250
7296
7296
2823
11480
5943
7619
935
935
935
935
766
7619
7619
3206
935
935
935
766
7619
3206
3206
935
3639
3206
3206
454
2821
12981
2821
2821
5619
12981
2821
2821
2821
5619
5619
5619
2821
2821
7644
7644
4006
4006
4006
4006
212
935
935
935
935
2823
11480
11480
11480
3206
935
935
935
935
2823
11480
11928
3206
3206
935
935
766
11928
3206
3206
3206
766
3206
3206
454
2821
9105
2821
2821
9105
9105
2821
2821
7644
4006
212
212
212
7644
7644
7644
4006
4006
2049
212
7777
7777
7777
3124
4006
4006
4006
2049
8663
935
935
935
2823
11480
11480
10019
10019
3206
935
766
11928
10019
10019
3206
766
10019
10019
766
2821
9105
2821
2821
212
212
212
7644
7644
212
212
212
7777
7777
3124
2049
2049
212
11984
7777
3124
4006
2049
2049
8663
8663
620
4006
4006
2049
8663
8663
4833
2823
11480
10019
10019
10019
766
10019
10019
766
2821
212
212
7644
212
212
7777
3124
212
212
11984
620
2049
212
11984
620
2049
2049
8663
620
2049
2049
8663
4833
4006
2049
8663
4833
766
10019
10019
766
212
212
620
212
620
212
620
212
620
2049
4833
2049
4833
2049
4833
2049
4833
766
3493
3493
8212
10849
8212
10849
8212
10849
3805
3805
3805
3805
3805
3805
3805
3805
2108
793
3493
3493
10280
3493
3493
3493
8212
8212
11348
10849
8212
8212
11348
3805
8212
3805
3805
3805
11945
3805
3805
3805
11945
3805
3805
4946
3639
2108
2108
793
3639
2108
3493
3493
8850
3493
3493
3493
10280
10280
3493
3493
3493
3493
10280
8212
8212
11348
3805
3805
8212
8212
3805
3805
3805
4946
8212
11945
3805
3805
8664
4946
3639
3639
2108
2108
2108
793
3639
3639
2108
2108
3639
3779
3493
3493
8850
3493
3493
3493
13899
8850
3493
3493
3493
5228
10280
10280
10280
3493
3493
3493
8664
4946
10280
10280
8212
3805
3805
8664
8664
4946
2823
766
3639
2108
2108
2108
2108
793
766
3639
3639
2108
2108
2108
3639
3639
3779
2108
3639
3779
3493
7048
8850
3493
7048
7048
8850
8850
3493
7048
7048
5228
13899
13899
8850
3493
7048
13175
13175
5228
2823
2823
2823
2823
766
2108
2108
2108
2108
793
2823
2823
766
766
2108
2108
2108
2108
766
766
766
3779
2108
2108
766
766
3779
3779
766
3779
7048
7048
8144
7048
7048
5228
8144
8144
7048
7048
13175
5228
6914
2225
8144
2250
2250
2250
2250
1311
6914
6914
2225
2225
2250
2250
2250
2250
2823
2823
2823
766
7228
2108
2108
2108
2823
766
766
7228
3779
2108
766
766
7228
2047
766
2047
7048
7048
8144
7048
7048
5228
8144
8144
2250
2250
2250
1311
2225
8419
8419
2250
2250
2250
2225
2225
2225
9930
2250
2250
6914
2225
2225
9077
9077
2250
2823
2823
766
7228
7228
2047
766
766
7228
2047
766
2047
7048
5228
8144
2250
2250
1311
8419
8419
2250
2250
8419
8419
9930
2250
2225
2225
9930
9930
2225
2225
9077
3764
2225
2225
9077
3764
2823
766
7228
2047
766
2047
2250
1311
8419
2250
8419
9930
8419
9930
2225
9930
2225
3764
2225
3764
2225
3764
766
2047
1400
2367
2367
2367
515
515
515
515
515
10272
1400
1400
2367
1400
2367
2367
8799
2367
2367
8799
515
515
12600
515
515
12600
515
515
5355
515
1486
3316
1486
10272
10849
10272
10272
1400
1400
1400
2367
2367
1400
1400
2367
2367
515
1400
8799
515
515
515
8799
12600
515
515
6927
5355
5355
515
1486
1486
5355
3316
1486
1486
3316
3316
10272
10849
10272
10272
12211
10849
10272
10272
1547
1400
1400
1400
1400
2367
515
6927
1400
1400
1400
515
515
6927
6927
1400
1400
5355
515
1486
1486
1486
4282
5355
3316
1486
1486
1486
5355
3316
3316
1486
3316
3316
1547
10849
1547
1547
10849
10849
1547
1547
1547
12211
12211
10849
1547
1547
13930
13930
1400
1400
1400
1400
515
1486
1486
1486
1486
3297
3297
3297
3316
1486
1486
1486
1486
3297
4282
3316
3316
1486
1486
4282
3316
3316
3316
3316
3316
1547
6915
1547
1547
6915
6915
1547
1547
13930
7674
4946
4946
1547
6784
6784
6784
7674
7674
5228
4946
6784
6784
6784
4651
3297
3297
3297
3297
12374
1486
1486
1486
3297
3297
4282
13402
3316
1486
4282
4282
13402
3316
4282
3706
1547
6915
1547
1547
4946
4946
1547
6784
6784
4946
4946
4946
6784
6784
4651
5228
5228
4946
8683
6784
4651
7674
5228
5228
12374
8683
1403
3297
3297
3297
12374
12374
1311
3297
4282
13402
3706
4282
3706
1547
4946
1547
6784
4946
4946
6784
4651
4946
4946
8683
1403
5228
4946
8683
1403
5228
5228
12374
1311
5228
5228
12374
1311
3297
3297
12374
1311
4282
3706
1547
4946
1403
4946
1403
4946
1403
4946
1403
5228
1311
5228
1311
5228
1311
3297
1311
245
245
245
245
140
140
140
140
140
140
245
245
716
245
245
716
245
245
716
245
245
716
245
3024
6576
3024
3024
6576
3024
3024
6576
3024
3024
5043
2432
2432
3001
2612
5867
4517
245
245
245
4014
4517
245
245
245
716
14229
245
245
245
716
14229
245
3024
3024
716
7617
3024
3024
3024
6576
7617
3024
3024
5542
5043
5043
2432
2432
2432
5043
5043
2432
3001
2612
5867
2612
2612
12639
5867
4517
4517
245
245
245
245
4014
4517
4517
245
245
245
3024
4014
4517
14229
245
3024
3024
5542
716
7617
7617
3024
3024
6182
5542
5043
5043
5043
2432
2432
2432
2432
5043
5043
5043
2432
2432
5043
5043
7029
3001
2612
5867
2612
2612
12639
603
5255
2612
2612
12639
10202
603
4517
4517
4517
245
245
245
6182
5542
4014
4517
4517
4517
245
3024
6182
6182
5542
416
416
416
5043
2432
2432
2432
2432
2432
416
3970
5043
5043
2432
2432
2432
3970
5043
5043
12964
2432
5043
5043
7029
3001
206
603
2612
206
10202
603
2612
2612
206
10202
6628
6628
5255
5255
2612
206
6628
6628
6628
6628
416
416
416
416
206
2432
2432
2432
2432
1526
416
416
416
416
3970
2432
2432
2432
2432
416
416
3970
3970
12964
2432
2432
3970
3970
3970
12964
7029
3970
3970
7029
3001
206
603
206
206
10202
603
206
206
206
6628
6628
6628
5255
206
206
206
6628
6628
6628
1526
10364
10364
10364
547
547
10650
10650
10650
416
416
416
416
5493
547
2432
2432
416
416
416
3970
6289
6289
2432
416
3970
3970
6289
6289
3970
3970
6289
3970
206
603
206
206
6628
6628
206
206
206
6628
6628
1526
12695
14204
547
547
10650
10650
10364
12695
547
547
547
10650
10364
10364
5493
5493
547
547
416
416
416
5493
5493
5493
416
416
3970
6289
6289
3970
3970
6289
3970
206
603
206
206
6628
1526
14204
547
547
10650
14204
547
547
547
12695
547
547
547
12695
5493
5493
547
10364
5493
5493
5493
416
416
5493
5493
416
3970
6289
3970
206
1526
547
547
547
547
547
547
547
547
5493
5493
5493
5493
5493
5493
416
5493
3970
716
1922
716
1922
716
1922
716
1922
716
140
6576
140
6576
140
6576
140
3001
1193
3506
7379
1887
716
12469
1922
716
716
12469
1922
716
716
12469
140
716
716
10255
140
6576
6576
10255
140
6576
6576
6587
6587
6576
3001
6587
1193
3001
3001
3506
7379
1887
3506
12663
7379
1887
1887
716
12469
12469
1922
4014
716
716
12469
10255
140
716
716
716
10255
6587
6587
716
6576
6576
6587
6587
6587
6576
6576
3001
6587
6587
1193
14119
3001
3001
11300
3001
3001
3506
7379
3506
3506
12663
7379
1887
1887
3506
12663
12663
939
1887
1887
1887
716
12469
939
939
939
4014
4014
716
716
6587
6587
6587
6587
4014
716
6576
3001
6587
6587
6587
1193
6300
14119
3001
3001
11647
11300
14119
3001
3001
3001
3001
3001
3506
8936
3506
3506
13488
8936
1887
3506
3506
13488
939
939
1887
1887
1887
3506
939
939
939
939
137
137
137
137
137
939
939
939
939
939
10203
10203
6300
3001
3001
11647
11647
11300
6300
6300
3001
3001
3001
11300
6300
3001
3001
3001
3001
3001
4590
8936
4590
4590
13488
939
3506
4590
4590
939
939
939
137
137
4590
939
939
939
939
939
137
137
137
4499
5598
5598
5598
1927
137
137
137
137
4499
3001
5598
1927
10203
6300
6300
7933
3001
3001
6300
6300
7933
3001
6300
7933
4590
8936
4590
4590
939
939
4590
4590
939
939
939
939
9138
9138
8786
5598
5598
1927
137
11484
4499
8786
5598
1927
137
137
4499
4499
4499
1927
137
137
137
4499
4499
4499
6300
6300
7933
7933
6300
7933
4590
939
4590
939
939
939
9138
8786
5598
1927
9138
8786
8786
1927
11484
4499
8786
8786
11484
4499
4499
4499
137
4499
4499
4499
137
137
4499
4499
6300
7933
939
939
8786
1927
8786
8786
8786
8786
4499
8786
4499
4499
4499
4499
4499
4499
137
4499
721
721
721
721
426
426
426
426
426
223
721
1939
721
721
1939
721
721
1939
721
721
1939
721
721
606
6611
6611
606
6611
6611
606
6611
6611
606
1770
1770
3554
223
4240
4240
5867
721
4240
1939
1082
721
721
14278
1939
721
721
721
14278
606
721
721
721
7879
606
721
6611
6611
7879
606
6611
6611
6611
7681
3554
1770
1770
1770
7681
3554
1770
1770
4265
223
4240
4240
5867
4240
4240
4240
5867
5867
721
4240
4240
1939
1082
9550
721
721
14278
7879
606
1082
721
721
721
7879
7681
3554
721
721
6611
6611
7681
7681
3554
1770
1770
1770
1770
7681
7681
3554
1770
1770
1770
8137
8764
1770
1770
4265
223
4240
4240
7813
4240
4240
1190
5867
5867
4240
4240
1190
1190
5867
5867
5867
721
4240
1190
4012
3554
1082
9550
9550
721
721
7681
7681
7681
3554
1082
5548
126
1770
1770
7681
7681
7681
3554
126
126
1770
1770
8137
12819
8764
126
1770
1770
8137
4265
1770
1770
4265
223
1190
1190
7813
1190
1190
1190
5867
7813
1190
1190
1190
4012
5867
5867
5867
1190
1190
4012
4012
4012
603
603
603
603
126
4012
4012
4012
4012
2403
1644
5548
5548
126
126
8137
12819
12819
8764
1644
126
126
126
8137
8137
8764
126
126
126
8137
4265
126
126
4265
126
1190
1190
10365
1190
1190
1190
7813
10365
1190
1190
4012
4012
603
603
5542
1190
4012
4012
4012
2403
603
603
603
3718
9877
9877
9877
2403
603
603
603
126
3718
3718
9877
2403
1644
5548
126
126
5042
5042
4265
126
126
126
5042
387
126
126
387
126
1190
1190
10365
1190
1190
4012
5542
5542
1190
4012
4012
2403
5542
5542
5542
9877
9877
2403
603
12463
3718
13153
9877
2403
603
603
3718
3718
3718
2403
603
603
126
3718
3718
387
1644
126
126
5042
387
126
126
387
126
1190
1190
5542
1190
4012
2403
5542
5542
9877
2403
5542
5542
13153
2403
12463
3718
13153
10195
12463
3718
3718
1526
603
3718
3718
1526
603
126
3718
387
126
126
387
126
1190
2403
5542
2403
5542
10195
5542
10195
3718
10195
3718
1526
3718
1526
3718
1526
126
387
126
1014
1014
1014
1014
1014
1014
1014
1014
1014
3050
3050
3050
3050
3050
3050
3050
655
3719
1944
4626
1082
1014
1014
1014
1082
1014
1014
1014
3790
1014
1014
1014
3790
1014
3050
3050
12245
3050
3050
3050
12245
3050
3050
10669
7766
655
9800
3719
655
655
1944
4626
1944
1944
13845
4626
1082
1082
1014
1014
1014
1014
1082
1082
1014
1014
1014
3050
1082
3790
1014
3050
3050
10669
3790
12245
3050
3050
10936
10669
7766
7766
655
9800
9800
3719
7766
655
655
3719
655
655
1944
4626
1944
1944
13845
2709
10662
1944
1944
13845
13828
2709
1082
1082
1082
1014
1014
1014
10141
10141
1082
1082
1082
1014
3050
10936
10936
10669
1082
1082
7766
655
9800
9800
9800
3719
7766
7766
655
655
9800
3719
7766
655
655
655
655
655
1053
2709
1944
1053
13828
2709
1944
1944
1053
13828
10141
10141
10662
10662
1944
1053
10141
10141
10141
10141
1082
1082
1082
1082
252
8000
8000
8000
8000
3719
1644
1644
1644
655
655
9800
9800
3719
1644
9583
655
655
655
3719
9583
655
655
655
655
655
1053
2709
1053
1053
13828
2709
1053
1053
1053
10141
10141
10141
10069
252
1053
1053
8000
8000
8000
5496
10069
10069
252
252
3480
8000
8000
8000
1644
1644
1644
252
6196
655
8000
3719
1644
1644
6196
6196
655
655
9583
6196
6196
655
6196
6041
1053
2709
1053
1053
10141
10141
1053
1053
1053
8000
8000
5496
252
3098
3098
3480
8000
8000
252
252
252
3480
3480
8000
10069
252
252
9947
3480
3480
1644
1644
252
6196
6196
733
1644
6196
6196
6041
6196
6041
1053
2709
1053
1053
8000
5496
3098
3098
3480
8000
3098
3098
3480
3480
252
252
3480
3480
252
252
9947
733
252
252
9947
733
1644
252
6196
733
6196
6041
1053
5496
3098
3480
3098
3480
3098
3480
252
3480
252
733
252
733
252
733
252
733
6180
6180
6180
6180
6180
7061
7061
7061
7061
424
1922
4577
3034
12347
6180
9140
12347
6180
9140
12347
6180
9140
7061
8964
7061
7061
8964
7061
7061
8964
7061
7061
6412
7061
7061
6412
4058
1922
4577
7379
1922
8151
4577
3034
12632
12347
12347
6180
3034
14057
12347
12347
6180
9140
14057
7061
10722
8964
7061
7061
7061
10722
6412
7061
7061
7061
10722
6412
7061
7061
7061
12648
6412
11128
11128
4846
4058
1922
4577
1922
1922
8151
4577
7379
7379
1922
8151
8151
4577
3034
12632
12632
12347
12347
10722
6412
3034
12632
14057
7061
10722
10722
6412
3034
7061
7061
7061
10722
14328
6412
7061
7061
7061
7061
12648
12648
6412
11128
11128
11128
12423
6572
11128
11128
4846
4058
1922
4577
1922
1922
8151
423
7379
1922
1922
8151
5592
423
7379
7379
7379
1922
8151
5592
12572
5929
3034
12632
12632
12632
7061
10722
14328
14328
6412
3034
9642
2882
7061
7061
12648
12648
12648
6412
2882
2882
11128
11128
12423
12648
6572
2882
11128
11128
12423
4846
11128
11128
4846
4058
140
423
1922
140
5592
423
1922
1922
140
5592
5592
5929
7379
7379
1922
140
5592
12572
12572
5929
7379
7379
7379
7379
140
5019
5019
5019
5019
4436
9642
9642
9642
2882
2882
12423
12648
12648
6572
9642
2882
2882
2882
12423
12423
6572
2882
2882
2882
12423
4846
2882
2882
4846
2646
140
423
140
140
5592
423
140
140
140
5592
12572
5929
7379
140
140
140
5019
5019
5019
4436
8936
8936
5612
1621
3031
5019
5019
5019
8936
8936
8936
1621
1621
1621
5019
5019
9642
9642
2882
2882
6499
6499
4846
2882
2882
2882
6499
4846
2882
2882
6348
2646
140
423
140
140
5592
5929
140
140
140
5019
5019
4436
5612
11634
3031
3031
5019
5019
5612
5612
1621
3031
3031
5019
8936
5612
1621
1621
1621
3031
8936
8936
1621
1621
1621
1621
9642
2882
2882
6499
6348
2882
2882
6348
2646
140
423
140
140
5019
4436
11634
3031
3031
5019
11634
3031
3031
3031
5612
1621
3031
3031
5612
1621
1621
1621
5612
1621
1621
1621
8936
1621
1621
1621
2882
2882
6348
2646
140
4436
3031
3031
3031
3031
3031
3031
1621
3031
1621
1621
1621
1621
1621
1621
1621
1621
2646
1577
3876
9140
8301
9140
8301
9140
8301
8506
8506
8506
8506
8506
8506
8506
8506
8506
1623
1577
3876
3034
1577
11328
3876
3034
9140
11328
8301
9140
9140
11328
8301
9140
8506
8506
8506
12532
8506
8506
8506
12532
8506
8506
11319
12532
8506
11319
1623
8682
1623
1577
3876
1577
1577
12173
3876
3034
3034
1577
11328
11328
3876
3034
3034
9140
11328
8506
8506
3034
9140
8506
8506
8506
11319
9140
12532
8506
8506
11319
11319
12532
12532
8506
11319
11319
1623
14253
8682
8682
1623
8682
5504
1577
3876
1577
1577
12173
3876
13571
1577
1577
12173
5035
2881
3034
3034
3034
1577
11328
2881
2881
2881
3034
3034
3034
8506
8506
11319
11319
11319
3034
3034
12532
8506
11319
11319
11319
1623
6508
14253
8682
8682
12900
1623
14253
8682
8682
1623
8682
5504
1577
5035
1577
1577
5035
5035
1577
1577
1577
5035
2881
2881
13571
13571
1577
1577
2881
2881
2881
2881
3034
3034
3034
3034
1577
2881
2881
2881
2881
1127
13137
13137
6508
2646
8682
12900
12900
1623
6508
6508
2646
8682
8682
1623
6508
2646
8682
5504
2646
5504
5035
5035
7059
5035
5035
2881
1577
7059
5035
2881
2881
2881
9244
1577
3540
2881
2881
2881
2881
1127
9244
9244
9244
3540
13126
14134
14134
6346
9244
9244
9244
2646
2646
2646
12900
1623
13137
6508
2646
2646
2646
1623
6508
2646
2646
2646
2646
2646
5035
5035
7059
5035
2881
2881
3540
3540
2881
2881
2881
1127
3540
3540
3540
13126
14134
6346
9244
12576
3540
13126
13126
6346
9244
9244
4631
4631
4631
6346
9244
9244
2646
2646
2646
2646
6508
2646
2646
2646
2646
2646
5035
2881
3540
2881
2881
1127
3540
3540
13126
6346
3540
3540
13126
6346
12576
3540
13126
7430
12576
4631
4631
4631
9244
4631
4631
4631
9244
2646
2646
2646
2646
2646
2881
1127
3540
6346
3540
7430
3540
7430
3540
7430
4631
4631
4631
4631
4631
4631
2646
2646
1939
4610
6180
6191
6180
6191
6180
6191
6180
11472
8964
11472
8964
11472
8964
3032
3032
3032
1939
4610
4577
1939
12345
4610
4577
6180
12345
6191
6180
6180
12345
6191
6180
6180
11472
11472
8964
8964
11472
3032
8964
8964
3032
3032
6412
3032
3032
3032
6412
4615
1939
4610
1939
1939
13656
4610
4577
4577
1939
12345
12345
4610
4577
4577
6180
12345
11472
3032
4577
6180
6180
11472
3032
3032
6180
8964
8964
3032
3032
3032
6412
6412
3032
3032
3032
3032
6412
6412
13108
4615
6412
6780
1939
4610
1939
1939
13656
426
12390
1939
1939
13656
5591
426
4577
4577
4577
1939
12345
3032
3032
3032
4577
4577
4577
6180
3032
3032
3032
3032
423
423
6412
3032
3032
3032
3032
3032
5929
6412
6412
13108
13874
4615
6412
6412
13108
4615
6412
6780
606
426
1939
606
5591
426
1939
1939
606
5591
5591
9552
12390
12390
1939
606
5591
11327
11327
9552
423
423
423
423
423
3032
3032
3032
3032
3032
423
423
423
5929
13108
13874
13874
4615
423
5929
5929
13108
13108
4615
5929
5929
13108
6780
5929
6780
606
426
606
606
5591
426
606
606
606
5591
11327
9552
12390
606
606
606
10817
10817
10817
3053
13659
13659
11233
3554
3711
10817
10817
5799
423
423
423
423
6744
3711
10817
4615
423
423
5929
8915
8915
4615
5929
5929
8915
6780
5929
8915
606
426
606
606
5591
9552
606
606
606
10817
10817
3053
3554
3554
3554
3711
10817
5799
11233
11233
3554
3711
3711
5799
13659
11233
6744
6744
3711
3711
423
423
423
6744
6744
6744
423
5929
8915
8915
5929
8915
606
426
606
606
10817
3053
3554
3554
3711
5799
3554
3554
3711
3711
11233
3554
3711
3711
11233
6744
6744
3711
11233
6744
6744
6744
423
423
6744
6744
5929
8915
606
3053
3554
3711
3554
3711
3554
3711
3554
3711
6744
6744
6744
6744
6744
6744
423
6744
2627
2713
2627
3555
2627
3555
2627
3555
2627
3516
10385
3516
10385
3516
10385
3261
1296
466
2713
2713
4626
2627
2713
2713
2627
2627
3555
3555
2627
2627
3555
3516
2627
2627
13159
3516
10385
10385
13159
3261
10385
10385
10220
3261
4307
1296
1296
466
4307
1296
2713
2713
4626
2713
2713
2713
4626
4626
2627
2713
2713
2713
13736
2627
2627
3555
3555
3261
2627
2627
2627
13159
10220
3261
2627
10385
10385
10220
10220
3261
4307
4307
1296
1296
1296
466
4307
4307
1296
1296
4307
8372
2713
2713
7811
2713
2713
1199
4626
4626
2713
2713
1199
1084
4626
4626
4626
2627
2713
1199
10220
1084
13736
13736
2627
2627
10220
10220
10220
3261
12163
392
4307
1296
1296
1296
1296
466
392
4307
4307
1296
1296
1296
4307
4307
8372
1296
4307
8372
1199
1199
7811
1199
1199
1199
4626
7811
1199
1199
1199
1084
4626
4626
4626
1199
1199
10661
10661
1084
2709
2709
2709
2709
392
1296
1296
1296
1296
466
12163
12163
392
392
1296
1296
1296
1296
392
392
392
8372
1296
1296
392
392
8372
8372
392
8372
1199
1199
13834
1199
1199
1084
7811
13834
1199
1199
10661
1084
2709
2709
10669
1199
9374
9374
9374
783
2709
2709
2709
5496
7494
9374
9374
9374
2709
2709
2709
392
5496
1296
1296
1296
12163
392
392
7765
7765
1296
392
392
7765
1104
392
1104
1199
1199
13834
1199
1199
1084
10669
10669
1199
9374
9374
783
10669
10669
7494
7494
9374
9374
2709
11877
5496
7494
7494
9374
2709
2709
5496
5496
5496
7494
2709
2709
392
5496
5496
1104
392
392
7765
1104
392
1104
1199
1084
10669
1199
9374
783
10669
7494
7494
9374
10669
7494
7494
7494
11877
5496
7494
7494
11877
5496
5496
5496
2709
5496
5496
5496
2709
392
5496
1104
392
1104
1199
783
7494
7494
7494
7494
7494
7494
5496
7494
5496
5496
5496
5496
5496
5496
392
1104
4610
6619
5899
10570
5899
10570
5899
10570
3516
1653
3516
1653
3516
1653
3516
1653
3261
2287
6191
6619
4610
4610
12728
6619
5899
5899
14352
10570
5899
5899
14352
1653
5899
3516
9878
1653
3516
3516
9878
1653
3516
3516
9878
13662
3261
3261
12634
2287
3261
6982
6191
6619
4610
6191
12728
6619
4610
4610
4610
12728
12728
6619
10309
5899
5899
14352
9878
1653
5899
5899
3516
9878
9878
13662
3516
3516
3516
9878
13662
13662
3261
3261
3261
12634
12634
2287
3261
3261
12029
7113
3261
6982
6191
6619
6191
6191
12728
6619
4610
4610
6191
12728
12728
5584
4610
4610
4610
4610
12728
5584
5584
5584
10309
10309
5899
3516
9878
13662
13662
13662
2458
1084
3261
3261
12634
12634
12634
2287
1084
3261
3261
12029
12634
7113
3261
3261
12029
6982
3261
6982
6191
13016
6191
6191
13016
13016
4610
6191
6191
13016
5584
5584
4610
4610
4610
6191
5584
5584
5584
5584
426
426
426
426
426
3553
3553
3553
3553
1427
2458
2458
1084
1084
12029
12634
12634
7113
1084
1084
1084
12029
12029
7113
1084
1084
12029
6982
1084
6982
13016
13016
13148
13016
13016
5584
6191
13148
13016
5584
5584
5584
426
426
10601
3553
3553
3553
3553
1427
426
426
426
6618
3553
3553
3553
3553
426
426
426
426
5960
3553
3553
3553
2458
1084
1084
5960
5960
6982
1084
1084
5960
783
1084
783
13016
13016
13148
13016
5584
5584
10601
10601
3553
3553
3553
1427
9552
10601
8036
3553
3553
3553
426
9552
6618
8036
3553
3553
426
426
6618
6618
6618
3553
426
426
426
5960
5960
783
1084
1084
5960
783
1084
783
13016
5584
10601
3553
3553
1427
10601
8036
3553
3553
10601
8036
8036
3553
9552
6618
8036
8036
9552
6618
6618
6618
426
6618
6618
6618
426
426
5960
783
1084
783
3553
1427
8036
3553
8036
8036
8036
8036
6618
8036
6618
6618
6618
6618
6618
6618
426
783
3876
10570
10570
10570
1653
1653
1653
1653
634
6619
3876
3876
6619
11862
10570
10570
14063
10570
10570
14063
1653
1653
5296
1653
1653
5296
1653
1653
634
634
12308
634
1712
6619
3876
6619
6619
3876
3876
3876
6619
6619
11862
11862
10570
10570
1653
11862
14063
1653
1653
1653
5296
5296
1653
1653
13906
634
634
634
12308
12308
634
634
12171
2287
634
1712
6619
8301
6619
6619
3876
3876
6619
6619
6619
3876
3876
3876
3876
6619
1653
5917
11862
11862
11862
1653
1653
13906
13906
5088
634
634
634
12308
12308
12308
634
634
634
12171
12308
2287
634
634
12171
1712
634
1712
6619
8301
6619
14333
3876
8301
6619
14333
5917
3876
3876
3876
6619
5917
5917
5917
3876
3876
3876
3876
634
5917
5917
5917
5917
5088
5088
5088
634
12171
12308
12308
2287
5088
5583
634
12171
12171
2287
5583
634
12171
1712
634
1712
13708
13708
13708
14333
8301
13708
13708
5917
5917
3876
3876
12577
5917
5917
5917
5917
11749
11749
11216
1127
8680
9520
9520
9520
5088
5088
5088
1127
1127
1127
9520
2287
5088
5088
5583
11866
11866
1712
5583
5583
11866
1712
5583
10243
13708
13708
13708
5917
12577
12577
5917
5917
5917
11216
12577
8680
8680
9520
9520
11216
11216
1127
8680
8680
9520
11749
11216
1127
1127
1127
8680
5088
5088
1127
1127
1127
1127
5088
5583
11866
10243
5583
10243
13708
12577
5917
5917
12577
8680
8680
9520
12577
8680
8680
8680
11216
1127
8680
8680
11216
1127
1127
1127
11216
1127
1127
1127
5088
1127
1127
1127
5583
10243
5917
8680
8680
8680
8680
8680
8680
1127
8680
1127
1127
1127
1127
1127
1127
1127
1127
4860
4860
4860
4860
3228
3228
3228
3228
3228
136
1217
2892
1217
4860
4860
6194
4860
4860
6194
4860
4860
6194
4860
10263
4427
10263
10263
4427
10263
10263
4427
10263
2956
2962
1161
136
414
8633
2892
1217
1217
4860
2892
1217
1217
4860
4860
4860
1217
7627
4860
4860
4860
6194
7627
4860
10263
10263
4427
12747
10263
10263
2956
4427
12747
10263
2956
2956
2962
11798
1161
2956
136
2962
1161
1161
414
8633
2892
8633
8633
14078
2892
1217
1217
1217
4860
4860
2892
1217
1217
1217
4860
4860
4860
2956
1217
1217
7627
4860
10263
2956
2956
1217
7627
12747
10263
2956
2956
2956
2962
11798
11798
1161
2956
2956
136
2962
11798
1161
1161
6482
2962
1161
1161
414
8633
2892
8633
8633
14078
2892
9951
8633
8633
14078
13448
239
1217
1217
1217
1217
4860
239
239
239
1217
1217
1217
1217
4860
2956
2956
2956
2956
1217
1217
1217
11798
1161
2956
2956
2956
136
240
3379
11798
1161
1161
9119
6482
240
11798
1161
1161
1161
2962
1161
1161
414
4295
8562
8633
4295
13448
8562
8633
8633
4295
13448
239
239
9951
9951
8633
4295
239
239
239
239
1217
1217
1217
1217
239
239
239
239
239
77
3703
3703
3703
3379
1161
1161
9119
9119
6482
3703
3379
3379
1161
1161
1161
6482
240
3379
1161
1161
1161
240
1161
1161
240
4295
8562
4295
4295
13448
239
4295
4295
4295
239
239
239
9951
2802
4295
239
239
239
239
77
11734
11734
2802
2802
3415
9706
9706
696
3703
3703
3703
2802
5544
1161
9119
696
3703
3703
3379
3379
6015
1161
1161
240
3379
3379
6015
1161
240
3379
6015
240
4295
8562
4295
4295
239
239
4295
4295
239
239
239
77
2802
5910
3415
3415
9706
696
2802
2802
2802
3415
3415
696
11734
2802
2802
5544
3415
696
3703
3703
2802
5544
5544
3646
3703
3379
3379
6015
6015
240
3379
6015
240
4295
239
4295
239
239
77
5910
3415
3415
696
5910
3415
3415
696
2802
2802
3415
3415
2802
2802
5544
3415
2802
2802
5544
3646
3703
2802
5544
3646
240
3379
6015
240
239
77
3415
696
3415
3415
3415
3415
2802
3415
2802
3646
2802
3646
2802
3646
2802
3646
240
3594
4640
3594
4640
3594
4640
3594
4640
2687
2687
2687
2687
2687
2687
2687
2687
279
1353
6194
10944
9623
3594
4640
4640
3594
3594
4640
4640
3594
3594
4640
2687
3594
2687
2687
2687
9246
2687
2687
2687
9246
2687
2687
3378
9246
279
3378
1353
279
279
6194
10944
6194
6194
12094
10944
9623
9623
3594
4640
4640
4640
10118
3594
3594
4640
2687
2687
3594
3594
2687
2687
2687
3378
3594
9246
2687
2687
3378
3378
9246
9246
279
3378
3378
1353
9391
279
279
3194
279
279
6194
10944
6194
6194
12094
3228
9623
6194
6194
12094
8319
2710
9623
9623
9623
3594
4640
2687
3378
2710
10118
10118
3594
2687
2687
3378
3378
3378
3226
3226
9246
279
3378
3378
3378
1353
9391
9391
279
279
8338
3194
9391
279
279
279
279
279
4427
3228
6194
4427
8319
3228
6194
6194
4427
8319
8319
2710
9623
9623
6194
4427
8319
9239
9239
2710
3226
3226
3226
3226
240
3378
3378
3378
3378
1353
3226
3226
3226
279
279
8338
8338
3194
3226
10359
279
279
279
3194
10359
279
279
279
279
279
4427
3228
4427
4427
8319
2710
4427
4427
4427
8319
9239
2710
9623
240
2962
2962
9239
9239
9239
2171
13235
13235
240
240
7099
14327
14327
5546
3226
3226
3226
240
3315
279
8338
3194
3226
3226
3315
3315
279
279
10359
3315
3315
279
3315
3315
4427
3228
4427
4427
8319
2710
2962
2962
2962
9239
9239
2171
240
2962
2962
7099
14327
5546
240
240
240
7099
7099
5546
13235
240
240
12352
7099
4129
3226
3226
240
3315
3315
698
3226
3315
3315
3315
3315
3315
4427
2710
2962
2962
9239
2171
2962
2962
7099
5546
2962
2962
7099
4129
240
240
7099
4129
240
240
12352
698
240
240
12352
698
3226
240
3315
698
3315
3315
2962
2171
2962
4129
2962
4129
2962
4129
240
4129
240
698
240
698
240
698
240
698
781
781
781
781
781
1292
1292
1292
1292
232
557
781
690
6098
781
6098
6098
781
6098
6098
781
6098
1928
4589
1928
1928
4589
1928
1928
4589
1928
1928
4589
1928
1928
559
464
557
1534
690
557
7242
781
690
690
6098
7242
781
690
6098
6098
7242
781
6098
6098
1928
14175
4589
1928
1928
1928
14175
4589
1928
1928
1928
12380
9341
1928
1928
1928
10265
559
11660
6970
559
464
557
1534
557
557
7294
1534
690
690
557
7242
7242
781
690
690
690
6098
7242
7242
4589
690
690
6098
1928
14175
12380
9341
690
1928
1928
1928
12380
12380
9341
1928
1928
1928
1928
10265
10265
559
11660
12484
6970
6970
559
11660
6970
6970
464
557
1534
557
557
7294
1534
4246
557
557
7294
3292
2451
690
690
690
557
7242
2451
2451
2451
690
690
690
690
1928
12380
12380
12380
9341
41
41
41
1928
1928
10265
10265
10265
559
41
11953
12484
6970
6970
10265
559
2078
12484
6970
6970
559
11660
6970
6970
464
557
3292
557
557
3292
3292
557
557
557
3292
2451
2451
4246
4246
557
557
2451
2451
2451
2451
41
41
41
41
41
2451
2451
2451
2451
559
41
41
41
41
780
6970
10265
10265
559
41
41
11953
780
6970
6970
559
2078
11953
780
6970
6970
2078
780
6970
272
3292
3292
5570
3292
3292
2451
557
5570
3292
2451
2451
2451
2722
557
5570
2451
2451
2451
2451
940
2722
2722
2722
6198
6198
9541
9541
5578
41
41
41
41
780
780
9541
559
41
41
41
780
780
780
559
41
11953
780
780
780
2078
780
780
272
3292
3292
5570
3292
2451
2451
5570
5570
2451
2451
2451
940
8194
8986
6198
6198
9541
5578
2722
8194
6198
6198
6198
5578
2722
2722
8194
12801
6198
2918
41
41
41
780
780
780
41
41
780
780
780
2078
780
780
272
3292
2451
5570
2451
2451
940
8986
6198
6198
5578
8986
6198
6198
2918
8194
6198
6198
2918
8194
8194
12801
2918
2722
8194
12801
3061
41
41
780
780
41
780
780
272
2451
940
6198
2918
6198
2918
6198
2918
6198
2918
8194
3061
8194
3061
8194
3061
41
780
272
2712
2712
2712
2712
1888
1888
1888
1888
1888
79
76
2909
237
6039
6039
10763
6039
6039
10763
6039
6039
10763
1888
1888
4520
1888
1888
4520
1888
1888
4520
1888
1888
4520
1888
713
79
2909
2909
76
76
2909
2909
237
1718
6039
6039
6039
237
10975
6039
6039
1888
10763
10975
1888
1888
1888
4520
5599
1888
1888
1888
4520
5599
1888
1888
2741
4520
4547
1888
4561
713
4547
4547
79
79
2909
2909
76
2909
2909
2909
76
76
76
2909
2909
2909
237
1718
1718
6039
6039
1888
1888
237
1718
10975
1888
1888
1888
2741
237
5599
5599
1888
1888
12919
2741
4520
4547
4547
1888
4561
4561
713
4547
4547
4547
4561
4561
4547
4547
79
79
2909
2909
13668
2909
2909
2909
76
76
2909
2909
2909
1184
76
76
76
76
2909
1888
12144
1184
237
1718
1718
1718
1888
1888
12919
12919
2741
237
1718
420
4547
1888
4561
4561
4561
713
420
420
4547
4547
4561
4561
4561
420
4547
4547
9137
79
4547
4547
79
79
2909
6299
13668
2909
6299
6299
76
13668
2909
6299
6299
1184
76
76
76
2909
6299
12144
12144
1184
76
76
76
76
76
434
434
434
434
434
2936
8074
8074
420
420
4561
4561
4561
4561
2936
420
420
420
9137
4561
4561
420
420
420
9137
79
420
420
79
79
6299
6299
11872
6299
6299
1184
11872
11872
6299
6299
12144
1184
76
76
2611
434
434
434
434
434
1148
1148
1148
2611
434
434
434
434
1148
1148
1148
420
10918
434
434
434
2936
8074
420
420
10918
9137
79
420
420
420
10918
79
420
420
1179
139
6299
6299
11872
6299
6299
1184
2611
2611
434
434
434
434
2611
2611
2611
434
434
434
1148
7426
2611
12248
434
434
1148
1148
7426
11938
11938
434
1148
1148
420
10918
10918
1179
2936
420
420
10918
1179
420
420
1179
139
6299
1184
2611
434
434
434
2611
2611
434
434
2611
2611
12248
434
7426
2611
12248
5864
7426
7426
11938
5864
1148
7426
11938
6376
1148
420
10918
1179
420
420
1179
139
434
434
2611
434
2611
5864
2611
5864
2611
5864
7426
6376
7426
6376
7426
6376
420
1179
139
237
2748
2748
2748
2748
2748
2748
2748
1292
1292
1292
1292
1292
1292
1292
1292
1292
4616
6430
6430
237
237
2748
2748
8492
2748
2748
2748
11937
2748
2748
1292
11937
1292
1292
1292
12366
1292
1292
1292
12366
1292
1292
7480
11660
1292
4616
4616
7963
464
6430
6430
237
6430
6430
6430
237
237
237
2748
2748
2748
8492
8492
2748
2748
1292
1292
8492
11937
1292
1292
1292
7480
11937
12366
1292
1292
8346
7480
11660
11660
1292
4616
4616
4616
11660
7963
4616
4616
7963
464
6430
6430
10763
6430
6430
4149
237
237
6430
6430
6430
3241
237
237
237
237
2748
1292
8346
3241
8492
8492
8492
1292
1292
8346
8346
7480
6060
2078
11660
1292
4616
4616
4616
4616
2078
11660
7963
4616
4616
4616
11660
7963
7963
464
7963
464
4520
4149
10763
4520
11359
4149
237
10763
4520
11359
10833
3241
237
237
237
4520
10833
10833
10833
3241
237
237
237
237
139
4616
4616
4616
4616
3241
6060
6060
2078
2078
4616
4616
4616
4616
2078
2078
2078
7963
4616
4616
2078
2078
7963
464
2078
464
4520
4149
4520
4520
11359
3241
4520
4520
4520
10833
10833
3241
237
237
4520
1905
6374
6374
6374
3241
2936
2936
2936
139
1905
6374
6374
6374
2936
2936
2936
139
139
139
4616
4616
6060
2078
2078
13789
7963
464
2078
2078
13789
464
2078
4888
4520
4149
4520
4520
10833
3241
4520
4520
1905
6374
6374
3241
3534
6691
1905
1905
6374
6374
2936
3534
139
1905
1905
6374
2936
2936
139
139
139
1905
2936
2936
139
139
139
139
2078
2078
13789
4888
2078
4888
4520
3241
4520
1905
6374
3241
6691
1905
1905
6374
6691
1905
1905
1905
3534
139
1905
1905
3534
139
139
139
2936
139
139
139
2936
139
139
139
2078
4888
1905
3241
1905
1905
1905
1905
1905
1905
139
1905
139
139
139
139
139
139
139
139
781
2080
7188
7188
7188
7188
7188
7188
820
820
820
820
820
820
820
820
820
3409
781
2080
1534
781
7188
2080
4306
7188
7188
7188
12485
7188
7188
820
12485
820
820
820
12804
820
820
820
12804
820
820
7110
963
820
7241
3409
963
2508
781
2080
781
781
11149
2080
1534
1534
781
7188
7188
2080
4306
4306
7188
7188
820
820
4306
12485
820
820
820
7110
12485
12804
820
820
8425
7110
963
963
820
7241
7241
3409
963
963
6824
7241
963
2508
781
2080
781
781
11149
2080
1534
781
781
11149
11149
2932
1534
1534
1534
781
7188
820
8425
2932
4306
4306
4306
820
820
8425
8425
7110
4306
963
963
820
7241
7241
7241
3409
963
963
963
6824
7241
7241
963
963
6824
2508
963
2508
781
4194
781
781
11901
4194
781
781
781
11901
11901
2932
1534
1534
781
781
11901
14388
14388
2932
1534
1534
1534
1534
781
2916
2916
2916
2916
2916
10270
10270
7935
963
6824
7241
7241
7241
7935
7935
963
6824
6824
7241
7935
963
6824
2508
963
2508
4589
4194
4589
4589
11901
2932
781
4589
4589
11901
14388
2932
1534
781
4589
2916
2916
2916
2916
2916
10231
10231
7580
940
2916
2916
2916
2916
10231
10231
10231
940
940
940
2916
2916
10270
7935
7935
9425
6824
2508
7935
7935
9425
2508
7935
9425
4589
4194
4589
4589
11901
2932
4589
4589
2916
2916
2916
2916
7580
9341
7797
2916
2916
2916
7580
7580
940
7797
2916
2916
10231
7580
940
940
940
2916
10231
10231
940
940
940
940
7935
7935
9425
9425
7935
9425
4589
2932
4589
2916
2916
2916
9341
7797
2916
2916
9341
7797
7797
2916
7580
940
7797
7128
7580
940
940
940
7580
940
940
940
10231
940
940
940
7935
9425
2916
2916
7797
2916
7797
7128
7797
7128
940
7128
940
940
940
940
940
940
940
940
2712
2712
6017
6401
6017
6401
6017
6401
6017
8340
8520
8340
8520
8340
8520
1219
1158
640
2712
2712
2892
2712
2712
2712
2892
6017
6401
6401
6017
6017
6401
6401
6017
6017
8520
8340
13496
8520
8520
1219
13496
8520
8520
1219
7948
1158
2551
640
1158
1158
2712
2712
9317
2712
2712
2712
2892
2892
2712
2712
2712
2712
2892
2892
6017
6401
6401
1219
2892
6017
6017
8520
8520
1219
6017
13496
8520
8520
11766
1219
7948
7948
1158
2551
2551
640
7948
1158
1158
2551
1158
1158
2712
2712
9317
2712
2712
2712
14296
9317
2712
2712
2712
1067
2892
2892
2892
2712
2712
2712
11766
1067
2892
2892
2892
6017
8520
11766
11766
1219
2892
2892
7948
1158
2551
2551
2551
640
7393
7948
1158
1158
2551
2551
7948
1158
1158
1158
1158
1158
2712
8563
9317
2712
12768
8563
9317
9317
2712
12768
12768
1067
14296
14296
9317
2712
12768
13992
13992
1067
2892
2892
2892
2892
77
2551
2551
2551
2551
640
8562
8562
7393
77
1158
2551
2551
2551
7393
7393
77
1158
1158
2551
7393
77
1158
1158
77
1158
4452
8563
4452
4452
12768
1067
4452
4452
4452
12768
13992
1067
11566
1184
2741
2741
4677
4677
4677
1067
11566
11566
1184
1184
4677
4677
4677
4677
8562
8562
8562
77
77
77
2551
2551
8562
7393
77
77
77
1158
7393
77
77
77
77
77
4452
8563
4452
4452
12768
1067
2741
2741
2741
4677
4677
1067
1184
2741
2741
4677
4677
4677
1184
1184
1184
11507
4677
4677
11566
1184
1184
13354
11507
4677
8562
8562
77
77
77
77
7393
77
77
77
77
77
4452
1067
2741
2741
4677
1067
2741
2741
4677
4677
2741
2741
11507
4677
1184
1184
11507
6088
1184
1184
13354
3011
1184
1184
13354
3011
8562
77
77
77
77
77
2741
1067
2741
4677
2741
6088
2741
6088
1184
6088
1184
3011
1184
3011
1184
3011
77
77
3739
3739
3739
3739
3739
5139
5139
5139
5139
2979
8826
2979
8826
8826
7882
8826
8826
7882
8826
8826
7882
8826
8765
5521
9716
8765
5521
9716
8765
5521
9716
4958
4169
1722
2115
217
10742
11095
2979
2979
8826
8826
2979
2979
8826
8826
8826
2979
11117
8826
8826
8765
7882
11117
8826
13277
8765
5521
9716
9716
13277
4958
5521
9716
9716
9277
4958
4169
8756
1722
2115
2115
4169
1722
1722
217
10742
11095
10742
10742
11095
11095
2979
2979
2979
8826
8826
8826
2979
2979
2979
8826
8826
8826
4958
2979
2979
11117
8826
13277
9277
4958
2979
9716
9716
9716
9277
9277
4958
4169
8756
8756
1722
2115
2115
2115
4169
8756
1722
1722
2115
4169
1722
1722
217
10742
11095
10742
10742
11095
4264
13169
10742
10742
11095
4264
2894
2979
2979
2979
2979
8826
4264
9277
2894
2979
2979
2979
2979
8826
9277
9277
9277
4958
2979
2979
1143
8756
1722
2115
2115
2115
2115
377
1143
8756
1722
1722
2115
2115
377
8756
1722
1722
1722
4169
1722
1722
217
4264
4264
10742
4264
4264
4264
10742
10742
4264
4264
4264
2894
13169
13169
10742
4264
4264
9625
9625
2894
2979
2979
2979
2979
1067
2115
2115
2115
2115
1315
6937
8339
8339
1143
1143
1722
2115
2115
2115
6937
1143
1143
1143
1722
1722
2115
377
1143
1143
1722
1722
377
1143
1722
217
4264
4264
8340
4264
4264
2894
8340
8340
4264
4264
9625
2894
8563
1067
1219
1219
7880
7880
7880
1315
8563
8563
1067
1067
7521
7880
7880
6918
8339
8339
8339
1067
2209
1722
2115
2115
6937
8339
1143
1143
2209
1722
1722
377
1143
1143
2209
1722
377
1143
2209
377
4264
4264
8340
4264
4264
2894
1219
1219
1219
7880
7880
1315
1067
1219
1219
7521
7880
6918
1067
1067
1067
7521
7521
6918
8563
1067
1067
11114
7521
3094
8339
8339
1067
2209
2209
2209
6937
1143
1143
2209
2209
377
1143
2209
377
4264
2894
1219
1219
7880
1315
1219
1219
7521
6918
1219
1219
7521
3094
1067
1067
7521
3094
1067
1067
11114
2737
1067
1067
11114
2737
8339
1067
2209
2209
377
1143
2209
377
1219
1315
1219
3094
1219
3094
1219
3094
1067
3094
1067
2737
1067
2737
1067
2737
1067
2209
377
3033
3033
3033
3033
3033
3033
3033
3033
3033
8413
8413
8413
8413
8413
8413
3567
3256
1518
7882
11144
6411
3033
3033
3033
13474
3033
3033
3033
13474
3033
3033
3033
13474
3033
8413
8413
8781
8413
8413
3567
8781
8413
5565
3567
7480
3256
3256
1518
7480
3256
7882
11144
6411
7882
11144
11144
6411
6411
3033
3033
3033
3033
13887
13474
3033
3033
3033
3567
13474
13474
3033
8413
5565
3567
8781
8781
8413
5565
5565
3567
7480
7480
3256
3256
3256
1518
7480
7480
3256
3256
7480
10676
7882
11144
7882
7882
11144
5139
6411
6411
7882
11144
5139
5139
6411
6411
6411
3033
3033
3033
5565
3567
13887
13887
13474
3033
5565
5565
5565
3567
4149
3241
7480
3256
3256
3256
3256
1518
3241
7480
7480
3256
3256
3256
7480
7480
11789
3256
7480
10676
5139
5139
7882
5139
5139
5139
6411
7882
5139
5139
5139
6095
6411
6411
6411
5139
5139
13102
13102
6095
4149
4149
4149
4149
377
2746
2746
2746
2746
1070
4149
4149
3241
3241
3256
3256
3256
3256
3241
3241
3241
11789
3256
3256
3241
3241
11789
10676
3241
10676
5139
5139
5521
5139
5139
5139
5521
5521
5139
5139
13102
6095
6411
377
4169
2746
2746
2746
2746
1070
6937
6937
377
377
2746
2746
2746
2421
4149
4149
4149
377
1131
1131
2746
2421
4149
3241
3241
10743
10743
3256
3241
3241
10743
6954
3241
6954
5139
5139
5521
5139
5139
6095
4169
4169
2746
2746
2746
1070
377
4169
4169
2746
2746
2421
377
377
377
4444
2746
2421
6937
377
377
1131
1131
1376
4149
4149
377
1131
1131
1062
3241
3241
10743
6954
3241
6954
5139
5139
4169
2746
2746
1070
4169
4169
2746
2421
4169
4169
4444
1376
377
377
4444
1376
377
377
1131
1062
377
377
1131
1062
4149
377
1131
1062
3241
6954
2746
1070
4169
1376
4169
1376
4169
1376
377
1376
377
1062
377
1062
377
1062
377
1062
5755
5755
5755
5755
5755
5755
5755
5755
3746
3755
3746
3755
3746
3755
3746
3755
1353
4995
7722
7290
10944
5755
5755
5755
7520
5755
5755
5755
7520
5755
5755
3755
7520
3746
3824
3755
3746
3746
3824
3755
3746
3746
3824
9129
3746
1353
6008
4995
1353
1353
7722
7290
9000
7722
7722
7290
10944
10944
5755
5755
5755
5755
10944
7520
5755
5755
3824
3755
7520
7520
3746
3824
3824
9129
3746
3746
3746
3824
9129
9129
3746
3746
1353
6008
6008
4995
12766
1353
1353
4995
1353
1353
7722
7290
9000
7722
7722
7290
13881
9000
7722
7722
7722
8737
10944
10944
10944
5755
5755
3824
9129
8856
10944
10944
7520
3746
3824
9129
9129
9129
3228
2710
3746
1353
6008
6008
6008
4995
2710
12766
1353
1353
6008
4995
12766
1353
1353
1353
1353
1353
7722
8737
9000
7722
10313
8737
9000
9000
7722
10313
10313
8856
13881
13881
9000
7722
10313
11814
11814
8856
3228
3228
3228
3228
1353
6008
6008
6008
6008
3330
3228
3228
2710
1353
1353
6008
6008
4995
2710
2710
1353
1353
1353
4995
2710
1353
1353
1353
1353
1353
8765
8737
8765
8765
10313
8737
8765
8765
8765
10313
11814
8856
10068
2894
4958
4958
11814
11814
11814
3330
10068
10068
2894
2894
9291
14290
14290
7523
3228
3228
3228
2710
4814
1353
6008
4995
3228
2710
2710
4814
1353
1353
2710
2710
4814
1353
2710
4814
8765
8737
8765
8765
10313
8856
4958
4958
4958
11814
11814
3330
2894
4958
4958
9291
14290
7523
2894
2894
2894
9291
9291
7523
10068
2894
2894
12749
9291
5647
3228
3228
2710
4814
4814
1315
2710
2710
4814
4814
2710
4814
8765
8737
4958
4958
11814
3330
4958
4958
9291
7523
4958
4958
9291
5647
2894
2894
9291
5647
2894
2894
12749
1315
2894
2894
12749
1315
3228
2710
4814
1315
2710
4814
4958
3330
4958
5647
4958
5647
4958
5647
2894
5647
2894
1315
2894
1315
2894
1315
2710
1315
2080
3377
3377
3377
3377
3377
3377
3377
789
789
789
789
789
789
789
789
789
2174
2080
11974
2080
2080
3739
3377
3377
10721
3377
3377
3377
10721
3377
3377
789
14250
789
789
789
14250
789
789
789
7110
789
789
789
7110
4855
2174
2174
2174
2080
12424
2080
2080
11974
11974
2080
2080
2080
3739
11974
3377
3377
10721
10721
3739
3377
3377
789
14250
7110
3377
789
789
789
7110
7110
789
789
789
789
7110
7110
4855
10731
2174
2174
7873
4855
2174
2174
2174
2080
13451
2080
2080
12424
12424
2080
2080
2080
11974
11974
11974
2080
2080
2080
2932
3739
11974
11974
3377
789
7110
7110
7110
3739
6649
789
789
789
7110
7110
7110
6413
10731
10731
2174
2174
7873
7873
4855
10731
2174
2174
2174
4855
2174
2174
2174
2080
13451
2080
4194
12424
13451
2080
4194
2932
12424
12424
12424
2080
2932
2932
2932
6649
6649
6649
6649
789
2932
2932
2932
2932
6649
6649
6649
6649
2174
2174
7873
7873
7873
6649
6649
14365
2174
2174
2174
7873
6413
14365
2174
2174
2174
6413
2174
2174
1355
4194
9660
4194
4194
9660
9660
4194
2932
2932
10172
3567
3567
2932
2932
2932
2932
10172
10172
6095
3567
3738
13919
13919
5101
6649
6649
6649
6095
8884
2174
7873
5101
6649
6649
6649
11616
11616
2174
2174
6413
14365
11616
11616
2174
6413
11616
10297
1355
4194
9660
4194
2932
3567
3567
2932
2932
2932
3567
3567
3567
3738
13919
5101
6095
6095
3567
3738
3738
5101
10172
6095
6095
8884
3738
1735
6649
6649
6095
8884
8884
2083
6649
6649
11616
11616
10297
6413
11616
10297
1355
4194
3567
2932
2932
3567
3567
3738
5101
3567
3567
3738
1735
6095
3567
3738
1735
6095
6095
8884
1735
6095
6095
8884
2083
6649
6095
8884
2083
6413
11616
10297
1355
2932
3567
1735
3567
1735
3567
1735
3567
1735
6095
2083
6095
2083
6095
2083
6095
2083
1355
1352
1352
1352
1352
1352
9601
9601
9601
2081
4117
3739
1352
1352
3739
1352
1352
10807
1352
1352
10807
1352
9601
13031
9601
9601
13031
9601
9601
4855
2081
2081
4855
2081
4117
7290
4117
4117
3739
3739
1352
1352
1352
3739
3739
1352
1352
1352
3739
10807
1352
9601
9601
10807
13031
9601
9601
10227
4855
4855
2081
2081
2081
4855
4855
2081
2081
4855
9310
4117
11305
4117
4117
7290
7290
4117
4117
1769
3739
3739
3739
1352
1352
1352
10227
3739
3739
3739
1352
9601
10227
10227
3739
3739
4855
2081
2081
2081
2081
4855
4855
4855
2081
2081
2081
4855
4855
12241
2081
4855
9310
1769
11305
1769
1769
7290
11305
1769
1769
1769
7290
7290
7290
1769
1769
13225
13225
3739
3739
3739
3739
1352
2081
2081
2081
2081
11203
11203
6413
4855
2081
2081
2081
2081
6413
6413
4855
12241
2081
2081
6413
4855
12241
9310
4855
9310
1769
3755
1769
1769
3755
3755
1769
1769
13225
7290
3755
3755
1769
5654
5654
5654
8737
8737
8737
5074
5074
5654
5654
5654
8737
8737
8737
6413
7109
2081
2081
2081
11203
6413
6413
13738
12241
2081
6413
6413
13738
1355
6413
1355
1769
3755
1769
1769
3755
3755
1769
5654
5654
8856
10729
5074
5074
5654
5654
8737
8856
5074
5074
5074
5654
8737
8737
7109
7109
5074
5074
8737
8737
6413
7109
7109
1355
6413
6413
13738
1355
6413
1355
1769
3755
1769
5654
10729
5074
5074
5654
10729
5074
5074
5074
8856
5074
5074
5074
8856
7109
7109
5074
8737
7109
7109
7109
8737
6413
7109
1355
6413
1355
1769
5074
5074
5074
5074
5074
5074
5074
5074
7109
7109
7109
7109
7109
7109
6413
1355
153
153
153
153
153
266
266
266
266
266
153
455
153
153
455
153
153
455
153
153
455
153
153
4837
2051
2051
4837
2051
2051
4837
2051
2051
2689
2051
2051
1917
2062
1976
1976
1314
153
1976
455
3302
153
153
13027
455
153
153
153
13027
455
153
153
153
6502
4837
153
2051
2051
6502
2689
2051
2051
2051
2689
2689
2051
2051
2051
2689
1917
4630
4630
2062
2062
1976
1976
1314
1976
1976
1976
1314
1314
153
1976
1976
455
3302
10159
153
153
13027
6502
2689
3302
153
153
153
6502
2689
2689
153
153
2051
2051
2689
2689
2689
2051
2051
2051
2051
2689
2689
1917
4630
4630
4630
4816
3962
4630
4630
2062
2062
1976
1976
7327
1976
1976
145
1314
1314
1976
1976
145
145
1314
1314
1314
153
1976
145
2689
2689
3302
10159
10159
153
153
2689
2689
2689
2689
278
8928
153
2051
2051
2689
2689
2689
1917
278
3851
4630
4630
4816
4816
3962
3851
4630
4630
13840
2062
4630
4630
2062
2062
145
145
7327
145
145
145
1314
7327
145
145
145
2857
1314
1314
1314
145
145
7628
7628
2857
1314
1314
1314
1314
145
2689
2689
2689
2689
1187
278
8928
8928
3851
3851
4816
4816
4816
3962
278
3851
3851
3851
13840
4816
3962
3851
3851
3851
13840
2062
3851
3851
2062
2062
145
145
8762
145
145
145
7327
8762
145
145
7628
2857
1314
1314
8632
145
3016
3016
3016
1187
9455
9455
9455
1231
3016
3016
3016
3016
8928
8928
8928
1231
1231
1231
3016
3016
278
8928
3851
3851
7477
7477
2062
278
3851
3851
7477
2062
3851
3851
7477
2114
145
145
8762
145
145
2857
8632
8632
145
3016
3016
1187
8632
8632
8632
3016
3016
3016
9455
14029
1231
9096
3016
3016
9455
9455
1231
1231
1231
3016
8928
8928
1231
1231
1231
1231
278
3851
3851
7477
7477
3851
3851
7477
2114
145
145
8632
145
3016
1187
8632
8632
3016
3016
8632
8632
9096
3016
14029
1231
9096
8855
14029
1231
1231
1231
9455
1231
1231
1231
8928
1231
1231
1231
278
3851
7477
2114
145
1187
8632
3016
8632
8855
8632
8855
1231
8855
1231
1231
1231
1231
1231
1231
1231
1231
2114
1590
2690
3017
4957
3017
4957
3017
4957
768
768
768
768
768
768
768
768
768
1591
1590
2690
3302
1590
6906
2690
3017
3017
6906
4957
3017
3017
6906
768
3017
768
768
768
9100
768
768
768
9100
768
768
6723
9100
768
6710
1591
10342
1591
1590
2690
1590
1590
13149
2690
3302
3302
1590
6906
6906
2690
3302
3017
3017
6906
768
768
3017
3017
768
768
768
6723
3017
9100
768
768
7326
6723
9100
9100
768
6710
6710
1591
13621
10342
6710
1591
10342
10342
1590
2690
1590
1590
13149
2690
5948
1590
1590
13149
3054
3054
3302
3302
3302
1590
6906
768
5731
5731
3302
3302
3017
768
768
7326
7326
6723
278
278
9100
768
6710
6710
6710
1591
12097
13621
10342
6710
6710
1591
13621
10342
10342
1591
10342
10342
1590
3054
1590
1590
3054
3054
1590
1590
1590
3054
3054
5731
5948
5948
1590
1590
3054
5731
5731
5731
278
278
278
278
278
5731
5731
5731
5731
1591
278
278
278
3227
6710
6710
6710
1591
278
12097
3227
10342
6710
1591
12097
3227
10342
10342
3227
10342
3054
3054
8302
3054
3054
3054
1590
8302
3054
3054
5731
5731
5948
1590
2086
2086
5731
5731
5731
2534
13349
13349
4817
2086
10224
11622
11622
10388
278
278
278
278
2688
2688
6710
1591
278
278
3227
3227
3227
1591
12097
3227
3227
3227
3227
3227
3054
3054
8302
3054
3054
5731
2086
2086
2086
5731
5731
2534
2086
2086
2086
10224
11622
10388
4817
4817
2086
10224
10224
10388
13349
4817
2688
2688
2688
4750
278
278
278
2688
2688
2688
278
3227
3227
3227
3227
3227
3054
3054
2086
2086
5731
2534
2086
2086
10224
10388
2086
2086
10224
4750
4817
2086
10224
4750
4817
2688
2688
2688
4817
2688
2688
2688
278
278
2688
2688
3227
3227
2086
2534
2086
4750
2086
4750
2086
4750
2086
4750
2688
2688
2688
2688
2688
2688
278
2688
3170
3170
3170
3170
2025
2025
2025
2025
2025
249
253
3696
736
6830
6830
7695
6830
6830
7695
6830
6830
7695
6488
6488
2025
6488
6488
2025
6488
6488
2025
6488
5803
2025
2856
1115
415
3696
3696
253
253
3696
3696
736
6429
6830
6830
6830
736
7695
6830
6830
6488
7695
7695
6488
6488
6488
2025
8210
6488
6488
5803
2025
8210
6488
5803
5803
2025
8210
2856
2856
1115
5263
10864
415
415
3696
3696
253
3696
3696
3696
253
253
253
3696
3696
3696
736
6429
6429
6830
6830
6488
5803
736
6429
7695
6488
6488
5803
5803
736
7695
8210
6488
5803
5803
5803
2025
8210
8210
2856
2856
2856
1115
5263
10864
10864
2856
2856
5263
10864
415
415
3696
3696
12464
3696
3696
3696
253
253
3696
3696
3696
4504
253
253
253
253
3696
3696
5803
4504
736
6429
6429
6429
6488
5803
5803
5803
5803
44
6429
1881
8210
2856
2856
2856
2856
1115
44
1881
10864
10864
2856
2856
2856
1881
10864
10864
13533
415
5263
10864
415
415
2507
5696
12464
2507
5991
5696
253
12464
2507
5991
5991
4504
253
253
253
2507
5991
13786
13786
4504
253
253
253
253
150
1893
1893
1893
1893
1115
44
9794
9794
1881
1881
2856
2856
2856
2856
44
1881
1881
1881
13533
2856
2856
1881
1881
1881
13533
415
1881
1881
415
415
2507
5696
2507
2507
5991
4504
2507
2507
2507
5991
13786
4504
253
253
2507
1893
1893
1893
1893
1808
3107
3107
3107
150
1893
1893
1893
1893
3107
3107
3107
150
150
150
1893
1893
44
9794
1881
1881
5511
5511
415
44
1881
1881
5511
415
1881
1881
4503
700
2507
5696
2507
2507
5991
4504
2507
2507
1893
1893
1893
1808
7654
7654
2012
1893
1893
1893
3107
8009
150
2012
1893
1893
3107
3107
150
150
150
1893
3107
3107
150
150
150
150
44
1881
1881
5511
4503
1881
1881
4503
700
2507
4504
2507
1893
1893
1808
7654
2012
1893
1893
7654
2012
2012
1893
8009
150
2012
2012
8009
150
150
150
3107
150
150
150
3107
150
150
150
44
1881
4503
700
1893
1808
2012
1893
2012
2012
2012
2012
150
2012
150
150
150
150
150
150
150
150
700
455
1272
455
1272
455
1272
455
1272
455
4571
4571
4571
4571
4571
4571
2056
2056
771
11414
4632
736
455
8774
1272
455
455
8774
1272
455
455
8774
1272
455
455
4571
4571
4837
4571
4571
2056
4837
4571
2056
2056
4837
2056
2056
771
9245
1917
11414
4632
736
11414
11414
4632
736
736
455
8774
8774
1272
12004
455
455
8774
4571
2056
455
455
455
4571
2056
2056
455
4837
4571
2056
2056
2056
4837
4837
2056
2056
2056
771
9245
9245
7878
4849
9245
1917
11414
4632
11508
11414
11414
4632
736
736
11414
11414
10826
4778
736
736
736
455
8774
2056
2056
2056
12004
12004
455
455
2056
2056
2056
2056
12004
455
4837
2056
2056
2056
2056
771
2857
9245
9245
7878
7878
4849
9245
9245
13660
1917
9245
1917
2025
4778
11508
2025
10826
4778
736
11508
2025
10826
10826
8117
736
736
736
2025
10826
11600
11600
8117
44
44
44
44
44
2056
2056
2056
2056
457
13020
13020
2857
2857
7878
7878
7878
4849
2857
2857
2857
13660
7878
4849
2857
2857
13660
1917
2857
1917
2025
4778
2025
2025
10826
4778
2025
2025
2025
10826
11600
8117
44
44
2025
2025
8538
8538
8538
457
44
44
44
700
6493
8538
8538
457
44
44
44
44
700
700
7878
457
13020
2857
2857
5802
5802
1917
2857
2857
5802
1917
2857
3195
2025
4778
2025
2025
10826
8117
2025
2025
2025
8538
8538
457
5263
5263
5263
6493
8538
457
44
7519
700
6493
6493
457
44
44
700
700
700
457
44
44
44
700
700
700
2857
2857
5802
3195
2857
3195
2025
4778
2025
2025
8538
457
5263
5263
6493
457
5263
5263
6493
457
7519
700
6493
5231
7519
700
700
700
44
700
700
700
44
44
700
700
2857
3195
2025
457
5263
457
5263
5231
5263
5231
700
5231
700
700
700
700
700
700
44
700
3170
3170
7655
7655
7655
7655
7655
7655
1103
2826
1103
2826
1103
2826
1103
2826
1103
386
3170
3170
4277
3170
3170
3170
4277
7655
7655
7655
8572
7655
7655
2826
8572
1103
5988
2826
1103
1103
5988
2826
1103
1103
5988
4529
1103
1103
8691
386
4491
386
3170
3170
7270
3170
3170
3170
4277
4277
3170
3170
3170
3170
4277
4277
7655
7655
5988
2826
4277
8572
1103
5988
5988
4529
1103
1103
1103
5988
10929
4529
1103
1103
1103
8691
8691
386
7538
4491
4491
386
4491
2435
3170
3170
8398
3170
3170
3170
7270
7270
3170
3170
3170
1764
4277
4277
4277
3170
3170
1764
1764
1764
4277
4277
4277
1103
5988
10929
10929
4529
4277
1103
1103
1103
8691
8691
8691
386
7538
7538
4491
4491
8691
386
7538
4491
4491
386
4491
2435
3170
5497
8398
3170
13249
5497
7270
8398
3170
13249
1764
1764
7270
7270
7270
3170
1764
1764
1764
1764
4277
4277
4277
4277
413
1764
1764
1764
1764
386
4348
4348
4348
413
4491
8691
8691
386
4348
7761
413
4491
4491
386
7761
413
4491
2435
413
2435
9071
5497
9071
9071
13249
1764
8398
9071
9071
1764
1764
1764
5696
4504
6295
1764
1764
1764
1764
653
5696
5696
4504
4504
11239
11239
11239
4250
4348
4348
4348
413
413
413
8691
386
4348
4348
413
413
413
386
7761
413
413
413
413
413
9071
5497
9071
9071
1764
1764
6295
6295
1764
1764
1764
653
4504
6295
6295
11239
11239
4250
4504
4504
4504
14214
11239
4250
5696
4504
4504
12524
12524
4250
4348
4348
413
413
413
413
4348
413
413
413
413
413
9071
1764
6295
1764
1764
653
6295
6295
11239
4250
6295
6295
14214
4250
4504
4504
14214
10435
4504
4504
12524
1808
4504
4504
12524
1808
4348
413
413
413
413
413
1764
653
6295
4250
6295
10435
6295
10435
4504
10435
4504
1808
4504
1808
4504
1808
413
413
3253
3253
3253
3253
2828
2828
2828
2828
2828
3253
4144
3253
3253
4144
3253
3253
4144
3253
3253
4144
3253
3253
10110
7419
9194
10110
7419
9194
10110
7419
9194
9278
2511
9194
2631
2511
10266
12986
4617
3253
10217
4144
6005
3253
3253
10217
4144
3253
3253
3253
10217
4144
3253
3253
3253
10110
10110
3253
9194
9194
10110
9278
7419
9194
9194
10110
9278
2511
9194
9194
9272
2631
2511
11405
4620
2511
10266
12986
4617
10266
13353
12986
4617
4617
3253
10217
10217
4144
6005
6005
3253
3253
10217
10110
9278
6005
3253
3253
3253
10110
10110
9278
3253
3253
9194
9194
10110
10584
9278
2511
9194
9194
9194
9272
9272
2631
2511
11405
11405
9272
7960
2511
11405
4620
2511
10266
12986
10266
10266
13353
3273
4617
4617
10266
13353
3273
3273
4617
4617
4617
3253
10217
3273
10584
9278
6005
6005
6005
3253
3253
10110
10584
10584
9278
974
974
974
9194
9194
9272
9272
9272
2631
974
5950
11405
11405
9272
9272
7960
2511
11405
11405
14112
4620
2511
11405
4620
2511
3273
3273
10266
3273
3273
3273
4617
10266
3273
3273
3273
12123
4617
4617
4617
3273
3273
13765
13765
12123
974
974
974
974
974
9272
9272
9272
9272
2631
974
974
974
974
4841
9272
9272
9272
7960
974
974
5950
4841
14112
9272
7960
5950
5950
4841
14112
4620
5950
4841
4620
2511
3273
3273
4000
3273
3273
3273
4000
4000
3273
3273
13765
12123
4617
1588
1588
1588
10027
10027
10027
4040
14058
14058
9571
1588
10027
10027
10027
4040
974
974
974
974
4841
4841
9272
4040
974
974
974
4841
4841
4841
4620
974
5950
4841
4841
4620
5950
4841
4841
3872
3273
3273
4000
3273
3273
12123
1588
1588
1588
10027
10027
4040
1588
1588
1588
10027
10027
4040
9571
9571
1588
12551
10027
4040
14058
9571
5257
5257
5257
3897
974
974
974
4841
4841
342
974
974
4841
4841
4841
5950
4841
4841
3872
3273
3273
1588
1588
10027
4040
1588
1588
10027
4040
1588
1588
12551
3897
9571
1588
12551
3897
9571
5257
5257
342
9571
5257
5257
342
974
974
4841
342
974
4841
4841
3872
1588
4040
1588
3897
1588
3897
1588
3897
1588
3897
5257
342
5257
342
5257
342
974
342
3872
2690
3211
13360
13623
13360
13623
13360
13623
4779
4779
4779
4779
4779
4779
4779
4779
2511
2079
3211
3211
2690
2690
3211
3211
8965
13360
14098
13623
13360
13360
14098
4779
13360
4779
4779
4779
7419
4779
4779
4779
7419
4779
4779
12908
2511
2511
12908
2079
2511
3214
3211
3211
2690
3211
3211
3211
2690
2690
2690
3211
3211
3211
8965
8965
13360
14098
4779
4779
8965
13360
4779
4779
4779
12908
7419
7419
4779
4779
12908
12908
2511
2511
2511
12908
12908
2079
2511
2511
12665
3530
2511
3214
3211
3211
4957
3211
3211
266
2690
2690
3211
3211
266
266
2690
2690
2690
2690
3211
266
5947
5947
8965
8965
8965
4779
4779
12908
12908
12908
3025
2511
2511
2511
12908
12908
12908
2079
2511
2511
2511
12665
13339
3530
2511
2511
12665
3214
2511
3214
266
266
4957
266
266
266
2690
4957
266
266
266
5947
2690
2690
2690
266
266
5947
5947
5947
2690
2690
2690
2690
266
3252
3252
3252
3252
1291
3025
3025
3025
2511
12665
13339
13339
3530
3025
9285
2511
12665
12665
3530
9285
2511
12665
3214
2511
3214
266
266
11155
266
266
266
4957
11155
266
266
5947
5947
2690
2690
6723
266
3252
3252
3252
1291
12730
12730
12120
2534
3252
3252
3252
3252
3025
3025
3025
2534
2534
2534
3252
3252
3025
3025
6623
6623
6623
3214
9285
6623
6623
3214
6623
6623
266
266
11155
266
266
5947
6723
6723
266
3252
3252
1291
6723
6723
3460
3252
3252
3252
12120
12120
2534
3460
3252
3252
12730
12120
2534
2534
2534
3252
3025
3025
2534
2534
2534
2534
3025
6623
6623
6623
6623
6623
266
266
6723
266
3252
1291
6723
3460
3252
3252
6723
3460
3460
3252
12120
2534
3460
3460
12120
2534
2534
2534
12120
2534
2534
2534
3025
2534
2534
2534
6623
6623
266
1291
3460
3252
3460
3460
3460
3460
2534
3460
2534
2534
2534
2534
2534
2534
2534
2534
2509
2509
4144
6832
4144
6832
4144
6832
4144
13199
13199
13199
13199
13199
13199
10724
5906
3858
2509
2509
9397
2509
2509
2509
4144
4144
9801
6832
4144
4144
9801
6832
4144
4144
13199
13199
13251
13199
13199
10724
13251
13199
11302
10724
9278
5906
6006
3858
5906
5906
2509
2509
8280
2509
2509
2509
9397
9397
2509
2509
2509
2509
12986
4144
4144
9801
9801
10724
4144
4144
4144
13199
11302
10724
4144
13251
13199
11302
11302
10724
9278
9278
5906
6006
6006
3858
9278
5906
5906
6006
5906
5906
2509
2509
8280
2509
2509
2509
9397
8280
2509
2509
2509
2502
9397
9397
9397
2509
2509
2509
6204
2502
12986
12986
4144
4144
11302
11302
11302
10724
8105
4144
9278
5906
6006
6006
6006
3858
9278
9278
5906
5906
6006
6006
9278
5906
5906
5906
5906
5906
2509
2681
8280
2509
6245
2681
8280
8280
2509
6245
6204
2502
9397
9397
8280
2509
6204
6204
6204
2502
3258
3258
3258
3258
2509
6006
6006
6006
6006
2502
8105
8105
8105
5906
5906
6006
6006
6006
8105
12123
5906
5906
5906
6006
12123
5906
5906
5906
5906
5906
2740
2681
2740
2740
6245
2502
2740
2740
2740
6204
6204
2502
3258
2740
2740
2740
6204
6204
6204
2502
3258
3258
3258
4618
8285
14095
14095
4588
3258
3258
3258
3258
4618
4618
6006
4588
8105
8105
10381
10381
5906
5906
12123
10381
10381
5906
10381
9845
2740
2681
2740
2740
6204
2502
2740
2740
2740
6204
6204
2502
5692
5692
5692
8285
14095
4588
3258
13939
4618
8285
8285
4588
3258
3258
4618
4618
4618
4588
3258
3258
3258
4618
4618
4618
8105
10381
10381
9845
10381
9845
2740
2502
2740
2740
6204
2502
5692
5692
8285
4588
5692
5692
8285
4588
13939
4618
8285
8285
13939
4618
4618
4618
3258
4618
4618
4618
3258
3258
4618
4618
10381
9845
2740
2502
5692
4588
5692
8285
5692
8285
4618
8285
4618
4618
4618
4618
4618
4618
3258
4618
1272
5265
11511
5265
11511
5265
11511
5265
2828
2828
2828
2828
2828
2828
2828
2828
2828
1145
1272
4632
1272
8840
7936
10624
11511
13623
5265
11511
11511
13623
5265
11511
2828
7779
2828
2828
2828
7779
2828
2828
2828
7779
2828
2828
2828
8772
11145
9065
2079
1145
1272
1272
1272
8840
4632
4632
1272
8840
8840
7936
10624
10624
11511
13623
7779
7936
10624
11511
2828
7779
7779
5265
2828
2828
2828
7779
14354
2828
2828
2828
2828
8772
8772
11145
11145
9065
8772
2079
11145
9065
2444
1145
1272
1272
1272
8840
4632
1272
1272
8840
5204
4632
4632
4632
1272
8840
5204
6971
7936
10624
10624
10624
2828
7779
14354
14354
6087
6087
1855
2828
2828
8772
8772
8772
1855
1855
11145
9065
8772
8772
2079
1855
11145
9065
9065
2079
11145
9065
2444
1145
1272
1272
1272
5204
1272
1272
1272
5204
5204
4632
4632
1272
1272
5204
6971
6971
4632
4632
4632
4632
771
2657
2657
2657
2657
6087
6087
6087
1855
1855
8772
8772
8772
2079
6087
1855
1855
1855
9065
8772
2079
1855
1855
1855
9065
2444
1855
1855
2444
1145
5204
8479
5204
5204
1272
8479
5204
5204
6971
4632
1272
7845
771
2657
2657
2657
4778
4778
4778
771
771
2657
2657
2657
4778
4778
4778
1855
2805
771
2657
2079
6087
6087
1855
1855
2805
2805
2079
1855
1855
1855
2805
2444
1855
1855
2805
1855
5204
8479
5204
5204
7845
7845
771
2657
2657
7845
7845
771
771
2657
2657
4778
8117
771
771
771
2657
4778
4778
6921
6921
771
771
4778
4778
1855
2805
2805
2805
6087
1855
1855
2805
2805
1855
1855
2805
1855
5204
7845
771
2657
7845
771
771
2657
7845
771
771
771
8117
771
771
771
8117
6921
6921
771
4778
6921
6921
5646
4778
1855
2805
2805
1855
1855
2805
1855
771
771
771
771
771
771
771
771
771
6921
5646
6921
5646
6921
5646
1855
2805
1855
5265
5265
5265
5265
5265
12361
12361
12361
6432
12707
7936
5265
6832
5265
5265
6832
5265
5265
6832
5265
5265
14344
12361
12361
14344
12361
12361
10724
12361
6432
6589
6432
6432
12707
12818
12707
12707
7936
7936
5265
6832
6832
7936
5265
5265
6832
6832
5265
5265
5265
14344
10724
5265
12361
12361
10724
10724
12361
12361
6432
6589
6589
13195
6432
6432
6589
6432
6432
12707
12922
12707
12707
12818
12818
12707
12707
2681
7936
7936
7936
5265
6832
2502
2502
7936
7936
5265
5265
10724
10724
10724
7936
3102
12361
6432
6589
6589
6589
3102
13195
6432
6432
6589
6589
13195
6432
6432
6432
6432
6432
2681
12922
2681
2681
12818
12922
2681
2681
2502
12818
12818
12818
2681
2502
2502
2502
5497
5497
5497
5497
653
2502
2502
2502
2502
9192
9192
3102
3102
6432
6589
6589
6589
3102
3102
3102
6432
6432
6589
3102
3102
6432
6432
3102
6432
2681
2826
2681
2681
2826
2826
2681
2502
2502
5497
2826
2826
2502
2502
2502
2502
5497
5497
4457
653
6175
12512
12512
5686
5497
5497
5497
653
653
653
6589
5686
9192
3102
3102
3770
3770
6432
3102
3102
3770
3770
3102
3770
2681
2826
2681
2502
2826
2826
2502
2502
2502
4457
4529
4529
6175
12512
5686
4457
4457
653
6175
6175
5686
5497
4457
653
653
653
5686
5497
5497
653
653
653
653
3102
3102
3770
3770
3102
3770
2681
2826
2502
2502
4529
4529
6175
5686
4529
4529
6175
5686
4457
653
6175
6175
4457
653
653
653
4457
653
653
653
5497
653
653
653
3102
3770
2502
4529
5686
4529
6175
4529
6175
653
6175
653
653
653
653
653
653
653
653
3125
3125
3125
3125
1989
1989
1989
1989
1989
361
3125
3125
6750
3125
3125
6750
3125
3125
6750
3125
3125
6750
3125
7320
8987
7320
7320
8987
7320
7320
8987
7320
3092
5964
3092
1204
2647
7912
12451
6712
3125
3125
3125
11407
6895
3125
3125
3125
6750
6895
3125
3125
3125
6750
6895
3125
7320
7320
6750
9636
7320
7320
3092
8987
9636
7320
3092
3092
5964
9636
3092
3092
1204
5964
9954
6696
2647
7912
12451
6712
7912
13685
12451
6712
6712
3125
3125
3125
3125
11407
14077
6895
3125
3125
3125
3092
11407
6895
6895
3125
7320
3092
3092
6750
6895
9636
7320
3092
3092
3092
5964
9636
9636
3092
3092
3092
1204
5964
9954
9954
7474
6696
5964
9954
13007
2647
7912
12451
7912
7912
13685
4859
6712
6712
7912
13685
12539
724
6712
6712
6712
3125
3125
724
724
724
11407
14077
14077
6895
3125
3092
3092
3092
3092
4714
4714
4714
9636
3092
3092
3092
3092
1204
4714
8532
9954
9954
7474
7474
6696
5964
9954
9954
13838
6696
5964
9954
13007
2647
2062
4859
7912
2062
12539
4859
6712
7912
2062
12539
724
724
6712
6712
6712
2062
724
724
724
724
4714
4714
4714
4714
724
724
724
724
724
724
4714
4714
4714
4714
4059
7474
7474
7474
6696
4714
4714
8532
4059
13838
7474
6696
8208
8532
4059
13838
13007
8208
4059
13007
1666
2062
4859
2062
2062
12539
724
2062
2062
2062
724
724
724
6712
2062
2062
724
724
724
724
724
8855
8855
8855
1187
2039
12150
12150
732
4714
4714
4714
1187
1187
1187
7474
732
4714
4714
4714
4059
4059
4059
6696
4714
8532
4059
4059
4059
8208
4059
4059
1666
2062
4859
2062
2062
724
724
2062
2062
724
724
724
724
3962
3962
2039
2039
12150
732
8855
12251
1187
2039
2039
732
8855
8855
1187
1187
1187
732
4714
4714
1187
1187
1187
1187
4714
4714
4059
4059
4059
8208
4059
4059
1666
2062
724
2062
724
724
724
3962
2039
2039
732
3962
2039
2039
732
12251
1187
2039
2039
12251
1187
1187
1187
8855
1187
1187
1187
4714
1187
1187
1187
4714
4059
4059
1666
724
724
2039
732
2039
2039
2039
2039
1187
2039
1187
1187
1187
1187
1187
1187
1187
1187
1666
1186
3015
1186
3015
1186
3015
1186
3015
1186
691
1657
691
1657
691
1657
691
1657
1920
6750
11439
11407
1186
7634
3015
1186
1186
7634
3015
1186
1186
7634
691
1186
1186
1657
691
8913
1657
1657
691
8913
1657
1657
4356
8913
1657
4356
1920
1838
1838
6750
11439
6750
6750
13191
11439
11407
11407
1186
7634
7634
3015
11435
1186
1186
7634
1657
691
1186
1186
1186
1657
1657
4356
1186
8913
1657
1657
4356
4356
8913
8913
1657
4356
4356
1920
11691
1838
1838
5673
1838
1838
6750
11439
6750
6750
13191
1989
11407
6750
6750
13191
5933
1680
11407
11407
11407
1186
7634
1657
4356
1680
11435
11435
1186
1186
1657
4356
4356
4356
1986
1186
8913
1657
4356
4356
4356
1920
7475
11691
1838
1838
5963
5673
11691
1838
1838
1838
1838
1838
5933
1989
6750
5933
5933
1989
6750
6750
5933
5933
5933
1680
11407
11407
6750
5933
5933
12447
12447
1680
1986
1986
1986
1986
1186
4356
4356
4356
4356
1189
1986
1986
1986
1838
1838
5963
5963
5673
1986
7475
1838
1838
1838
5673
7475
1838
1838
1838
1838
1838
5933
1989
8987
5933
5933
1680
6750
8987
5933
5933
12447
1680
11407
5964
5964
5933
12447
12447
12447
1189
13084
13084
8208
4583
6509
14143
14143
1189
1986
1986
1986
1986
4583
1838
5963
1189
1986
1986
7130
7130
1838
1838
7475
7130
7130
1838
7130
7130
5933
1989
8987
5933
5933
1680
5964
5964
5933
12447
12447
1189
5964
5964
5964
6509
14143
1189
8208
8208
4583
6509
6509
1189
13084
8208
4583
4583
4583
1189
1986
1986
1986
4583
4583
4583
1986
7130
7130
7130
7130
7130
5933
1680
5964
5933
12447
1189
5964
5964
6509
1189
5964
5964
6509
1189
8208
4583
6509
2647
8208
4583
4583
2647
8208
4583
4583
4583
1986
1986
4583
4583
7130
7130
5933
1189
5964
1189
5964
2647
5964
2647
4583
2647
4583
4583
4583
4583
4583
4583
1986
4583
683
683
683
683
683
1135
1135
1135
1135
3394
3333
683
6608
9826
683
6608
9826
683
6608
9826
683
2900
2900
6388
2900
2900
6388
2900
2900
6388
2900
2900
6388
2900
403
5328
3581
3333
3394
3394
6984
3333
3394
3394
6608
9826
9826
683
6608
6608
9826
2900
683
6608
2900
2900
2900
683
12265
2900
2900
2900
6388
12265
2900
2900
4164
6388
12265
2900
4164
403
8679
13178
4904
5328
3581
3333
3581
3581
6984
3333
3394
3394
3394
6984
6984
3333
3394
3394
3394
6608
9826
2900
2900
3394
3394
6608
2900
2900
2900
4164
683
6608
12265
2900
2900
4164
4164
6388
12265
12265
2900
4164
4164
403
8679
13454
13178
4904
4904
8679
13178
7381
5328
3581
3333
3581
3581
6984
3333
8184
3581
3581
6984
6636
1298
3394
3394
3394
3394
6984
2900
4164
1298
3394
3394
3394
3394
2900
2900
4164
4164
4164
2949
2949
2949
12265
2900
4164
4164
4164
403
2949
7150
13454
13178
4904
4904
4904
7150
13454
13178
13178
4904
8679
13178
7381
5328
2727
6066
3581
2727
6636
6066
3581
3581
2727
6636
6636
1298
8184
8184
3581
2727
6636
9011
9011
1298
2949
2949
2949
2949
682
682
682
682
682
234
2949
2949
2949
2949
7150
4904
4904
4904
4904
2949
2949
7150
7150
13178
4904
4904
7150
7150
7150
13178
7381
7150
7150
7381
5328
2727
6066
2727
2727
6636
1298
2727
2727
2727
6636
9011
1298
8184
2727
2727
682
682
682
682
234
9409
9409
9409
5238
682
682
682
682
2949
2949
2949
2949
5238
682
682
682
2949
2949
2949
7150
7790
7790
4904
2949
7150
7150
7790
7157
7150
7150
7157
7150
2727
6066
2727
2727
6636
1298
2727
2727
682
682
682
234
6729
6729
6729
682
682
682
9409
9671
5238
12814
682
682
9409
9409
5238
5238
5238
682
2949
2949
2949
5238
5238
5238
2949
2949
7150
7790
7157
7150
7150
7157
7150
2727
1298
2727
682
682
234
6729
6729
682
682
6729
6729
12814
682
9671
5238
12814
11425
9671
5238
5238
5238
9409
5238
5238
5238
2949
2949
5238
5238
2949
7150
7157
7150
682
234
6729
682
6729
11425
6729
11425
5238
11425
5238
5238
5238
5238
5238
5238
2949
5238
7150
683
1837
2634
3673
2634
3673
2634
3673
714
714
714
714
714
714
714
714
714
3047
683
1837
5571
683
6570
1837
2634
2634
6570
3673
2634
2634
6570
714
2634
714
714
714
10078
714
714
714
10078
714
714
6510
10078
714
6607
3047
3521
3521
683
1837
683
683
12555
1837
5571
5571
683
6570
6570
1837
5571
2634
2634
6570
714
714
2634
2634
714
714
714
6510
2634
10078
714
714
8197
6510
10078
10078
714
6607
6607
3047
13082
3521
3521
6607
3521
3521
683
1837
683
683
12555
1837
8317
683
683
12555
11289
6986
5571
5571
5571
683
6570
714
8197
6510
5571
5571
2634
714
714
8197
8197
6510
5571
2634
10078
714
6607
6607
6607
3047
3275
13082
3521
3521
6607
6607
13082
3521
3521
3521
3521
3521
683
7402
683
683
11289
7402
683
683
683
11289
9819
6986
8317
8317
683
683
9819
9819
9819
6986
5571
5571
5571
5571
683
6607
6607
6607
6607
3047
9634
9634
3275
3275
3521
6607
6607
6607
3275
3275
3275
3521
3521
6607
3275
3275
3521
3521
3275
3521
6388
7402
6388
6388
11289
6986
683
6388
6388
9819
9819
6986
8317
683
6388
6388
9819
9819
9819
4607
13146
13146
7498
7498
9575
13077
13077
5219
9634
9634
9634
3275
8793
3521
6607
5219
9634
3275
3275
8793
3521
3521
3275
3275
8793
3521
3275
7010
6388
7402
6388
6388
9819
6986
6388
6388
6388
9819
9819
4607
7498
8679
8679
9575
13077
5219
7498
7498
7498
9575
9575
5219
13146
7498
7498
9810
9575
5219
9634
9634
3275
8793
8793
7010
3275
3275
8793
7010
3275
7010
6388
6986
6388
6388
9819
4607
8679
8679
9575
5219
8679
8679
9575
5219
7498
7498
9575
5573
7498
7498
9810
5573
7498
7498
9810
9810
9634
3275
8793
7010
3275
7010
6388
4607
8679
5219
8679
5573
8679
5573
7498
5573
7498
9810
7498
9810
7498
9810
3275
7010
1682
1682
1682
1682
1682
2670
2670
2670
2670
159
1721
1721
1043
6980
6980
6936
6980
6980
6936
6980
6980
6936
5999
2670
3455
5999
2670
3455
5999
2670
3455
5999
2116
3299
1313
2116
159
1721
1721
2876
1721
1721
1721
1043
2876
6980
6980
6980
1043
8250
6980
6980
2670
6936
8250
5999
9112
2670
3455
5999
5999
9112
2116
3455
5999
5999
8362
2116
3299
5999
1313
5179
2116
3299
1313
1313
159
1721
1721
8984
1721
1721
1721
2876
2876
1721
1721
1721
1721
1043
2876
2876
6980
6980
6980
2116
1043
2876
8250
5999
9112
8362
2116
1043
5999
5999
5999
8362
8362
2116
3299
5999
5999
1313
5179
5179
2116
3299
12115
1313
1313
5179
3299
1313
1313
159
1721
1721
8984
1721
1721
1721
12367
8984
1721
1721
1721
5976
2876
2876
2876
1721
1721
1721
5976
2116
1043
2876
2876
2876
5999
8362
8362
8362
2116
1043
2876
2876
5999
1313
5179
5179
5179
2116
277
11997
12115
1313
1313
5179
5179
277
12115
1313
1313
1313
3299
1313
1313
159
1721
6612
8984
1721
10806
6612
8984
8984
1721
10806
5976
5976
12367
12367
8984
1721
5976
5976
5976
5976
2876
2876
2876
2876
90
5179
5179
5179
5179
2116
5567
9153
9153
9153
90
1313
5179
5179
5179
5567
9153
11997
90
1313
1313
5179
277
11997
90
1313
1313
277
90
1313
90
4913
6612
4913
4913
10806
5976
4913
4913
4913
5976
5976
5976
4119
1350
4913
4913
5976
5976
5976
3306
4119
4119
1350
1350
5398
7065
7065
7065
4119
4119
4119
90
90
90
5179
5179
5567
9153
9153
90
90
90
1313
277
11997
90
90
90
277
90
90
90
4913
6612
4913
4913
5976
5976
4913
4913
4913
5976
5976
3306
1350
9592
5398
5398
7065
7065
1350
1350
1350
5398
5398
7065
4119
1350
1350
12368
5398
5398
4119
4119
90
90
90
90
5567
9153
90
90
90
277
90
90
90
4913
5976
4913
4913
5976
3306
9592
5398
5398
7065
9592
5398
5398
5398
1350
1350
5398
5398
1350
1350
12368
3373
1350
1350
12368
3373
4119
90
90
90
277
90
90
90
4913
3306
5398
5398
5398
5398
5398
5398
1350
5398
1350
3373
1350
3373
1350
3373
90
90
90
1043
2114
2114
2114
2114
2114
2114
2114
2114
5678
5678
5678
5678
5678
5678
280
1591
280
4090
4090
1043
1043
2114
2114
9247
2114
2114
2114
12655
2114
2114
2114
12655
2114
5678
5678
12194
5678
5678
280
12194
5678
5678
280
1591
1591
6048
280
1591
3902
4090
4090
1043
4090
4090
4090
1043
1043
1043
2114
2114
2114
9247
9247
2114
2114
2114
280
9247
12655
2114
5678
5678
280
12194
12194
5678
5678
9054
280
1591
1591
1591
6048
6048
280
1591
1591
6048
6048
1591
3902
4090
4090
6936
4090
4090
4090
1043
1043
4090
4090
4090
1714
1043
1043
1043
1043
2114
2114
9054
280
9247
9247
9247
2114
5678
9054
9054
280
4750
1591
1591
1591
6048
6048
6048
280
1591
1591
1591
6048
6048
6048
1591
1591
11575
3902
1591
3902
3455
4896
6936
3455
13457
4896
1043
6936
3455
13457
12261
1714
1043
1043
1043
3455
12261
12261
12261
1714
1043
1043
1043
1043
277
1322
1322
1322
1322
280
4750
4750
4750
1591
6048
6048
6048
6048
4750
10388
1591
11575
6048
6048
10388
1591
11575
3902
1591
3902
3455
4896
3455
3455
13457
1714
3455
3455
3455
12261
12261
1714
1043
277
3299
1322
1322
1322
1322
478
5567
5567
277
277
1322
1322
1322
1322
4750
4750
4750
277
6935
1322
1322
1322
4750
4750
6935
6935
6935
3902
10388
6935
6935
3902
6935
5172
3455
4896
3455
3455
12261
1714
3299
3299
1322
1322
1322
478
277
3299
3299
1322
1322
1322
277
277
277
7468
1322
1322
5567
277
277
13025
7468
1322
4750
4750
277
6935
6935
794
4750
6935
6935
5172
6935
5172
3455
1714
3299
1322
1322
478
3299
3299
1322
1322
3299
3299
7468
1322
277
277
7468
7054
277
277
13025
794
277
277
13025
794
4750
277
6935
794
6935
5172
1322
478
3299
1322
3299
7054
3299
7054
277
7054
277
794
277
794
277
794
277
794
3333
5165
5165
5165
5165
5165
5165
5165
2670
4721
2670
4721
2670
4721
2670
214
214
214
5247
5247
3333
3333
5165
5165
11870
5165
5165
5165
11870
5165
5165
4721
11870
2670
4721
4721
2670
2670
4721
214
2670
2670
214
214
2116
214
214
214
2116
628
5247
5247
3333
5247
5247
5247
3333
3333
3333
5165
5165
5165
13160
11870
5165
5165
4721
214
11870
11870
2670
4721
214
214
2670
2670
2670
214
214
214
2116
2116
214
214
214
214
2116
2116
8214
628
2116
4960
5247
5247
11318
5247
5247
1135
3333
3333
5247
5247
1135
1135
3333
3333
3333
3333
5165
214
214
214
13160
13160
11870
2670
214
214
214
214
6612
2116
2116
214
214
214
214
214
2116
2116
2116
8214
14104
628
2116
2116
8214
628
2116
4960
1135
1135
11318
1135
1135
1135
3333
11318
1135
1135
1135
2697
3333
3333
3333
1135
1135
2697
2697
2697
3333
3333
3333
3333
214
214
214
214
214
121
6612
6612
6612
2116
8214
14104
14104
628
6612
11752
2116
8214
8214
628
11752
2116
8214
4960
2116
4960
1135
1135
13590
1135
1135
1135
11318
13590
1135
1135
2697
2697
3333
1298
9385
1135
2697
2697
2697
121
6066
6066
1298
1298
1719
6690
6690
6018
6066
6066
6066
1298
10798
1719
6690
628
6612
6612
11346
11346
8214
628
11752
11346
11346
4960
11346
6218
1135
1135
13590
1135
1135
2697
9385
9385
1135
2697
2697
121
1298
9385
1719
1719
6690
6018
1298
1298
1298
1719
1719
6018
6066
1298
1298
10798
1719
403
6066
6066
1298
10798
10798
3266
6612
11346
11346
6218
11346
6218
1135
1135
9385
1135
2697
121
9385
1719
1719
6018
9385
1719
1719
403
1298
1298
1719
403
1298
1298
10798
403
1298
1298
10798
3266
6066
1298
10798
3266
11346
6218
1135
121
1719
403
1719
403
1719
403
1298
403
1298
3266
1298
3266
1298
3266
1298
3266
4413
1682
4413
8213
7062
9749
8213
7062
9749
8213
7062
9749
4718
5967
4718
4718
5967
4718
4718
5967
4718
4718
3672
4718
3672
375
1840
11449
1682
4413
4413
8213
1682
4413
4413
8213
8213
7062
4413
9749
8213
8213
5967
9749
9749
4718
5967
5967
4718
4718
4718
5967
3672
4718
4718
4718
3672
3672
4718
4718
3672
3672
375
9825
5245
4684
1840
11449
1682
12260
11449
11449
1682
4413
4413
4413
8213
8213
1682
4413
4413
4413
8213
8213
5967
3672
4413
4413
9749
4718
5967
3672
3672
4413
4718
4718
4718
3672
3672
3672
4718
4718
4718
3672
3672
3672
375
9825
12570
5245
4684
4684
9825
5245
5245
1840
11449
1682
14166
11449
11449
1682
12260
12260
11449
11449
4861
633
4413
4413
4413
4413
8213
633
633
633
4413
4413
4413
4413
4718
3672
3672
3672
3672
4413
4413
4413
4718
3672
3672
3672
3672
375
6392
10494
12570
5245
4684
4684
4684
6392
12570
5245
5245
4684
9825
5245
5245
1840
4861
4861
14166
4861
4861
4861
12260
14166
4861
4861
633
633
12260
12260
12260
4861
633
633
633
633
4413
4413
4413
4413
633
633
633
633
633
375
8951
12060
12060
10494
2903
4684
4684
4684
4684
8951
10494
10494
2903
5245
4684
4684
6392
10494
2903
5245
5245
6392
2903
5245
1840
4861
4861
5965
4861
4861
633
5965
5965
4861
633
633
633
9395
2878
2878
633
633
633
633
633
9395
9395
9395
1047
8321
9237
9237
1710
9395
9395
9395
1047
1047
1047
4684
1710
8951
12060
10494
2903
2903
2903
4684
6392
10494
2903
2903
2903
6392
2903
2903
2903
4861
4861
5965
4861
633
633
2878
2878
633
633
633
633
2878
2878
2878
8321
9237
1710
9395
9630
1047
8321
8321
1710
9395
9395
1047
1047
1047
1710
9395
9395
1047
1047
1047
1047
8951
10494
2903
2903
2903
6392
2903
2903
2903
4861
633
2878
633
633
633
2878
2878
8321
1710
2878
2878
8321
1710
9630
1047
8321
4670
9630
1047
1047
1047
9395
1047
1047
1047
9395
1047
1047
1047
6392
2903
2903
2903
633
633
2878
1710
2878
4670
2878
4670
1047
4670
1047
1047
1047
1047
1047
1047
1047
1047
2903
1837
3015
3015
3015
691
691
691
691
691
11439
1837
1837
3015
1837
3015
3015
3673
3015
3015
3673
691
691
2254
691
691
2254
691
691
2254
691
1920
4053
1920
11439
11917
11439
11439
1837
1837
1837
3015
3015
1837
1837
3015
3015
691
1837
3673
691
691
691
2254
2254
691
691
10666
2254
2254
691
1920
1920
6510
4053
1920
1920
4053
4053
11439
11917
11439
11439
12148
11917
11439
11439
1989
1837
1837
1837
1837
3015
691
1680
1837
1837
1837
691
691
10666
10666
1837
1837
2254
691
1920
1920
1920
6510
6510
4053
1920
1920
1920
6510
4053
4053
1920
4053
4053
1989
11917
1989
1989
11917
11917
1989
1989
1680
12148
12148
11917
1989
1680
1680
1680
1837
1837
1837
1837
691
1680
1680
1680
1680
7402
7402
6986
4053
1920
1920
1920
1920
6986
6986
4053
4053
1920
1920
6986
4053
4053
4053
4053
4053
1989
7775
1989
1989
7775
7775
1989
1680
1680
8951
6392
7775
1680
1680
1680
1680
8951
8951
6392
6392
7903
7903
7903
4087
7402
7402
7402
6392
10599
1920
1920
1920
7402
6986
6986
13835
4053
1920
6986
6986
13835
4053
6986
4607
1989
7775
1989
1680
7775
7775
1680
1680
1680
6392
9825
9825
7903
7903
4087
6392
6392
6392
10630
7903
4087
8951
6392
6392
10599
10599
1840
7402
7402
6392
10599
10599
3515
6986
6986
13835
4607
6986
4607
1989
7775
1680
1680
9825
9825
7903
4087
9825
9825
10630
1840
6392
6392
10630
1840
6392
6392
10599
1840
6392
6392
10599
3515
7402
6392
10599
3515
6986
4607
1680
9825
1840
9825
1840
9825
1840
6392
1840
6392
3515
6392
3515
6392
3515
6392
3515
1682
4061
4061
4061
4061
9104
9104
9104
1218
12451
1682
1682
4061
1682
4061
4061
7062
4061
4061
7062
4061
12962
9104
9104
12962
9104
9104
5352
8911
1218
1218
1487
1218
12451
6755
12451
12451
1682
1682
1682
4061
4061
1682
1682
4061
4061
4061
1682
7062
4061
12962
5352
7062
9104
9104
5352
5352
8911
8911
1218
1218
1218
8911
1487
1218
1218
1487
1487
12451
13898
12451
12451
6755
6755
12451
12451
4859
1682
1682
1682
1682
4061
4061
5352
1682
1682
1682
4061
5352
5352
5352
1682
1682
8911
1218
1218
1218
1218
8911
8911
1487
1218
1218
1218
8911
1487
1487
1218
1487
1487
4859
13898
4859
4859
6755
13898
4859
4859
4859
6755
6755
6755
4859
4859
8930
8930
1682
1682
1682
1682
280
1218
1218
1218
1218
10668
10668
10668
1487
1218
1218
1218
1218
10668
13271
1487
1487
1218
1218
13271
1487
1487
1487
1487
1487
4859
9903
4859
4859
9903
9903
4859
4859
8930
4896
280
280
280
8930
8930
8930
4896
4896
1714
280
9046
9046
9046
5311
4896
4896
4896
1714
9905
1218
1218
1218
10668
10668
10074
10074
1487
1218
13271
10074
10074
1487
10074
10074
4859
9903
4859
4859
280
280
280
8930
8930
280
280
280
9046
9046
5311
1714
1714
280
12969
9046
5311
4896
1714
1714
9905
9905
801
4896
4896
1714
9905
9905
4154
10668
10074
10074
10074
10074
10074
4859
280
280
8930
280
280
9046
5311
280
280
12969
801
1714
280
12969
801
1714
1714
9905
801
1714
1714
9905
4154
4896
1714
9905
4154
10074
10074
280
280
801
280
801
280
801
280
801
1714
4154
1714
4154
1714
4154
1714
4154
174
174
174
174
174
303
303
303
303
303
174
517
174
174
517
174
174
517
174
174
517
174
174
3183
2293
2293
3183
2293
2293
3183
2293
2293
3183
2293
2293
800
1119
1241
1241
1117
174
1241
517
2861
174
174
8947
517
174
174
174
8947
517
174
174
174
3183
3183
174
2293
2293
3183
3183
2293
2293
2293
3183
8463
2293
2293
2293
4224
800
5114
5114
1119
1119
1241
1241
1117
1241
1241
1241
1117
1117
174
1241
1241
517
2861
8149
174
174
8947
3183
3183
2861
174
174
174
3183
3183
8463
174
174
2293
2293
3183
13994
8463
2293
2293
2293
2293
4224
4224
800
5114
5114
5114
4224
4224
5114
5114
1119
1119
1241
1241
6647
1241
1241
84
1117
1117
1241
1241
84
84
1117
1117
1117
174
1241
84
12625
1079
2861
8149
8149
174
174
3183
13994
13994
8463
312
5006
174
2293
2293
4224
4224
4224
800
312
4355
5114
5114
4224
4224
4224
4355
5114
5114
12398
1119
5114
5114
1119
1119
84
84
6647
84
84
84
1117
6647
84
84
84
1079
1117
1117
1117
84
84
12625
12625
1079
1117
1117
1117
1117
84
1320
1320
1320
1320
477
312
5006
5006
4355
4355
4224
4224
4224
4224
312
4355
4355
4355
12398
4224
4224
4355
4355
4355
12398
1119
4355
4355
1119
1119
84
84
4580
84
84
84
4580
4580
84
84
12625
1079
1117
1117
4232
84
1320
1320
1320
477
8637
8637
8637
1382
1320
1320
1320
1320
5006
5006
5006
1382
1382
1320
1320
1320
312
5006
4355
4355
11884
11884
1119
312
4355
4355
11884
1119
4355
4355
8642
1814
84
84
4580
84
84
1079
4232
4232
84
1320
1320
477
4232
4232
4232
1320
1320
1320
8637
11563
1382
8299
1320
1320
8637
8637
1382
1382
1382
1320
5006
5006
1382
1382
1382
1382
312
4355
4355
11884
8642
4355
4355
8642
1814
84
84
4232
84
1320
477
4232
4232
1320
1320
4232
4232
8299
1320
11563
1382
8299
4818
11563
1382
1382
1382
8637
1382
1382
1382
5006
1382
1382
1382
312
4355
8642
1814
84
477
4232
1320
4232
4818
4232
4818
1382
4818
1382
1382
1382
1382
1382
1382
1382
1382
1814
1321
3317
1321
3317
1321
3317
1321
3317
868
868
868
868
868
868
868
868
868
3457
3456
7321
2861
1321
7466
3317
1321
1321
7466
3317
1321
1321
7466
868
1321
868
868
868
6853
868
868
868
6853
868
868
3883
6853
868
3883
3457
11037
3457
3456
7321
3456
3456
9637
7321
2861
2861
1321
7466
7466
3317
2861
1321
1321
7466
868
868
1321
1321
868
868
868
3883
1321
6853
868
868
3883
3883
6853
6853
868
3883
3883
3457
11764
11037
4734
3457
11037
9591
3456
7321
3456
3456
9637
1360
6695
3456
3456
9637
1360
1360
2861
2861
2861
1321
7466
868
3883
3883
2861
2861
1321
868
868
3883
3883
3883
312
312
6853
868
3883
3883
3883
3457
10995
11764
11037
4734
4734
3457
11764
11037
11037
3457
11037
9591
1360
1360
3456
1360
1360
1360
3456
3456
1360
1360
1360
9579
6695
6695
3456
1360
1360
9751
9751
9579
312
312
312
312
312
3883
3883
3883
3883
2518
312
312
312
1814
4734
4734
4734
3457
312
10995
1814
11037
4734
3457
10995
1814
11037
9591
1814
9591
1360
1360
12622
1360
1360
1360
3456
12622
1360
1360
9751
9579
6695
1836
1836
1360
9674
9674
9674
2518
12972
12972
5285
1836
9375
9674
9674
9674
312
312
312
312
1814
1814
4734
3457
312
312
1814
1814
1814
3457
10995
1814
1814
1814
1814
1814
1360
1360
12622
1360
1360
9579
1836
1836
1360
9674
9674
2518
1836
1836
1836
9375
9674
9674
5285
5285
1836
9375
9375
9674
12972
5285
5285
10325
9375
4409
312
312
312
1814
1814
1814
312
1814
1814
1814
1814
1814
1360
1360
1836
1360
9674
2518
1836
1836
9375
9674
1836
1836
9375
4409
5285
1836
9375
4409
5285
5285
10325
4409
5285
5285
10325
9866
312
312
1814
1814
1814
1814
1360
2518
1836
4409
1836
4409
1836
4409
1836
4409
5285
9866
5285
9866
5285
9866
312
1814
443
1431
517
1431
517
1431
517
1431
517
2125
2125
2125
2125
2125
2125
2125
2125
871
9142
5115
443
443
4602
1431
517
517
4602
1431
517
517
4602
1431
517
517
2125
2125
5302
2125
2125
2125
5302
2125
2125
2298
5302
2125
2298
871
8463
800
9142
5115
443
9142
9142
5115
443
443
443
4602
4602
1431
10366
517
517
4602
2125
2125
517
517
517
2125
2125
2298
517
5302
2125
2125
2298
2298
5302
5302
2125
2298
2298
871
8463
8463
5680
5313
8463
800
9142
5115
12064
9142
9142
5115
443
443
9142
9142
9142
4965
443
443
443
443
4602
2125
2298
2298
10366
10366
517
517
2125
2298
2298
2298
8925
517
5302
2125
2298
2298
2298
871
1079
8463
8463
5680
5680
5313
8463
8463
11121
800
8463
800
2266
5258
12064
2266
10777
5258
443
12064
2266
10777
10777
4965
443
443
443
2266
10777
12121
12121
4965
51
51
51
51
51
2298
2298
2298
2298
519
8925
8925
1079
1079
5680
5680
5680
5313
1079
1079
1079
11121
5680
5313
1079
1079
11121
800
1079
800
2266
5258
2266
2266
10777
4965
2266
2266
2266
10777
12121
4965
51
51
2266
2266
3912
3912
3912
519
51
51
51
262
3165
3912
3912
519
51
51
51
51
262
262
3912
519
8925
1079
1079
12623
11121
800
1079
1079
12623
800
1079
2771
2266
5258
2266
2266
10777
4965
2266
2266
2266
3912
3912
519
6222
9284
3165
3165
3912
519
51
6222
262
3165
3165
519
51
51
262
262
262
519
51
51
51
262
262
262
1079
1079
12623
2771
1079
2771
2266
4965
2266
2266
3912
519
9284
3165
3165
519
9284
3165
3165
519
6222
262
3165
3165
6222
262
262
262
51
262
262
262
51
51
262
262
1079
2771
2266
519
3165
519
3165
3165
3165
3165
262
3165
262
262
262
262
262
262
51
262
1676
1676
1676
1676
1031
1031
1031
1031
1031
3317
3559
3573
12681
12681
3573
12681
12681
3573
12681
12681
3573
2662
2662
5958
2662
2662
5958
2662
2662
5958
2662
2662
5958
2662
943
2186
3317
3559
5082
3317
3559
3559
5082
5082
12681
12681
12681
3573
13593
12681
12681
2662
3573
13593
2662
2662
2662
3573
6049
2662
2662
2662
5958
6049
2662
2662
7980
5958
6049
2662
7980
943
9132
10564
1713
2186
3317
3559
3317
3317
3559
3559
5082
5082
3317
3559
3559
3559
5082
5082
5082
12681
12681
2662
2662
5082
5082
13593
2662
2662
2662
7980
3573
6049
6049
2662
2662
7980
7980
5958
6049
6049
2662
7980
7980
943
9132
14378
10564
10253
1713
9132
10564
3561
2186
3317
3559
3317
3317
3559
303
7321
3317
3317
3559
303
303
5082
5082
5082
3317
3559
303
2623
2623
5082
5082
5082
5082
2662
2662
7980
7980
7980
1329
1329
1329
6049
2662
7980
7980
7980
943
1329
9895
14378
10564
10253
10253
1713
7051
14378
10564
10564
1713
9132
10564
3561
2186
303
303
3317
303
303
303
3317
3317
303
303
303
2623
7321
7321
3317
303
303
2623
2623
2623
1329
1329
1329
1329
303
1541
1541
1541
1541
943
1329
1329
1329
1329
3400
10253
10253
10253
1713
1329
1329
9895
3400
10564
10253
1713
7051
9895
3400
10564
3561
7051
3400
3561
2186
303
303
6602
303
303
303
3317
6602
303
303
2623
2623
7321
3317
4745
303
1541
1541
1541
1437
13830
13830
9579
3959
1541
1541
1541
1541
1329
1329
1329
1329
3400
1541
1541
1541
1329
1329
1329
3400
3400
3400
1713
1329
9895
3400
3400
3400
7051
3400
3400
3400
303
303
6602
303
303
2623
4745
4745
303
1541
1541
1437
4745
4745
3959
1541
1541
1541
9579
9579
3959
3959
1541
1541
13830
9579
5168
5168
3959
1541
1329
1329
1329
3400
3400
3400
1329
1329
3400
3400
3400
7051
3400
3400
3400
303
303
4745
303
1541
1437
4745
3959
1541
1541
4745
3959
3959
1541
9579
3959
3959
3959
9579
5168
5168
3959
9579
5168
5168
5168
1329
1329
3400
3400
1329
3400
3400
3400
303
1437
3959
1541
3959
3959
3959
3959
3959
3959
5168
5168
5168
5168
5168
5168
1329
3400
3400
2183
1676
6546
8758
6546
8758
6546
8758
3074
3592
3074
3592
3074
3592
3074
3592
2412
7160
3573
1676
2183
2183
10911
1676
2183
6546
13258
8758
6546
6546
13258
3592
6546
3074
3592
3592
3074
3074
3592
3592
3074
3074
3592
11649
2412
2412
7232
7160
2412
5503
3573
1676
3573
3573
10911
1676
2183
2183
2183
10911
10911
1676
2183
2183
6546
13258
3592
3592
2183
6546
3074
3592
3592
11649
3074
3074
3074
3592
13113
11649
2412
2412
2412
7232
7232
7160
2412
2412
7232
7232
2412
5503
3573
1676
3573
3573
10911
1676
10587
3573
3573
10911
10911
7830
2183
2183
2183
2183
10911
3592
11492
7830
2183
2183
2183
3074
3592
13113
13113
11649
2183
2183
2412
2412
7232
7232
7232
7160
2412
2412
2412
7232
7232
7232
2412
2412
8686
5503
2412
5503
3573
10659
3573
3573
11456
10659
3573
3573
3573
11456
11456
7830
10587
10587
3573
3573
11456
11492
11492
7830
2183
2183
2183
2183
2183
7232
7232
7232
7232
5037
11918
11918
10080
2412
7232
7232
7232
7232
10080
10080
2412
8686
7232
7232
10080
2412
8686
5503
2412
5503
5958
10659
5958
5958
11456
7830
3573
5958
5958
11456
11492
7830
2221
2221
5958
5958
9578
9578
9578
5037
2221
2221
2221
5305
9578
9578
9578
9578
2221
2221
2221
2221
3318
3318
7232
7232
11918
10080
3318
3318
3318
5503
10080
3318
3318
3318
3318
3318
5958
10659
5958
5958
11456
7830
5958
5958
5958
9578
9578
5037
7051
9132
9132
9578
9578
9578
2221
7051
5305
13929
9578
9578
2221
2221
5305
5305
5305
2186
2221
2221
2221
3318
3318
3318
10080
3318
3318
3318
3318
3318
5958
7830
5958
5958
9578
5037
9132
9132
9578
9578
9132
9132
13929
2186
7051
5305
13929
2186
7051
5305
5305
2186
2221
5305
5305
5305
2221
2221
3318
3318
3318
3318
5958
5037
9132
2186
9132
2186
9132
2186
5305
2186
5305
5305
5305
5305
5305
5305
2221
3318
4082
4761
4082
4082
8241
4082
4082
8241
4082
4082
8241
4082
4082
1031
11475
12884
1031
11475
12884
1031
11475
12884
1031
7132
3030
424
3346
4761
4761
7978
4082
4761
4761
7978
4082
4082
13219
8241
4082
4082
4082
13219
1031
4082
4082
4082
12884
1031
4082
13851
12884
12884
1031
11475
13851
12884
11470
6585
7132
11727
3030
3030
424
7132
3346
3030
3346
4761
4761
8231
4761
4761
4761
7978
7978
4082
4761
4761
4761
7978
7978
4082
4082
13219
12884
1031
7978
4082
4082
4082
12884
11470
6585
4082
4082
13851
12884
11470
11470
6585
7132
11727
11727
3030
3030
3030
424
7132
11727
3346
3030
3030
7132
3346
3346
3346
4761
4761
12780
4761
4761
4761
8231
8231
4761
4761
4761
717
7978
7978
7978
4082
4761
1998
1998
717
7978
7978
7978
4082
4082
11470
11470
11470
6585
2658
6658
4082
11727
3030
3030
3030
3030
424
2531
11727
11727
3346
3030
3030
3030
2531
11727
3346
3346
3030
7132
3346
3346
3346
4761
7914
12780
4761
9839
7914
8231
12780
4761
9839
1998
717
8231
8231
8231
4761
1998
1998
1998
717
1029
1029
1029
1029
191
1998
1998
1998
1998
424
2658
6658
6658
6658
3346
3030
3030
3030
3030
2658
6658
11930
3346
3346
3030
3030
2531
11930
3346
3346
3346
2531
3346
3346
2146
9839
7914
11386
9839
9839
717
11386
11386
9839
1998
1998
717
1029
1029
1931
191
1998
1998
1998
717
1029
1029
1029
191
191
4242
4242
4242
1029
1029
1029
1029
2470
191
3030
3030
2658
6658
6658
11070
11070
3346
3030
2531
11930
11070
11070
3346
2531
11070
9443
2146
9839
7914
11386
9839
1998
717
1931
1931
191
1998
1998
717
1931
1931
191
191
4242
4242
1029
2055
191
191
191
4242
1029
1029
2055
2470
191
191
1029
1029
1029
2470
2470
2470
2658
6658
11070
11070
9443
2531
11070
9443
2146
9839
717
1931
191
1998
717
1931
191
191
4242
1931
191
191
191
2055
191
191
191
2055
2055
2470
191
1029
2055
2470
2470
1029
1029
2470
2470
2531
11070
9443
2146
191
717
191
191
191
191
191
191
191
191
2055
2470
2055
2470
2055
2470
1029
2470
2146
1676
8758
8758
8758
3580
3580
3580
3580
2184
1676
12584
1676
1676
9942
8758
8758
9942
8758
8758
9942
3580
6343
3580
3580
6343
3580
3580
6343
3580
2184
8898
2184
2184
1676
8353
1676
1676
12584
12584
1676
1676
1676
12584
9942
8758
8758
6343
9942
9942
3580
6343
6343
3580
3580
3580
6343
11649
3580
3580
2184
8898
8898
14050
2184
2184
7160
2184
2184
1676
8353
1676
1676
12670
8353
1676
1676
1676
12584
12584
12584
1676
1676
1676
7830
12584
12584
9942
3580
6343
11649
11649
4953
3580
3580
2184
8898
8898
8898
4570
14050
2184
2184
8898
7160
14050
2184
2184
2184
2184
2184
1676
8353
1676
10659
8353
8353
1676
10659
7830
12670
12670
8353
1676
7830
7830
7830
2658
2658
2658
2658
1676
7830
7830
7830
7830
4953
4953
4570
2184
2184
8898
8898
7160
4570
4570
2184
2184
2184
7160
4570
2184
2184
2184
2184
2184
10659
11475
10659
10659
8353
11475
10659
7830
7830
2658
2531
7132
7132
7830
7830
7830
2658
2658
2531
2531
9678
9678
9678
7846
2658
2658
2658
2531
7020
2184
8898
7160
4953
4570
4570
7020
2184
2184
4570
4570
7020
2184
4570
7020
10659
11475
10659
7830
7132
7132
7132
7830
7830
2531
7132
7132
9678
9678
7846
2531
2531
2531
11737
9678
7846
2658
2531
2531
14045
11737
7846
2658
2658
2531
7020
7020
2146
4570
4570
7020
7020
4570
7020
10659
7132
7132
7830
7132
7132
9678
7846
7132
7132
11737
7846
2531
2531
11737
8684
2531
2531
14045
2146
2531
2531
14045
2146
2658
2531
7020
2146
4570
7020
7132
7132
7846
7132
8684
7132
8684
2531
8684
2531
2146
2531
2146
2531
2146
2531
2146
1431
8241
8241
8241
1031
1031
1031
1031
1031
1431
5115
1431
4796
7832
8241
13231
8241
8241
13231
8241
1031
8486
1031
1031
8486
1031
1031
8486
1031
1031
4600
6585
943
1431
1431
1431
4796
5115
5115
1431
4796
4796
7832
7832
8241
13231
8486
7832
8241
1031
8486
8486
1031
1031
1031
8486
13725
1031
1031
1031
4600
4600
6585
6585
4600
943
6585
2784
1431
1431
1431
4796
5115
1431
1431
4796
4796
5115
5115
5115
1431
4796
3789
3789
7832
7832
7832
1031
8486
13725
13725
7832
717
1031
1031
4600
4600
4600
717
6585
6585
4600
4600
943
6585
6585
6777
943
6585
2784
1431
1431
1431
11316
1431
1431
1431
11316
3789
5115
5115
1431
1431
3789
3789
3789
5115
5115
5115
5115
717
2715
2715
2715
2715
7914
7914
717
717
4600
4600
4600
943
717
717
717
6777
4600
943
717
717
6777
2784
717
2784
9891
9891
9891
11316
1431
9891
9891
3789
3789
5115
1431
5891
871
2715
2715
2715
5258
5258
4965
871
871
2715
2715
2715
5258
5258
5258
717
973
871
2715
943
7914
717
717
973
973
943
717
717
973
973
717
973
9891
9891
9891
3789
5891
5891
871
2715
2715
4965
5891
871
871
2715
2715
4965
4965
871
871
871
2715
5258
4965
4965
7478
871
871
5258
5258
717
973
973
973
717
717
973
973
717
973
9891
5891
871
2715
5891
871
871
2715
5891
871
871
871
4965
871
871
871
4965
4965
7478
871
4965
4965
7478
3852
5258
717
973
973
717
973
871
871
871
871
871
871
871
871
871
4965
3852
4965
3852
4965
3852
717
973
3704
3704
3704
3704
3704
4668
4668
4668
4668
181
897
2352
1482
8267
8267
7042
8267
8267
7042
8267
8267
7042
6489
4668
6489
6489
4668
6489
6489
4668
6489
6489
1306
3289
3289
1306
708
897
2352
5208
897
7771
2352
1482
8665
8267
8267
8267
1482
8665
8267
8267
4668
7042
8665
6489
12490
4668
6489
6489
6489
12490
1306
6489
6489
6489
12490
1306
3289
3289
3289
12346
1306
3289
3289
3632
708
897
2352
897
897
7771
2352
5208
5208
897
7771
7771
2352
1482
12080
8665
8267
8267
8267
1306
1482
8665
8665
6489
12490
12490
1306
1482
6489
6489
6489
12490
13504
1306
3289
3289
3289
3289
12346
12346
1306
3289
3289
3289
9864
3632
3289
3289
7034
708
897
2352
897
897
7771
180
5208
897
897
7771
7771
180
5208
5208
5208
897
7771
7771
9920
1306
1482
12080
12080
8665
6489
12490
13504
13504
1306
1482
10485
419
3289
3289
12346
12346
12346
1306
419
419
3289
3289
9864
12346
3632
419
3289
3289
9864
3632
3289
3289
7034
708
56
180
897
56
10286
180
897
897
56
10286
9920
6257
5208
5208
897
56
9920
9920
9920
6257
4666
4666
4666
4666
56
4936
4936
4936
4936
790
9037
10485
10485
419
419
9864
12346
12346
3632
9037
419
419
419
9864
9864
3632
419
419
419
9864
7034
419
419
7034
419
56
180
56
56
10286
180
56
56
56
9920
9920
6257
4666
56
56
56
4936
4936
4936
790
4666
4666
4666
1479
1479
4936
4936
4936
4666
4666
4666
419
3533
1479
4936
3632
9037
10485
419
419
3533
3533
3632
419
419
419
3533
1175
419
419
1175
419
56
180
56
56
9920
6257
56
56
56
4936
4936
790
7984
10913
1479
1479
4936
4936
4666
7984
1479
1479
1479
4936
4666
4666
7984
10055
1479
1479
4666
4666
419
3533
3533
1175
9037
419
419
3533
1175
419
419
1175
419
56
180
56
56
4936
790
10913
1479
1479
4936
10913
1479
1479
1479
7984
1479
1479
1479
7984
7984
10055
1479
4666
7984
10055
4872
4666
419
3533
1175
419
419
1175
419
56
790
1479
1479
1479
1479
1479
1479
1479
1479
7984
4872
7984
4872
7984
4872
419
1175
419
1482
4254
6687
6687
6687
6687
6687
6687
6687
12865
13634
12865
13634
12865
13634
4533
1899
242
7838
4254
1482
1482
6687
4254
1482
6687
6687
6687
7042
6687
6687
6687
7042
6687
13980
12865
13634
13634
13980
4533
13634
13634
4533
4533
13319
1899
4533
242
1899
1899
7838
4254
11164
7838
7838
4254
1482
1482
1482
6687
6687
4254
1482
1482
6687
6687
6687
4533
1482
7042
6687
13980
4533
4533
7042
13634
13634
4533
4533
4533
13319
13319
1899
4533
4533
242
13319
1899
1899
7133
1899
1899
7838
4254
11164
7838
7838
4254
12205
11164
7838
7838
7838
418
1482
1482
1482
1482
6687
418
418
418
1482
1482
1482
6687
4533
4533
4533
4533
1482
1482
13319
1899
4533
4533
4533
242
3545
13319
1899
1899
7133
7133
13319
1899
1899
1899
1899
1899
6389
9161
11164
6389
9161
9161
11164
11164
6389
9161
418
418
12205
12205
11164
6389
418
418
418
418
1482
1482
1482
1482
418
418
418
418
418
138
9037
9037
3545
1899
1899
7133
7133
7133
3545
3545
1899
1899
1899
7133
3545
1899
1899
1899
1899
1899
6389
9161
6389
6389
9161
418
6389
6389
6389
418
418
418
10490
4375
6389
418
418
418
418
138
10490
10490
4375
3631
8821
13356
13356
1173
9037
9037
9037
3545
3631
1899
7133
1173
9037
3545
3545
9429
1899
1899
3545
3545
9429
1899
3545
7440
6389
9161
6389
6389
418
418
6389
6389
418
418
418
138
4375
7932
7932
8821
13356
1173
4375
4375
3631
8821
8821
1173
10490
4375
3631
3631
3631
1173
9037
9037
3545
3631
3631
3631
3545
3545
9429
7440
3545
7440
6389
418
6389
418
418
138
7932
7932
8821
1173
7932
7932
8821
1173
4375
3631
8821
3151
4375
3631
3631
3151
4375
3631
3631
3631
9037
3545
3631
3631
3545
7440
418
138
7932
1173
7932
3151
7932
3151
3631
3151
3631
3631
3631
3631
3631
3631
3545
3631
320
320
320
320
183
183
183
183
183
183
320
320
914
320
320
914
320
320
914
320
320
914
320
3695
7659
3695
3695
7659
3695
3695
7659
3695
3695
3937
3695
3353
2142
3995
8097
5409
320
320
320
5409
5409
320
320
320
914
13963
320
320
320
914
13963
320
3695
3695
914
10293
3695
3695
3695
7659
10293
3695
3695
5715
3937
3937
3695
6673
3353
3937
3937
2142
2142
3995
8097
3995
3995
10301
8097
5409
5409
320
320
320
320
5409
5409
5409
320
320
320
3695
5409
5409
13963
320
3695
3695
5715
914
10293
10293
3695
3695
6673
5715
3937
3937
3937
3695
6673
6673
3353
3937
3937
3937
13568
6285
3937
3937
2142
2142
3995
8097
3995
3995
10301
1002
5661
3995
3995
10301
10182
1002
5409
5409
5409
320
320
320
6673
5715
5409
5409
5409
5409
320
3695
6673
6673
5715
535
535
535
3937
3695
6673
6673
6673
3353
535
3937
3937
3937
13568
14161
6285
3937
3937
3937
13568
2142
3937
3937
2142
2142
354
1002
3995
354
10182
1002
3995
3995
354
10182
7698
7698
5661
5661
3995
354
7698
7698
7698
7698
535
535
535
535
320
5025
5025
5025
5025
3353
535
535
535
535
3937
13568
14161
14161
6285
535
535
7124
3937
13568
13568
6285
7124
7124
3937
13568
2142
7124
3937
2142
1333
354
1002
354
354
10182
1002
354
354
354
7698
7698
7698
2871
354
354
354
5025
5025
5025
3888
2871
2871
2871
2841
2841
5025
5025
5025
535
535
535
535
7434
2841
5025
5025
535
535
535
7124
7434
7434
2142
535
7124
7124
7434
2142
7124
7124
2608
1333
354
1002
354
354
7698
7698
354
354
354
5025
5025
3888
8265
9447
2841
2841
5025
5025
2871
8265
2841
2841
2841
5025
2871
2871
8265
9357
2841
2841
535
535
535
7434
7434
2608
535
535
7124
7434
2608
7124
7124
2608
1333
354
1002
354
354
5025
3888
9447
2841
2841
5025
9447
2841
2841
2841
8265
2841
2841
2841
8265
8265
9357
2841
2871
8265
9357
6897
535
535
7434
2608
535
7124
2608
1333
354
3888
2841
2841
2841
2841
2841
2841
2841
2841
8265
6897
8265
6897
8265
6897
535
2608
1333
914
2391
914
2391
914
2391
914
2391
914
183
5628
183
5628
183
5628
183
3676
1502
12976
9735
2352
914
11488
2391
914
914
11488
2391
914
914
11488
183
914
914
5628
183
7659
5628
5628
183
7659
5628
5628
7668
7659
3676
7668
1502
3676
3676
12976
9735
2352
12976
14219
9735
2352
2352
914
11488
11488
2391
9804
914
914
11488
5628
183
914
914
914
5628
5628
7668
914
7659
5628
5628
7668
7668
7659
7659
3676
7668
7668
1502
14109
3676
3676
8264
3676
3676
12976
9735
12976
12976
14219
6328
2352
2352
12976
14219
9441
1480
2352
2352
2352
914
11488
1480
1480
1480
9804
9804
914
914
5628
7668
7668
7668
6325
914
7659
3676
7668
7668
7668
1502
7444
14109
3676
3676
8264
8264
14109
3676
3676
3676
3676
3676
4668
6328
12976
4668
9441
6328
2352
12976
4668
9441
1480
1480
2352
2352
2352
4668
1480
1480
1480
1480
180
180
180
180
180
1480
1480
1480
1480
1480
6325
6325
6325
3340
3676
8264
8264
8264
6325
7444
3340
3676
3676
8264
7444
3340
3676
3676
3340
3676
4668
6328
4668
4668
9441
1480
4668
4668
4668
1480
1480
1480
180
180
1306
1306
1480
1480
1480
1480
180
180
180
1306
9665
11621
11621
2396
180
180
180
180
3340
3340
8264
2396
6325
6325
3340
3340
3340
3676
7444
3340
3340
3340
3340
3340
4668
6328
4668
4668
1480
1480
1306
1306
1306
1480
1480
1480
1306
1306
1306
9665
11621
2396
180
6257
1306
9665
9665
2396
180
180
5389
5389
5389
2396
180
180
180
3340
3340
3340
6325
3340
3340
3340
3340
3340
4668
1480
1306
1306
1480
1480
1306
1306
9665
2396
1306
1306
9665
2396
6257
1306
9665
3287
6257
5389
5389
3287
180
5389
5389
5389
180
180
3340
3340
3340
3340
1306
1480
1306
2396
1306
3287
1306
3287
1306
3287
5389
5389
5389
5389
5389
5389
180
3340
2407
4549
1007
5466
5466
1007
5466
5466
1007
5466
5466
1007
544
544
1499
544
544
1499
544
544
1499
544
544
1499
544
656
2491
6671
4549
2407
2407
5466
4549
2407
2407
5466
5466
5466
1007
7862
5466
5466
544
1007
7862
544
544
544
1007
13238
544
544
544
1499
13238
544
544
10647
1499
12225
544
6496
656
5660
2491
2491
2491
6671
4549
8052
6671
6671
4549
2407
2407
2407
5466
5466
4549
2407
2407
2407
5466
5466
544
544
2407
2407
7862
544
544
544
10647
1007
7862
13238
544
544
10647
10647
1499
12225
12225
544
6496
6496
656
5660
12225
2491
2491
6496
5660
2491
2491
2491
6671
4549
8052
6671
6671
4549
13435
8052
6671
6671
6671
1882
2407
2407
2407
2407
5466
544
5545
1882
2407
2407
2407
2407
544
544
10647
10647
10647
1645
1645
1645
12225
544
6496
6496
6496
656
1645
8916
12225
2491
2491
6496
6496
5660
12225
2491
2491
2491
5660
2491
2491
2491
6671
8634
8052
6671
8634
8634
8052
8052
6671
8634
5545
1882
13435
13435
8052
6671
5545
5545
5545
1882
1645
1645
1645
1645
544
1093
1093
1093
1093
388
1645
1645
1645
1645
2491
2491
6496
6496
6496
1645
1645
8916
2491
2491
2491
6496
8916
8916
2491
2491
2491
8916
2491
2491
2491
7029
8634
7029
7029
8634
1882
7029
7029
7029
5545
5545
1882
11224
3702
3702
1093
1093
1093
1093
388
11224
11224
11224
3702
1093
1093
1093
1093
1645
1645
1645
1645
7678
1093
1093
1093
1645
1645
1645
7678
7678
2491
2491
1645
8916
7678
7678
2491
8916
7678
7126
3840
7029
8634
7029
7029
5545
1882
3702
3702
1093
1093
1093
388
3702
3702
3702
1093
1093
1093
11224
11337
3702
13754
1093
1093
11224
11224
7752
7752
7752
1093
1645
1645
1645
7678
7678
7126
1645
1645
7678
7678
7126
8916
7678
7126
3840
7029
1882
3702
1093
1093
388
3702
3702
1093
1093
3702
3702
13754
1093
11337
3702
13754
5494
11337
7752
7752
5494
11224
7752
7752
7752
1645
1645
7678
7126
1645
7678
7126
3840
1093
388
3702
1093
3702
5494
3702
5494
3702
5494
7752
7752
7752
7752
7752
7752
1645
7126
3840
919
1007
1007
1007
1007
1499
1499
1499
1499
8097
919
919
7851
1007
1007
7851
1007
1007
7851
1007
1007
10210
1499
1499
10210
1499
1499
5715
1499
1499
5715
5660
3353
8097
919
8097
8097
919
919
919
7851
7851
13882
1007
1007
7851
7851
1007
1007
1007
10210
5715
1007
1499
1499
5715
5715
1499
1499
1499
5715
5715
5660
5660
9539
3353
5660
6727
8097
10648
8097
8097
919
919
8097
8097
1002
919
919
919
919
7851
1002
5715
13882
13882
1007
1007
5715
5715
5715
13882
1007
1499
1499
5715
5715
5715
5660
5660
5660
9539
12567
3353
5660
5660
9539
3353
5660
6727
1002
10648
1002
1002
919
10648
1002
1002
1002
919
919
919
1002
1002
9559
9559
919
919
919
919
168
5715
5715
5715
5715
13976
13976
12307
5660
9539
12567
12567
3353
12307
12307
5660
9539
9539
3353
12307
5660
9539
6727
5660
6727
1002
12325
1002
1002
10648
12325
1002
1002
9559
919
168
168
168
8616
8616
8616
7691
7691
2219
168
3334
8616
8616
8616
7691
7691
7691
2219
4056
3334
8616
3353
13976
12307
10737
10737
9539
3353
12307
10737
10737
6727
10737
9938
1002
12325
1002
1002
168
168
168
8616
8616
168
168
168
3334
8616
8616
2219
2219
168
3334
3334
8616
7691
2219
2219
4056
3334
500
7691
7691
2219
4056
4056
4056
12307
10737
10737
9938
10737
9938
1002
168
168
8616
168
168
3334
8616
168
168
3334
500
2219
168
3334
500
2219
2219
4056
500
2219
2219
4056
4056
7691
2219
4056
4056
10737
9938
168
168
500
168
500
168
500
168
500
2219
4056
2219
4056
2219
4056
2219
4056
3704
3704
3704
3704
3704
3704
3704
3704
3704
4943
11055
4943
11055
4943
11055
2450
1896
2450
4932
4932
4254
3704
3704
3704
4254
3704
3704
3704
11736
3704
3704
3704
11736
3704
11055
4943
12865
11055
11055
2450
12865
11055
7591
2450
10175
1896
4784
2450
1896
1896
4932
4932
7749
4932
4932
4932
4254
4254
3704
3704
3704
3704
4254
4254
3704
3704
3704
2450
4254
11736
3704
11055
7591
2450
11736
12865
11055
7591
7591
2450
10175
10175
1896
4784
4784
2450
10175
1896
1896
4784
1896
1896
4932
4932
11030
4932
4932
4932
7749
7749
4932
4932
4932
5814
4254
4254
4254
3704
3704
3704
7591
2450
4254
4254
4254
3704
7591
7591
7591
2450
4254
4254
10175
1896
4784
4784
4784
2450
7424
10175
1896
1896
4784
4784
10175
1896
1896
1896
1896
1896
4932
5814
11030
4932
5814
5814
7749
11030
4932
5814
5814
10198
7749
7749
7749
4932
5814
13489
13489
10198
4254
4254
4254
4254
138
4784
4784
4784
4784
2450
10529
10529
7424
138
1896
4784
4784
4784
7424
7424
138
1896
1896
4784
7424
138
1896
1896
138
1896
5814
5814
6501
5814
5814
5814
6501
6501
5814
5814
13489
10198
7749
1927
6501
5814
7793
7793
7793
3175
9120
9120
1927
1927
7793
7793
7793
7793
9120
9120
9120
138
138
138
4784
4784
10529
7424
138
138
138
1896
7424
138
138
138
138
138
5814
5814
6501
5814
5814
10198
6501
6501
5814
7793
7793
3175
1927
11300
7835
7793
7793
7793
1927
1927
1927
7835
7793
7793
9120
1927
1927
13318
7835
2581
9120
9120
138
138
138
138
7424
138
138
138
138
138
5814
5814
6501
5814
7793
3175
11300
7835
7793
7793
11300
7835
7835
2581
1927
1927
7835
2581
1927
1927
13318
2581
1927
1927
13318
4587
9120
138
138
138
138
138
5814
3175
7835
2581
7835
2581
7835
2581
1927
2581
1927
4587
1927
4587
1927
4587
138
138
2391
2391
2391
2391
183
183
183
183
183
9735
4549
2391
2391
4549
2391
2391
12018
2391
2391
12018
183
183
5622
183
183
5622
183
183
5622
183
3701
5954
656
9735
13128
9735
9735
4549
4549
2391
2391
2391
4549
4549
2391
2391
183
4549
12018
183
183
183
5622
5622
183
183
10302
5622
5622
183
3701
3701
11212
5954
3701
3701
5954
656
9735
13128
9735
9735
13320
13128
9735
9735
6328
4549
4549
4549
2391
2391
183
7836
4549
4549
4549
183
183
10302
10302
4549
1882
5622
183
3701
3701
3701
1882
11212
5954
3701
3701
3701
11212
5954
5954
656
5954
656
4943
13128
4943
6328
13128
13128
4943
6328
6328
13320
13320
13128
4943
6328
7836
7836
4549
4549
4549
4549
183
3701
3701
3701
3701
9198
9198
1882
1882
3701
3701
3701
3701
1882
1882
1882
5954
3701
3701
1882
1882
5954
656
1882
656
4943
4943
4943
6328
4943
4943
4943
6328
7836
8620
2450
2450
2450
7836
7836
7836
8620
8620
8620
2450
7579
13688
13688
5978
8620
8620
8620
1882
10467
3701
3701
3701
9198
1882
1882
10467
5954
656
1882
1882
10467
656
1882
4506
4943
4943
4943
6328
2450
2450
2450
7836
7836
2450
2450
2450
7579
13688
5978
8620
10198
2450
7579
7579
5978
8620
8620
10198
10703
7579
5576
8620
8620
1882
10467
10467
3175
1882
1882
10467
4506
1882
4506
4943
2450
2450
7836
2450
2450
7579
5978
2450
2450
7579
5576
10198
2450
7579
5576
10198
10198
10703
3175
8620
10198
10703
3175
8620
1882
10467
3175
1882
4506
2450
2450
5576
2450
5576
2450
5576
2450
5576
10198
3175
10198
3175
10198
3175
1882
3175
3451
3451
3451
3451
2218
2218
2218
2218
2218
479
476
1319
7313
7313
10898
7313
7313
10898
7313
7313
10898
7313
7082
2218
7082
7082
2218
7082
7082
2218
7082
7082
2218
6873
3193
479
1264
476
1319
8006
476
6998
1319
8006
7313
7313
10898
10898
7313
7313
7313
10898
2218
7313
7313
7082
8046
2218
7082
7082
7082
8046
2218
7082
7082
7082
8046
11026
6873
7082
3193
11026
479
6873
3193
479
1264
476
1319
476
476
6998
1319
8006
8006
476
6998
6998
1319
8006
8006
7313
7313
10898
8046
2218
8006
7313
7313
7082
8046
8046
11026
7313
7082
7082
7082
8046
11026
11026
6873
7082
7082
3193
11026
11026
479
6873
14386
3193
3193
479
6873
3193
3193
1264
476
1319
476
476
6998
248
10720
476
476
6998
6998
248
8006
8006
8006
476
6998
1807
1807
1807
8006
8006
8006
7313
7082
8046
11026
11026
11026
5157
8006
7082
7082
3193
11026
11026
11026
479
3903
10457
14386
3193
3193
13839
479
3903
14386
3193
3193
479
6873
3193
3193
1264
476
248
476
476
13587
248
476
476
476
13587
1807
1807
10720
10720
476
476
1807
1807
1807
1807
2217
2217
2217
2217
476
1807
1807
1807
1807
479
5157
9249
9249
9249
2141
3193
13839
13839
479
5157
9249
10457
2141
3193
3193
479
3903
10457
2141
3193
3193
3903
2141
3193
1264
4973
248
4973
4973
13587
248
476
4973
4973
1807
1807
1807
2217
476
4973
699
1807
1807
1807
803
2217
2217
2217
699
699
8051
8051
4342
2217
2217
2217
2141
2141
699
8051
479
5157
9249
9249
2141
2141
2141
479
3903
10457
2141
2141
2141
3903
2141
2141
2038
4973
248
4973
4973
1807
1807
4973
4973
699
1807
1807
803
7967
12142
699
699
8051
4342
2217
7967
699
699
699
4342
2217
2217
6490
6490
699
699
2217
2217
2141
2141
2141
2141
5157
9249
2141
2141
2141
3903
2141
2141
2038
4973
248
4973
699
1807
803
12142
699
699
4342
12142
699
699
699
7967
699
699
699
7967
6490
6490
699
2217
6490
6490
6490
2217
2141
2141
2141
3903
2141
2141
2038
699
803
699
699
699
699
699
699
699
699
6490
6490
6490
6490
6490
6490
2141
2141
2038
3451
3451
3451
3451
3451
3451
3451
3451
3451
8474
10119
8474
10119
8474
10119
1984
1984
740
8642
10261
3936
3451
3451
3451
7457
3451
3451
3451
7457
3451
3451
3451
7457
3451
13520
8474
10119
10119
13520
1984
10119
10119
1984
1984
6873
1984
1984
740
6873
4312
8642
10261
3936
8642
10261
10261
3936
3936
3451
3451
3451
3451
12742
7457
3451
3451
3451
1984
7457
7457
3451
13520
1984
1984
7457
10119
10119
1984
1984
1984
6873
6873
1984
1984
1984
740
6873
6873
4312
4312
6873
8877
8642
10261
8642
8642
10261
2863
3936
3936
8642
10261
10261
829
3936
3936
3936
3451
3451
829
829
829
12742
12742
7457
3451
1984
1984
1984
1984
5157
3903
6873
1984
1984
1984
1984
740
3903
6873
6873
4312
4312
4312
6873
6873
13885
4312
6873
8877
1119
2863
8642
1119
12932
2863
3936
8642
1119
12932
829
829
3936
3936
3936
1119
829
829
829
829
3936
3936
3936
3936
477
829
829
829
829
439
5157
5157
3903
3903
4312
4312
4312
4312
3903
3903
3903
13885
4312
4312
3903
3903
13885
8877
3903
8877
1119
2863
1119
1119
12932
829
1119
1119
1119
829
829
829
3936
1119
1119
829
829
829
829
439
4818
4818
4818
477
1751
9354
9354
439
4818
4818
4818
477
477
477
4312
439
5157
3903
3903
5808
5808
4312
3903
3903
5808
2038
3903
2038
1119
2863
1119
1119
829
829
1119
1119
829
829
829
439
10588
10588
1751
1751
9354
439
4818
13978
477
1751
1751
439
4818
4818
477
477
477
439
4818
4818
477
477
477
477
3903
3903
5808
2038
3903
2038
1119
829
1119
829
829
439
10588
1751
1751
439
10588
1751
1751
439
13978
477
1751
1751
13978
477
477
477
4818
477
477
477
4818
477
477
477
3903
2038
829
439
1751
439
1751
1751
1751
1751
477
1751
477
477
477
477
477
477
477
477
4357
4357
4357
4357
2865
2865
2865
2865
2865
178
1134
1134
4042
7502
4357
7502
7502
4357
7502
7502
4357
7502
7502
13523
4055
9741
13523
4055
9741
13523
4055
9741
3614
2333
1458
178
2333
1134
1134
4042
1134
1134
1134
4042
4042
7502
10612
4357
4042
7502
7502
10612
4357
7502
7502
7502
14145
13523
4055
9741
9741
14145
3614
4055
9741
9741
10370
3614
2333
9741
1458
1458
178
2333
3922
1458
2333
1134
1134
5110
1134
1134
1134
4042
4042
1134
1134
1134
1134
4042
4042
4042
7502
10612
10612
3614
4042
4042
7502
7502
14145
10370
3614
4042
7502
9741
9741
10370
10370
3614
2333
9741
9741
1458
1458
1458
178
2333
10605
3922
1458
1458
2333
3922
3922
2333
1134
1134
11672
1134
1134
1134
5110
5110
1134
1134
1134
311
4042
4042
4042
1134
1134
1134
10370
311
4042
4042
4042
4042
7502
10370
10370
10370
3614
3387
4042
4042
9741
1458
1458
1458
1458
178
3387
10605
10605
3922
1458
1458
1458
2333
10605
3922
3922
1458
2333
3922
3922
2333
1134
6163
11672
1134
8719
6163
5110
11672
1134
8719
8719
311
5110
5110
5110
1134
8719
12408
12408
311
4042
4042
4042
4042
101
101
101
101
101
101
3387
6652
6652
6652
3922
1458
1458
1458
1458
3387
6652
11881
3922
3922
1458
1458
11210
11881
3922
3922
3922
11210
3922
3922
2333
7032
6163
7032
7032
8719
311
7032
7032
7032
8719
12408
311
5110
1493
1493
101
101
101
101
101
5344
5344
5344
1493
101
101
101
101
5344
5344
5344
5344
6495
101
101
101
3387
6652
6652
6495
6495
3922
1458
3387
11881
6495
6495
3922
11210
6495
6495
2549
7032
6163
7032
7032
8719
311
1493
1493
101
101
101
101
1493
1493
1493
101
101
101
5344
10097
1493
10999
101
101
5344
5344
7191
7191
7191
101
5344
5344
5344
6495
6495
6495
3387
6652
6495
6495
6495
11210
6495
6495
2549
7032
311
1493
101
101
101
1493
1493
101
101
1493
1493
10999
101
10097
1493
10999
3684
10097
7191
7191
3684
5344
7191
7191
7191
5344
5344
6495
6495
3387
6495
6495
2549
101
101
1493
101
1493
3684
1493
3684
1493
3684
7191
7191
7191
7191
7191
7191
5344
6495
2549
2696
2696
4425
4425
4425
4425
4425
4425
4055
5161
4055
5161
4055
5161
4055
1136
2333
1136
2696
2696
3646
2696
2696
2696
9673
4425
4425
4425
12270
4425
4425
4425
12270
4055
5161
5161
4055
4055
5161
1136
4055
4055
5161
1136
2333
2333
13229
1136
2333
4505
2696
2696
3646
2696
2696
2696
3646
3646
2696
2696
2696
2696
9673
9673
4425
4425
4425
1136
9673
12270
4055
5161
5161
1136
4055
4055
4055
5161
13229
1136
2333
2333
2333
13229
13229
1136
2333
2333
10458
4786
2333
4505
2696
2696
7190
2696
2696
414
3646
3646
2696
2696
414
414
3646
3646
3646
2696
2696
414
6801
1136
9673
9673
9673
4055
5161
13229
13229
1136
3387
2333
2333
2333
13229
13229
13229
1136
2333
2333
2333
10458
13933
4786
2333
2333
10458
4505
2333
4505
414
414
7190
414
414
414
3646
7190
414
414
414
6801
3646
3646
3646
414
414
6801
6801
6801
3387
3387
3387
3387
414
4414
4414
4414
4414
1136
3387
3387
3387
2333
10458
13933
13933
4786
3387
11210
2333
10458
10458
4786
11210
2333
10458
4505
2333
4505
414
414
11694
414
414
414
7190
11694
414
414
6801
6801
3646
696
6482
414
4414
4414
4414
1839
7992
7992
696
696
4414
4414
4414
4414
3387
3387
3387
696
7256
4414
4414
4414
3387
3387
7256
7256
7256
4505
11210
7256
7256
2549
7256
2549
414
414
11694
414
414
6801
6482
6482
414
4414
4414
1839
696
6482
5695
4414
4414
4414
696
696
696
5695
4414
4414
7992
696
696
10369
5695
136
3387
3387
696
7256
7256
1873
3387
7256
7256
2549
7256
2549
414
414
6482
414
4414
1839
6482
5695
4414
4414
6482
5695
5695
136
696
696
5695
136
696
696
10369
136
696
696
10369
1873
3387
696
7256
1873
7256
2549
414
1839
5695
136
5695
136
5695
136
696
136
696
1873
696
1873
696
1873
696
1873
2331
2331
2331
2331
2331
2331
2331
2331
2331
6309
6309
6309
6309
6309
6309
314
3457
314
4357
5925
9866
2331
2331
2331
9866
2331
2331
2331
13576
2331
2331
2331
13576
2331
6309
6309
9591
6309
6309
314
9591
6309
6309
314
3457
3457
6767
314
3457
5079
4357
5925
4357
4357
5925
5925
9866
9866
2331
2331
2331
2331
9866
9866
2331
2331
2331
314
9866
13576
2331
6309
6309
314
9591
9591
6309
6309
6767
314
3457
3457
3457
6767
6767
314
3457
3457
8186
5079
3457
7323
4357
5925
4357
4357
5925
5332
13333
4357
4357
5925
5925
2638
9866
9866
9866
2331
2331
2331
6767
314
9866
9866
9866
2331
6309
6767
6767
314
4409
3457
3457
3457
6767
6767
6767
314
3457
3457
3457
8186
8186
5079
3457
3457
11869
5079
3457
7323
4357
5332
4357
4357
13672
5332
4357
4357
4357
13672
11000
2638
13333
13333
4357
4357
11000
11000
11000
2638
4409
4409
4409
4409
311
1466
1466
1466
1466
314
4409
4409
4409
3457
8186
8186
8186
5079
4409
10347
3457
11869
8186
5079
10347
3457
11869
7323
3457
7323
13523
5332
13523
13523
13672
2638
4357
13523
13523
11000
11000
2638
6163
311
3614
1466
1466
1466
1466
533
6163
6163
311
311
1466
1466
1466
1466
4409
4409
4409
311
5111
1466
1466
1466
4409
4409
5111
5111
5111
5079
10347
5111
5111
2518
5111
2518
13523
5332
13523
13523
11000
2638
3614
3614
1466
1466
1466
533
311
3614
3614
1466
1466
1466
311
311
311
6026
1466
1466
6163
311
311
8943
6026
1466
4409
4409
311
5111
5111
887
4409
5111
5111
2518
5111
2518
13523
2638
3614
1466
1466
533
3614
3614
1466
1466
3614
3614
6026
1466
311
311
6026
6026
311
311
8943
887
311
311
8943
887
4409
311
5111
887
5111
2518
1466
533
3614
1466
3614
6026
3614
6026
311
6026
311
887
311
887
311
887
311
887
1878
7552
1878
9980
7552
11097
9980
7552
11097
9980
7552
11097
5160
9739
5160
5160
9739
5160
5160
9739
5160
5160
2093
5160
2093
609
701
11992
11992
1878
1878
9980
7552
1878
1878
9980
9980
7552
1878
11097
9980
9980
7552
11097
11097
5160
12876
9739
5160
5160
5160
12876
2093
5160
5160
5160
2093
2093
5160
5160
2093
2093
609
6013
2694
2694
701
11992
11992
9500
11992
11992
11992
1878
1878
1878
9980
9980
7552
1878
1878
1878
9980
9980
9980
2093
1878
1878
11097
5160
12876
2093
2093
1878
5160
5160
5160
2093
2093
2093
5160
5160
5160
2093
2093
2093
609
6013
9598
2694
2694
3133
6013
2694
2694
701
11992
11992
14236
11992
11992
2865
9500
9500
11992
11992
2865
1019
1878
1878
1878
1878
9980
1019
1019
1019
1878
1878
1878
1878
5160
2093
2093
2093
2093
1878
1878
1878
5160
2093
2093
2093
2093
609
2971
9598
9598
2694
2694
3133
3133
2971
9598
2694
2694
2694
6013
2694
2694
701
2865
2865
14236
2865
2865
2865
9500
14236
2865
2865
1019
1019
9500
9500
9500
2865
1019
1019
1019
1019
1878
1878
1878
1878
1019
1019
1019
1019
1019
609
5060
8316
8316
8316
1165
2694
3133
3133
3133
5060
8316
11485
1165
2694
2694
3133
2971
11485
1165
2694
2694
2971
1165
2694
701
2865
2865
8199
2865
2865
1019
8199
8199
2865
1019
1019
1019
9500
1136
1136
1019
1019
1019
1019
1019
9939
9939
8722
1136
8456
8456
8456
2636
8316
8316
8316
1165
1165
1165
3133
2636
5060
8316
8316
1165
1165
1165
2694
2971
11485
1165
1165
1165
2971
1165
1165
1165
2865
2865
8199
2865
1019
1019
1136
1136
1019
1019
1019
1019
1136
1136
1136
8456
8456
2636
8722
8722
1136
9400
8456
2636
9939
8722
6839
6839
6839
2636
8316
8316
1165
1165
1165
1165
5060
8316
1165
1165
1165
2971
1165
1165
1165
2865
1019
1136
1019
1019
1019
1136
1136
8456
2636
1136
1136
9400
2636
8722
1136
9400
2901
8722
6839
6839
2901
8722
6839
6839
6839
8316
1165
1165
1165
2971
1165
1165
1165
1019
1019
1136
2636
1136
2901
1136
2901
1136
2901
6839
6839
6839
6839
6839
6839
1165
1165
1165
698
11990
11990
11990
2218
2218
2218
2218
2218
1319
698
698
1319
9401
11990
11990
12300
11990
11990
12300
2218
2218
8200
2218
2218
8200
2218
2218
6013
2218
6292
6013
701
1319
698
1319
1319
698
698
698
1319
1319
9401
9401
11990
11990
2218
9401
12300
2218
2218
2218
8200
8200
2218
2218
13424
6013
6013
2218
6292
6292
6013
6013
6292
5813
6013
701
1319
10355
1319
1319
698
698
1319
1319
248
698
698
698
698
1319
248
8209
9401
9401
9401
2218
2218
13424
13424
5060
2971
6013
2218
6292
6292
6292
2971
6013
6013
6292
6292
5813
6013
6013
9134
701
6013
701
248
10355
248
248
698
10355
248
248
248
698
698
698
248
248
8209
8209
698
698
698
698
248
803
803
803
803
5060
5060
2971
2971
6292
6292
6292
5813
2971
2971
2971
9134
6292
5813
2971
2971
9134
701
2971
701
248
13350
248
248
10355
13350
248
248
8209
698
698
3194
248
803
803
803
4129
4129
4129
3194
803
803
803
803
4129
4129
4129
2971
11452
803
803
803
5060
2971
2971
11452
9134
701
2971
2971
11452
701
2971
1699
248
13350
248
248
3194
3194
248
803
803
3194
3194
3194
803
803
803
4129
5546
3194
4147
803
803
4129
4129
5546
13886
4147
803
4129
4129
2971
11452
11452
1699
2971
2971
11452
1699
2971
1699
248
3194
248
803
3194
3194
803
803
3194
3194
4147
803
5546
3194
4147
4147
5546
5546
13886
2171
4129
5546
13886
2171
4129
2971
11452
1699
2971
1699
248
3194
803
3194
4147
3194
4147
3194
4147
5546
2171
5546
2171
5546
2171
2971
1699
5809
5809
5809
5809
5809
8474
8474
8474
740
12596
7315
5809
5809
7552
5809
5809
7552
5809
5809
7552
5809
8474
9739
8474
8474
9739
8474
4289
4970
740
740
4046
740
12596
7315
12596
12596
7315
7315
5809
5809
5809
14243
7552
5809
5809
5809
7552
7552
5809
8474
4289
7552
9739
8474
4289
4289
4970
4970
740
740
740
4970
4046
740
740
4046
4046
12596
13227
12596
12596
7315
7315
12596
12596
2863
7315
7315
7315
5809
5809
2863
4289
14243
14243
7552
5809
4289
4289
4289
12558
4970
4970
740
740
740
740
4970
4970
4046
740
740
740
4970
4046
4046
740
4046
4046
2863
13227
2863
2863
7315
13227
2863
2863
2863
7315
7315
7315
2863
2863
5008
5008
5332
5332
5332
5332
314
740
740
740
740
12558
12558
12558
4046
740
740
740
740
12558
12864
4046
4046
740
740
12864
4046
4046
4046
4046
4046
2863
8586
2863
2863
8586
8586
2863
2863
5008
5332
314
314
314
5008
5008
5008
5332
5332
2638
314
6741
6741
6741
2835
5332
5332
5332
2638
7001
740
740
740
12558
12558
7001
7001
4046
740
12864
7001
7001
4046
7001
7001
2863
8586
2863
2863
314
314
314
5008
5008
314
314
314
6741
6741
2835
2638
2638
314
8659
6741
2835
5332
2638
2638
7214
7214
893
5332
5332
2638
7001
7001
5916
12558
7001
7001
7001
7001
7001
2863
314
314
5008
314
314
6741
2835
314
314
8659
893
2638
314
8659
893
2638
2638
7214
893
2638
2638
7214
5916
5332
2638
7001
5916
7001
7001
314
314
893
314
893
314
893
314
893
2638
5916
2638
5916
2638
5916
2638
5916
986
986
986
986
587
587
587
587
587
325
986
2567
986
986
2567
986
986
2567
986
986
2567
986
986
880
8020
8020
880
8020
8020
880
8020
8020
880
2426
2426
1952
325
5507
5507
7504
986
5507
2567
1512
986
986
14146
2567
986
986
986
14146
880
986
986
986
9765
880
986
8020
8020
9765
880
8020
8020
8020
5072
1952
2426
2426
2426
5072
1952
2426
2426
5529
325
5507
5507
7504
5507
5507
5507
7504
7504
986
5507
5507
2567
1512
8874
986
986
14146
9765
880
1512
986
986
986
9765
5072
1952
986
986
8020
8020
5072
5072
1952
2426
2426
2426
2426
5072
5072
1952
2426
2426
2426
9932
9622
2426
2426
5529
325
5507
5507
8676
5507
5507
1602
7504
7504
5507
5507
1602
1602
7504
7504
7504
986
5507
1602
2953
1952
1512
8874
8874
986
986
5072
5072
5072
1952
1512
7293
186
2426
2426
5072
5072
5072
1952
186
186
2426
2426
9932
13681
9622
186
2426
2426
9932
5529
2426
2426
5529
325
1602
1602
8676
1602
1602
1602
7504
8676
1602
1602
1602
2953
7504
7504
7504
1602
1602
2953
2953
2953
877
877
877
877
186
2953
2953
2953
2953
1357
2311
7293
7293
186
186
9932
13681
13681
9622
2311
186
186
186
9932
9932
9622
186
186
186
9932
5529
186
186
5529
186
1602
1602
9470
1602
1602
1602
8676
9470
1602
1602
2953
2953
877
877
7292
1602
2953
2953
2953
1357
877
877
877
2190
6653
6653
6653
1357
877
877
877
186
2190
2190
6653
1357
2311
7293
186
186
6093
6093
5529
186
186
186
6093
552
186
186
552
186
1602
1602
9470
1602
1602
2953
7292
7292
1602
2953
2953
1357
7292
7292
7292
6653
6653
1357
877
13546
2190
11933
6653
1357
877
877
2190
2190
2190
1357
877
877
186
2190
2190
552
2311
186
186
6093
552
186
186
552
186
1602
1602
7292
1602
2953
1357
7292
7292
6653
1357
7292
7292
11933
1357
13546
2190
11933
11933
13546
2190
2190
2190
877
2190
2190
2190
877
186
2190
552
186
186
552
186
1602
1357
7292
1357
7292
11933
7292
11933
2190
11933
2190
2190
2190
2190
2190
2190
186
552
186
1447
1447
1447
1447
1447
1447
1447
1447
1447
3948
3948
3948
3948
3948
3948
3948
928
2192
2189
5096
1512
1447
1447
1447
1512
1447
1447
1447
5147
1447
1447
1447
5147
1447
3948
3948
9471
3948
3948
3948
9471
3948
3948
9157
9179
928
6461
2192
928
928
2189
5096
2189
2189
14212
5096
1512
1512
1447
1447
1447
1447
1512
1512
1447
1447
1447
3948
1512
5147
1447
3948
3948
9157
5147
9471
3948
3948
9157
9157
9179
9179
928
6461
6461
2192
9179
928
928
2192
928
928
2189
5096
2189
2189
14212
1901
11075
2189
2189
14212
12887
1901
1512
1512
1512
1447
1447
1447
7243
7243
1512
1512
1512
1447
3948
9157
9157
9157
1512
1512
9179
928
6461
6461
6461
2192
8861
9179
928
928
6461
2192
9179
928
928
928
928
928
709
1901
2189
709
12887
1901
2189
2189
709
12887
7243
7243
11075
11075
2189
709
7243
7243
7243
7243
1512
1512
1512
1512
352
6461
6461
6461
6461
2192
2311
2311
2311
928
928
6461
6461
2192
2311
8861
928
928
928
2192
8861
928
928
928
928
928
709
1901
709
709
12887
1901
709
709
709
7243
7243
7243
7087
352
709
709
7243
7243
7243
3410
7087
7087
352
352
1860
9850
9850
9492
2311
2311
2311
352
6863
928
6461
2192
2311
2311
7735
7735
928
928
8861
7735
7735
928
7735
7625
709
1901
709
709
7243
7243
709
709
709
7243
7243
3410
352
3985
1860
1860
9850
9492
352
352
352
1860
1860
9492
7087
352
352
6863
1860
1860
2311
2311
352
6863
6863
998
2311
7735
7735
7625
7735
7625
709
1901
709
709
7243
3410
3985
1860
1860
9492
3985
1860
1860
1860
352
352
1860
1860
352
352
6863
998
352
352
6863
998
2311
352
6863
998
7735
7625
709
3410
1860
1860
1860
1860
1860
1860
352
1860
352
998
352
998
352
998
352
998
7723
7723
7723
7723
7723
8328
8328
8328
8328
2552
5757
3310
12902
7723
8618
12902
7723
8618
12902
7723
8618
8328
10438
8328
8328
10438
8328
8328
10438
8328
8328
7885
8328
8328
6287
4525
2552
5757
4493
2552
7074
5757
3310
11358
12902
12902
7723
3310
13479
12902
12902
7723
8618
13479
8328
12229
10438
8328
8328
8328
12229
7885
8328
8328
8328
12229
7885
8328
8328
8328
13604
6287
12429
12429
4525
4525
2552
5757
2552
2552
7074
5757
4493
4493
2552
7074
7074
5757
3310
11358
11358
12902
12902
12229
7885
3310
11358
13479
8328
12229
12229
7885
3310
8328
8328
8328
12229
14340
7885
8328
8328
8328
8328
13604
13604
6287
12429
12429
12429
13531
7991
12429
12429
4525
4525
2552
5757
2552
2552
7074
584
4493
2552
2552
7074
7074
584
4493
4493
4493
2552
7074
7074
11920
7544
3310
11358
11358
11358
8328
12229
14340
14340
7885
3310
10879
3136
8328
8328
13604
13604
13604
6287
3136
3136
12429
12429
13531
13604
7991
3136
12429
12429
13531
4525
12429
12429
4525
4525
198
584
2552
198
7300
584
2552
2552
198
7300
7300
7544
4493
4493
2552
198
7300
11920
11920
7544
4493
4493
4493
4493
198
6075
6075
6075
6075
4339
10879
10879
10879
3136
3136
13531
13604
13604
7991
10879
3136
3136
3136
13531
13531
7991
3136
3136
3136
13531
4525
3136
3136
4525
3136
198
584
198
198
7300
584
198
198
198
7300
11920
7544
4493
198
198
198
6075
6075
6075
4339
9469
9469
7312
2290
3132
6075
6075
6075
9469
9469
9469
2290
2290
2290
6075
6075
10879
10879
3136
3136
7944
7944
4525
3136
3136
3136
7944
4525
3136
3136
6774
3136
198
584
198
198
7300
7544
198
198
198
6075
6075
4339
7312
12666
3132
3132
6075
6075
7312
7312
2290
3132
3132
6075
9469
7312
2290
2290
2290
3132
9469
9469
2290
2290
2290
2290
10879
3136
3136
7944
6774
3136
3136
6774
3136
198
584
198
198
6075
4339
12666
3132
3132
6075
12666
3132
3132
3132
7312
2290
3132
3132
7312
2290
2290
2290
7312
2290
2290
2290
9469
2290
2290
2290
3136
3136
6774
3136
198
4339
3132
3132
3132
3132
3132
3132
2290
3132
2290
2290
2290
2290
2290
2290
2290
2290
3136
2247
5223
8618
10042
8618
10042
8618
10042
8618
10173
10173
10173
10173
10173
10173
10173
9133
2292
2247
5223
3310
2247
9307
5223
3310
8618
12516
10042
8618
8618
12516
10042
8618
8618
10173
10173
13456
10173
10173
10173
13456
10173
10173
11195
13456
9133
11272
2292
9133
2292
2247
5223
2247
2247
9307
5223
3310
3310
2247
9307
9307
5223
3310
3310
8618
12516
10173
10173
3310
8618
8618
10173
10173
11195
8618
13456
10173
10173
11272
11195
13456
13456
9133
11272
11272
2292
14324
9133
9133
2292
9133
7258
2247
5223
2247
2247
9307
4546
11354
2247
2247
9307
4546
3802
3310
3310
3310
2247
9307
3802
3802
3802
3310
3310
3310
8618
10173
11272
11272
11195
3310
3310
13456
9133
11272
11272
11272
2292
7949
14324
9133
9133
11529
2292
14324
9133
9133
2292
9133
7258
2247
4546
2247
2247
4546
4546
2247
2247
2247
4546
3802
3802
11354
11354
2247
2247
3802
3802
3802
3802
3310
3310
3310
3310
1932
3802
3802
3802
3802
1546
13397
13397
7949
3611
9133
11529
11529
2292
7949
7949
3611
9133
9133
2292
7949
3611
9133
7258
3611
7258
4546
4546
8326
4546
4546
3802
2247
8326
4546
3802
3802
3802
10577
1932
1932
1932
3802
3802
3802
1546
10577
10577
10577
1932
13772
14288
14288
6375
10577
10577
10577
3611
3611
3611
11529
2292
13397
7949
3611
3611
3611
2292
7949
3611
3611
3611
3611
3611
4546
4546
8326
4546
3802
3802
1932
1932
1932
3802
3802
1546
1932
1932
1932
13772
14288
6375
10577
11194
1932
13772
13772
6375
10577
10577
5796
5796
5796
4595
10577
10577
3611
3611
3611
3611
7949
3611
3611
3611
3611
3611
4546
3802
1932
1932
3802
1546
1932
1932
13772
6375
1932
1932
13772
4595
11194
1932
13772
4595
11194
5796
5796
4595
10577
5796
5796
5796
10577
3611
3611
3611
3611
3611
1932
1546
1932
4595
1932
4595
1932
4595
1932
4595
5796
5796
5796
5796
5796
5796
3611
3611
2567
5782
7723
7730
7723
7730
7723
7730
7723
11021
10438
11021
10438
11021
10438
3933
3933
3933
2567
5782
5757
2567
11769
5782
5757
7723
13341
7730
7723
7723
13341
7730
7723
7723
11021
11021
10438
10438
11021
3933
10438
10438
3933
3933
7885
3933
3933
3933
7885
5787
2567
5782
2567
2567
11769
5782
5757
5757
2567
11769
11769
5782
5757
5757
7723
13341
11021
3933
5757
7723
7723
11021
3933
3933
7723
10438
10438
3933
3933
3933
7885
7885
3933
3933
3933
3933
7885
7885
13226
5787
7885
6287
2567
5782
2567
2567
11769
587
12978
2567
2567
11769
7299
587
5757
5757
5757
2567
11769
3933
3933
3933
5757
5757
5757
7723
3933
3933
3933
3933
584
584
7885
3933
3933
3933
3933
3933
7544
7885
7885
13226
14067
5787
7885
7885
13226
5787
7885
6287
880
587
2567
880
7299
587
2567
2567
880
7299
7299
10815
12978
12978
2567
880
7299
11919
11919
10815
584
584
584
584
584
3933
3933
3933
3933
3933
584
584
584
7544
13226
14067
14067
5787
584
7544
7544
13226
13226
5787
7544
7544
13226
6287
7544
6287
880
587
880
880
7299
587
880
880
880
7299
11919
10815
11786
880
880
880
11027
11027
11027
3951
11786
11786
9049
1952
2178
11027
11027
7449
584
584
584
584
4523
2178
11027
5787
584
584
7544
10407
10407
5787
7544
7544
10407
6287
7544
10407
880
587
880
880
7299
10815
880
880
880
11027
11027
3951
1952
1952
1952
2178
11027
7449
9049
9049
1952
2178
2178
7449
11786
9049
4523
4523
2178
2178
584
584
584
4523
4523
4523
584
7544
10407
10407
7544
10407
880
587
880
880
11027
3951
1952
1952
2178
7449
1952
1952
2178
2178
9049
1952
2178
2178
9049
4523
4523
2178
9049
4523
4523
4523
584
584
4523
4523
7544
10407
880
3951
1952
2178
1952
2178
1952
2178
1952
2178
4523
4523
4523
4523
4523
4523
584
4523
1954
1954
1954
1954
1954
1954
1954
1954
1954
1904
11364
1904
11364
1904
11364
1904
1684
621
3669
3669
5096
1954
1954
1954
3597
1954
1954
1954
3597
1954
1954
1904
3597
1954
11364
1904
12056
11364
11364
1904
12056
11364
9102
4094
5561
1684
1684
621
5561
1684
3669
3669
5096
3669
3669
3669
5096
5096
1954
1954
1954
1954
14187
3597
1954
1954
1954
1904
3597
3597
1954
11364
9102
4094
3597
12056
11364
9102
9102
4094
5561
5561
1684
1684
1684
621
5561
5561
1684
1684
5561
7222
3669
3669
9724
3669
3669
1610
5096
5096
3669
3669
1610
1514
5096
5096
5096
1954
1954
1610
8872
1514
14187
14187
3597
1954
9102
9102
9102
4094
9265
556
5561
1684
1684
1684
1684
621
556
5561
5561
1684
1684
1684
5561
5561
10091
1684
5561
7222
1610
1610
9724
1610
1610
1610
5096
9724
1610
1610
1610
1514
5096
5096
5096
1610
1610
8872
8872
1514
1901
1901
1901
1901
556
1684
1684
1684
1684
621
9265
9265
556
556
1684
1684
1684
1684
556
556
556
10091
1684
1684
556
556
10091
7222
556
7222
1610
1610
13400
1610
1610
1514
9724
13400
1610
1610
8872
1514
1901
1901
11174
1610
8872
8872
8872
1036
1901
1901
1901
3410
4752
10673
10673
6445
1901
1901
1901
556
3410
1684
1684
1684
9265
556
556
9722
9722
1684
556
556
9722
1531
556
1531
1610
1610
13400
1610
1610
1514
11174
11174
1610
8872
8872
1036
11174
11174
4752
4752
10673
6445
1901
12831
3410
4752
4752
6445
1901
1901
3410
3410
3410
4752
1901
1901
556
3410
3410
1531
556
556
9722
1531
556
1531
1610
1514
11174
1610
8872
1036
11174
4752
4752
6445
11174
4752
4752
4752
12831
3410
4752
4752
12831
3410
3410
3410
1901
3410
3410
3410
1901
556
3410
1531
556
1531
1610
1036
4752
4752
4752
4752
4752
4752
3410
4752
3410
3410
3410
3410
3410
3410
556
1531
5782
8025
7730
8025
7730
8025
7730
8025
7730
13740
11907
13740
11907
13740
11907
4641
1951
726
7530
12152
5782
5782
13643
8025
5782
7730
13643
8025
7730
7730
13643
8025
7730
7730
13740
13740
11907
11907
13740
4641
11907
11907
4743
4641
9305
1951
1951
726
9305
1951
7530
12152
7530
7530
14148
12152
5782
5782
5782
13643
13643
8025
5782
5782
7730
13643
13643
4641
5782
7730
7730
13740
4743
4641
7730
11907
11907
4743
4743
4641
9305
9305
1951
1951
1951
726
9305
9305
1951
1951
9305
8628
7530
12152
7530
7530
14148
2318
12010
7530
7530
14148
6655
2318
5782
5782
5782
5782
13643
4743
4743
4641
5782
5782
5782
7730
4743
4743
4743
4641
587
587
9305
1951
1951
1951
1951
726
9305
9305
9305
1951
1951
1951
9305
9305
9871
1951
9305
8628
1904
2318
7530
1904
6655
2318
7530
7530
1904
6655
6655
11790
12010
12010
7530
1904
6655
11790
11790
11790
587
587
587
587
587
1951
1951
1951
1951
726
587
587
587
7220
1951
1951
1951
1951
587
10815
7220
9871
1951
1951
10815
7220
9871
8628
7220
8628
1904
2318
1904
1904
6655
2318
1904
1904
1904
6655
11790
11790
3442
1514
1904
1904
11360
11360
11360
1208
3442
3442
1514
1514
8780
11360
11360
8363
587
587
587
587
7220
1951
1951
1951
587
587
7220
7220
7220
1951
10815
7220
7220
7220
7220
7220
1904
2318
1904
1904
6655
11790
1904
1904
1904
11360
11360
1208
1514
4094
4094
8780
11360
8363
1514
1514
1514
8780
8780
8363
3442
1514
1514
7562
7562
8254
587
587
587
7220
7220
1036
587
7220
7220
7220
7220
7220
1904
2318
1904
1904
11360
1208
4094
4094
8780
8363
4094
4094
8780
8254
1514
1514
8780
8254
1514
1514
7562
1036
1514
1514
7562
1036
587
587
7220
1036
7220
7220
1904
1208
4094
8254
4094
8254
4094
8254
1514
8254
1514
1036
1514
1036
1514
1036
587
1036
5223
8025
8025
8025
8025
14115
14115
14115
4641
5223
12152
5223
5223
8025
8025
10042
8025
8025
10042
8025
8025
14115
14177
14115
14115
14177
14115
11195
4641
4641
8711
4641
8711
5223
11264
5223
5223
12152
12152
5223
5223
5223
12152
8025
8025
10042
10042
8025
8025
8025
14115
11195
8025
14177
14115
11195
11195
4641
4641
4641
8711
8711
4641
4641
8711
8711
4641
9002
5223
11264
5223
5223
13173
11264
5223
5223
5223
12152
12152
12152
5223
5223
5223
11195
12152
12152
8025
8025
11195
11195
11195
2318
2318
4641
4641
8711
8711
8711
4641
4641
4641
8711
8711
8711
4641
4641
10792
8711
4641
9002
5223
11264
5223
12750
11264
11264
5223
12750
11368
13173
13173
11264
5223
11368
11368
11368
2318
2318
2318
2318
907
1546
1546
1546
1546
2318
2318
2318
4641
8711
8711
8711
8711
2318
14069
4641
10792
8711
8711
14069
4641
10792
9002
4641
9002
6131
6131
6131
12750
6131
6131
6131
11368
11368
3073
907
4742
1546
1546
1546
1546
3073
3073
907
907
1546
1546
1546
1546
2318
2318
2318
907
9304
1546
1546
1546
2318
2318
9618
9618
9618
8711
14069
9618
9618
1208
9618
1208
6131
6131
6131
11368
4742
4742
1546
1546
1546
907
4742
4742
1546
1546
1546
907
907
907
12823
1546
1546
3073
907
907
9304
9304
1546
2318
2318
907
9304
9304
1208
2318
9618
9618
1208
9618
1208
6131
4742
1546
1546
4742
4742
1546
1546
4742
4742
12823
1546
907
907
12823
9144
907
907
9304
2371
907
907
9304
2371
2318
907
9304
1208
9618
1208
1546
4742
1546
4742
9144
4742
9144
907
9144
907
2371
907
2371
907
2371
907
1208
3668
3668
3668
3668
2522
2522
2522
2522
2522
112
109
337
3826
7624
9612
7624
7624
9612
7624
7624
9612
7624
2522
5717
2522
2522
5717
2522
2522
5717
2522
2522
5717
2522
2522
112
978
109
337
3826
109
2377
337
3826
3826
7624
11033
9612
3826
7624
7624
11033
5717
7624
7624
2522
7306
5717
2522
2522
2522
7306
5717
2522
2522
2522
5735
5735
2522
2522
2522
5735
112
3693
4724
112
978
109
337
109
109
2377
337
3826
3826
109
2377
2377
337
3826
3826
3826
7624
11033
7306
5717
3826
3826
7624
2522
7306
5735
5735
3826
2522
2522
2522
5735
5735
5735
2522
2522
2522
2522
5735
5735
112
3693
13710
4724
4724
112
3693
4724
4724
978
109
337
109
109
2377
337
11809
109
109
2377
2377
581
3826
3826
3826
109
2377
581
581
581
3826
3826
3826
3826
2522
5735
5735
5735
5735
3826
3826
2522
2522
2522
5735
5735
5735
112
1234
9222
13710
4724
4724
6581
112
1234
13710
4724
4724
112
3693
4724
4724
978
109
3853
109
109
9902
3853
109
109
109
9902
581
581
11809
11809
109
109
581
581
581
581
3826
3826
3826
3826
109
581
581
581
581
112
5098
5098
5098
5098
595
4724
6581
6581
112
5098
5098
9222
595
4724
4724
112
1234
9222
595
4724
4724
1234
595
4724
595
1566
3853
1566
1566
9902
581
109
1566
1566
581
581
581
11237
109
1566
581
581
581
581
197
11237
11237
3584
3584
9248
11576
11576
1592
5098
5098
5098
595
595
595
6581
112
5098
5098
5098
595
595
595
112
1234
9222
595
595
595
1234
595
595
595
1566
3853
1566
1566
581
581
1566
1566
581
581
581
197
3584
4584
4584
9248
11576
1592
3584
3584
3584
9248
9248
1592
11237
3584
3584
9484
9248
1592
5098
5098
595
595
595
595
5098
5098
595
595
595
1234
595
595
595
1566
581
1566
581
581
197
4584
4584
9248
1592
4584
4584
9248
1592
3584
3584
9248
7856
3584
3584
9484
5040
3584
3584
9484
5040
5098
595
595
595
1234
595
595
595
581
197
4584
1592
4584
7856
4584
7856
3584
7856
3584
5040
3584
5040
3584
5040
595
595
595
3668
3668
4992
7874
4992
7874
4992
7874
4992
6213
6213
6213
6213
6213
6213
1628
1257
913
3668
3668
3811
3668
3668
3668
3811
4992
7874
7874
4992
4992
7874
6213
4992
4992
6213
6213
13934
6213
6213
1628
13934
6213
6213
1628
9815
1257
3531
913
1257
1257
3668
3668
10632
3668
3668
3668
3811
3811
3668
3668
3668
3668
3811
3811
4992
7874
6213
1628
3811
4992
4992
6213
6213
1628
4992
13934
6213
6213
9221
1628
9815
9815
1257
3531
3531
913
9815
1257
1257
3531
1257
1257
3668
3668
10632
3668
3668
3668
14102
10632
3668
3668
3668
1497
3811
3811
3811
3668
3668
3668
9221
1497
3811
3811
3811
4992
6213
9221
9221
1628
3811
3811
9815
1257
3531
3531
3531
913
4522
9815
1257
1257
3531
3531
9815
1257
1257
1257
1257
1257
3668
8639
10632
3668
11904
8639
10632
10632
3668
11904
11904
1497
14102
14102
10632
3668
11904
14094
14094
1497
3811
3811
3811
3811
110
3531
3531
3531
3531
913
8638
8638
4522
110
1257
3531
3531
3531
4522
4522
110
1257
1257
3531
4522
110
1257
1257
110
1257
5667
8639
5667
5667
11904
1497
5667
5667
5667
11904
14094
1497
11279
1234
3693
3693
5827
5827
5827
1497
11279
11279
1234
1234
5827
5827
5827
5827
8638
8638
8638
110
110
110
3531
3531
8638
4522
110
110
110
1257
4522
110
110
110
110
110
5667
8639
5667
5667
11904
1497
3693
3693
3693
5827
5827
1497
1234
3693
3693
5827
5827
5827
1234
1234
1234
12574
5827
5827
11279
1234
1234
13861
12574
5827
8638
8638
110
110
110
110
4522
110
110
110
110
110
5667
1497
3693
3693
5827
1497
3693
3693
5827
5827
3693
3693
12574
5827
1234
1234
12574
7657
1234
1234
13861
3128
1234
1234
13861
3128
8638
110
110
110
110
110
3693
1497
3693
5827
3693
7657
3693
7657
1234
7657
1234
3128
1234
3128
1234
3128
110
110
1034
1034
1034
1034
1034
1681
1681
1681
1681
332
440
1034
958
7666
1034
7666
7666
1034
7666
7666
1034
7666
2557
5768
2557
2557
5768
2557
2557
5768
2557
2557
5768
2557
2557
442
619
440
1233
958
440
4287
1034
958
958
7666
8469
1034
958
7666
7666
8469
1034
7666
7666
2557
13166
5768
2557
2557
2557
13166
5768
2557
2557
2557
11466
10652
2557
2557
2557
11466
442
9057
8247
442
619
440
1233
440
440
4287
1233
958
958
440
4287
4287
1034
958
958
958
7666
8469
8469
5768
958
958
7666
2557
13166
11466
10652
958
2557
2557
2557
11466
11466
10652
2557
2557
2557
2557
11466
11466
442
9057
13553
8247
8247
442
9057
8247
8247
619
440
1233
440
440
4287
1233
5513
440
440
4287
4124
1996
958
958
958
440
4287
1996
1996
1996
958
958
958
958
2557
11466
11466
11466
10652
61
61
61
2557
2557
11466
11466
11466
442
61
8485
13553
8247
8247
11686
442
2666
13553
8247
8247
442
9057
8247
8247
619
440
4124
440
440
4124
4124
440
440
440
4124
1996
1996
5513
5513
440
440
1996
1996
1996
1996
61
61
61
61
61
1996
1996
1996
1996
442
61
61
61
61
1033
8247
11686
11686
442
61
61
8485
1033
8247
8247
442
2666
8485
1033
8247
8247
2666
1033
8247
367
4124
4124
4722
4124
4124
1996
440
4722
4124
1996
1996
1996
3678
440
4722
1996
1996
1996
1996
745
3678
3678
3678
7737
7737
10809
10809
4733
61
61
61
61
1033
1033
10809
442
61
61
61
1033
1033
1033
442
61
8485
1033
1033
1033
2666
1033
1033
367
4124
4124
4722
4124
1996
1996
4722
4722
1996
1996
1996
745
9034
9394
7737
7737
10809
4733
3678
9034
7737
7737
7737
4733
3678
3678
9034
13469
7737
3835
61
61
61
1033
1033
1033
61
61
1033
1033
1033
2666
1033
1033
367
4124
1996
4722
1996
1996
745
9394
7737
7737
4733
9394
7737
7737
3835
9034
7737
7737
3835
9034
9034
13469
3835
3678
9034
13469
3955
61
61
1033
1033
61
1033
1033
367
1996
745
7737
3835
7737
3835
7737
3835
7737
3835
9034
3955
9034
3955
9034
3955
61
1033
367
337
3700
3700
3700
3700
3700
3700
3700
1681
1681
1681
1681
1681
1681
1681
1681
1681
4685
7900
7900
337
337
3700
3700
8526
3700
3700
3700
12872
3700
3700
1681
12872
1681
1681
1681
11442
1681
1681
1681
11442
1681
1681
4685
9057
1681
5788
4685
9057
619
7900
7900
337
7900
7900
7900
337
337
337
3700
3700
3700
8526
8526
3700
3700
1681
1681
8526
12872
1681
1681
1681
4685
11442
11442
1681
1681
10071
4685
9057
9057
1681
5788
5788
4685
9057
9057
5788
5788
9057
619
7900
7900
9612
7900
7900
5438
337
337
7900
7900
7900
4078
337
337
337
337
3700
1681
10071
4078
8526
8526
8526
1681
1681
10071
10071
4685
7642
2666
9057
1681
5788
5788
5788
4685
2666
9057
9057
5788
5788
5788
9057
9057
9824
619
9057
619
5717
5438
9612
5717
11585
5438
337
9612
5717
11585
11585
4078
337
337
337
5717
11585
12293
12293
4078
337
337
337
337
197
5788
5788
5788
5788
3099
7642
7642
2666
2666
5788
5788
5788
5788
2666
2666
2666
9824
5788
5788
2666
2666
9824
619
2666
619
5717
5438
5717
5717
11585
4078
5717
5717
5717
11585
12293
4078
337
337
5717
2536
7854
7854
7854
3099
3853
3853
1924
197
2536
7854
7854
7854
3853
3853
3853
197
197
197
5788
5788
7642
2666
2666
13968
9824
619
2666
2666
13968
619
2666
5962
5717
5438
5717
5717
11585
4078
5717
5717
2536
7854
7854
3099
1924
8065
2536
2536
7854
7854
1924
1924
197
2536
2536
7854
3853
1924
197
197
197
2536
3853
3853
197
197
197
197
2666
2666
13968
5962
2666
5962
5717
4078
5717
2536
7854
3099
8065
2536
2536
7854
8065
2536
2536
2536
1924
197
2536
2536
1924
197
197
197
1924
197
197
197
3853
197
197
197
2666
5962
2536
3099
2536
2536
2536
2536
2536
2536
197
2536
197
197
197
197
197
197
197
197
1034
2668
8424
8424
8424
8424
8424
8424
1073
1073
1073
1073
1073
1073
1073
1073
1073
4228
1034
2668
1233
1034
8424
2668
5560
8424
8424
8424
13554
8424
8424
1073
13554
1073
1073
1073
13674
1073
1073
1073
13674
1073
1073
8361
1399
1073
8468
4228
1399
2017
1034
2668
1034
1034
12444
2668
1233
1233
1034
8424
8424
2668
5560
5560
8424
8424
1073
1073
5560
13554
1073
1073
1073
8361
13554
13674
1073
1073
10121
8361
1399
1399
1073
8468
8468
4228
1399
1399
4285
8468
1399
2017
1034
2668
1034
1034
12444
2668
1233
1034
1034
12444
12444
3849
1233
1233
1233
1034
8424
1073
10121
3849
5560
5560
5560
1073
1073
10121
10121
8361
5560
1399
1399
1073
8468
8468
8468
4228
1399
1399
1399
4285
8468
8468
1399
1399
4285
2017
1399
2017
1034
5473
1034
1034
12845
5473
1034
1034
1034
12845
12845
3849
1233
1233
1034
1034
12845
14338
14338
3849
1233
1233
1233
1233
745
3833
3833
3833
3833
3833
8923
8923
6812
1399
4285
8468
8468
8468
6812
6812
1399
4285
4285
8468
6812
1399
4285
2017
1399
2017
5768
5473
5768
5768
12845
3849
1034
5768
5768
12845
14338
3849
1233
1034
5768
3833
3833
3833
3833
3833
9115
9115
4912
745
3833
3833
3833
3833
8923
8923
8923
745
745
745
3833
3833
8923
6812
6812
10719
4285
2017
6812
6812
10719
2017
6812
10719
5768
5473
5768
5768
12845
3849
5768
5768
3833
3833
3833
3833
4912
10652
6772
3833
3833
3833
4912
4912
745
6772
3833
3833
9115
4912
745
745
745
3833
8923
8923
745
745
745
745
6812
6812
10719
10719
6812
10719
5768
3849
5768
3833
3833
3833
10652
6772
3833
3833
10652
6772
6772
3833
4912
745
6772
6772
4912
745
745
745
4912
745
745
745
8923
745
745
745
6812
10719
3833
3833
6772
3833
6772
6772
6772
6772
745
6772
745
745
745
745
745
745
745
745
4276
4276
4276
4276
2808
2808
2808
2808
2808
3889
9273
3889
10363
9273
9768
10363
9273
9768
10363
9273
9768
6212
10331
6212
6212
10331
6212
6212
10331
6212
6212
6025
5454
2381
2701
319
9507
12411
3889
3889
10363
9273
3889
3889
10363
10363
9273
3889
12418
10363
10363
9273
9768
12418
6212
13822
10331
6212
6212
6212
13822
6025
6212
6212
6212
10602
6025
5454
6212
2381
2701
2701
5454
2381
2381
319
9507
12411
9507
9507
12411
12411
3889
3889
3889
10363
10363
9273
3889
3889
3889
10363
10363
10363
6025
3889
3889
12418
6212
13822
10602
6025
3889
6212
6212
6212
10602
10602
6025
5454
6212
6212
2381
2701
2701
2701
5454
10324
2381
2381
2701
5454
2381
2381
319
9507
12411
9507
9507
12411
5528
13293
9507
9507
12411
5528
3813
3889
3889
3889
3889
10363
5528
10602
3813
3889
3889
3889
3889
6212
10602
10602
10602
6025
3889
3889
1561
6212
2381
2701
2701
2701
2701
542
1561
10324
2381
2381
2701
2701
542
10324
2381
2381
2381
5454
2381
2381
319
5528
5528
9507
5528
5528
5528
9507
9507
5528
5528
5528
3813
13293
13293
9507
5528
5528
10865
10865
3813
3889
3889
3889
3889
1094
2701
2701
2701
2701
1703
8218
10065
10065
1561
1094
2381
2701
2701
2701
8218
1561
1561
1094
2381
2381
2701
542
1561
1094
2381
2381
542
1094
2381
319
5528
5528
10066
5528
5528
3813
9507
10066
5528
5528
10865
3813
8639
1497
1628
1628
9766
9766
9766
1703
8639
8639
1497
1497
4804
9766
9766
8202
8639
8639
8639
1094
1094
1094
2701
2701
8218
10065
1561
1094
1094
1094
2381
542
1561
1094
1094
1094
542
1094
1094
542
5528
5528
10066
5528
5528
3813
1628
1628
1628
9766
9766
1703
1497
1628
1628
4804
9766
8202
1497
1497
1497
4804
4804
8202
8639
1497
1497
11489
4804
3981
8639
8639
1094
1094
1094
1094
8218
1561
1094
1094
1094
542
1094
1094
542
5528
3813
1628
1628
9766
1703
1628
1628
4804
8202
1628
1628
4804
3981
1497
1497
4804
3981
1497
1497
11489
3690
1497
1497
11489
3690
8639
1094
1094
1094
542
1094
1094
542
1628
1703
1628
3981
1628
3981
1628
3981
1497
3981
1497
3690
1497
3690
1497
3690
1094
1094
542
3934
3934
3934
3934
3934
3934
3934
3934
3934
10114
10114
10114
10114
10114
10114
1971
3207
1971
9768
12442
7884
3934
3934
3934
13476
3934
3934
3934
13921
3934
3934
3934
13921
3934
10114
10114
10341
10114
10114
1971
10341
10114
4717
1971
4685
3207
3207
1971
4685
3207
9768
12442
7884
9768
12442
12442
7884
7884
3934
3934
3934
3934
13476
13476
3934
3934
3934
1971
13476
13921
3934
10114
4717
1971
10341
10341
10114
4717
4717
1971
4685
4685
3207
3207
3207
1971
4685
4685
3207
3207
4685
9055
9768
12442
9768
9768
12442
2808
7884
7884
9768
12442
2808
2808
7884
7884
7884
3934
3934
2808
4717
1971
13476
13476
13476
3934
4717
4717
4717
1971
5438
4078
4685
3207
3207
3207
3207
1971
4078
4685
4685
3207
3207
3207
4685
4685
12775
3207
4685
9055
2808
2808
9768
2808
2808
2808
7884
9768
2808
2808
2808
7663
7884
7884
7884
2808
2808
13767
13767
7663
5438
5438
5438
5438
542
3207
3207
3207
3207
1221
5438
5438
4078
4078
3207
3207
3207
3207
4078
4078
4078
12775
3207
3207
4078
4078
12775
9055
4078
9055
2808
2808
7272
2808
2808
2808
7272
7272
2808
2808
13767
7663
7884
542
5454
2808
3698
3698
3698
1221
8218
8218
542
542
3698
3698
3698
3427
5438
5438
5438
542
1549
1549
3207
3207
5438
4078
4078
9508
9508
3207
4078
4078
9508
8234
4078
8234
2808
2808
7272
2808
2808
7663
5454
5454
2808
3698
3698
1221
542
5454
5454
3698
3698
3427
542
542
542
5659
3698
3427
8218
542
542
1549
1549
657
5438
5438
542
1549
1549
1492
4078
4078
9508
8234
4078
8234
2808
2808
5454
2808
3698
1221
5454
5454
3698
3427
5454
5454
5659
657
542
542
5659
657
542
542
1549
657
542
542
1549
1492
5438
542
1549
1492
4078
8234
2808
1221
5454
657
5454
657
5454
657
542
657
542
1492
542
1492
542
1492
542
1492
4803
4276
4803
7418
4803
7418
4803
7418
4803
3166
5132
3166
5132
3166
5132
3166
1741
6053
9273
4276
8539
4803
7418
4276
4803
4803
7418
7418
4803
4803
7418
3166
4803
4803
5176
3166
5132
5132
5176
3166
5132
5132
5176
8606
5132
1741
7603
6053
1741
1741
9273
4276
9273
9273
9691
4276
8539
8539
4803
7418
7418
4276
8539
4803
4803
7418
5176
3166
4803
4803
4803
5176
5176
8606
4803
5132
5132
5176
8606
8606
5132
5132
1741
7603
7603
6053
13395
1741
1741
6053
1741
1741
9273
4276
9273
9273
9691
4276
13416
9273
9273
9691
9691
10305
8539
8539
8539
4803
7418
5176
8606
8606
8539
8539
4803
4803
5176
8606
8606
8606
4065
3666
5132
1741
7603
7603
7603
6053
3666
13395
1741
1741
7603
6053
13395
1741
1741
1741
1741
1741
9273
10305
9273
9273
12013
10305
9273
9273
9273
12013
12013
10374
13416
13416
9273
9273
12013
12790
12790
10374
4065
4065
4065
4065
1741
7603
7603
7603
7603
4157
4065
4065
3666
1741
1741
7603
7603
6053
3666
3666
1741
1741
1741
6053
3666
1741
1741
1741
1741
1741
10331
10305
10331
10331
12013
10305
9273
10331
10331
12013
12790
10374
7086
3813
6025
6025
12790
12790
12790
4157
7086
7086
3813
3813
10614
14373
14373
4806
4065
4065
4065
3666
5900
1741
7603
4806
4065
3666
3666
5900
1741
1741
3666
3666
5900
1741
3666
5900
10331
10305
10331
10331
12013
10374
6025
6025
6025
12790
12790
4157
3813
6025
6025
10614
14373
4806
3813
3813
3813
10614
10614
4806
7086
3813
3813
11542
10614
4806
4065
4065
3666
5900
5900
1703
3666
3666
5900
5900
3666
5900
10331
10305
6025
6025
12790
4157
6025
6025
10614
4806
6025
6025
10614
4806
3813
3813
10614
7339
3813
3813
11542
1703
3813
3813
11542
1703
4065
3666
5900
1703
3666
5900
6025
4157
6025
4806
6025
7339
6025
7339
3813
7339
3813
1703
3813
1703
3813
1703
3666
1703
2668
4201
4201
4201
4201
4201
4201
4201
1042
1042
1042
1042
1042
1042
1042
1042
1042
2757
2668
8537
2668
2668
5126
4201
4201
12228
4201
4201
4201
12228
4201
4201
1042
14082
1042
1042
1042
14082
1042
1042
1042
8361
1042
1042
1042
8361
4947
2757
2757
2757
2668
13104
2668
2668
8537
8537
2668
2668
2668
5126
8537
4201
4201
12228
12228
5126
4201
4201
1042
14082
8361
4201
1042
1042
1042
8361
8361
1042
1042
1042
1042
8361
8361
4947
9461
2757
2757
9760
4947
2757
2757
2757
2668
13104
2668
2668
13532
13104
2668
2668
2668
8537
8537
8537
2668
2668
2668
3849
5126
8537
8537
4201
1042
8361
8361
8361
5126
6900
1042
1042
1042
8361
8361
8361
6900
9461
9461
2757
2757
9760
9760
4947
9461
2757
2757
2757
4947
2757
2757
2757
2668
13104
2668
5473
13104
13104
2668
5473
3849
13532
13532
13104
2668
3849
3849
3849
6900
6900
6900
6900
1042
3849
3849
3849
3849
6900
6900
6900
6900
2757
2757
9760
9760
9760
6900
6900
14389
2757
2757
2757
9760
7886
14389
2757
2757
2757
7886
2757
2757
1743
5473
10894
5473
5473
10894
10894
5473
3849
3849
11963
1971
1971
1971
3849
3849
3849
11963
11963
7663
1971
4710
13477
13477
6144
6900
6900
6900
6900
9062
2757
9760
6144
6900
6900
6900
9062
9062
2757
2757
6900
14389
9062
9062
2757
7886
9062
8988
1743
5473
10894
5473
3849
1971
1971
1971
3849
3849
1971
1971
1971
4710
13477
6144
7663
7663
1971
4710
4710
6144
11963
7663
7663
10390
4710
2393
6900
6900
6900
9062
9062
2048
6900
6900
9062
9062
8988
7886
9062
8988
1743
5473
1971
1971
3849
1971
1971
4710
6144
1971
1971
4710
2393
7663
1971
4710
2393
7663
7663
10390
2048
7663
7663
10390
2048
6900
6900
9062
2048
6900
9062
8988
1743
1971
1971
2393
1971
2393
1971
2393
1971
2393
7663
2048
7663
2048
7663
2048
6900
2048
1743
1740
1740
1740
1740
1740
10850
10850
10850
2669
5413
4276
1740
1740
5126
1740
1740
12280
1740
1740
12280
1740
10850
13748
10850
10850
13748
10850
9111
4947
2669
2669
4947
2669
5413
4276
5413
5413
4276
4276
1740
1740
1740
5126
5126
1740
1740
1740
5126
12280
1740
10850
9111
12280
13748
10850
9111
9111
4947
4947
2669
2669
2669
4947
4947
2669
2669
4947
6711
5413
9220
5413
5413
4276
4276
5413
5413
2425
4276
4276
4276
1740
1740
1740
9111
5126
5126
5126
1740
9111
9111
9111
5126
4947
4947
2669
2669
2669
2669
4947
4947
4947
2669
2669
2669
4947
4947
9458
2669
4947
6711
2425
9220
2425
2425
4276
9220
2425
2425
2425
4276
4276
4276
2425
2425
12949
12949
4276
4276
4276
4276
1740
2669
2669
2669
2669
12466
12466
7886
4947
2669
2669
2669
2669
7886
7886
4947
9458
2669
2669
7886
4947
9458
6711
4947
6711
2425
3166
2425
2425
3166
3166
2425
2425
12949
4276
3166
3166
2425
7345
7345
7345
10305
10305
10305
6119
6119
7345
7345
7345
10305
10305
10305
7886
8360
2669
2669
2669
12466
7886
7886
14086
9458
2669
7886
7886
14086
1743
7886
1743
2425
3166
2425
2425
3166
3166
2425
7345
7345
10374
12236
6119
6119
7345
7345
10305
10374
6119
6119
6119
7345
10305
10305
8360
8360
6119
6119
10305
10305
7886
8360
8360
1743
7886
7886
14086
1743
7886
1743
2425
3166
2425
7345
12236
6119
6119
7345
12236
6119
6119
6119
10374
6119
6119
6119
10374
8360
8360
6119
10305
8360
8360
8360
10305
7886
8360
1743
7886
1743
2425
6119
6119
6119
6119
6119
6119
6119
6119
8360
8360
8360
8360
8360
8360
7886
1743
208
208
208
208
208
361
361
361
361
208
610
208
208
610
208
208
610
208
208
610
208
208
5920
2640
2640
5920
2640
2640
5920
2640
2640
3649
2640
2640
2547
2651
2597
2597
1702
208
2597
610
4134
208
208
13745
610
208
208
208
13745
610
208
208
208
7946
5920
208
2640
2640
7946
3649
2640
2640
2640
3649
3649
2640
2640
2640
3649
2547
5795
5795
2651
2651
2597
2597
1702
2597
2597
2597
1702
1702
208
2597
2597
610
4134
9108
208
208
13745
7946
3649
4134
208
208
208
7946
3649
3649
208
208
2640
2640
3649
3649
3649
2640
2640
2640
2640
3649
3649
2547
5795
5795
5795
5902
5293
5795
5795
2651
2651
2597
2597
4416
2597
2597
203
1702
1702
2597
2597
203
203
1702
1702
1702
208
2597
203
3649
3649
4134
9108
9108
208
208
3649
3649
3649
3649
373
9108
208
2640
2640
3649
3649
3649
2547
373
5200
5795
5795
5902
5902
5293
5200
5795
5795
14018
2651
5795
5795
2651
2651
203
203
4416
203
203
203
1702
4416
203
203
203
3786
1702
1702
1702
203
203
4983
4983
3786
1702
1702
1702
1702
203
3649
3649
3649
3649
1599
373
10418
10418
5200
4682
5902
5902
5902
5293
373
5200
5200
4682
14018
5902
5293
5200
5200
4682
14018
2651
5200
4682
2651
2651
203
203
10330
203
203
203
4416
10330
203
203
4983
3786
1702
1702
7237
203
3919
3919
3919
1599
10747
10747
10747
1106
3919
3919
3919
3919
10418
10418
10418
1106
1106
1106
3919
3919
373
10418
5200
4682
4682
4682
2651
373
5200
4682
4682
2651
5200
4682
4682
2700
203
203
10330
203
203
3786
7237
7237
203
3919
3919
1599
7237
7237
6518
3919
3919
3919
10747
13180
1106
6518
3919
3919
10747
10747
1106
1106
1106
3919
10418
10418
1106
1106
1106
1106
373
5200
4682
4682
4682
5200
4682
4682
2700
203
203
7237
203
3919
1599
7237
6518
3919
3919
7237
6518
6518
3919
13180
1106
6518
6518
13180
1106
1106
1106
10747
1106
1106
1106
10418
1106
1106
1106
373
4682
4682
2700
203
1599
6518
3919
6518
6518
6518
6518
1106
6518
1106
1106
1106
1106
1106
1106
1106
1106
2700
2259
3650
3920
6024
3920
6024
3920
6024
1021
1021
1021
1021
1021
1021
1021
1021
1021
2259
3650
4134
2259
8193
3650
3920
3920
8193
6024
3920
3920
8193
1021
3920
1021
1021
1021
8580
1021
1021
1021
8580
1021
1021
4415
8580
1021
4415
11674
2260
2259
3650
2259
2259
11230
3650
4134
4134
2259
8193
8193
3650
4134
3920
3920
8193
1021
1021
3920
3920
1021
1021
1021
4415
3920
8580
1021
1021
4415
4415
8580
8580
1021
4415
4415
11674
11674
8082
2260
11674
9372
2259
3650
2259
2259
11230
3650
7553
2259
2259
11230
3952
3952
4134
4134
4134
2259
8193
1021
4415
4415
4134
4134
3920
1021
1021
4415
4415
4415
373
373
8580
1021
4415
4415
4415
8994
11674
11674
8082
8082
2260
11674
11674
12031
2260
11674
9372
2259
3952
2259
2259
3952
3952
2259
2259
2259
3952
3952
7401
7553
7553
2259
2259
3952
7401
7401
7401
373
373
373
373
373
4415
4415
4415
4415
373
373
373
4064
8082
8082
8082
2260
373
8994
4064
12031
8082
2260
8994
4064
12031
9372
4064
9372
3952
3952
10043
3952
3952
3952
2259
10043
3952
3952
7401
7401
7553
2259
2672
2672
7401
7401
7401
13260
13260
5903
2672
9106
12657
12657
12059
373
373
373
373
3648
3648
8082
2260
373
373
4064
4064
4064
2260
8994
4064
4064
4064
4064
4064
3952
3952
10043
3952
3952
7401
2672
2672
2672
7401
7401
2672
2672
2672
9106
12657
12059
5903
5903
2672
9106
9106
12059
13260
5903
3648
3648
3648
5849
373
373
373
3648
3648
3648
373
4064
4064
4064
4064
4064
3952
3952
2672
2672
7401
2672
2672
9106
12059
2672
2672
9106
5849
5903
2672
9106
5849
5903
3648
3648
3648
5903
3648
3648
3648
373
373
3648
3648
4064
4064
2672
2672
5849
2672
5849
2672
5849
2672
5849
3648
3648
3648
3648
3648
3648
373
3648
4013
4013
4013
4013
2614
2614
2614
2614
2614
349
353
2160
1001
5104
8124
5104
5104
8124
5104
5104
8124
5104
5104
7938
2614
7938
7938
2614
7938
7938
2614
7938
7452
2614
3785
1538
576
2160
2160
353
353
2160
2160
1001
5104
5104
8124
8124
1001
5104
5104
8124
7938
5104
5104
5104
7938
7938
2614
9978
7938
7938
7452
2614
9978
7938
7452
7452
2614
9978
3785
3785
1538
3021
11131
576
576
2160
2160
353
2160
2160
2160
353
353
353
2160
2160
2160
1001
7899
5104
5104
8124
7938
7452
1001
5104
5104
5104
7938
7452
7452
1001
5104
9978
7938
7452
7452
7452
2614
9978
9978
3785
3785
3785
1538
3021
12310
11131
3785
3785
3021
11131
576
576
2160
2160
13547
2160
2160
2160
353
353
2160
2160
2160
5705
353
353
353
353
2160
2160
7452
5705
1001
7899
7899
5104
5104
7452
7452
7452
7452
64
6452
2515
9978
3785
3785
3785
3785
1538
64
2515
12310
11131
3785
3785
3785
2515
12310
11131
11131
576
3021
11131
576
576
2160
7240
13547
2160
7240
7240
353
13547
2160
7240
7240
5705
353
353
353
2160
7240
14205
14205
5705
353
353
353
353
205
2527
2527
2527
2527
1538
64
6452
6452
2515
2515
3785
3785
3785
3785
64
2515
2515
2515
11131
3785
3785
2515
2515
2515
11131
576
2515
2515
576
576
3489
7240
3489
3489
7240
5705
3489
3489
3489
7240
14205
5705
353
353
3489
2527
2527
2527
2527
2454
3994
3994
3994
205
2527
2527
2527
2527
3994
3994
3994
205
205
205
2527
2527
64
6452
2515
2515
4512
4512
576
64
2515
2515
4512
576
2515
2515
4512
966
3489
7240
3489
3489
7240
5705
3489
3489
2527
2527
2527
2454
5026
5026
2605
2527
2527
2527
3994
9217
205
2605
2527
2527
3994
3994
205
205
205
2527
3994
3994
205
205
205
205
64
2515
2515
4512
4512
2515
2515
4512
966
3489
5705
3489
2527
2527
2454
5026
2605
2527
2527
5026
2605
2605
2527
9217
205
2605
2605
9217
205
205
205
3994
205
205
205
3994
205
205
205
64
2515
4512
966
2527
2454
2605
2527
2605
2605
2605
2605
205
2605
205
205
205
205
205
205
205
205
966
610
1661
610
1661
610
1661
610
1661
610
5751
5751
5751
5751
5751
5751
2645
2645
1024
12552
5797
1001
610
10337
1661
610
610
10337
1661
610
610
10337
1661
610
610
5751
5751
5920
5751
5751
2645
5920
5751
2645
2645
5920
2645
2645
1024
10578
2547
12552
5797
1001
12552
12552
5797
1001
1001
610
10337
10337
1661
8726
610
610
10337
5751
2645
610
610
610
5751
2645
2645
610
5920
5751
2645
2645
2645
5920
5920
2645
2645
2645
1024
10578
10578
9764
5928
10578
2547
12552
5797
12575
12552
12552
5797
1001
1001
12552
12552
8847
5868
1001
1001
1001
610
10337
2645
2645
2645
8726
8726
610
610
2645
2645
2645
2645
8726
610
5920
2645
2645
2645
2645
1024
3786
10578
10578
9764
9764
5928
10578
10578
11787
2547
10578
2547
2614
5868
12575
2614
8847
5868
1001
12575
2614
8847
8847
7163
1001
1001
1001
2614
8847
12646
12646
7163
64
64
64
64
64
2645
2645
2645
2645
612
13743
13743
3786
3786
9764
9764
9764
5928
3786
3786
3786
11787
9764
5928
3786
3786
11787
2547
3786
2547
2614
5868
2614
2614
8847
5868
2614
2614
2614
8847
12646
7163
64
64
2614
2614
10192
10192
10192
612
64
64
64
966
7941
10192
10192
612
64
64
64
64
966
966
9764
612
13743
3786
3786
4636
4636
2547
3786
3786
4636
2547
3786
4037
2614
5868
2614
2614
8847
7163
2614
2614
2614
10192
10192
612
3021
3021
3021
7941
10192
612
64
4800
966
7941
7941
612
64
64
966
966
966
612
64
64
64
966
966
966
3786
3786
4636
4037
3786
4037
2614
5868
2614
2614
10192
612
3021
3021
7941
612
3021
3021
7941
612
4800
966
7941
2974
4800
966
966
966
64
966
966
966
64
64
966
966
3786
4037
2614
612
3021
612
3021
2974
3021
2974
966
2974
966
966
966
966
966
966
64
966
4013
4013
5027
5027
5027
5027
5027
5027
1530
3765
1530
3765
1530
3765
1530
3765
1530
551
4013
4013
4252
4013
4013
4013
5541
5027
5027
5027
10211
5027
5027
3765
10211
1530
7586
3765
1530
1530
7586
3765
1530
1530
7586
5724
1530
1530
9668
551
4830
551
4013
4013
4252
4013
4013
4013
4252
4252
4013
4013
4013
4013
5541
5541
5027
5027
5027
3765
5541
10211
1530
7586
7586
5724
1530
1530
1530
7586
9668
5724
1530
1530
1530
9668
9668
551
4830
4830
5697
551
4830
3438
4013
4013
9538
4013
4013
3411
4252
4252
4013
4013
4013
2420
4252
4252
4252
4013
4013
2420
2420
2420
5541
5541
5541
1530
7586
9668
9668
5724
3408
1530
1530
1530
9668
9668
9668
551
4830
4830
4830
5697
10271
551
4830
4830
5697
551
4830
3438
4013
3411
9538
4013
13805
3411
4252
9538
4013
13805
2420
2420
4252
4252
4252
4013
2420
2420
2420
2420
3408
3408
3408
3408
574
2420
2420
2420
2420
551
3408
3408
3408
574
5697
10271
10271
551
3408
9182
574
5697
5697
551
9182
574
5697
3438
574
3438
10501
3411
10501
10501
13805
2420
9538
10501
10501
2420
2420
2420
4252
4252
7804
2420
2420
2420
2420
926
7378
7378
5705
5705
12480
12480
12480
5516
3408
3408
3408
574
574
574
10271
551
3408
3408
574
574
574
551
9182
574
574
574
574
574
10501
3411
10501
10501
2420
2420
7804
7804
2420
2420
2420
926
5705
7804
7804
12480
12480
5516
5705
5705
5705
13325
12480
5516
7378
5705
5705
13162
13162
5516
3408
3408
574
574
574
574
3408
574
574
574
574
574
10501
2420
7804
2420
2420
926
7804
7804
12480
5516
7804
7804
13325
5516
5705
5705
13325
12083
5705
5705
13162
2454
5705
5705
13162
2454
3408
574
574
574
574
574
2420
926
7804
5516
7804
12083
7804
12083
5705
12083
5705
2454
5705
2454
5705
2454
574
574
3023
3023
3023
3023
3023
3767
3767
3767
3767
4088
5433
4088
4088
5433
4088
4088
5433
4088
4088
5433
4088
4088
7169
4576
7169
7169
4576
7169
7169
4576
7169
7169
3492
7169
3600
10954
11060
5789
4088
9099
5433
7600
4088
4088
9099
5433
4088
4088
4088
9099
5433
4088
4088
4088
7169
7169
4088
10538
7169
7169
7169
4576
10538
7169
7169
10603
3492
10538
7169
8919
3600
3492
12548
3047
10954
11060
5789
10954
13860
11060
5789
5789
4088
9099
9099
5433
7600
7600
4088
4088
9099
7169
7169
7600
4088
4088
4088
7169
7169
10603
4088
4088
10538
7169
7169
10931
10603
3492
10538
10538
7169
8919
8919
3600
3492
12548
12548
8919
8919
3492
12548
3047
10954
11060
10954
10954
13860
4106
5789
5789
10954
13860
4106
4106
5789
5789
5789
4088
9099
4106
10931
9058
7600
7600
7600
4088
4088
7169
10931
10931
10603
1410
1410
1410
10538
7169
8919
8919
8919
3600
1410
7555
12548
12548
8919
8919
8919
3492
12548
12548
14279
3047
3492
12548
3047
4106
4106
10954
4106
4106
4106
5789
10954
4106
4106
4106
9058
5789
5789
5789
4106
4106
14195
14195
9058
1410
1410
1410
1410
1410
7013
7013
7013
7013
3600
1410
1410
1410
1410
5923
8919
8919
8919
8919
1410
1410
7555
5923
14279
8919
8919
7555
7555
5923
14279
3047
7555
5923
3047
4106
4106
5326
4106
4106
4106
5326
5326
4106
4106
14195
9058
5789
2257
2257
2257
7013
7013
7013
5358
13079
13079
10830
2257
7013
7013
7013
5358
1410
1410
1410
1410
3012
3012
7013
5358
1410
1410
1410
5923
5923
5923
3047
1410
7555
5923
5923
3047
7555
5923
5923
4106
4106
5326
4106
4106
9058
2257
2257
2257
7013
7013
5358
2257
2257
2257
7013
7013
5358
10830
10830
2257
10933
7013
5358
13079
10830
3012
3012
3012
5240
1410
1410
1410
3012
3012
509
1410
1410
5923
5923
5923
7555
5923
5923
4106
4106
2257
2257
7013
5358
2257
2257
7013
5358
2257
2257
10933
5240
10830
2257
10933
5240
10830
3012
3012
509
10830
3012
3012
509
1410
1410
3012
509
1410
5923
5923
2257
5358
2257
5240
2257
5240
2257
5240
2257
5240
3012
509
3012
509
3012
509
1410
509
3650
4051
13206
11676
13206
11676
13206
11676
4576
5869
4576
5869
4576
5869
4576
5869
3492
4051
4051
3650
3650
4051
4051
10439
13206
14274
11676
13206
13206
14274
5869
13206
4576
5869
5869
4576
4576
5869
5869
4576
4576
5869
11058
3492
3492
11058
3492
4051
4051
3650
4051
4051
4051
3650
3650
3650
4051
4051
4051
10439
10439
13206
14274
5869
5869
10439
13206
4576
5869
5869
11058
4576
4576
4576
5869
11058
11058
3492
3492
3492
11058
11058
3492
3492
11228
3492
4051
4051
6024
4051
4051
361
3650
3650
4051
4051
361
361
3650
3650
3650
3650
4051
361
6310
6310
10439
10439
10439
4576
5869
11058
11058
11058
3927
3492
3492
3492
11058
11058
11058
3492
3492
3492
11228
13387
3492
3492
11228
3492
361
361
6024
361
361
361
3650
6024
361
361
361
6310
3650
3650
3650
361
361
6310
6310
6310
3650
3650
3650
3650
361
4087
4087
4087
4087
3927
3927
3927
3492
11228
13387
13387
3927
10610
3492
11228
11228
10610
3492
11228
3492
361
361
12449
361
361
361
6024
12449
361
361
6310
6310
3650
3650
8094
361
4087
4087
4087
13645
13645
9052
1840
1840
4087
4087
3927
3927
3927
3515
3515
1840
4087
3927
3927
4607
4607
4607
10610
4607
4607
4607
361
361
12449
361
361
6310
8094
8094
361
4087
4087
8094
8094
1840
1840
4087
9052
9052
1840
1840
1840
13645
9052
3515
3515
1840
3927
3927
3515
3515
3515
3927
4607
4607
4607
361
361
8094
361
4087
8094
1840
1840
8094
1840
1840
9052
1840
1840
9052
3515
3515
9052
3515
3515
3927
3515
3515
4607
361
1840
1840
1840
1840
3515
3515
3515
3515
3490
3490
5433
6462
5433
6462
5433
6462
5433
13797
13797
13797
13797
13797
13797
12231
7535
5207
3490
3490
10696
3490
3490
3490
5433
5433
6462
6462
5433
5433
6462
6462
5433
5433
13797
13797
13806
13797
13797
12231
13806
13797
12506
12231
10603
7535
7601
5207
7535
7535
3490
3490
10025
3490
3490
3490
10696
10696
3490
3490
3490
3490
11060
5433
5433
6462
6462
12231
5433
5433
5433
13797
12506
12231
5433
13806
13797
12506
12506
12231
10603
10603
7535
7601
7601
5207
10603
7535
7535
7601
7535
7535
3490
3490
10025
3490
3490
3490
10696
10025
3490
3490
3490
3484
10696
10696
10696
3490
3490
3490
7743
3484
11060
11060
5433
5433
12506
12506
12506
12231
6185
5433
10603
7535
7601
7601
7601
5207
9058
10603
7535
7535
7601
7601
10603
7535
7535
7535
7535
7535
3490
3641
10025
3490
7772
3641
10025
10025
3490
7772
7743
3484
10696
10696
10025
3490
7743
7743
7743
3484
4091
4091
4091
4091
3490
7601
7601
7601
7601
3484
6185
6185
6185
7535
7535
7601
7601
7601
6185
9058
7535
7535
7535
7601
9058
7535
7535
7535
7535
7535
3692
3641
3692
3692
7772
3484
3692
3692
3692
7743
7743
3484
4091
3692
3692
3692
7743
7743
7743
3484
4091
4091
4091
5790
10028
14120
14120
5767
4091
4091
4091
4091
5790
5790
7601
5767
6185
6185
9058
12054
7535
7535
9058
9058
12054
6575
9058
6575
3692
3641
3692
3692
7743
3484
3692
3692
3692
7743
7743
3484
7375
7375
7375
10028
14120
5767
4091
14244
5790
10028
10028
5767
4091
4091
5790
5790
5790
5767
4091
4091
4091
5790
5790
2795
6185
9058
12054
6575
9058
6575
3692
3484
3692
3692
7743
3484
7375
7375
10028
5767
7375
7375
10028
5767
14244
5790
10028
10028
14244
5790
5790
2795
4091
5790
5790
2795
4091
4091
5790
2795
9058
6575
3692
3484
7375
5767
7375
10028
7375
10028
5790
10028
5790
2795
5790
2795
5790
2795
4091
2795
1661
3023
11676
3023
11676
3023
11676
3023
3767
3767
3767
3767
3767
3767
3767
3767
3767
1563
1661
5797
1661
10367
9808
12172
11676
11676
3023
12578
11676
11676
3023
12578
3767
6747
3023
3767
3767
6747
3767
3767
3767
6747
3767
3767
3767
10335
12443
10498
1987
1563
1661
1661
1661
10367
5797
5797
1661
10367
10367
9808
12172
12172
11676
11676
6747
9808
12172
12578
3767
6747
6747
3023
3767
3767
3767
6747
14147
3767
3767
3767
3767
10335
10335
12443
12443
10498
10335
2667
12443
10498
1987
1563
1661
1661
1661
10367
5797
1661
1661
10367
2938
5797
5797
5797
1661
10367
2938
8248
9808
12172
12172
12172
3767
6747
14147
14147
7245
7245
2493
3767
3767
10335
10335
10335
2493
2493
12443
10498
10335
10335
2667
2493
12443
10498
10498
1987
12443
10498
1987
1563
1661
1661
1661
2938
1661
1661
1661
2938
2938
5797
5797
1661
1661
2938
8248
8248
5797
5797
5797
5797
1024
3020
3020
3020
3020
7245
7245
7245
2493
2493
10335
10335
10335
2667
7245
2493
2493
2493
10498
10335
2667
2493
2493
2493
10498
1987
2493
2493
1987
1563
2938
10150
2938
2938
1661
10150
2938
2938
8248
5797
1661
9740
1024
3020
3020
3020
5868
5868
5868
1024
1024
3020
3020
3020
5868
5868
5868
2493
3750
1024
3020
2667
7245
7245
2493
2493
3750
3750
1987
2493
2493
2493
3750
1987
2493
2493
3750
2493
2938
10150
2938
2938
9740
9740
1024
3020
3020
7163
9740
1024
1024
3020
3020
5868
7163
1024
1024
1024
3020
5868
5868
7163
8205
1024
1024
5868
5868
2493
3750
3750
3750
7245
2493
2493
3750
3750
2493
2493
3750
2493
2938
9740
1024
3020
9740
1024
1024
3020
9740
1024
1024
1024
7163
1024
1024
1024
7163
7163
8205
1024
5868
7163
8205
7338
5868
2493
3750
3750
2493
2493
3750
2493
1024
1024
1024
1024
1024
1024
1024
1024
1024
7163
7338
7163
7338
7163
7338
2493
3750
2493
3023
3023
3023
3023
3023
11436
11436
11436
7901
13630
9808
3023
8126
3023
3023
8126
3023
3023
8126
3023
3023
14381
11436
11436
14381
11436
11436
12231
11436
7901
8004
7901
7901
13630
11223
13630
13630
9808
9808
3023
8126
8126
9808
3023
3023
8126
8126
3023
3023
3023
14381
12231
3023
11436
11436
12231
12231
11436
11436
7901
8004
8004
13793
7901
7901
8004
7901
7901
13630
13711
13630
13630
11223
11223
13630
13630
3641
9808
9808
9808
3023
8126
3484
3484
9808
9808
3023
3023
12231
12231
12231
9808
3023
11436
7901
8004
8004
8004
3989
13793
7901
7901
8004
8004
13793
7901
7901
7901
7901
7901
3641
13711
3641
3641
11223
13711
3641
3641
3484
11223
11223
11223
3641
3484
3484
3484
3411
3411
3411
3411
926
3484
3484
3484
3484
10536
10536
3989
3122
7901
8004
8004
8004
3989
3989
3122
7901
7901
8004
3989
3122
7901
7901
3122
7901
3641
3765
3641
3641
3765
3765
3641
3484
3484
3411
3411
3765
3484
3484
3484
3484
3411
3411
3411
926
7718
13563
13563
7370
3411
3411
3411
926
926
926
8004
7370
10536
3989
3122
3122
3122
7901
3989
3122
3122
3122
3122
3122
3641
3765
3641
3484
3765
3765
3484
3484
3484
5670
5724
5724
7718
13563
7370
3411
5670
926
7718
7718
7370
3411
3411
926
926
926
7370
3411
3411
926
926
926
926
3989
3122
3122
3122
3122
3122
3641
3765
3484
3484
5724
5724
7718
7370
5724
5724
7718
7370
5670
926
7718
7718
5670
926
926
926
3411
926
926
926
3411
926
926
926
3122
3122
3484
5724
7370
5724
7718
5724
7718
926
7718
926
926
926
926
926
926
926
926
2836
2836
2836
2836
1795
1795
1795
1795
1795
527
2836
2836
6256
2836
2836
6256
2836
2836
6256
2836
2836
6256
2836
4405
8712
4405
4405
8712
4405
4405
8712
4405
3191
4495
3979
1614
3612
9790
11878
8084
2836
2836
2836
8649
8182
2836
2836
2836
6256
8182
2836
2836
2836
6256
8182
2836
4405
4405
6256
10875
4405
4405
3191
8712
10875
4405
3979
3191
4495
6871
3979
3979
1614
4495
6871
4679
3612
9790
11878
8084
9790
11878
11878
8084
8084
2836
2836
2836
2836
8649
13088
8182
2836
2836
2836
3191
8649
8182
8182
2836
4405
3979
3191
6256
8182
10875
4405
3979
3979
3191
4495
6871
6871
3979
3979
3979
1614
4495
6871
6871
4679
4679
4495
6871
11548
3612
9790
11878
9790
9790
11878
5936
8084
8084
9790
11878
11352
989
8084
8084
8084
2836
2836
989
989
989
8649
13088
13088
8182
2836
3979
3979
3979
3191
2982
2982
2982
6871
3979
3979
3979
3979
1614
2982
6871
6871
6871
4679
4679
4679
4495
6871
6871
13156
4679
4495
6871
11548
3612
2651
5936
9790
2651
11352
5936
8084
9790
2651
11352
989
989
8084
8084
8084
2651
989
989
989
989
2982
2982
2982
2982
989
989
989
989
989
989
2982
2982
2982
2982
5369
4679
4679
4679
4679
2982
2982
9117
5369
13156
4679
4679
9117
9117
5369
13156
11548
9117
5369
11548
2329
2651
5936
2651
2651
11352
989
2651
2651
2651
989
989
989
8084
2651
2651
989
989
989
989
989
10373
10373
9487
1599
2628
9231
9231
997
2982
2982
2982
1599
1599
1599
4679
997
2982
2982
2982
5369
5369
5369
4679
2982
9117
5369
5369
5369
9117
5369
5369
2329
2651
5936
2651
2651
989
989
2651
2651
989
989
989
989
5293
5293
2628
2628
9231
997
9487
9487
1599
2628
2628
997
10373
9487
1599
1599
1599
997
2982
2982
1599
1599
1599
1599
2982
2982
5369
5369
5369
9117
5369
5369
2329
2651
989
2651
989
989
989
5293
2628
2628
997
5293
2628
2628
997
9487
1599
2628
2628
9487
1599
1599
1599
9487
1599
1599
1599
2982
1599
1599
1599
2982
5369
5369
2329
989
989
2628
997
2628
2628
2628
2628
1599
2628
1599
1599
1599
1599
1599
1599
1599
1599
2329
1598
3918
1598
3918
1598
3918
1598
3918
1598
959
2322
959
2322
959
2322
959
2322
2550
6256
10993
8649
1598
4989
3918
1598
1598
4989
3918
1598
1598
4989
959
1598
1598
2322
959
8970
2322
2322
959
8970
2322
2322
3237
8970
2322
3237
2550
2476
2476
6256
10993
6256
6256
13497
10993
8649
8649
1598
4989
4989
3918
8862
1598
1598
4989
2322
959
1598
1598
1598
2322
2322
3237
1598
8970
2322
2322
3237
3237
8970
8970
2322
3237
3237
2550
11381
2476
2476
4292
2476
2476
6256
10993
6256
6256
13497
1795
8649
6256
6256
13497
7548
1795
8649
8649
8649
1598
4989
2322
3237
2341
8862
8862
1598
1598
2322
3237
3237
3237
1792
1598
8970
2322
3237
3237
3237
2550
4680
11381
2476
2476
7565
4292
11381
2476
2476
2476
2476
2476
6256
1795
6256
6256
7548
1795
6256
6256
6256
7548
7548
2341
8649
8649
6256
6256
7548
10970
10970
2341
1792
1792
1792
1792
1598
3237
3237
3237
3237
1601
1792
1792
1792
2476
2476
7565
7565
4292
1792
4680
2476
2476
2476
4292
4680
2476
2476
2476
2476
2476
7548
1795
8712
7548
7548
1795
6256
8712
7548
7548
10970
2341
8649
4495
4495
4495
10970
10970
10970
1601
11384
11384
9976
4495
7950
14291
14291
1601
1792
1792
1792
1792
4866
2476
7565
1601
1792
1792
4680
4866
2476
2476
4680
4680
4866
2476
4680
4661
7548
1795
8712
7548
7548
2341
4495
4495
4495
10970
10970
1601
4495
4495
4495
7950
14291
1601
9976
9976
4495
7950
7950
1601
11384
9976
5763
5763
5763
1601
1792
1792
1792
4866
4866
4661
1792
4680
4866
4661
4680
4661
7548
1795
4495
4495
10970
1601
4495
4495
7950
1601
4495
4495
7950
1601
9976
4495
7950
3612
9976
5763
5763
3612
9976
5763
5763
5763
1792
1792
4866
4661
4680
4661
4495
1601
4495
1601
4495
3612
4495
3612
4495
3612
5763
5763
5763
5763
5763
5763
1792
4661
951
951
951
951
951
1553
1553
1553
1553
2015
4160
951
6539
6539
951
6539
6539
951
6539
6539
951
3818
3818
6487
3818
3818
6487
3818
3818
6487
3818
3381
6487
3381
565
3153
2015
4160
4214
2015
6539
4160
4214
4214
6539
6539
6539
951
8018
6539
6539
3818
951
8018
3818
3818
3818
951
9513
3818
3818
3381
6487
9513
3818
3381
3381
6487
9513
3381
3381
565
8710
11487
4507
3153
2015
4160
2015
2015
8256
4160
4214
4214
2015
6539
6539
4160
4214
4214
4214
6539
6539
3818
3381
4214
4214
8018
3818
3818
3381
3381
951
8018
9513
3818
3381
3381
3381
6487
9513
9513
3381
3381
3381
565
8710
13107
11487
5975
5975
8710
11487
4507
3153
2015
4160
2015
2015
8256
4160
6974
2015
2015
8256
8030
1686
4214
4214
4214
2015
6539
3381
3381
1686
4214
4214
4214
4214
3818
3381
3381
3381
3381
3865
3865
3865
9513
3381
3381
3381
3381
565
3865
8395
13107
11487
5975
5975
5975
4757
13107
11487
11487
4507
8710
11487
4507
3153
2015
7645
2015
2015
8030
7645
2015
2015
2015
8030
8030
1686
6974
6974
2015
2015
8030
10462
10462
1686
3865
3865
3865
3865
950
950
950
950
950
334
3865
3865
3865
3865
6762
5975
5975
5975
5975
3865
3865
8395
6762
11487
5975
5975
4757
8395
6762
11487
4507
4757
6762
4507
3153
3681
7645
3681
3681
8030
1686
2015
3681
3681
8030
10462
1686
6974
2015
3681
950
950
950
950
334
10706
10706
9166
2984
950
950
950
950
3865
3865
3865
2984
2984
950
950
950
3865
3865
3865
6762
6762
6762
4507
3865
8395
6762
6762
4507
4757
6762
6541
4757
3681
7645
3681
3681
8030
1686
3681
3681
950
950
950
334
6237
6237
6237
950
950
950
9166
9166
2984
11897
950
950
10706
9166
2984
2984
2984
950
3865
3865
2984
2984
2984
2984
3865
3865
6762
6762
6541
4757
6762
6541
4757
3681
1686
3681
950
950
334
6237
6237
950
950
6237
6237
11897
950
9166
2984
11897
9318
9166
2984
2984
2984
9166
2984
2984
2984
3865
2984
2984
2984
3865
6762
6541
4757
950
334
6237
950
6237
9318
6237
9318
2984
9318
2984
2984
2984
2984
2984
2984
2984
2984
4757
951
2131
3603
2131
3603
2131
3603
2131
979
979
979
979
979
979
979
979
979
1877
951
2475
4725
951
7989
2131
3603
3603
7989
2131
3603
3603
7989
979
3603
979
979
979
7098
979
979
979
7098
979
979
6949
7098
979
8017
1877
1910
1910
951
2475
951
951
13266
2475
4725
4725
951
7989
7989
2131
4725
3603
3603
7989
979
979
3603
3603
979
979
979
6949
3603
7098
979
979
8824
6949
7098
7098
979
8017
8017
1877
11638
1910
1910
8017
1910
1910
951
2475
951
951
13266
2475
7101
951
951
13266
11391
4545
4725
4725
4725
951
7989
979
6513
6513
4725
4725
3603
979
979
8824
8824
6949
4725
3603
7098
979
8017
8017
8017
1877
4108
11638
1910
1910
8017
8017
11638
1910
1910
1910
1910
1910
951
4545
951
951
11391
4545
951
951
951
11391
6513
6513
7101
7101
951
951
6513
6513
6513
6513
4725
4725
4725
4725
951
6513
6513
6513
6513
1877
10873
10873
4108
1910
1910
8017
8017
8017
4108
4108
1910
1910
1910
8017
4108
1910
1910
1910
1910
1910
6487
4545
6487
6487
11391
4545
951
6487
6487
6513
6513
6513
7101
951
6487
6487
6513
6513
6513
2960
13778
13778
4757
4757
8890
13317
13317
2960
10873
10873
10873
4108
6497
1910
8017
2960
10873
4108
4108
10350
1910
1910
4108
4108
10350
1910
4108
8281
6487
4545
6487
6487
6513
6513
6487
6487
6487
6513
6513
2960
4757
8710
8710
8890
13317
2960
4757
4757
4757
8890
8890
2960
13778
4757
4757
6497
6497
2960
10873
10873
4108
6497
6497
6497
4108
4108
10350
8281
4108
8281
6487
4545
6487
6487
6513
2960
8710
8710
8890
2960
8710
8710
8890
2960
4757
4757
8890
4727
4757
4757
6497
4727
4757
4757
6497
6497
10873
4108
6497
6497
4108
8281
6487
2960
8710
2960
8710
4727
8710
4727
4757
4727
4757
6497
4757
6497
4757
6497
4108
6497
2343
2343
2343
2343
1833
1833
1833
1833
1833
2380
2380
1474
6377
6377
8217
6377
6377
8217
6377
6377
8217
6377
3630
1833
7596
3630
1833
7596
3630
1833
7596
2702
1833
1701
2702
2380
2380
3797
2380
2380
2380
1474
3797
6377
6377
6377
1474
10001
6377
6377
3630
8217
10001
6377
8591
3630
1833
7596
7596
8591
2702
1833
7596
7596
8591
2702
1833
7596
1701
2910
2702
4131
1701
1701
2380
2380
10445
2380
2380
2380
3797
3797
2380
2380
2380
2380
1474
3797
3797
6377
6377
6377
2702
1474
3797
10001
6377
8591
8591
2702
1474
7596
7596
7596
8591
10085
2702
1833
7596
7596
1701
2910
2910
2702
4131
9040
1701
1701
2910
4131
1701
1701
2380
2380
10445
2380
2380
2380
11443
10445
2380
2380
2380
6976
3797
3797
3797
2380
2380
2380
6976
2702
1474
3797
3797
3797
6377
8591
10085
10085
2702
1474
3797
3797
7596
1701
2910
2910
2910
2702
372
8707
9040
1701
1701
2910
2910
372
9040
1701
1701
1701
4131
1701
1701
2380
8021
10445
2380
11367
8021
10445
10445
2380
11367
6976
6976
11443
11443
10445
2380
6976
6976
6976
6976
3797
3797
3797
3797
121
2910
2910
2910
2910
2702
4719
10511
10511
8707
121
1701
2910
2910
2910
4719
8707
8707
121
1701
1701
2910
372
8707
121
1701
1701
372
121
1701
5983
8021
5983
5983
11367
6976
5983
5983
5983
6976
6976
6976
4961
1738
5983
3269
6810
6810
6810
4138
4961
4961
1738
1738
3269
6810
6810
6810
4961
4961
4961
121
121
121
2910
2910
4719
10511
8707
121
121
121
1701
372
8707
121
121
121
372
121
121
5983
8021
5983
5983
6976
6976
5983
5983
3269
6810
6810
4138
1738
10843
3269
3269
6810
6810
1738
1738
1738
3269
3269
6810
4961
1738
1738
11113
3269
3269
4961
4961
121
121
121
121
4719
8707
121
121
121
372
121
121
5983
6976
5983
3269
6810
4138
10843
3269
3269
6810
10843
3269
3269
3269
1738
1738
3269
3269
1738
1738
11113
3269
1738
1738
11113
4197
4961
121
121
121
372
121
121
3269
4138
3269
3269
3269
3269
3269
3269
1738
3269
1738
4197
1738
4197
1738
4197
121
121
1474
2700
2700
2700
2700
2700
2700
2700
2700
6703
7362
6703
7362
6703
7362
375
2260
5387
5387
1474
1474
2700
2700
10580
2700
2700
2700
13165
2700
2700
2700
13165
2700
7362
6703
9372
7362
7362
375
9372
7362
7362
375
2260
2260
7632
2260
5387
5387
1474
5387
5387
5387
1474
1474
1474
2700
2700
2700
10580
10580
2700
2700
2700
375
10580
13165
2700
7362
7362
375
9372
9372
7362
7362
10489
375
2260
2260
2260
7632
7632
2260
2260
7632
2260
5387
5387
8217
5387
5387
4404
1474
1474
5387
5387
5387
2373
1474
1474
1474
1474
2700
2700
9501
375
10580
10580
10580
2700
7362
10489
10489
375
5849
2260
2260
2260
7632
7632
7632
2260
2260
2260
7632
7632
2260
2260
11400
2260
1833
4404
8217
1833
13911
4404
1474
8217
1833
13911
9501
2373
1474
1474
1474
1833
9501
9501
9501
2373
1474
1474
1474
1474
372
1710
1710
1710
1710
5849
5849
5849
2260
7632
7632
7632
5849
12059
2260
11400
7632
12059
2260
11400
2260
1833
4404
1833
1833
13911
2373
1833
1833
1833
9501
9501
2373
1474
372
1833
1710
1710
1710
1710
4719
4719
372
372
1710
1710
1710
4719
4719
4719
372
8216
1710
1710
5849
5849
8216
8216
8216
12059
8216
8216
8216
1833
4404
1833
1833
9501
2373
1833
1833
1710
1710
1710
372
4131
4131
1710
1710
372
372
372
4670
1710
4719
372
372
13484
4670
4719
4719
372
8216
8216
5849
8216
8216
8216
1833
2373
1833
1710
1710
4131
4131
1710
4131
4131
4670
372
372
4670
372
372
13484
372
372
13484
4719
372
8216
8216
1710
4131
4131
4131
372
372
372
372
372
2893
2893
2999
2999
2999
2999
2999
2999
1553
1553
1553
1553
1553
1553
1553
1553
1553
181
2893
2893
4160
2893
2893
2893
4160
2999
2999
2999
9041
2999
2999
1553
9041
1553
1553
1553
11539
1553
1553
1553
11539
1553
1553
2133
10684
1553
2133
181
2378
565
2893
2893
12825
2893
2893
2893
4160
4160
2893
2893
2893
2893
4160
4160
2999
2999
1553
1553
4160
9041
1553
1553
1553
2133
9041
11539
1553
1553
2133
2133
10684
10684
1553
2133
2133
181
10684
2378
2378
4993
2378
565
2893
2893
12825
2893
2893
2893
13168
12825
2893
2893
2893
316
4160
4160
4160
2893
2893
316
316
316
4160
4160
4160
1553
1553
2133
2133
2133
4160
1686
10684
1553
2133
2133
2133
181
1686
10684
2378
2378
8064
4993
10684
2378
2378
565
2378
565
2893
4317
12825
2893
4317
4317
12825
12825
2893
4317
316
316
13168
13168
12825
2893
316
316
316
316
4160
4160
4160
4160
316
316
316
316
316
181
7645
7645
1686
1686
2378
8064
8064
4993
1686
1686
1686
2378
2378
4993
1686
1686
2378
565
1686
565
3630
4317
3630
3630
4317
316
3630
3630
3630
316
316
316
8021
2702
2702
316
316
316
316
316
8021
8021
8021
2702
9982
13951
13951
901
7645
7645
7645
1686
9607
2378
8064
901
7645
1686
1686
9607
2378
565
1686
1686
9607
565
1686
4099
3630
4317
3630
3630
316
316
2702
2702
316
316
316
316
2702
2702
2702
9982
13951
901
8021
11495
2702
9982
9982
901
8021
8021
11495
11582
9982
901
7645
7645
1686
9607
9607
4099
1686
1686
9607
4099
1686
4099
3630
316
2702
316
316
316
2702
2702
9982
901
2702
2702
9982
901
11495
2702
9982
4763
11495
11495
11582
4763
8021
11495
11582
7755
7645
1686
9607
4099
1686
4099
316
316
2702
901
2702
4763
2702
4763
2702
4763
11495
7755
11495
7755
11495
7755
1686
4099
4497
4497
2343
6379
6379
8329
6379
6379
8329
6379
6379
8329
4314
4314
7568
4314
4314
7568
4314
4314
7568
4314
4314
2130
2130
1178
540
4497
4497
11001
4497
4497
4497
2343
9981
6379
6379
6379
2343
9981
6379
6379
4314
8329
9981
4314
4314
4314
7568
7568
4314
4314
4314
7568
7568
4314
4314
6535
2130
2130
2130
2997
1178
2130
2130
2997
540
4497
4497
9499
4497
4497
4497
11001
11001
4497
4497
4497
4497
2343
11001
9981
6379
6379
4314
4314
2343
9981
9981
4314
4314
4314
6535
2343
7568
7568
4314
4314
13432
6535
2130
2130
2130
2130
2997
2997
1178
2130
2130
2130
2997
2997
2130
2130
4987
540
4497
4497
9499
4497
4497
4497
14297
9499
4497
4497
4497
7867
11001
11001
11001
4497
4497
4314
11614
6535
2343
11001
11001
9981
4314
4314
13432
13432
6535
2343
5938
906
2130
2130
2997
2997
2997
1178
906
906
2130
2130
2997
2997
2997
906
2130
2130
5833
2997
2130
2130
4987
540
4497
8886
9499
4497
8886
8886
9499
9499
4497
8886
8886
7867
14297
14297
9499
4497
8886
11614
11614
7867
5938
5938
5938
5938
906
2997
2997
2997
2997
1178
5938
5938
5938
906
906
2997
2997
2997
2997
5938
906
906
906
5833
2997
2997
906
906
906
5833
4987
906
906
4987
540
8886
8886
10694
8886
8886
7867
9499
10694
8886
8886
11614
7867
7566
3799
10694
1478
3820
3820
3820
1903
7566
7566
3799
1478
1478
3820
3820
3820
5938
5938
5938
906
7106
1478
2997
2997
5938
5938
906
906
10571
5833
2997
906
906
906
10571
2369
906
906
2369
906
8886
8886
10694
8886
8886
7867
10694
10694
1478
3820
3820
1903
3799
10870
1478
1478
3820
3820
3799
3799
1478
1478
1478
3820
7566
3799
3799
7106
1478
1478
5938
5938
906
7106
7106
2369
5938
906
906
10571
2369
906
906
2369
906
8886
7867
10694
1478
3820
1903
10870
1478
1478
3820
10870
1478
1478
1478
3799
1478
1478
1478
3799
3799
7106
1478
3799
3799
7106
5822
5938
906
7106
2369
906
906
2369
906
1478
1903
1478
1478
1478
1478
1478
1478
1478
1478
3799
5822
3799
5822
3799
5822
906
2369
906
2343
5371
5371
5371
5371
8585
8585
8585
804
13540
2343
2343
5371
2343
5371
5371
8329
5371
5371
8329
5371
11934
8585
8585
11934
8585
8585
3191
8585
804
1627
804
804
13540
6260
13540
13540
2343
2343
2343
5371
5371
2343
2343
5371
5371
5371
2343
8329
5371
11934
3191
8329
8585
8585
3191
3191
8585
8585
804
1627
1627
8647
804
804
1627
804
804
13540
14235
13540
13540
6260
6260
13540
13540
5936
2343
2343
2343
2343
5371
3191
3191
2343
2343
2343
5371
3191
3191
3191
2343
2343
8585
804
1627
1627
1627
8647
8647
804
804
1627
1627
8647
804
804
804
804
804
5936
14235
5936
5936
6260
14235
5936
5936
5936
6260
6260
6260
5936
5936
6339
6339
2343
2343
2343
2343
375
1627
1627
1627
1627
11158
11158
11158
804
804
1627
1627
1627
11158
13170
804
804
804
1627
13170
804
804
804
804
804
5936
6703
5936
5936
6703
6703
5936
5936
6339
4404
375
375
375
6339
6339
6339
4404
4404
2373
375
10482
10482
10482
3096
4404
4404
4404
2373
6706
804
1627
1627
11158
11158
7094
7094
804
804
13170
7094
7094
804
7094
7094
5936
6703
5936
5936
375
375
375
6339
6339
375
375
375
10482
10482
3096
2373
2373
375
11550
10482
3096
4404
2373
2373
6706
6706
1054
4404
4404
2373
6706
6706
5443
11158
7094
7094
7094
7094
7094
5936
375
375
6339
375
375
10482
3096
375
375
11550
1054
2373
375
11550
1054
2373
2373
6706
1054
2373
2373
6706
5443
4404
2373
6706
5443
7094
7094
375
375
1054
375
1054
375
1054
375
1054
2373
5443
2373
5443
2373
5443
2373
5443
2131
2131
2131
2131
959
959
959
959
959
10993
2475
2131
3918
2131
2131
3918
2131
2131
3918
2131
959
959
1169
959
959
1169
959
959
1169
959
2550
4494
2550
10993
9227
10993
10993
2475
2475
2131
3918
3918
2475
2131
2131
3918
959
2131
2131
959
959
959
1169
1169
959
959
12192
1169
1169
959
2550
2550
6949
4494
2550
2550
4494
4494
10993
12856
10993
10993
9227
9227
10993
10993
1795
2475
2475
2475
2131
3918
959
2341
2475
2475
2131
959
959
12192
12192
2475
1169
1169
959
2550
2550
2550
6949
6949
4494
2550
2550
2550
6949
4494
4494
2550
4494
4494
1795
12856
1795
1795
9227
12856
1795
1795
1795
9227
9227
9227
1795
1795
2341
2341
2475
2475
2475
2475
959
2341
2341
2341
2341
4545
4545
4545
4494
2550
2550
2550
2550
4545
8258
4494
4494
2550
2550
8258
4494
4494
4494
4494
4494
1795
6739
1795
1795
6739
6739
1795
1795
2341
9227
6535
6535
1795
2341
2341
2341
10429
10429
7867
6535
6231
6231
6231
5385
4545
4545
4545
4545
9001
2550
2550
2550
4545
4545
8258
14006
4494
2550
8258
8258
14006
4494
8258
5779
1795
6739
1795
1795
6535
6535
1795
2341
2341
6535
6535
6535
6231
6231
5385
7867
7867
6535
12178
6231
5385
10429
7867
7867
9001
9001
2478
4545
4545
4545
9001
9001
1903
4545
8258
14006
5779
8258
5779
1795
6535
1795
2341
6535
6535
6231
5385
6535
6535
12178
2478
7867
6535
12178
2478
7867
7867
9001
1903
7867
7867
9001
1903
4545
4545
9001
1903
8258
5779
1795
6535
2478
6535
2478
6535
2478
6535
2478
7867
1903
7867
1903
7867
1903
4545
1903
1201
1201
1201
1201
722
722
722
722
722
274
1310
1310
3264
1310
1310
3264
1310
1310
3264
1310
1310
3264
1310
1942
4621
1942
1942
4621
1942
1942
4621
1942
274
4621
1942
274
4279
4007
4007
6637
1310
1310
1310
6637
6637
1310
1310
1310
3264
12373
1310
1310
1310
3264
12373
1310
1942
1942
3264
14306
1942
1942
274
4621
14306
1942
1942
274
4621
4894
1942
7685
274
4894
4894
4279
4279
4007
4007
6794
4007
4007
4007
6637
6637
1310
1310
1310
1310
6637
6637
6637
1310
1310
1310
274
6637
6637
12373
1310
1942
1942
274
3264
12373
14306
1942
1942
12391
274
4621
4894
4894
1942
7685
7685
274
4894
4894
4894
7685
7685
4894
4894
4279
4279
4007
4007
6794
4007
4007
356
8525
6794
4007
4007
356
356
6637
6637
6637
1310
1310
356
12100
274
6637
6637
6637
6637
1310
1942
12391
12391
274
6415
6415
4894
4894
1942
7685
7685
7685
274
6415
4894
4894
4894
7685
7685
7685
4894
4894
4894
9695
4279
4894
4894
4279
4279
356
356
6794
356
356
356
6794
6794
356
356
356
2404
8525
8525
6794
356
356
12100
12100
2404
6415
6415
6415
6415
271
918
918
918
918
274
6415
6415
6415
6415
4894
7685
7685
7685
7685
6415
6415
8364
4894
9695
7685
7685
8364
8364
4894
9695
4279
8364
4894
4279
4279
356
356
12351
356
356
356
6794
12351
356
356
12100
2404
8525
271
3250
356
918
918
918
467
13559
13559
271
271
918
918
918
918
6415
6415
6415
271
4791
918
918
918
6415
6415
6415
8364
8706
8706
4279
6415
8364
8364
8706
4279
8364
8364
8706
6216
356
356
12351
356
356
2404
3250
3250
356
918
918
467
271
3250
3250
918
918
918
271
271
271
12673
918
918
13559
271
271
4791
4791
125
6415
6415
271
4791
4791
779
6415
6415
8364
8706
8706
8364
8364
8706
6216
356
356
3250
356
918
467
3250
3250
918
918
3250
3250
12673
125
271
271
12673
125
271
271
4791
125
271
271
4791
779
6415
271
4791
779
6415
8364
8706
6216
356
467
3250
125
3250
125
3250
125
271
125
271
779
271
779
271
779
271
779
6216
272
272
3264
1201
3264
1201
3264
1201
3264
5977
4621
5977
4621
5977
4621
2346
1124
400
272
272
3061
272
272
272
3264
3264
12364
1201
3264
3264
12364
1201
3264
3264
13678
5977
4621
4621
13678
2346
4621
4621
2346
2346
4621
1124
1124
400
9356
1124
272
272
3061
272
272
272
3061
3061
272
272
272
272
8371
3264
3264
12364
12364
2346
3264
3264
3264
13678
2346
2346
3264
4621
4621
2346
2346
2346
4621
4621
1124
1124
1124
400
9356
9356
1124
1124
9356
12557
272
272
12392
272
272
272
3061
3061
272
272
272
232
3061
3061
3061
272
272
272
2346
232
8371
8371
3264
3264
2346
2346
2346
2346
8371
3264
4621
1124
1124
1124
1124
400
9356
9356
9356
1124
1124
1124
9356
9356
12700
1124
9356
12557
272
3251
12392
272
3251
3251
3061
12392
272
3251
3251
232
3061
3061
3061
272
3251
6781
6781
232
2918
2918
2918
2918
272
1124
1124
1124
1124
232
14232
14232
12993
6216
1124
1124
1124
1124
12993
12993
6216
12700
1124
1124
12993
6216
12700
12557
6216
12557
3251
3251
13216
3251
3251
232
12392
13216
3251
3251
6781
232
2918
559
559
559
6781
6781
6781
232
2918
2918
2918
559
8667
8667
8667
3294
2918
2918
2918
2918
6216
1124
1124
1124
14232
12993
6216
6216
6216
1124
12993
6216
6216
6216
6216
6216
3251
3251
13216
3251
3251
232
559
559
559
6781
6781
232
559
559
559
8667
8667
3294
2918
5578
559
10018
8667
3294
2918
2918
5578
11644
10018
1536
2918
2918
2918
6216
6216
6216
12993
6216
6216
6216
6216
6216
3251
232
559
559
6781
232
559
559
8667
3294
559
559
10018
1536
5578
559
10018
1536
5578
5578
11644
1536
2918
5578
11644
10238
2918
2918
6216
6216
6216
6216
559
232
559
1536
559
1536
559
1536
559
1536
5578
10238
5578
10238
5578
10238
2918
6216
3798
3798
3798
3798
2464
2464
2464
2464
2464
1179
3000
1915
9493
3798
12055
9493
3798
12055
9493
3798
12055
5458
5866
5458
5458
5866
5458
5458
5866
5458
5458
2265
5458
857
857
2806
1179
3000
6376
1179
9042
3000
1915
12147
9493
9493
3798
1915
12571
9493
9493
3798
12055
12571
5458
12820
5866
5458
5458
5458
12820
2265
5458
5458
5458
12820
2265
5458
5458
857
857
857
7397
7397
857
2806
1179
3000
1179
1179
9042
3000
6376
6376
1179
9042
9042
3000
1915
12147
12147
9493
9493
9493
2265
1915
12147
12571
5458
12820
12820
2265
1915
5458
5458
5458
12820
14028
2265
5458
5458
5458
857
857
857
857
7397
7397
7397
857
857
7397
7397
9990
2806
1179
3000
1179
1179
9042
243
6376
1179
1179
9042
5269
243
6376
6376
6376
1179
9042
5269
11200
2265
1915
12147
12147
12147
5458
12820
14028
14028
2265
1915
11597
1774
5458
857
857
857
857
857
1774
1774
7397
7397
857
857
857
1774
7397
7397
9990
857
7397
7397
9990
2806
79
243
1179
79
5269
243
1179
1179
79
5269
5269
8076
6376
6376
1179
79
5269
11200
11200
8076
5864
5864
5864
5864
79
857
857
857
857
511
5271
11597
11597
1774
1774
857
857
857
857
5271
1774
1774
1774
9990
857
857
1774
1774
1774
9990
9990
1774
1774
9990
1774
79
243
79
79
5269
243
79
79
79
5269
11200
8076
5864
79
79
79
6763
6763
6763
511
5864
5864
5864
1912
1912
6763
6763
6763
5864
5864
5864
1774
4185
857
857
857
5271
11597
1774
1774
4450
4450
857
1774
1774
1774
4450
4272
1774
1774
4272
1774
79
243
79
79
5269
8076
79
79
79
6763
6763
511
9189
13316
1912
1912
6763
6763
5864
9189
1912
1912
1912
6763
5864
5864
4185
4185
1912
1912
5864
5864
1774
4185
4185
4185
5271
1774
1774
4450
4272
1774
1774
4272
1774
79
243
79
79
6763
511
13316
1912
1912
6763
13316
1912
1912
1912
9189
1912
1912
1912
9189
4185
4185
1912
5864
4185
4185
4185
5864
1774
4185
4185
1774
1774
4272
1774
79
511
1912
1912
1912
1912
1912
1912
1912
1912
4185
4185
4185
4185
4185
4185
1774
4185
1774
1915
8120
9103
9103
9103
9103
9103
9103
3714
7686
3714
7686
3714
7686
3714
319
319
8120
8120
1915
1915
8120
8120
10077
9103
9103
9103
13695
9103
9103
7686
13695
3714
10751
7686
3714
3714
10751
319
3714
3714
319
319
3714
319
319
5662
910
8120
8120
1915
8120
8120
8120
1915
1915
1915
8120
8120
8120
10077
10077
9103
9103
9103
319
10077
13695
3714
10751
319
319
3714
3714
3714
319
319
319
3714
3714
319
319
319
5662
5662
2471
910
5662
6027
8120
8120
12055
8120
8120
5602
1915
1915
8120
8120
5602
3683
1915
1915
1915
1915
8120
319
319
319
10077
10077
10077
3714
319
319
319
319
10077
3714
3714
319
319
319
319
5662
5662
5662
2471
2471
910
5662
5662
11258
910
5662
6027
5602
5602
12055
5602
5602
5602
1915
12055
5602
5602
3683
3683
1915
1915
1915
5602
3683
3683
3683
3683
1915
1915
1915
1915
319
319
319
319
319
11603
11603
10474
4537
2471
2471
2471
910
10474
10474
4537
11258
2471
910
10474
4537
11258
6027
4537
6027
5602
5602
12710
5602
5602
3683
12055
12710
5602
3683
3683
3683
1915
1915
12710
3683
3683
3683
3683
5271
5271
4466
3984
6205
7894
7894
7647
5271
5271
5271
3984
3984
2471
2471
910
11603
10474
4537
4537
4537
910
10474
4537
4537
3519
4537
3519
5602
5602
12710
5602
3683
3683
12710
12710
3683
3683
3683
4466
13612
6205
6205
7894
7647
4466
4466
3984
6205
6205
7647
5271
4466
3984
3984
3984
6205
5271
5271
3984
3984
3984
3519
10474
4537
4537
3519
4537
3519
5602
3683
12710
3683
3683
13612
6205
6205
7647
13612
6205
6205
6205
4466
3984
6205
6205
4466
3984
3984
3984
4466
3984
3984
3984
5271
3984
3984
3519
4537
3519
3683
6205
6205
6205
6205
6205
6205
3984
6205
3984
3984
3984
3984
3984
3984
3984
3519
425
425
425
425
246
246
246
246
246
246
1196
3040
1196
1196
3040
1196
1196
3040
1196
1196
3040
1196
1196
246
7961
3901
246
7961
3901
246
7961
3901
246
3542
3901
1936
3542
3798
7826
3000
1196
13185
3040
6542
1196
1196
13185
3040
1196
1196
1196
13185
246
1196
1196
1196
3901
246
1196
8942
3901
3901
246
7961
8942
3901
3901
8950
3542
8942
3901
8950
1936
3542
4578
4578
3542
3798
7826
3000
3798
13864
7826
3000
3000
1196
13185
13185
3040
6542
11101
1196
1196
13185
3901
246
6542
1196
1196
1196
3901
3901
8950
1196
1196
8942
3901
3901
8950
8950
3542
8942
8942
3901
8950
8950
1936
3542
13875
4578
4578
9490
3542
4578
4578
3542
3798
7826
3798
3798
13864
7826
3000
3000
3798
13864
12638
1913
3000
3000
3000
1196
13185
1913
1913
1913
6542
11101
11101
1196
1196
3901
8950
8950
8950
710
2272
1196
8942
3901
8950
8950
8950
1936
710
8787
13875
4578
4578
9490
9490
3542
13875
4578
4578
4578
3542
4578
4578
3542
3798
10530
3798
3798
12638
10530
3000
3798
3798
12638
1913
1913
3000
3000
3000
3798
1913
1913
1913
1913
243
243
243
243
243
1913
1913
1913
1913
1913
710
2272
2272
2272
4578
4578
9490
9490
9490
710
2272
8787
4578
4578
4578
9490
8253
8787
4578
4578
4578
8253
4578
4578
3260
5866
10530
5866
5866
12638
1913
3798
5866
5866
1913
1913
1913
243
243
2265
1913
1913
1913
1913
1913
243
243
243
2265
11232
13664
13664
3045
243
243
243
243
5746
4578
9490
3045
710
2272
2272
5746
5746
4578
4578
710
8787
5746
5746
4578
8253
5746
5746
3260
5866
10530
5866
5866
1913
1913
2265
2265
1913
1913
1913
1913
2265
2265
2265
11232
13664
3045
243
8076
2265
11232
11232
3045
243
243
6528
6528
6528
3045
243
243
243
5746
5746
511
710
2272
5746
5746
5746
8253
5746
5746
3260
5866
1913
2265
1913
1913
1913
2265
2265
11232
3045
2265
2265
11232
3045
8076
2265
11232
5256
8076
6528
6528
511
243
6528
6528
511
243
243
5746
511
710
5746
5746
3260
1913
1913
2265
3045
2265
5256
2265
5256
2265
5256
6528
511
6528
511
6528
511
243
511
3260
425
425
425
425
425
425
425
425
425
4597
4597
4597
4597
4597
4597
4597
3542
3801
4888
9361
6542
425
425
425
1544
425
425
425
1544
425
425
425
1544
425
4597
4597
7961
4597
4597
4597
7961
4597
4597
6807
3542
3542
5117
3801
3542
5117
4888
9361
4888
4888
11453
9361
6542
6542
425
425
425
425
6542
1544
425
425
425
4597
1544
1544
425
4597
4597
6807
1544
7961
4597
4597
7829
6807
3542
3542
3542
5117
5117
3801
3542
3542
5117
5117
3542
6269
4888
9361
4888
4888
11453
1290
6779
4888
4888
11453
11366
1290
6542
6542
6542
425
425
425
7829
6807
6542
6542
1544
425
4597
7829
7829
6807
710
710
3542
3542
5117
5117
5117
3801
3542
3542
3542
5117
5117
5117
3542
3542
14009
5117
3542
6269
464
1290
4888
464
11366
1290
4888
4888
464
11366
8983
8370
6779
6779
4888
464
8983
8983
8983
8370
710
710
710
710
425
4166
4166
4166
4166
3420
710
710
710
3542
5117
5117
5117
5117
710
8253
3542
14009
5117
5117
8253
3542
14009
6269
3542
6269
464
1290
464
464
11366
1290
464
464
464
8983
8983
8370
6779
464
464
464
4166
4166
4166
3420
8493
8493
8493
4877
4166
4166
4166
4166
710
710
710
710
8779
4166
4166
4166
710
710
8253
8779
8779
5117
8253
8253
8779
3260
8253
3260
464
1290
464
464
8983
8370
464
464
464
4166
4166
3420
9491
11860
4877
4166
4166
4166
8493
9491
4877
4877
4166
4166
8493
8493
9491
9906
4877
4166
710
710
710
8779
8779
3260
710
8253
8779
3260
8253
3260
464
1290
464
464
4166
3420
11860
4877
4166
4166
11860
4877
4877
4166
9491
4877
4877
4877
9491
9491
9906
4877
8493
9491
9906
6045
710
710
8779
3260
8253
3260
464
3420
4877
4166
4877
4877
4877
4877
4877
4877
9491
6045
9491
6045
9491
6045
710
3260
4832
4832
4832
4832
4832
6898
6898
6898
6898
3040
6595
4605
7403
7403
7409
7403
7403
7409
7403
7403
7409
7403
10532
6898
10115
10532
6898
10115
10532
6898
10115
5448
6898
5448
1758
3040
6595
7826
3040
7403
6595
4605
12069
7403
7403
7403
4605
14273
7403
7403
7403
7409
14273
7403
10649
10532
6898
10115
10115
10649
5448
6898
10115
10115
5448
5448
6898
7861
5448
5448
1758
7861
7861
5451
3040
6595
3040
3040
10383
6595
7826
7826
3040
7403
7403
6595
4605
12069
12069
7403
7403
7403
5448
4605
12069
14273
7403
10649
5448
5448
4605
10115
10115
10115
5448
5448
5448
6898
7861
7861
5448
5448
5448
1758
7861
7861
7861
10105
5451
7861
7861
5953
3040
6595
3040
3040
10383
719
7826
3040
3040
10383
2463
719
7826
7826
7826
3040
7403
2463
5448
5448
4605
12069
12069
12069
7403
5448
5448
5448
5448
2464
9823
3099
7861
5448
5448
5448
5448
1758
2464
3099
7861
7861
10105
11581
5451
3099
7861
7861
10105
5451
7861
7861
5953
246
719
3040
246
2463
719
3040
3040
246
2463
2463
11760
7826
7826
3040
246
2463
12275
12275
11760
7826
7826
7826
7826
246
5448
5448
5448
5448
1758
2464
9823
9823
3099
3099
10105
11581
11581
5451
2464
3099
3099
3099
10105
10105
5451
3099
3099
3099
10105
5953
3099
3099
5953
246
719
246
246
2463
719
246
246
246
2463
12275
11760
7826
246
246
246
7071
7071
7071
2783
10530
10530
9101
4093
4604
7071
7071
2783
9823
9823
9823
3099
4093
4093
7071
2783
2464
9823
3099
3099
7629
7629
5451
2464
3099
3099
7629
5953
3099
3099
6707
246
719
246
246
2463
11760
246
246
246
7071
7071
2783
9101
11455
4604
4604
7071
2783
9101
9101
4093
4604
4604
2783
10530
9101
4093
4093
4093
2783
9823
9823
3099
4093
4093
4093
2464
3099
3099
7629
6707
3099
3099
6707
246
719
246
246
7071
2783
11455
4604
4604
2783
11455
4604
4604
2783
9101
4093
4604
4604
9101
4093
4093
4093
9101
4093
4093
4093
9823
3099
4093
4093
2464
3099
6707
246
2783
4604
2783
4604
4604
4604
4604
4093
4604
4093
4093
4093
4093
4093
4093
3099
4093
4605
2405
7409
8236
7409
8236
7409
8236
6898
8533
6898
8533
6898
8533
6898
8533
6898
9020
2405
4605
4605
9020
2405
4605
7409
12573
8236
7409
7409
12573
8236
7409
6898
10514
8533
6898
6898
10514
8533
6898
6898
10111
10111
6898
6898
7965
9055
9020
2405
10525
9020
9020
2405
4605
4605
4605
9020
9020
2405
4605
4605
7409
12573
10514
8533
4605
7409
6898
10514
10111
10111
6898
6898
6898
10111
10111
10111
6898
6898
6898
7965
7965
13684
9055
7965
9055
9020
2405
10525
9020
9020
2405
13833
10525
9020
9020
9020
1500
4605
4605
4605
4605
9020
1500
1500
1500
4605
4605
4605
6898
10111
10111
10111
10111
2464
2464
6898
6898
7965
7965
7965
8887
13684
9055
7965
7965
13684
9055
9055
9055
7686
11133
10525
7686
11133
11133
10525
10525
7686
11133
1500
1500
13833
13833
10525
7686
1500
1500
1500
1500
2464
2464
2464
2464
657
1500
1500
1500
1500
2464
2464
2464
8234
7965
7965
7965
2464
8887
8234
9055
7965
8887
8234
9055
8234
7686
11133
7686
7686
11133
1500
7686
7686
7686
1500
1500
1500
13505
2490
2490
657
1500
1500
1500
13505
13505
11363
657
657
3427
3427
2464
2464
2464
1492
1492
657
3427
2464
2464
8234
8234
8234
8887
8234
8234
8234
7686
11133
7686
7686
1500
1500
2490
2490
657
1500
1500
2490
2490
657
657
3427
11363
11363
657
657
657
13505
11363
1492
1492
657
2464
2464
1492
1492
1492
2464
8234
8234
8234
7686
1500
2490
657
1500
2490
657
657
2490
657
657
11363
657
657
11363
1492
1492
11363
1492
1492
2464
1492
1492
8234
657
657
657
657
657
1492
1492
1492
1492
1642
6624
1642
4832
8662
4832
4832
8662
4832
4832
8662
4832
4832
9836
7273
9827
9836
7273
9827
9836
7273
9827
2406
7273
3079
2406
659
6624
6624
1642
1642
6624
6624
1642
1642
4832
8662
8662
1642
4832
4832
8662
8662
4832
4832
4832
13803
9836
4832
9827
9827
13803
2406
7273
9827
9827
3079
2406
7273
8909
3079
3079
2406
8909
8548
6670
659
6624
6624
7571
6624
6624
6624
1642
1642
1642
6624
6624
6624
1642
1642
1642
4832
8662
8662
2406
1642
1642
4832
4832
13803
3079
2406
1642
4832
9827
9827
3079
3079
2406
7273
8909
8909
3079
3079
3079
2406
8909
8909
8548
8548
6670
8909
8548
8548
659
6624
6624
12488
6624
6624
722
7571
7571
6624
6624
722
722
1642
1642
1642
1642
6624
722
3079
2406
1642
1642
1642
1642
4832
3079
3079
3079
2406
1642
1642
1642
8909
3079
3079
3079
3079
2406
2812
8909
8909
8548
8548
9811
6670
2812
8909
8548
8548
6670
8909
8548
8548
659
722
722
12488
722
722
722
7571
12488
722
722
722
10015
7571
7571
7571
722
722
11762
11762
10015
1642
1642
1642
1642
274
3079
3079
3079
3079
1958
4903
10528
10528
9696
1097
8548
9811
9811
6670
4903
9696
9696
1097
8548
8548
6670
2812
9696
1097
8548
8548
2812
1097
8548
659
722
722
13598
722
722
722
12488
13598
722
722
11762
10015
6418
274
274
274
7687
7687
7687
1958
6418
6418
2404
274
7687
7687
7687
7687
6418
6418
6418
1097
1097
1097
7687
6670
4903
10528
9696
1097
1097
1097
6670
2812
9696
1097
1097
1097
2812
1097
1097
1097
722
722
13598
722
722
10015
274
274
274
7687
7687
1958
274
274
274
7687
7687
7687
2404
2404
274
7816
7687
7687
6418
2404
2404
12752
7816
784
6418
6418
1097
1097
1097
1097
4903
9696
1097
1097
1097
2812
1097
1097
1097
722
722
274
274
7687
1958
274
274
7687
7687
274
274
7816
784
2404
274
7816
784
2404
2404
12752
784
2404
2404
12752
5488
6418
1097
1097
1097
2812
1097
1097
1097
274
1958
274
784
274
784
274
784
274
784
2404
5488
2404
5488
2404
5488
1097
1097
1097
602
8236
8236
8236
7273
7273
7273
7273
5470
2405
602
602
2405
8975
8236
8236
8975
8236
8236
8975
7273
8533
7273
7273
8533
7273
7273
8533
7273
5470
5470
11433
659
2405
602
2405
2405
602
602
602
2405
2405
11379
8975
8236
8236
8236
8975
8975
7273
8533
8533
7273
7273
7273
8533
12487
7273
7273
5470
5470
5470
12068
11433
5470
2203
11433
659
2405
12751
2405
2405
602
602
2405
2405
2405
602
602
602
602
2405
2405
6742
11379
11379
8975
7273
8533
12487
12487
4903
2812
7273
5470
5470
5470
5470
2812
12068
11433
5470
5470
2203
12068
11433
11433
659
11433
659
2405
12751
2405
12313
602
12751
2405
12313
6742
602
602
602
2405
6742
6742
6742
602
602
602
602
602
1221
1221
1221
1221
4903
4903
2812
2812
5470
5470
5470
2203
2812
2812
2812
11433
5470
2203
2812
2812
11433
659
2812
659
7907
7907
7907
12313
7907
7907
7907
6742
6742
602
602
7907
1221
1221
1221
1221
5862
5862
4423
4423
1221
1221
1221
1221
4903
4903
4903
2812
12266
1221
1221
1221
4903
2812
2812
12794
11433
659
2812
2812
12794
659
2812
6220
7907
7907
7907
6742
7907
7907
1221
1221
1221
4423
8908
8908
1221
1221
1221
4423
4423
4423
13937
1221
1221
5862
4423
4423
12266
12266
1221
4903
4903
2812
12266
12266
6220
2812
2812
12794
6220
2812
6220
7907
7907
1221
1221
8908
8908
1221
1221
8908
8908
13937
1221
4423
4423
13937
12196
4423
4423
12266
8720
4423
4423
12266
8720
4903
2812
12266
6220
2812
6220
1221
8908
1221
8908
12196
8908
12196
4423
12196
4423
8720
4423
8720
4423
8720
2812
6220
1201
1295
1201
3056
1201
3056
1201
3056
1201
2089
5977
2089
5977
2089
5977
2089
2872
3969
1295
1295
9361
1201
1295
1295
1201
1201
13873
3056
1201
1201
13873
2089
1201
1201
13687
2089
5977
5977
13687
2089
5977
5977
5397
5397
2872
2872
5397
3969
2872
4944
1295
1295
3796
1295
1295
1295
9361
9361
1201
1295
1295
1295
10386
1201
1201
13873
13687
2089
1201
1201
1201
13687
5397
5397
1201
5977
5977
5397
5397
5397
2872
2872
2872
5397
5397
3969
2872
2872
4944
5611
2872
4944
1295
1295
3796
1295
1295
945
9361
3796
1295
1295
1295
945
9361
9361
9361
1201
1295
1295
5397
5397
10386
10386
1201
1201
5397
5397
5397
5397
9680
232
2872
2872
5397
5397
5397
3969
232
2872
2872
4944
8050
5611
2872
2872
4944
4944
2872
4944
1295
945
3796
1295
1933
945
3796
3796
1295
1933
1933
6778
9361
9361
3796
1295
1933
6778
6778
6778
1290
1290
1290
1290
232
5397
5397
5397
5397
3139
9680
9680
232
232
4944
8050
8050
5611
232
232
232
4944
4944
5611
232
232
4944
4944
232
4944
1933
945
11392
1933
1933
945
3796
11392
1933
1933
6778
6778
1290
1290
6807
1933
6778
6778
6778
3139
1290
1290
1290
3801
3801
8401
8401
8401
1290
1290
1290
232
3541
3541
8050
5611
9680
232
232
3541
3541
4944
232
232
3541
676
232
676
1933
945
11392
1933
1933
6778
6807
6807
1933
6778
6778
3139
6807
6807
3801
3801
8401
8401
1290
8370
3801
3801
3801
8401
1290
1290
8370
11388
3801
3801
1290
1290
232
3541
3541
676
232
232
3541
676
232
676
1933
945
6807
1933
6778
3139
6807
3801
3801
8401
6807
3801
3801
3801
8370
3801
3801
3801
8370
8370
11388
3420
1290
8370
11388
3420
1290
232
3541
676
232
676
1933
3139
3801
3801
3801
3801
3801
3801
3801
3801
8370
3420
8370
3420
8370
3420
232
676
3056
8102
8102
8102
8102
9836
9836
9836
2406
3056
5729
3056
9269
6595
8102
9269
8102
8102
9269
8102
8102
9836
10532
9836
9836
10532
9836
2406
6672
2406
2406
4241
4241
3056
3056
3056
14110
5729
5729
3056
9269
9269
6595
6595
8102
9269
9269
6595
8102
8102
9836
2406
8102
10532
9836
2406
2406
6672
6672
2406
2406
2406
6672
4241
4241
5490
4241
4241
3056
3056
3056
14110
5729
3056
3056
14110
12798
5729
5729
5729
3056
9269
2406
2406
6595
6595
6595
8102
2406
2406
2406
719
719
6672
2406
2406
2406
2406
6672
6672
4241
4241
13846
5490
6672
4241
4241
4241
4241
4241
2089
3056
2089
12798
3056
3056
2089
12798
10015
5729
5729
3056
2089
10015
10015
10015
719
719
719
719
719
2406
2406
2406
2406
719
719
719
4241
4241
13846
13846
5490
719
11760
4241
4241
4241
5490
11760
4241
4241
4241
4241
4241
2089
2089
2089
12798
2089
2089
2089
10015
10015
945
945
2089
2089
9022
9022
9022
945
945
945
3139
8954
9022
9022
7382
719
719
719
719
3139
3139
9022
5490
719
719
7643
7643
4241
4241
11760
7643
7643
4241
7643
7643
2089
2089
2089
10015
2089
2089
2089
9022
9022
8373
8373
8373
8954
9022
7382
945
12824
3139
8954
8954
7382
945
945
3139
3139
3139
7382
719
719
719
3139
3139
3139
719
7643
7643
7643
7643
7643
2089
2089
2089
9022
8373
8373
8954
7382
8373
8373
8954
7382
12824
3139
8954
8954
12824
3139
3139
3139
945
3139
3139
3139
719
719
3139
3139
7643
7643
2089
8373
7382
8373
8954
8373
8954
3139
8954
3139
3139
3139
3139
3139
3139
719
3139
450
450
450
450
263
263
263
263
263
263
450
450
1259
450
450
1259
450
450
1259
450
450
1259
450
4789
9201
4789
4789
9201
4789
4789
9201
4789
3466
3742
2314
2314
3742
4503
7417
6806
450
450
450
5461
6806
450
450
450
1259
10274
450
450
450
1259
10274
450
4789
4789
1259
10099
4789
4789
3466
9201
10099
4789
3466
3466
3742
7205
2314
2314
2314
3742
7205
2314
3742
4503
7417
4503
4503
7417
7417
6806
6806
450
450
450
450
5461
6806
6806
450
450
450
3466
5461
6806
10274
450
4789
3466
3466
1259
10099
10099
4789
3466
3466
3466
3742
7205
7205
2314
2314
2314
2314
3742
7205
7205
2314
2314
3742
7205
9522
3742
4503
7417
4503
4503
7417
1163
8540
4503
4503
7417
7417
1163
6806
6806
6806
450
450
450
3466
3466
5461
6806
6806
6806
450
3466
3466
3466
3466
752
752
752
7205
2314
2314
2314
2314
2314
752
6459
7205
7205
2314
2314
2314
3742
7205
7205
13525
2314
3742
7205
9522
3742
415
1163
4503
415
9945
1163
4503
4503
415
9945
9240
7450
8540
8540
4503
415
9240
9240
9240
7450
752
752
752
752
415
2314
2314
2314
2314
1446
752
752
752
752
6459
2314
2314
2314
2314
752
752
6459
6459
13525
2314
2314
6459
6459
6459
13525
9522
6459
6459
9522
3742
415
1163
415
415
9945
1163
415
415
415
9240
9240
7450
8540
415
415
415
9240
9240
9240
1446
10021
10021
10021
1115
1115
12139
12139
12139
752
752
752
752
8023
1115
2314
2314
752
752
752
6459
9069
9069
2314
752
6459
6459
9069
9069
6459
6459
9069
5525
415
1163
415
415
9240
7450
415
415
415
9240
9240
1446
10454
10454
1115
1115
12139
12139
10021
13925
1115
1115
1115
12139
10021
10021
8023
8023
1115
1115
752
752
752
8023
8023
8023
752
752
6459
9069
9069
6459
6459
9069
5525
415
1163
415
415
9240
1446
10454
1115
1115
12139
10454
1115
1115
1115
13925
1115
1115
1115
13925
8023
8023
1115
10021
8023
8023
8023
752
752
8023
8023
752
6459
9069
5525
415
1446
1115
1115
1115
1115
1115
1115
1115
1115
8023
8023
8023
8023
8023
8023
752
8023
5525
1259
2386
1259
3178
1259
3178
1259
3178
1259
263
9201
263
9201
263
9201
263
2762
534
6202
2386
3154
1259
11995
2386
1259
1259
11995
3178
1259
1259
11995
263
1259
1259
9772
263
9201
9201
9772
263
9201
9201
2762
2762
3742
2762
2762
534
3742
4773
6202
2386
3154
6202
13721
2386
3154
3154
1259
11995
11995
2386
5461
1259
1259
11995
9772
263
1259
1259
1259
9772
2762
2762
1259
9201
9201
2762
2762
2762
3742
3742
2762
2762
2762
534
3742
3742
4773
6122
3742
4773
6202
2386
6202
6202
13721
2386
3154
3154
6202
13721
5912
895
3154
3154
3154
1259
11995
895
895
895
5461
5461
1259
1259
2762
2762
2762
2762
5461
1259
3742
2762
2762
2762
2762
534
3742
3742
3742
4773
13399
6122
3742
3742
4773
4773
3742
4773
2770
5912
6202
2770
5912
5912
3154
6202
2770
5912
895
895
3154
3154
3154
2770
895
895
895
895
260
260
260
260
260
895
895
895
895
534
5773
5773
5773
3742
4773
13399
13399
6122
5773
9079
3742
4773
4773
6122
9079
3742
4773
4773
3742
4773
2770
5912
2770
2770
5912
895
2770
2770
2770
895
895
895
260
260
2770
289
895
895
895
645
260
260
260
289
289
8651
8651
645
260
260
260
260
1463
289
8651
645
5773
5773
9079
11103
4773
4773
9079
9079
11103
4773
9079
11103
2770
5912
2770
2770
895
895
2770
2770
289
895
895
645
5510
11654
289
289
8651
645
260
5510
289
289
289
645
260
260
1463
1463
289
289
260
260
260
1463
1463
1463
5773
9079
11103
11103
9079
11103
2770
895
2770
289
895
645
11654
289
289
645
11654
289
289
289
5510
289
289
289
5510
1463
1463
289
260
1463
1463
1463
260
260
1463
1463
9079
11103
289
645
289
289
289
289
289
289
289
289
1463
1463
1463
1463
1463
1463
260
1463
1263
1263
1263
1263
762
762
762
762
762
430
1263
3190
1263
1263
3190
1263
1263
3190
1263
1263
3190
1263
1263
1166
9225
9225
1166
9225
9225
1166
9225
9225
1166
3075
3075
1622
430
6642
6642
8438
1263
3980
3190
1946
1263
1263
3980
3190
1263
1263
1263
3980
1166
1263
1263
1263
11069
1166
1263
9225
9225
11069
1166
9225
9225
9225
10279
1622
3075
3075
3075
10279
1622
3075
3075
4071
430
6642
6642
8438
6642
6642
6642
8438
8438
1263
3980
3980
3190
1946
11889
1263
1263
3980
3980
1166
1946
1263
1263
1263
11069
10279
1622
1263
1263
9225
9225
10279
10279
1622
3075
3075
3075
3075
10279
10279
1622
3075
3075
3075
4071
11474
3075
3075
4071
430
6642
6642
11041
6642
6642
2030
8438
8438
6642
6642
2030
2030
8438
8438
8438
1263
3980
2030
6494
1622
1946
11889
11889
1263
1263
10279
10279
10279
1622
1946
5348
249
3075
3075
10279
10279
10279
1622
249
249
3075
3075
4071
12862
11474
249
3075
3075
4071
4071
3075
3075
4071
430
2030
2030
11041
2030
2030
2030
8438
11041
2030
2030
2030
6494
8438
8438
8438
2030
2030
6494
6494
6494
1163
1163
1163
1163
249
5815
5815
5815
5815
994
2967
5348
5348
249
249
4071
12862
12862
11474
2967
249
249
249
4071
4071
11474
249
249
249
4071
4071
249
249
4071
249
2030
2030
9743
2030
2030
2030
9743
9743
2030
2030
6494
6494
1163
1163
5345
2030
5815
5815
5815
994
1163
1163
1163
5345
5815
5815
5815
4341
1163
1163
1163
249
6296
4071
5815
4341
2967
5348
249
249
7204
4071
4071
249
249
249
7204
727
249
249
727
249
2030
2030
9743
2030
2030
6494
5345
5345
2030
5815
5815
994
5345
5345
5345
5815
5815
4341
1163
7450
5345
12815
5815
4341
1163
1163
6296
6296
6296
4341
1163
1163
249
6296
6296
727
2967
249
249
7204
727
249
249
727
249
2030
2030
5345
2030
5815
994
5345
5345
5815
4341
5345
5345
12815
4341
7450
5345
12815
9940
7450
6296
6296
1446
1163
6296
6296
1446
1163
249
6296
727
249
249
727
249
2030
994
5345
4341
5345
9940
5345
9940
5345
9940
6296
1446
6296
1446
6296
1446
249
727
249
1885
1885
1885
1885
1885
1885
1885
1885
1885
2588
4807
2588
4807
2588
4807
2588
1210
2370
2576
2576
1946
1885
1885
1885
1946
1885
1885
1885
6313
1885
1885
1885
6313
1885
4807
2588
13679
4807
4807
2588
13679
4807
4807
5440
7527
1210
2370
2370
1210
1210
2576
2576
3195
2576
2576
2576
1946
1946
1885
1885
1885
1885
1946
1946
1885
1885
1885
2588
1946
6313
1885
4807
4807
5440
6313
13679
4807
4807
8061
5440
7527
7527
1210
2370
2370
2370
7527
1210
1210
2370
1210
1210
2576
2576
3195
2576
2576
2576
12143
3195
2576
2576
2576
4569
1946
1946
1946
1885
1885
1885
8061
5440
1946
1946
1946
1885
4807
8061
8061
5440
1946
1946
7527
1210
2370
2370
2370
2370
7527
7527
1210
1210
2370
2370
7527
1210
1210
1210
1210
1210
1917
4569
3195
1917
10070
4569
3195
3195
1917
10070
10070
10827
12143
12143
3195
1917
10070
10827
10827
10827
1946
1946
1946
1946
457
2370
2370
2370
2370
1485
2967
2967
2967
1210
1210
2370
2370
2370
2967
9793
1210
1210
1210
2370
9793
1210
1210
1210
1210
1210
1917
4569
1917
1917
10070
4569
1917
1917
1917
10070
10827
10827
5231
457
1917
1917
10827
10827
10827
1485
5231
5231
457
457
6195
11143
11143
10185
2967
2967
2967
457
8477
1210
2370
2370
2967
2967
8477
8477
1210
1210
9793
8477
8477
1210
8477
2655
1917
4569
1917
1917
10070
10827
1917
1917
1917
10827
10827
1485
457
4849
4849
6195
11143
10185
457
457
457
6195
6195
10185
5231
457
457
10278
6195
6195
2967
2967
457
8477
8477
1275
2967
8477
8477
2655
8477
2655
1917
4569
1917
1917
10827
1485
4849
4849
6195
10185
4849
4849
6195
6195
457
457
6195
6195
457
457
10278
1275
457
457
10278
1275
2967
457
8477
1275
8477
2655
1917
1485
4849
6195
4849
6195
4849
6195
457
6195
457
1275
457
1275
457
1275
457
1275
3744
3744
3744
3744
3744
5527
5527
5527
5527
2386
3744
4797
12138
3744
11656
12138
3744
11656
12138
3744
11656
9546
6138
9546
9546
6138
9546
9546
6138
9546
9546
5116
9546
3803
2198
1471
3178
6842
2386
2386
7316
3744
4797
10615
12138
12138
3744
4797
12867
12138
12138
3744
11656
12867
9546
13109
6138
9546
9546
9546
13109
5116
9546
9546
9546
5116
5116
9546
9546
3803
3803
2198
11981
11981
3803
1471
3178
6842
2386
3178
7316
6842
2386
2386
2386
7316
7316
3744
4797
10615
10615
12138
12138
12138
5116
4797
10615
12867
9546
13109
5116
5116
4797
9546
9546
9546
5116
5116
5116
9546
9546
9546
3803
3803
3803
2198
11981
11981
11981
3803
3803
11981
11981
7043
1471
3178
6842
3178
3178
7316
759
2386
2386
3178
7316
7316
759
2386
2386
2386
2386
7316
5116
5116
5116
4797
10615
10615
10615
9546
5116
5116
5116
5116
4797
10615
2350
9546
3803
3803
3803
3803
2198
2350
2350
11981
11981
3803
3803
3803
2350
11981
11981
12680
3803
11981
11981
7043
1471
263
759
3178
263
8645
759
2386
3178
263
8645
8428
8428
2386
2386
2386
263
8428
8428
8428
8428
2386
2386
2386
2386
263
3803
3803
3803
3803
1369
10885
11940
11940
2350
2350
3803
3803
3803
3803
10885
2350
2350
2350
12680
3803
3803
2350
2350
2350
12680
7043
2350
2350
7043
1471
263
759
263
263
8645
759
263
263
263
8428
8428
8428
2386
263
263
263
7184
7184
7184
1369
6136
6136
6136
1076
1076
7184
7184
1369
6136
6136
6136
2350
2944
1076
3803
1369
10885
11940
2350
2350
3741
3741
3803
2350
2350
2350
3741
3741
2350
2350
3741
1520
263
759
263
263
8428
8428
263
263
263
7184
7184
1369
8041
8041
1076
1076
7184
1369
6136
8658
1076
1076
1076
1369
6136
6136
2944
2944
1076
1076
6136
6136
2350
2944
2944
2944
10885
2350
2350
3741
3741
2350
2350
3741
1520
263
759
263
263
7184
1369
8041
1076
1076
1369
8041
1076
1076
1076
8658
1076
1076
1076
8658
2944
2944
1076
6136
2944
2944
2944
6136
2350
2944
2944
2350
2350
3741
1520
263
1369
1076
1076
1076
1076
1076
1076
1076
1076
2944
2944
2944
2944
2944
2944
2350
2944
1520
1459
3616
1459
3616
1459
3616
1459
3616
1459
7199
7199
7199
7199
7199
7199
1563
1563
8461
8461
4797
1459
8461
3616
1459
1459
12112
3616
1459
1459
12112
3616
1459
1459
7199
7199
9544
7199
7199
1563
9544
7199
1563
1563
6227
1563
1563
6227
3844
8461
8461
4797
8461
8461
8461
4797
4797
1459
8461
8461
3616
8180
1459
1459
12112
7199
1563
1459
1459
1459
7199
1563
1563
1459
9544
7199
1563
1563
1563
6227
6227
1563
1563
1563
6227
6227
5535
3844
6227
7340
8461
8461
11656
8461
8461
5527
4797
4797
8461
8461
5527
5527
4797
4797
4797
1459
8461
1563
1563
1563
8180
8180
1459
1459
1563
1563
1563
1563
8180
1459
6227
1563
1563
1563
1563
5407
6227
6227
5535
5535
3844
6227
6227
13914
3844
6227
7340
5527
5527
11656
5527
5527
5527
4797
11656
5527
5527
5527
10332
4797
4797
4797
5527
5527
10332
10332
10332
4797
4797
4797
4797
1459
1563
1563
1563
1563
11711
11711
5407
5407
5535
5535
5535
3844
5407
5407
5407
13914
5535
3844
5407
5407
13914
7340
5407
7340
5527
5527
12323
5527
5527
5527
11656
12323
5527
5527
10332
10332
4797
4797
12323
5527
10332
10332
10332
10885
10885
7726
4530
7298
12550
12550
2946
10885
10885
10885
4530
4530
4530
5535
2946
11711
5407
5407
6883
6883
3844
5407
5407
6883
6883
5407
6883
5527
5527
12323
5527
5527
10332
12323
12323
5527
10332
10332
7726
14285
7298
7298
12550
2946
7726
7726
4530
7298
7298
2946
10885
7726
4530
4530
4530
2424
10885
10885
4530
4530
4530
4530
5407
5407
6883
6883
5407
6883
5527
5527
12323
5527
10332
14285
7298
7298
2946
14285
7298
7298
2424
7726
4530
7298
2424
7726
4530
4530
2424
7726
4530
4530
4530
10885
4530
4530
4530
5407
6883
5527
7298
2424
7298
2424
7298
2424
4530
2424
4530
4530
4530
4530
4530
4530
4530
4530
3190
6864
3190
6864
3190
6864
3190
6864
1166
762
1166
762
1166
762
1166
591
1166
591
3744
7731
6842
3190
12135
6864
3190
3190
14239
6864
3190
3190
14239
762
3190
1166
8644
762
1166
1166
8644
591
1166
1166
8644
591
1166
1166
10860
591
1622
3971
3744
7731
3744
3744
12135
7731
6842
6842
3190
12135
12135
6864
12009
3190
3190
14239
8644
591
3190
3190
1166
8644
8644
591
1166
1166
1166
8644
10860
591
1166
1166
1166
10860
10860
591
1622
1622
6290
8789
1622
3971
3744
7731
3744
3744
12135
7731
6842
3744
3744
12135
12135
4795
6842
6842
6842
3190
12135
4795
4795
591
12009
12009
3190
1166
8644
10860
10860
591
7840
1166
1166
1166
10860
10860
10860
591
1622
1622
1622
6290
12322
8789
1622
1622
6290
3971
1622
3971
3744
10887
3744
3744
13334
10887
3744
3744
3744
13334
4795
4795
6842
6842
3744
3744
4795
4795
4795
4795
759
759
759
759
759
2580
2580
2580
2580
349
7840
7840
7840
1622
6290
12322
12322
8789
7840
10469
1622
6290
6290
8789
10469
1622
6290
3971
1622
3971
6138
10887
6138
6138
13334
4795
3744
6138
6138
4795
4795
4795
759
759
6138
2198
2580
2580
2580
349
759
759
759
2198
2198
2580
2580
2580
759
759
759
759
9323
2198
2580
2580
7840
7840
9323
9323
6290
3971
10469
9323
9323
3971
9323
9323
6138
10887
6138
6138
4795
4795
6138
6138
2198
2580
2580
349
7833
7833
2198
2198
2580
2580
759
8865
2198
2198
2198
2580
759
759
8865
11514
2198
2198
759
759
759
9323
9323
2467
7840
9323
9323
9323
9323
9323
6138
4795
6138
2198
2580
349
7833
2198
2198
2580
7833
2198
2198
2198
8865
2198
2198
2198
8865
8865
11514
2198
759
8865
11514
2467
759
759
9323
2467
9323
9323
2198
349
2198
2198
2198
2198
2198
2198
2198
2198
8865
2467
8865
2467
8865
2467
759
2467
1666
1666
4572
4572
4572
4572
4572
4572
2036
2036
2036
2036
2036
2036
2036
1948
2036
1323
1666
1666
6878
1666
1666
1666
6878
4572
4572
4572
11040
4572
4572
2036
11040
2036
2036
2036
2588
2036
2036
1948
2588
2036
2036
1948
2588
2036
11783
1323
5440
7732
1666
1666
4515
1666
1666
1666
6878
6878
1666
1666
1666
1666
6878
6878
4572
4572
2036
1948
6878
11040
2036
2036
2036
1948
2588
2588
2036
2036
12011
1948
2588
2588
2036
11783
11783
1323
5440
5440
7732
9711
5440
7732
1666
1666
4515
1666
1666
1666
14230
4515
1666
1666
1666
4981
6878
6878
6878
1666
1666
1666
7465
1948
6878
6878
6878
2036
2036
12011
12011
1948
4569
2588
2588
2036
11783
11783
11783
1323
5440
5440
5440
7732
11783
9711
5440
5440
7732
7732
5440
7732
1666
6208
4515
1666
10622
6208
4515
4515
1666
10622
7465
4981
14230
14230
4515
1666
7465
7465
7465
4981
4569
4569
4569
4569
732
2128
2128
2128
2128
802
4569
4569
4569
5440
7732
11783
11783
9711
4569
13480
5440
7732
7732
9711
13480
5440
7732
7732
5440
7732
10622
6208
13007
10622
10622
4981
4515
13007
10622
7465
7465
4981
5441
732
6696
2128
2128
2128
2128
802
5441
5441
732
732
2128
2128
2128
2128
4569
4569
4569
732
7526
2128
2128
2128
4569
4569
8629
8629
7732
7732
13480
8629
8629
1485
8629
1485
10622
6208
13007
10622
7465
4981
6696
6696
2128
2128
2128
802
732
6696
3565
2128
2128
2128
732
732
732
3565
2128
2128
5441
732
732
7526
3565
2128
4569
4569
732
7526
7526
1485
4569
8629
8629
1485
8629
1485
10622
4981
6696
2128
2128
802
6696
3565
2128
2128
6696
3565
3565
2128
732
732
3565
3565
732
732
7526
1966
732
732
7526
1966
4569
732
7526
1485
8629
1485
2128
802
3565
2128
3565
3565
3565
3565
732
3565
732
1966
732
1966
732
1966
732
1485
6864
6864
6864
6864
762
762
762
762
591
9232
7529
7731
6864
7529
6864
6864
12982
6864
6864
12982
6864
762
4360
762
762
4360
762
762
1948
591
591
1948
591
1323
12151
7529
9232
10151
7529
7529
7731
7731
6864
7529
7529
7731
6864
6864
12982
4360
6864
6864
762
4360
1948
762
762
762
1948
1948
591
591
591
1948
1948
591
591
6115
1323
591
1620
12151
7529
9232
14281
7529
7529
9232
10151
10151
7529
7529
6208
7731
7731
7731
6864
7529
1948
1948
7731
7731
6864
762
1948
1948
1948
7731
591
591
591
1948
1948
1948
591
591
591
6115
7805
1323
591
591
6115
1323
591
1620
12151
5930
12151
14281
5930
6208
9232
10151
14281
5930
6208
4981
9232
10151
10151
10151
5930
4981
4981
4981
7731
7731
7731
7731
591
1948
1948
1948
1948
10887
10887
5810
591
6115
7805
7805
1323
5810
5810
591
6115
6115
1323
5810
591
6115
1620
591
1620
2976
5930
2976
5930
5930
6208
9232
5930
5930
5930
4981
4981
5826
10151
5930
5930
4981
4981
4981
4981
5826
13586
13586
7314
1664
10618
11970
11970
9483
10887
10887
10887
1664
1664
1664
7805
1323
10887
5810
3617
3617
3617
1323
5810
3617
3617
1620
3617
3617
2976
5930
2976
5930
5930
4981
2976
5930
5930
4981
4981
4981
4057
7314
12344
10618
10618
11970
9483
5826
7314
7314
1664
10618
10618
9483
5826
13586
7314
1664
1664
1664
7734
10887
10887
1664
1664
1664
1664
5810
3617
3617
3617
3617
3617
2976
5930
2976
5930
4981
4981
5237
12344
10618
10618
9483
4057
12344
10618
10618
7734
4057
7314
1664
10618
7734
4057
7314
1664
1664
1664
5826
7314
1664
1664
1664
10887
1664
1664
1664
3617
3617
2976
4981
5237
10618
7734
5237
10618
7734
5237
10618
7734
4057
1664
7734
4057
1664
1664
4057
1664
1664
4057
1664
1664
1664
1664
3616
3616
3616
3616
3616
7246
7246
7246
1987
12151
9232
3616
7464
3616
3616
7464
3616
3616
7464
3616
3616
7246
12871
7246
7246
12871
7246
5673
5838
1987
2667
1987
12151
9232
12151
12651
9232
9232
3616
7464
7464
11271
3616
3616
7464
7246
3616
3616
3616
7246
5673
3616
12871
7246
5673
5673
5838
5838
1987
2667
2667
5838
1987
1987
1987
12151
12151
12151
12651
9232
9232
12151
12651
2647
9232
9232
9232
3616
7464
1189
1189
11271
11271
3616
3616
5673
5673
5673
11271
3616
5838
1987
2667
2667
2667
5838
5838
1987
1987
2667
5838
1987
1987
1987
2647
12151
2647
2647
9232
12151
2647
2647
1189
9232
9232
9232
2647
1189
1189
1189
5826
5826
5826
5826
1189
1189
1189
1189
1189
13582
13582
13524
1987
1987
2667
2667
13524
13524
1987
1987
1987
13524
1987
1987
1987
2647
2976
2647
2647
2976
2976
2647
1189
1189
5826
2976
2976
1189
1189
1189
1189
5826
5826
4057
4057
12685
12685
12685
5826
5826
5826
4057
5668
1987
2667
13582
13524
5668
5668
1987
13524
5668
5668
5668
2647
2976
2647
1189
2976
2976
1189
1189
1189
4057
5237
5237
12685
12685
4057
4057
4057
13521
12685
5826
4057
4057
7338
7338
5826
5826
4057
5668
5668
13524
5668
5668
5668
2647
2976
1189
1189
5237
5237
12685
5237
5237
13521
4057
4057
13521
4057
4057
7338
4057
4057
7338
5826
4057
5668
5668
1189
5237
5237
5237
4057
4057
4057
4057
4057
276
276
276
276
276
471
471
471
471
276
791
276
276
791
276
276
791
276
276
791
276
276
7037
3291
3291
7037
3291
3291
7037
3291
3291
4552
3291
3291
3173
3301
3225
3225
2145
276
3225
791
5014
276
276
13596
791
276
276
276
13596
791
276
276
276
9159
7037
276
3291
3291
9159
4552
3291
3291
3291
4552
4552
3291
3291
3291
4552
3173
6882
6882
3301
3301
3225
3225
2145
3225
3225
3225
2145
2145
276
3225
3225
791
5014
7785
276
276
13596
9159
4552
5014
276
276
276
9159
4552
4552
276
276
3291
3291
4552
4552
4552
3291
3291
3291
3291
4552
4552
3173
6882
6882
6882
7022
6455
6882
6882
3301
3301
3225
3225
5428
3225
3225
268
2145
2145
3225
3225
268
268
2145
2145
2145
276
3225
268
3501
3501
5014
7785
7785
276
276
4552
4552
4552
4552
483
7785
276
3291
3291
4552
4552
4552
3173
483
6368
6882
6882
7022
7022
6455
6368
6882
6882
10032
3301
6882
6882
3301
3301
268
268
5428
268
268
268
2145
5428
268
268
268
3501
2145
2145
2145
268
268
3501
3501
3501
2145
2145
2145
2145
268
3501
3501
3501
3501
2027
483
11525
11525
6368
5878
7022
7022
7022
6455
483
6368
6368
5878
10032
7022
6455
6368
6368
5878
10032
3301
6368
5878
3301
3301
268
268
10277
268
268
268
5428
10277
268
268
3501
3501
2145
2145
6153
268
3501
3501
3501
2027
11835
11835
11835
2067
4781
4781
4781
4781
11525
11525
11525
2067
2067
2067
4781
4781
483
11525
6368
5878
5878
5878
3301
483
6368
5878
5878
3301
6368
5878
5878
3345
268
268
10277
268
268
3501
6153
6153
268
3501
3501
2027
6153
6153
6153
4781
4781
4781
11835
13574
2067
7367
4781
4781
11835
11835
2067
2067
2067
4781
11525
11525
2067
2067
2067
2067
483
6368
5878
5878
5878
6368
5878
5878
3345
268
268
6153
268
3501
2027
6153
6153
4781
4781
6153
6153
7367
4781
13574
2067
7367
7367
13574
2067
2067
2067
11835
2067
2067
2067
11525
2067
2067
2067
483
5878
5878
3345
268
2027
6153
4781
6153
7367
6153
7367
2067
7367
2067
2067
2067
2067
2067
2067
2067
2067
3345
2913
4553
4782
7131
4782
7131
4782
7131
1308
1308
1308
1308
1308
1308
1308
1308
1308
2364
2913
4553
5014
2913
9435
4553
4782
4782
9435
7131
4782
4782
9435
1308
4782
1308
1308
1308
11629
1308
1308
1308
11629
1308
1308
5427
11629
1308
5427
2364
12990
2914
2913
4553
2913
2913
13719
4553
5014
5014
2913
9435
9435
4553
5014
4782
4782
9435
1308
1308
4782
4782
1308
1308
1308
5427
4782
11629
1308
1308
5427
5427
11629
11629
1308
5427
5427
2364
13632
12990
9300
2914
12990
10861
2913
4553
2913
2913
13719
4553
7794
2913
2913
13719
4811
4811
5014
5014
5014
2913
9435
1308
5427
5427
5014
5014
4782
1308
1308
5427
5427
5427
483
483
11629
1308
5427
5427
5427
2364
9756
13632
12990
9300
9300
2914
13632
12990
12990
2914
12990
10861
2913
4811
2913
2913
4811
4811
2913
2913
2913
4811
4811
8743
7794
7794
2913
2913
4811
8743
8743
8743
483
483
483
483
483
5427
5427
5427
5427
2364
483
483
483
4952
9300
9300
9300
2914
483
9756
4952
12990
9300
2914
9756
4952
12990
10861
4952
10861
4811
4811
5310
4811
4811
4811
2913
5310
4811
4811
8743
8743
7794
2913
3321
3321
8743
8743
8743
3659
13717
13717
7023
3321
9889
12650
12650
7310
483
483
483
483
4551
4551
9300
2914
483
483
4952
4952
4952
2914
9756
4952
4952
4952
4952
4952
4811
4811
5310
4811
4811
8743
3321
3321
3321
8743
8743
3659
3321
3321
3321
9889
12650
7310
7023
7023
3321
9889
9889
7310
13717
7023
4551
4551
4551
6972
483
483
483
4551
4551
4551
483
4952
4952
4952
4952
4952
4811
4811
3321
3321
8743
3659
3321
3321
9889
7310
3321
3321
9889
6972
7023
3321
9889
6972
7023
4551
4551
4551
7023
4551
4551
4551
483
483
4551
4551
4952
4952
3321
3659
3321
6972
3321
6972
3321
6972
3321
6972
4551
4551
4551
4551
4551
4551
483
4551
3549
3549
3549
3549
2284
2284
2284
2284
2284
458
6278
1278
9381
8454
3549
9381
8454
3549
9381
8454
3549
9152
9152
3265
9152
9152
3265
9152
9152
3265
9152
8792
3265
4694
1975
751
3499
6278
458
458
6278
6278
1278
7843
9381
9381
8454
1278
11028
9381
9381
8454
3549
11028
9152
9152
9152
3265
9686
9152
9152
8792
3265
9686
9152
8792
8792
3265
9686
4694
4694
1975
8545
13147
751
751
3499
6278
458
3499
6278
6278
458
458
458
6278
6278
6278
1278
7843
7843
9381
9381
9152
8792
1278
7843
11028
9152
9152
8792
8792
1278
9686
9686
9152
8792
8792
8792
3265
9686
9686
4694
4694
4694
1975
8545
13147
13147
4694
4694
8545
13147
751
751
3499
6278
3499
3499
6278
6278
458
458
3499
6278
6278
3623
458
458
458
458
6278
4096
4096
3623
1278
7843
7843
7843
9152
8792
8792
8792
8792
87
7843
3149
9686
4694
4694
4694
4694
1975
87
3149
13147
13147
4694
4694
4694
3149
13147
13147
13580
751
8545
13147
751
751
3499
8718
3499
3499
8885
8718
458
3499
3499
8885
4096
3623
458
458
458
3499
4096
4096
4096
3623
458
458
458
458
273
3156
3156
3156
3156
1975
87
12904
12904
3149
3149
4694
4694
4694
4694
87
3149
3149
3149
13580
4694
4694
3149
3149
3149
13580
751
3149
3149
751
751
4408
8718
4408
4408
8885
3623
3499
4408
4408
4096
4096
3623
458
458
4408
3156
3156
3156
3156
3105
4858
4858
4858
273
3156
3156
3156
3156
4858
4858
4858
273
273
273
3156
3156
87
12904
3149
3149
3774
3774
751
87
3149
3149
3774
751
3149
3149
3774
1246
4408
8718
4408
4408
4096
3623
4408
4408
3156
3156
3156
3105
6124
6124
3257
3156
3156
3156
4858
11150
273
3257
3156
3156
4858
4858
273
273
273
3156
4858
4858
273
273
273
273
87
3149
3149
3774
3774
3149
3149
3774
1246
4408
3623
4408
3156
3156
3105
6124
3257
3156
3156
6124
3257
3257
3156
11150
273
3257
3257
11150
273
273
273
4858
273
273
273
4858
273
273
273
87
3149
3774
1246
3156
3105
3257
3156
3257
3257
3257
3257
273
3257
273
273
273
273
273
273
273
273
1246
791
2105
3549
6884
3549
6884
3549
6884
3265
6988
3265
6988
3265
6988
3265
3498
3265
791
2105
1278
791
9960
2105
1278
3549
13310
6884
3549
3549
13310
6884
3549
3265
10797
6988
3265
3265
10797
3498
3265
3265
3498
3498
3265
3265
3498
8545
793
791
2105
791
791
9960
2105
1278
1278
791
9960
9960
2105
1278
1278
3549
13310
10797
3498
1278
3549
3265
10797
3498
3498
3265
3265
3265
3498
3498
3498
3265
3265
3265
3498
3498
8545
8545
9155
793
8545
8114
791
2105
791
791
9960
2105
10059
791
791
9960
6837
3295
1278
1278
1278
791
9960
3295
3295
3295
1278
1278
1278
3265
3498
3498
3498
3498
87
87
3265
3265
3498
3498
3498
7710
8545
8545
9155
11374
793
8545
8545
9155
793
8545
8114
791
6837
791
791
6837
6837
791
791
791
6837
3295
3295
10059
10059
791
791
3295
3295
3295
3295
87
87
87
87
87
3295
3295
3295
3295
87
87
87
1246
9155
11374
11374
793
87
7710
1246
9155
9155
793
7710
1246
9155
8114
1246
8114
6837
6837
7037
6837
6837
3295
791
7037
6837
3295
3295
3295
10059
791
7037
3295
3295
3295
3295
12509
12509
4695
4695
7841
11068
11068
7046
87
87
87
87
1246
1246
11068
793
87
87
1246
1246
1246
793
7710
1246
1246
1246
1246
1246
6837
6837
7037
6837
3295
3295
7037
7037
3295
3295
3295
4695
11712
7841
7841
11068
7046
4695
4695
4695
7841
7841
7046
12509
4695
4695
5173
5173
3173
87
87
87
1246
1246
1246
87
1246
1246
1246
1246
1246
6837
3295
7037
3295
3295
11712
7841
7841
7046
11712
7841
7841
3173
4695
4695
7841
3173
4695
4695
5173
3173
4695
4695
5173
4927
87
87
1246
1246
1246
1246
3295
7841
3173
7841
3173
7841
3173
4695
3173
4695
4927
4695
4927
4695
4927
87
1246
4902
4902
11011
11011
11011
11011
11011
11011
1965
4671
1965
4671
1965
4671
1965
4671
1965
4902
4902
6669
4902
4902
4902
6669
11011
11011
11011
11393
11011
11011
4671
11393
1965
7525
4671
1965
1965
7525
4671
1965
1965
7525
6056
1965
1965
11438
2372
726
4902
4902
7384
4902
4902
4902
6669
6669
4902
4902
4902
4902
6669
6669
11011
11011
7525
4671
6669
11393
1965
7525
7525
6056
1965
1965
1965
7525
13171
6056
1965
1965
1965
11438
11438
2372
2372
6791
726
2372
2316
4902
4902
8454
4902
4902
4902
7384
7384
4902
4902
4902
3070
6669
6669
6669
4902
4902
3070
3070
3070
6669
6669
6669
1965
7525
13171
13171
6056
6669
1965
1965
1965
11438
11438
11438
2372
2372
2372
6791
11438
726
2372
2372
6791
726
2372
2316
4902
5288
8454
4902
5288
5288
7384
8454
4902
5288
3070
3070
7384
7384
7384
4902
3070
3070
3070
3070
6669
6669
6669
6669
749
3070
3070
3070
3070
6725
6725
3941
749
6791
11438
11438
726
3941
3941
749
6791
6791
726
3941
749
6791
2316
749
2316
5288
5288
11615
5288
5288
3070
8454
11615
5288
3070
3070
3070
7384
3623
9075
3070
3070
3070
3070
8718
8718
3623
3623
10678
12795
12795
6650
6725
6725
6725
749
749
749
11438
726
6725
3941
749
749
749
726
3941
749
749
749
749
749
5288
5288
11615
5288
3070
3070
9075
9075
3070
3070
3070
3623
9075
9075
10678
12795
6650
3623
3623
3623
10678
10678
6650
8718
3623
3623
3730
3730
6650
6725
6725
749
749
749
749
3941
749
749
749
749
749
5288
3070
9075
3070
3070
9075
9075
10678
6650
9075
9075
10678
6650
3623
3623
10678
10678
3623
3623
3730
3105
3623
3623
3730
3105
6725
749
749
749
749
749
3070
9075
6650
9075
10678
9075
10678
3623
10678
3623
3105
3623
3105
3623
3105
749
749
2374
2374
2374
2374
2374
3674
3674
3674
3674
4553
4940
4975
7831
12397
4975
7831
12397
4975
7831
12397
4975
6061
3674
6061
6061
3674
6061
6061
3674
6061
6061
3674
4412
4412
4412
4940
4940
4553
4553
4940
4940
8895
7831
7831
14355
12397
4975
7831
7831
14355
3674
4975
7831
6061
6989
3674
4975
6061
6061
6989
3674
6061
6061
6061
6989
13595
4412
4412
4412
13595
4412
4412
2399
4412
4940
4940
4553
4940
4940
4940
4553
4553
4553
4940
4940
4940
8895
11546
7831
7831
14355
6989
3674
8895
7831
7831
6061
6989
6989
13595
4975
6061
6061
6061
6989
13595
13595
4412
4412
4412
4412
13595
13595
4412
4412
4412
7637
2399
4412
4412
4941
4412
4940
4940
7131
4940
4940
471
4553
4553
4940
4940
471
471
4553
4553
4553
4553
4940
471
7672
7672
8895
11546
11546
7831
6061
6989
13595
13595
13595
1847
4790
4412
4412
4412
13595
13595
13595
1847
4412
4412
4412
7637
14149
2399
4412
4412
4412
7637
2399
4412
4412
4941
4412
471
471
7131
471
471
471
4553
7131
471
471
471
7672
4553
4553
4553
471
471
7672
7672
7672
4553
4553
4553
4553
471
4974
4974
4974
4974
1847
4790
4790
4790
4412
7637
14149
14149
2399
1847
4790
11732
4412
7637
7637
2399
7796
11732
4412
7637
4941
7796
4412
4941
4412
471
471
12158
471
471
471
7131
12158
471
471
7672
7672
4553
4553
9313
471
4974
4974
4974
5807
5807
5807
2364
2364
4974
4974
4974
4790
4790
4790
4432
4432
2364
4974
2399
1847
4790
4790
5892
5892
5892
2399
1847
11732
5892
5892
4941
7796
5892
5892
5446
471
471
12158
471
471
7672
9313
9313
471
4974
4974
9313
9313
2364
2364
4974
4974
5807
10541
2364
2364
2364
4974
5807
5807
4432
4432
2364
2364
4790
4790
4432
4432
4432
4432
1847
4790
5892
5892
5892
7796
5892
5892
5446
471
471
9313
471
4974
9313
2364
2364
4974
9313
2364
2364
2364
10541
2364
2364
2364
10541
4432
4432
2364
5807
4432
4432
4432
4790
4432
4432
4432
1847
5892
5892
5446
471
2364
2364
2364
2364
2364
2364
2364
2364
4432
4432
4432
4432
4432
4432
4432
4432
5446
4975
5301
4975
5301
4975
5301
4975
5301
4975
12953
11681
12953
11681
12953
11681
11728
11681
4519
12399
13850
6869
4975
5301
5301
4975
4975
5301
5301
4975
4975
5301
5301
4975
4975
12953
12953
11681
11681
12953
11728
11681
11681
12953
11728
11681
11681
11723
4519
12268
6872
12399
13850
6869
12399
13850
13850
6869
6869
4975
5301
5301
5301
8895
4975
4975
5301
5301
11728
4975
4975
4975
12953
12953
11728
4975
11681
11681
12953
13085
11728
11681
11681
11681
11723
11723
4519
12268
12268
11723
11119
12268
6872
12399
13850
12399
12399
13850
4990
6869
6869
12399
13850
4990
4990
6869
6869
6869
4975
5301
4990
13085
10560
8895
8895
4975
4975
12953
13085
13085
11728
1847
1847
11681
11681
11723
11723
11723
4519
7796
12268
12268
11723
11723
11119
12268
12268
14356
6872
12268
6872
4990
4990
12399
4990
4990
4990
6869
12399
4990
4990
4990
10560
6869
6869
6869
4990
4990
14316
14316
10560
1847
1847
1847
1847
1847
11723
11723
11723
11723
4519
1847
1847
1847
7039
11723
11723
11723
11119
1847
7796
7039
14356
11723
11119
7796
7039
14356
6872
7039
6872
4990
4990
6038
4990
4990
4990
6038
6038
4990
4990
14316
10560
6869
2911
2911
2911
12936
12936
12936
6514
14249
14249
11902
2911
12175
12936
12936
6514
1847
1847
1847
1847
7039
7039
11723
6514
1847
1847
7039
7039
7039
6872
7796
7039
7039
5446
7039
5446
4990
4990
6038
4990
4990
10560
2911
2911
2911
12936
12936
6514
2911
2911
2911
12175
12936
6514
11902
11902
2911
12175
12175
6514
14249
11902
8542
8542
8542
6402
1847
1847
1847
7039
7039
685
1847
7039
7039
5446
7039
5446
4990
4990
2911
2911
12936
6514
2911
2911
12175
6514
2911
2911
12175
6402
11902
2911
12175
6402
11902
8542
8542
685
11902
8542
8542
685
1847
1847
7039
685
7039
5446
2911
6514
2911
6402
2911
6402
2911
6402
2911
6402
8542
685
8542
685
8542
685
1847
685
2105
8547
12397
8547
12397
8547
12397
8547
3674
4673
3674
4673
3674
4673
3674
4673
3674
6884
11105
2105
2105
11958
8547
11482
12397
13347
8547
12397
12397
13347
4673
12397
3674
4673
4673
3674
3674
4673
4673
3674
3674
4673
9748
3674
3674
9748
9958
6884
11105
2105
6884
11958
11105
2105
2105
2105
11958
11958
8547
11482
11482
12397
13347
4673
4673
11482
12397
3674
4673
4673
9748
3674
3674
3674
4673
9748
9748
3674
3674
3674
9748
9748
14280
9958
9958
9958
6884
11105
6884
6884
11958
2284
2105
2105
6884
11958
6133
2284
2105
2105
2105
2105
11958
3141
3141
3141
11482
11482
11482
3674
4673
9748
9748
9748
8524
3674
3674
3674
9748
9748
9748
9478
14280
9958
9958
11611
14280
9958
9958
9958
6133
2284
6884
6133
6133
2284
2105
6884
6133
6133
3141
3141
2105
2105
2105
6133
3141
3141
3141
3141
2105
2105
2105
2105
1311
3141
3141
3141
3141
8524
8524
8524
3706
9958
11611
11611
8524
9478
3706
9958
9958
9478
3706
9958
3706
6133
2284
6988
6133
6133
2284
6884
6988
6133
3141
3141
3141
2105
2105
6988
1403
3141
3141
3141
11347
11347
7787
1311
1403
4651
4651
8524
8524
8524
1311
1311
1311
4651
8524
8524
3706
3706
3706
9478
3706
3706
3706
6133
2284
6988
6133
3141
3141
6988
6988
1403
3141
3141
7787
11206
1403
1403
4651
7787
7787
1311
1403
1403
11347
7787
1311
1311
1311
8524
8524
1311
1311
1311
8524
3706
3706
3706
6133
2284
6988
1403
3141
11206
1403
1403
11206
1403
1403
7787
1311
1403
7787
1311
1311
7787
1311
1311
8524
1311
1311
3706
1403
1403
1403
1403
1311
1311
1311
1311
1311
2374
2374
4410
4410
4410
4410
4410
4410
2768
4544
2768
4544
2768
4544
2768
4403
2466
2374
2374
11799
2374
2374
2374
9950
4410
4410
4410
9950
4410
4410
4410
9950
2768
9043
4544
2768
2768
9043
4403
2768
2768
9014
4403
2768
2466
2466
6090
2466
2374
2374
6568
2374
2374
2374
11799
11799
2374
2374
2374
2374
11799
9950
4410
4410
4410
4403
9950
9950
2768
9043
9014
4403
2768
2768
2768
9014
9014
4403
2768
2768
2466
2466
2466
8715
6090
2466
2466
6090
6090
2374
2374
6568
2374
2374
2374
14079
6568
2374
2374
2374
7259
11799
11799
11799
2374
2374
2374
9014
4403
11799
11799
9950
2768
9014
9014
9014
4403
4978
2768
2768
2466
2466
2466
2466
8715
8715
6090
2466
2466
2466
8715
6090
6090
2466
6090
6090
2374
7259
6568
2374
10268
7259
6568
6568
2374
10268
10268
13110
14079
14079
6568
2374
10268
13257
13257
13110
4978
4978
4978
4978
2374
2466
2466
2466
2466
4978
4978
4978
6090
2466
2466
2466
2466
4978
14334
6090
6090
2466
2466
14334
6090
6090
6090
6090
6090
10268
7259
14130
10268
10268
7259
6568
14130
10268
10268
13257
13110
10480
6568
11728
8857
8896
8896
8896
10480
10480
10480
8857
8857
8896
8896
8896
4978
4978
4978
4978
6870
2466
2466
2466
4978
4978
6870
6870
6090
2466
14334
6870
6870
6090
6870
6870
10268
7259
14130
10268
10268
13110
11728
11728
8857
8896
8896
10560
11728
8857
8857
8896
8896
10480
10560
8857
8857
8857
8896
10480
10480
10560
13006
8857
8857
4978
4978
4978
6870
6870
6870
4978
6870
6870
6870
6870
6870
10268
7259
11728
8857
8896
11728
8857
8857
8896
11728
8857
8857
8857
10560
8857
8857
8857
10560
10560
13006
8857
10480
10560
13006
12079
4978
4978
6870
6870
6870
6870
8857
8857
8857
8857
8857
8857
8857
8857
8857
10560
12079
10560
12079
10560
12079
4978
6870
8547
13591
13591
13591
4544
4544
4544
4544
4403
8547
11105
8547
9383
12797
13591
13591
14072
13591
13591
14072
4544
4544
4671
4544
4544
4671
4544
4403
4671
4403
4403
6056
8547
8547
8547
9383
11105
11105
8547
9383
9383
12797
12797
13591
13591
4544
12797
14072
4544
4544
4403
4671
4671
4544
4403
4403
4671
4671
4403
4403
4403
6056
6056
9002
6056
8547
8547
8547
9383
11105
8547
8547
9383
7259
11105
11105
11105
8547
9383
4403
4403
12797
12797
12797
4544
4403
4403
4403
8630
4671
4671
4403
4403
4403
4403
6056
6056
6056
9002
13879
6056
6056
9002
6056
5609
8547
5609
7259
8547
8547
5609
7259
7259
11105
11105
8547
5609
7259
13110
13110
2284
2284
2284
2284
1208
4403
4403
4403
4403
8630
8630
6785
1208
9002
13879
13879
6785
6785
1208
9002
9002
6785
1208
9002
1208
5609
5609
5609
7259
5609
5609
5609
7259
13110
2284
2284
5609
5609
9210
9210
9210
2284
2284
2284
2371
9144
9210
9210
2284
2284
2284
1208
1208
1208
9210
8630
6785
1208
1208
1208
6785
1208
1208
1208
5609
5609
5609
7259
5609
5609
5609
9210
9210
4853
13848
9144
9144
9210
2284
4853
2371
9144
9144
2284
2284
2371
2371
2371
2284
2284
1208
1208
1208
6785
1208
1208
1208
5609
5609
5609
9210
13848
9144
9144
13848
9144
9144
4853
2371
9144
4853
2371
2371
2284
2371
2371
2284
1208
1208
1208
5609
9144
9144
9144
2371
2371
2371
2371
1208
2430
2430
2430
2430
2430
3751
3751
3751
3751
172
2430
5464
2430
2430
5536
2430
2430
5536
2430
2430
5536
2430
2430
6950
4536
4536
6950
4536
4536
6950
4536
4536
421
3347
421
421
3347
5464
5464
5040
2430
5464
5464
3029
2430
2430
5665
5536
2430
2430
2430
5665
5536
2430
2430
2430
6950
6950
2430
4536
4536
6950
421
4536
4536
4536
421
421
3347
3347
421
421
421
3347
3347
1183
3347
5464
5464
5040
5464
5464
5464
5040
5040
2430
5464
5464
5464
3029
12643
2430
2430
5665
5665
421
3029
2430
2430
2430
6950
421
421
2430
2430
4536
4536
421
421
421
3347
3347
3347
421
421
421
421
3347
3347
3347
11244
1183
3347
3347
7134
3347
5464
5464
10533
5464
5464
1991
5040
5040
5464
5464
1991
1991
5040
5040
5040
2430
5464
421
421
421
3029
12643
12643
2430
2430
421
421
421
421
2545
9226
2430
3347
421
421
421
421
421
2545
3347
3347
3347
11244
14264
1183
3347
3347
3347
11244
1183
3347
3347
7134
3347
1991
1991
10533
1991
1991
1991
5040
10533
1991
1991
1991
4559
5040
5040
5040
1991
1991
4559
4559
4559
5040
5040
5040
5040
112
421
421
421
421
244
2545
9226
9226
9226
3347
11244
14264
14264
1183
2545
9226
13433
3347
11244
11244
1183
8876
13433
3347
11244
7134
8876
3347
7134
3347
1991
1991
13842
1991
1991
1991
10533
13842
1991
1991
4559
4559
5040
112
112
112
4559
4559
4559
244
7856
7856
1592
112
3027
9283
9283
8903
7856
7856
7856
1592
10478
3027
9283
1183
2545
9226
9226
10774
10774
10774
1183
2545
13433
10774
10774
5155
8876
10774
5155
5018
1991
1991
13842
1991
1991
4559
112
112
112
4559
4559
244
112
112
112
3027
9283
8903
1592
1592
112
3027
3027
8903
7856
1592
1592
10478
3027
343
7856
7856
1592
10478
10478
3905
2545
9226
10774
10774
5155
8876
10774
5155
5018
1991
1991
112
112
4559
244
112
112
3027
8903
112
112
3027
343
1592
112
3027
343
1592
1592
10478
343
1592
1592
10478
3905
7856
1592
10478
3905
2545
10774
5155
5018
112
244
112
343
112
343
112
343
112
343
1592
3905
1592
3905
1592
3905
1592
3905
5018
3029
1907
5312
5312
5312
5312
5312
5312
5312
6177
7744
6177
7744
6177
7744
5011
2144
282
4712
1907
3029
3029
4712
1907
3029
5312
5312
5312
5679
5312
5312
5312
5679
5312
7744
6177
11636
7744
7744
5011
11636
7744
7744
5011
11293
2144
2144
282
7309
2144
4712
1907
11561
4712
4712
1907
3029
3029
3029
4712
4712
1907
3029
3029
5312
5312
5312
5011
3029
5679
5312
7744
7744
5011
5679
11636
7744
7744
9776
5011
11293
11293
2144
2144
2144
282
11293
7309
2144
2144
7309
7309
4712
1907
12113
4712
4712
1907
11561
11561
4712
4712
4712
482
3029
3029
3029
3029
4712
3454
3454
482
3029
3029
3029
5312
7744
9776
9776
5011
2545
2545
11293
2144
2144
2144
2144
282
8876
11293
7309
2144
2144
2144
11293
7309
7309
2144
7309
7309
4712
7615
12113
4712
11662
7615
11561
12113
4712
11662
3454
482
11561
11561
11561
4712
3454
3454
3454
482
2545
2545
2545
2545
162
162
162
162
162
162
2545
2545
2545
7309
2144
2144
2144
2144
2545
8876
7309
7309
2144
2144
8876
7309
7309
7309
7309
7309
6548
7615
6548
6548
11662
482
6548
6548
6548
3454
3454
482
7097
2181
2181
162
162
162
162
162
7097
7097
7097
2181
162
162
162
162
2545
2545
2545
2545
8584
162
162
162
2545
2545
8876
9549
7309
2144
8876
8876
9549
7309
8876
9549
6548
7615
6548
6548
3454
482
2181
2181
162
162
162
162
2181
2181
2181
162
162
162
7097
11911
2181
12243
162
162
7097
7097
8584
8584
8584
162
2545
2545
2545
8584
8584
8584
2545
8876
9549
9549
8876
9549
6548
482
2181
162
162
162
2181
2181
162
162
2181
2181
12243
162
11911
2181
12243
5078
11911
8584
8584
5078
7097
8584
8584
8584
2545
2545
8584
8584
8876
9549
162
162
2181
162
2181
5078
2181
5078
2181
5078
8584
8584
8584
8584
8584
8584
2545
8584
578
578
578
578
578
970
970
970
970
704
1585
1585
3893
1585
1585
3893
1585
1585
3893
1585
1585
3893
1585
3238
7376
5406
3238
7376
5406
3238
7376
5406
2990
2388
2388
2029
2388
2026
4780
3529
1585
1585
1585
7416
9328
1585
1585
1585
3893
9328
1585
1585
1585
3893
9328
1585
5406
3238
3893
7376
5406
5406
2990
7376
7376
5406
5406
2990
2388
2388
2388
13761
2029
2388
2388
2029
2388
2026
4780
2026
2026
7386
4780
3529
3529
1585
1585
1585
1585
7416
13306
9328
1585
1585
1585
2990
7416
9328
9328
1585
5406
5406
2990
3893
7376
7376
5406
5406
13761
2990
2388
2388
2388
2388
13761
13761
2029
2388
2388
2388
9164
2029
2388
2388
4531
2388
2026
4780
2026
2026
7386
573
3529
2026
2026
7386
2980
573
3529
3529
3529
1585
1585
1585
6731
2990
7416
13306
13306
9328
1585
5406
13761
13761
2990
6944
12106
2388
2388
2388
13761
13761
13761
2029
6944
2388
2388
2388
9164
13909
2029
2388
2388
2388
9164
2029
2388
2388
4531
2388
194
573
2026
194
2980
573
2026
2026
194
2980
2980
6731
3529
3529
2026
194
2980
6731
6731
6731
3235
3235
3235
3235
194
5364
5364
5364
5364
2029
6944
12106
12106
11242
2388
9164
13909
13909
2029
6944
11242
11242
2388
9164
9164
2029
10856
11242
2388
9164
4531
10856
2388
4531
1587
194
573
194
194
2980
573
194
194
194
2980
6731
6731
3235
194
194
194
5364
5364
5364
2320
3235
3235
3235
2477
2477
5364
5364
5364
3235
3235
3235
3235
6848
2477
5364
2029
6944
12106
11242
6848
6848
6848
2029
6944
11242
6848
6848
1587
10856
6848
1587
1587
194
573
194
194
2980
6731
194
194
194
5364
5364
2320
5876
8278
2477
2477
5364
5364
3235
5876
2477
2477
2477
5364
3235
3235
5876
9593
2477
2477
3235
3235
3235
6848
6848
1587
6944
11242
6848
6848
1587
10856
6848
1587
1587
194
573
194
194
5364
2320
8278
2477
2477
5364
8278
2477
2477
2477
5876
2477
2477
2477
5876
5876
9593
2477
3235
5876
9593
5855
3235
3235
6848
1587
6944
6848
1587
1587
194
2320
2477
2477
2477
2477
2477
2477
2477
2477
5876
5855
5876
5855
5876
5855
3235
1587
1587
3893
4873
3893
4873
3893
4873
3893
4873
3488
970
3488
970
3488
970
3488
970
2528
2041
11089
13892
7416
3893
4873
4873
3893
3893
4873
4873
3893
3893
4873
970
3893
3488
3488
970
10029
3488
3488
970
10029
3488
3488
4843
10029
2528
4843
2041
2528
2528
11089
13892
9302
11089
13892
13892
7416
7416
3893
4873
4873
4873
7416
3893
3893
4873
3488
970
3893
3893
3488
3488
3488
4843
3893
10029
3488
3488
4843
4843
10029
10029
2528
4843
4843
2041
12917
2528
2528
5875
2528
2528
11089
13892
11089
11089
13892
7055
9302
9302
11089
13892
10638
1266
7416
7416
7416
3893
4873
1266
1266
1266
7416
7416
3893
3488
3488
4843
4843
4843
6944
3893
10029
2528
4843
4843
4843
2041
10856
12917
2528
2528
5875
5875
12917
2528
2528
2528
2528
2528
3301
7055
11089
3301
10638
7055
9302
11089
3301
10638
1266
1266
9302
9302
9302
3301
1266
1266
1266
1266
6944
6944
6944
6944
1266
1266
1266
1266
1266
1266
6944
6944
6944
2528
2528
5875
5875
5875
6944
10856
2528
2528
2528
5875
10856
2528
2528
2528
2528
2528
3301
7055
3301
3301
10638
1266
3301
3301
3301
1266
1266
1266
9302
3301
3301
1266
1266
1266
1266
1266
10902
10902
5615
2027
3279
13550
13550
1274
6944
6944
6944
2027
2027
2027
5875
1274
6944
6944
6522
6522
2528
2528
10856
6522
6522
2528
6522
6522
3301
7055
3301
3301
1266
1266
3301
3301
1266
1266
1266
1266
5615
6455
3279
3279
13550
1274
5615
5615
2027
3279
3279
1274
10902
5615
2027
2027
2027
1274
6944
6944
2027
2027
2027
2027
6944
6522
6522
6522
6522
6522
3301
1266
3301
1266
1266
1266
6455
3279
3279
1274
6455
3279
3279
1274
5615
2027
3279
3279
5615
2027
2027
2027
5615
2027
2027
2027
6944
2027
2027
2027
6522
6522
1266
1266
3279
1274
3279
3279
3279
3279
2027
3279
2027
2027
2027
2027
2027
2027
2027
2027
2390
2992
578
5215
7590
578
5215
7590
578
5215
7590
578
2526
2526
5722
2526
2526
5722
2526
2526
5722
2526
2526
3528
1416
715
1416
5536
2992
2390
2390
7590
2992
2390
2390
5215
7590
7590
578
5215
5215
7590
2526
578
5215
2526
2526
2526
578
6947
2526
2526
2526
5722
6947
2526
2526
6265
3528
6947
1416
6265
715
3528
1416
1416
1416
5536
2992
5536
5536
13321
2992
2390
2390
2390
7590
7590
2992
2390
2390
2390
5215
7590
2526
2526
2390
2390
5215
2526
2526
2526
6265
578
5215
6947
2526
2526
6265
6265
3528
6947
6947
1416
6265
6265
715
3528
13890
1416
1416
5537
3528
1416
1416
1416
5536
2992
5536
5536
13321
2992
12356
5536
5536
13321
7057
1188
2390
2390
2390
2390
7590
1188
1188
1188
2390
2390
2390
2390
2526
2526
6265
6265
6265
978
978
978
6947
1416
6265
6265
6265
715
978
12168
13890
1416
1416
6922
5537
3528
13890
1416
1416
1416
3528
1416
1416
1416
5536
7057
5536
5536
7057
7057
5536
5536
5536
7057
1188
1188
12356
12356
5536
5536
1188
1188
1188
1188
978
978
978
978
978
1188
1188
1188
1188
715
978
978
978
978
1416
1416
6922
6922
5537
978
978
12168
1416
1416
1416
5537
9118
12168
1416
1416
1416
9118
1416
1416
1416
7057
7057
8871
7057
7057
1188
5536
8871
7057
1188
1188
1188
11797
4713
4713
1188
1188
1188
1188
1188
11797
11797
10372
1911
11281
11705
11705
3018
978
978
978
978
1911
1416
6922
3018
978
978
978
4726
4726
1416
1416
978
12168
4726
4726
1416
9118
4726
4726
2269
7057
7057
8871
7057
1188
1188
4713
4713
1188
1188
1188
1188
4713
4713
4713
11281
11705
3018
10372
10372
1911
11281
11281
3018
11797
10372
1911
1911
1911
3018
978
978
978
1911
1911
1911
978
978
4726
4726
4726
9118
4726
4726
2269
7057
1188
4713
1188
1188
1188
4713
4713
11281
3018
4713
4713
11281
3018
10372
1911
11281
6909
10372
1911
1911
1911
10372
1911
1911
1911
978
978
1911
1911
978
4726
4726
2269
1188
1188
4713
3018
4713
6909
4713
6909
1911
6909
1911
1911
1911
1911
1911
1911
978
1911
2269
578
578
578
578
578
3238
3238
3238
2990
4780
3128
578
4780
578
578
5203
578
578
5203
578
578
3238
5722
3238
3238
5722
3238
2990
3528
2990
2990
3528
3130
4780
3128
4780
4780
3128
3128
578
4780
4780
12664
578
578
5203
3238
578
578
578
3238
2990
578
5722
3238
2990
2990
3528
3528
2990
2990
2990
3528
3528
10371
3608
3528
3130
4780
6266
4780
4780
3128
3128
4780
4780
573
3128
3128
3128
578
4780
573
2990
12664
12664
578
578
2990
2990
2990
11536
578
3528
2990
2990
2990
2990
3528
3528
3528
10371
10371
3608
3528
3528
12220
3130
3528
3130
573
6266
573
573
3128
6266
573
573
573
3128
3128
3128
573
573
8396
8396
3128
3128
3128
3128
573
2990
2990
2990
2990
11536
11536
9118
3528
10371
10371
10371
3608
9118
9118
3528
12220
10371
3608
9118
3528
12220
3130
3528
3130
573
4269
573
573
4269
4269
573
573
8396
3128
3128
4269
573
3176
3176
3176
7657
7657
7657
2387
2387
3176
3176
3176
7657
7657
7657
2589
2589
2387
3176
3176
11536
9118
8204
8204
8204
3130
9118
8204
8204
3130
8204
6207
573
4269
573
573
4269
4269
573
3176
3176
9165
9165
2387
2387
3176
3176
7657
9486
2387
2387
2387
3176
7657
7657
2589
2589
2387
2387
7657
7657
2589
2589
2589
2589
9118
8204
8204
6207
8204
6207
573
4269
573
3176
9165
2387
2387
3176
9165
2387
2387
2387
9486
2387
2387
2387
9486
2589
2589
2387
7657
2589
2589
2589
7657
2589
2589
2589
8204
6207
573
2387
2387
2387
2387
2387
2387
2387
2387
2589
2589
2589
2589
2589
2589
2589
2589
1907
3345
3345
3345
3345
3345
3345
3345
3345
8135
8703
8135
8703
8135
8703
485
2914
485
6527
6527
1907
1907
3345
3345
11714
3345
3345
3345
12661
3345
3345
3345
12661
3345
8703
8135
10861
8703
8703
485
10861
8703
8703
485
2914
2914
5309
485
2914
5309
6527
6527
1907
6527
6527
6527
1907
1907
1907
3345
3345
3345
11714
11714
3345
3345
3345
485
11714
12661
3345
8703
8703
485
10861
10861
8703
8703
11601
485
2914
2914
2914
5309
5309
485
2914
2914
5309
5309
2914
6407
6527
6527
9454
6527
6527
3751
1907
1907
6527
6527
3751
3022
1907
1907
1907
1907
3345
3345
11601
485
11714
11714
11714
3345
8703
11601
11601
485
6972
2914
2914
2914
5309
5309
5309
485
2914
2914
2914
5309
5309
5309
2914
2914
9970
5309
2914
6407
3751
3751
9454
3751
3751
3751
1907
9454
3751
3751
3751
3022
1907
1907
1907
3751
3751
12357
12357
3022
1907
1907
1907
1907
482
2153
2153
2153
2153
485
6972
6972
6972
2914
5309
5309
5309
5309
6972
7310
2914
9970
5309
5309
7310
2914
9970
6407
2914
6407
3751
3751
6177
3751
3751
3022
6177
6177
3751
3751
12357
3022
1907
482
5011
2153
2153
2153
2153
814
7615
7615
482
482
2153
2153
2153
2153
6972
6972
6972
482
9453
2153
2153
2153
6972
6972
7310
9453
9453
5309
7310
7310
9453
3659
7310
3659
3751
3751
6177
3751
3751
3022
5011
5011
2153
2153
2153
814
482
5011
5011
2153
2153
2153
482
482
482
5190
2153
2153
7615
482
482
13594
5190
1524
6972
6972
482
9453
9453
1334
6972
7310
9453
3659
7310
3659
3751
3022
5011
2153
2153
814
5011
5011
2153
2153
5011
5011
5190
1524
482
482
5190
1524
482
482
13594
1334
482
482
13594
1334
6972
482
9453
1334
7310
3659
2153
814
5011
1524
5011
1524
5011
1524
482
1524
482
1334
482
1334
482
1334
482
1334
2992
6524
6524
6524
970
970
970
970
970
12217
2992
2992
6524
2992
6524
6524
9547
6524
6524
9547
970
970
3482
970
970
3482
970
970
3482
970
2054
2842
2054
12217
9331
12217
13985
2992
2992
2992
6524
6524
2992
2992
6524
6524
970
2992
9547
970
970
970
3482
3482
970
970
7388
3482
3482
970
2054
2054
11512
2842
2054
2054
2842
2842
12217
12217
12217
13985
9331
9331
12217
13985
7055
2992
2992
2992
2992
6524
970
5191
2992
2992
2992
970
970
7388
7388
2992
2992
3482
970
2054
2054
2054
11512
11512
2842
2054
2054
2054
11512
2842
2842
2054
2842
2842
7055
12217
7055
7055
9331
12217
7055
7055
5191
9331
9331
9331
7055
5191
5191
5191
2992
2992
2992
2992
485
2054
2054
2054
2054
7476
7476
7476
2842
2054
2054
2054
2054
7476
12645
2842
2842
2054
2054
12645
2842
2842
2842
2842
2842
7055
8135
7055
7055
8135
8135
7055
5191
5191
7084
485
485
485
5191
5191
5191
7084
7084
3022
485
11594
11594
11594
4019
7084
7084
7084
3022
7746
2054
2054
2054
7476
7476
7746
7746
2842
2054
12645
7746
7746
2842
7746
7746
7055
8135
7055
5191
485
485
485
5191
5191
485
485
485
11594
11594
4019
3022
3022
485
13802
11594
4019
7084
3022
3022
8153
8153
1341
7084
7084
3022
7746
7746
3564
7476
7746
7746
7746
7746
7746
7055
485
485
5191
485
485
11594
4019
485
485
13802
1341
3022
485
13802
1341
3022
3022
8153
1341
3022
3022
8153
3564
7084
3022
7746
3564
7746
7746
485
485
1341
485
1341
485
1341
485
1341
3022
3564
3022
3564
3022
3564
3022
3564
761
761
761
761
451
451
451
451
451
451
1422
3543
1422
1422
3543
1422
1422
3543
1422
1422
3543
1422
1422
451
9858
6406
451
9858
6406
451
9858
6406
451
3431
3431
2578
496
6321
7261
4772
1422
7261
3543
2197
1422
1422
14111
3543
1422
1422
1422
14111
451
1422
1422
1422
6406
451
1422
9858
6406
6406
451
9858
9858
6406
6117
2578
3431
3431
3431
6117
2578
3431
3431
6843
496
6321
7261
4772
6321
7261
7261
4772
4772
1422
7261
7261
3543
2197
10382
1422
1422
14111
6406
451
2197
1422
1422
1422
6406
6117
2578
1422
1422
9858
6406
6117
6117
2578
3431
3431
3431
3431
6117
6117
2578
3431
3431
3431
6843
10862
3431
3431
6843
496
6321
7261
6321
6321
7261
2271
4772
4772
6321
7261
2271
2271
4772
4772
4772
1422
7261
2271
3169
2578
2197
10382
10382
1422
1422
6117
6117
6117
2578
1254
4284
290
3431
3431
6117
6117
6117
2578
290
290
3431
3431
6843
11856
10862
290
3431
3431
6843
6843
3431
3431
6843
496
2271
2271
6321
2271
2271
2271
4772
6321
2271
2271
2271
3169
4772
4772
4772
2271
2271
3169
3169
3169
448
448
448
448
290
3169
3169
3169
3169
1745
1254
4284
4284
290
290
6843
11856
11856
10862
1254
290
290
290
6843
6843
10862
290
290
290
6843
6843
290
290
6843
290
2271
2271
8831
2271
2271
2271
6321
8831
2271
2271
3169
3169
448
448
4278
2271
3169
3169
3169
1745
448
448
448
2772
8043
8043
8043
1745
448
448
448
290
2772
2772
8043
1745
1254
4284
290
290
7661
6843
6843
290
290
290
7661
832
290
290
832
290
2271
2271
8831
2271
2271
3169
4278
4278
2271
3169
3169
1745
4278
4278
4278
8043
8043
1745
448
11185
2772
12868
8043
1745
448
448
2772
2772
2772
1745
448
448
290
2772
2772
832
1254
290
290
7661
832
290
290
832
290
2271
2271
4278
2271
3169
1745
4278
4278
8043
1745
4278
4278
12868
1745
11185
2772
12868
8541
11185
2772
2772
1096
448
2772
2772
1096
448
290
2772
832
290
290
832
290
2271
1745
4278
1745
4278
8541
4278
8541
2772
8541
2772
1096
2772
1096
2772
1096
290
832
290
761
761
761
761
761
761
761
761
761
5279
5279
5279
5279
5279
5279
5279
1374
2774
2771
6139
2197
761
761
761
2197
761
761
761
2869
761
761
761
2869
761
5279
5279
10757
5279
5279
5279
10757
5279
5279
9370
6229
1374
7925
2774
1374
1374
2771
6139
2771
2771
13323
6139
2197
2197
761
761
761
761
2197
2197
761
761
761
5279
2197
2869
761
5279
5279
9370
2869
10757
5279
5279
10515
9370
6229
6229
1374
7925
7925
2774
6229
1374
1374
2774
1374
1374
2771
6139
2771
2771
13323
2123
9352
2771
2771
13323
13288
2123
2197
2197
2197
761
761
761
8470
8470
2197
2197
2197
761
5279
10515
10515
9370
1254
1254
6229
1374
7925
7925
7925
2774
6229
6229
1374
1374
7925
2774
6229
1374
1374
1374
1374
1374
800
2123
2771
800
13288
2123
2771
2771
800
13288
8470
8470
9352
9352
2771
800
8470
8470
8470
8470
1254
1254
1254
1254
519
6582
6582
6582
6582
2774
1254
1254
1254
1374
1374
7925
7925
2774
1254
10376
1374
1374
1374
2774
10376
1374
1374
1374
1374
1374
800
2123
800
800
13288
2123
800
800
800
8470
8470
8470
8344
519
800
800
6582
6582
6582
4229
8344
8344
519
519
2498
6582
6582
6582
1254
1254
1254
519
8154
1374
6582
2774
1254
1254
9702
9702
1374
1374
10376
9702
9702
1374
9702
4980
800
2123
800
800
8470
8470
800
800
800
6582
6582
4229
519
5313
2498
2498
6582
6582
519
519
519
2498
2498
6582
8344
519
519
8154
2498
2498
1254
1254
519
8154
8154
1434
1254
9702
9702
4980
9702
4980
800
2123
800
800
6582
4229
5313
2498
2498
6582
5313
2498
2498
2498
519
519
2498
2498
519
519
8154
1434
519
519
8154
1434
1254
519
8154
1434
9702
4980
800
4229
2498
2498
2498
2498
2498
2498
519
2498
519
1434
519
1434
519
1434
519
1434
7033
7033
7033
7033
7033
9428
9428
9428
9428
3532
4142
6860
10955
10240
9692
10955
10240
9692
10955
10240
9692
9428
10057
9428
9428
10057
9428
9428
10057
9428
9428
10057
9428
9428
3220
6923
5698
4142
3532
3532
11584
4142
6860
6860
10955
13923
10240
6860
10955
10955
13923
10057
9692
10955
9428
10057
10057
9428
9428
9428
10057
10057
9428
9428
9428
10057
12954
9428
9428
9428
11122
3220
9769
11602
4937
6923
5698
4142
3532
5698
11584
4142
3532
3532
3532
11584
11584
4142
6860
6860
6860
10955
13923
10057
10057
6860
6860
10955
9428
10057
10057
12954
6860
9428
9428
9428
10057
12954
12954
9428
9428
9428
9428
11122
11122
3220
9769
14310
11602
11122
4937
9769
11602
9842
6923
5698
4142
5698
5698
11584
4142
3532
3532
5698
11584
11584
2849
3532
3532
3532
3532
11584
2849
2849
2849
6860
6860
6860
6860
9428
10057
12954
12954
12954
859
4366
4366
9428
9428
11122
11122
11122
3220
859
11501
14310
11602
11122
11122
4937
4850
14310
11602
11602
4937
9769
11602
9842
6923
5698
12314
5698
5698
12314
12314
3532
5698
5698
12314
2849
2849
3532
3532
3532
5698
2849
2849
2849
2849
300
300
300
300
300
2849
2849
2849
2849
2057
859
4366
4366
4366
7651
11122
11122
11122
4937
859
4366
11501
7651
11602
11122
4937
4850
11501
7651
11602
9842
4850
7651
9842
4850
10756
12314
10756
10756
12314
2849
5698
10756
10756
2849
2849
2849
300
300
4391
1211
2849
2849
2849
2057
300
300
300
1211
1211
6156
6156
6156
300
300
300
300
2845
1211
6156
4937
859
4366
4366
7651
7651
7651
4937
859
11501
7651
7651
7651
4850
7651
7651
4850
10756
12314
10756
10756
2849
2849
4391
4391
1211
2849
2849
2057
4391
4391
1211
1211
6156
6156
300
13285
1211
1211
1211
6156
300
300
2845
2845
1211
1211
300
300
300
2845
2845
2845
859
4366
7651
7651
7651
4850
7651
7651
4850
10756
2849
4391
1211
2849
2057
4391
1211
1211
6156
4391
1211
1211
1211
13285
1211
1211
1211
13285
2845
2845
1211
300
2845
2845
2845
300
300
2845
2845
859
7651
7651
4850
1211
2057
1211
1211
1211
1211
1211
1211
1211
1211
2845
2845
2845
2845
2845
2845
300
2845
4850
3543
7433
9692
9698
9692
9698
9692
9698
9692
12381
12086
12381
12086
12381
12086
5273
5273
3064
3543
7433
7420
3543
10952
7433
7420
9692
10952
9698
9692
9692
10952
9698
9692
9692
12381
12381
12086
12086
12381
5273
12086
12086
5273
5273
9769
5273
5273
3064
9769
7438
3543
7433
3543
3543
12761
7433
7420
7420
3543
10952
10952
7433
7420
7420
9692
10952
10952
5273
7420
9692
9692
12381
5273
5273
9692
12086
12086
5273
5273
5273
9769
9769
5273
5273
5273
3064
9769
9769
12950
7438
9769
7799
3543
7433
3543
3543
12761
862
11046
3543
3543
12761
4365
862
7420
7420
7420
3543
10952
4365
5273
5273
7420
7420
7420
9692
5273
5273
5273
5273
859
859
9769
5273
5273
5273
5273
3064
4850
9769
9769
12950
13377
7438
9769
9769
12950
7438
9769
7799
451
862
3543
451
4365
862
3543
3543
451
4365
4365
12285
11046
11046
3543
451
4365
12858
12858
12285
859
859
859
859
451
5273
5273
5273
5273
3064
859
859
859
4850
12950
13377
13377
7438
859
4850
4850
12950
12950
7438
4850
4850
12950
7799
4850
7799
451
862
451
451
4365
862
451
451
451
4365
12858
12285
11046
451
451
451
9554
9554
9554
4634
12773
12773
10484
2578
2760
9554
9554
4634
859
859
859
859
5720
2760
9554
4634
859
859
4850
11006
11006
7438
4850
4850
11006
7799
4850
9297
451
862
451
451
4365
12285
451
451
451
9554
9554
4634
2578
2578
2578
2760
9554
4634
10484
10484
2578
2760
2760
4634
12773
10484
5720
5720
2760
2760
859
859
859
5720
5720
5720
859
4850
11006
9297
4850
9297
451
862
451
451
9554
4634
2578
2578
2760
4634
2578
2578
2760
2760
10484
2578
2760
2760
10484
5720
5720
2760
10484
5720
5720
5720
859
859
5720
5720
4850
9297
451
4634
2578
2760
2578
2760
2578
2760
2578
2760
5720
5720
5720
5720
5720
5720
859
5720
1162
2965
10240
7033
10240
7033
10240
7033
10240
10905
10905
10905
10905
10905
10905
10905
8611
1213
4142
1162
1162
4142
2965
10625
10240
10240
2965
11553
10240
10240
7033
11553
10240
11371
7033
10905
10905
11371
10905
10905
10905
11371
10905
10905
8611
8611
11510
12495
1213
1213
4142
1162
4142
4142
1162
1162
1162
4142
4142
2965
10625
10625
10240
10240
10240
2965
10625
11553
10240
11371
11371
2965
10905
10905
10905
11371
13995
10905
10905
10905
8611
8611
8611
11510
12495
12495
8611
4237
11510
12495
1213
1213
4142
12522
4142
4142
1162
1162
4142
4142
4142
1162
1162
1162
1162
4142
4142
9321
2965
10625
10625
10625
10240
11371
13995
13995
2965
5734
4657
10905
8611
8611
8611
8611
4657
4657
12495
12495
8611
8611
4237
4657
12495
12495
12591
1213
11510
12495
1213
1213
4142
12522
4142
13884
1162
12522
4142
13884
9321
1162
1162
1162
4142
9321
9321
9321
1162
1162
1162
1162
1162
2057
2057
2057
2057
5734
5734
5734
4657
4657
8611
8611
8611
4237
5734
4657
4657
4657
12591
8611
4237
4657
4657
4657
12591
1213
4657
4657
1213
1213
11084
11084
11084
13884
11084
11084
11084
9321
9321
1162
1162
11084
2057
2057
2057
2057
8828
8828
2561
2561
2057
2057
2057
2057
5734
5734
5734
2561
13969
2057
2057
2057
5734
5734
4657
4657
14052
12591
1213
4657
4657
4657
14052
1213
4657
4657
7855
1959
11084
11084
11084
9321
11084
11084
2057
2057
2057
2561
11509
7447
2057
2057
2057
2561
2561
2561
7447
2057
2057
8828
2561
2561
13969
7447
2057
5734
5734
2561
13969
13969
5771
5734
4657
4657
14052
7855
4657
4657
7855
1959
11084
11084
2057
2057
11509
7447
2057
2057
11509
7447
7447
2057
2561
2561
7447
7447
2561
2561
13969
5771
2561
2561
13969
5771
5734
2561
13969
5771
4657
4657
7855
1959
2057
7447
2057
7447
7447
7447
7447
2561
7447
2561
5771
2561
5771
2561
5771
2561
5771
1959
2965
9236
7033
9863
7033
9863
7033
9863
7033
12907
12905
12907
12905
12907
12905
4343
4834
991
9236
9236
2965
2965
9236
9236
2965
7033
9863
9863
7033
7033
9863
9863
7033
7033
14303
12907
12905
12905
14303
4343
12905
12905
4834
4343
11510
4834
4834
991
10289
9275
9236
9236
10988
9236
9236
9236
2965
2965
2965
9236
9236
9236
2965
2965
7033
9863
9863
4343
2965
7033
7033
14303
4834
4343
7033
12905
12905
4834
4834
4343
11510
11510
4834
4834
4834
991
11510
10289
10289
9275
10289
10289
9236
9236
13785
9236
9236
1264
10988
10988
9236
9236
1264
1264
2965
2965
2965
2965
9236
1264
4834
4343
2965
2965
2965
7033
4834
4834
4834
4343
2965
2965
11510
4834
4834
4834
4834
991
11510
11510
10289
10289
12272
9275
11510
10289
10289
9275
10289
10289
1264
1264
13785
1264
1264
1264
10988
13785
1264
1264
1264
12776
10988
10988
10988
1264
1264
13440
13440
12776
2965
2965
2965
2965
479
4834
4834
4834
4834
991
13065
13065
12529
1959
10289
12272
12272
9275
12529
12529
1959
10289
10289
9275
12529
1959
10289
10289
1959
10289
1264
1264
3966
1264
1264
1264
3966
3966
1264
1264
13440
12776
7688
479
479
479
10858
10858
10858
1618
7688
7688
4342
479
10623
10858
10858
1618
7688
7688
7688
1959
1959
1959
10858
1618
13065
12529
1959
1959
1959
9275
12529
1959
1959
1959
1959
1959
1264
1264
3966
1264
1264
12776
479
479
479
10858
10858
1618
479
479
479
10623
10858
1618
4342
4342
479
10623
10623
1618
7688
4342
4342
13682
10623
1324
7688
7688
1959
1959
1959
1959
12529
1959
1959
1959
1959
1959
1264
1264
479
479
10858
1618
479
479
10623
1618
479
479
10623
1324
4342
479
10623
1324
4342
4342
13682
1324
4342
4342
13682
8625
7688
1959
1959
1959
1959
1959
479
1618
479
1324
479
1324
479
1324
479
1324
4342
8625
4342
8625
4342
8625
1959
1959
2038
2127
2038
2579
2038
2579
2038
2579
2038
2535
8877
2535
8877
2535
8877
2535
2345
894
2127
2127
6139
2038
2127
2127
2038
2038
2579
2579
2038
2038
2579
2535
2038
2038
12528
2535
8877
8877
12528
2535
8877
8877
8583
5391
4709
2345
2345
894
4709
2345
2127
2127
6139
2127
2127
2127
6139
6139
2038
2127
2127
2127
13008
2038
2038
2579
2579
2535
2038
2038
2038
12528
8583
5391
2038
8877
8877
8583
8583
5391
4709
4709
2345
2345
2345
894
4709
4709
2345
2345
4709
7122
2127
2127
6319
2127
2127
1818
6139
6139
2127
2127
2127
1818
6139
6139
6139
2038
2127
2127
8583
2199
13008
13008
2038
2038
8583
8583
8583
5391
10591
439
4709
2345
2345
2345
2345
894
439
4709
4709
2345
2345
2345
4709
4709
7122
2345
4709
7122
2127
1818
6319
2127
2279
1818
6139
6319
2127
2279
2279
2199
6139
6139
6139
2127
2279
9351
9351
2199
2123
2123
2123
2123
439
2345
2345
2345
2345
894
10591
10591
439
439
2345
2345
2345
2345
439
439
439
7122
2345
2345
439
439
7122
7122
439
7122
2279
1818
13297
2279
2279
1818
6319
13297
2279
2279
9351
2199
2123
2123
9370
2279
9351
9351
9351
1467
2123
2123
2123
4229
5851
11308
11308
7911
2123
2123
2123
439
4229
2345
2345
2345
10591
439
439
6228
6228
2345
439
439
6228
1229
439
1229
2279
1818
13297
2279
2279
2199
9370
9370
2279
9351
9351
1467
9370
9370
5851
5851
11308
7911
2123
11296
4229
5851
5851
7911
2123
2123
4229
4229
4229
5851
2123
2123
439
4229
4229
1229
439
439
6228
1229
439
1229
2279
1818
9370
2279
9351
1467
9370
5851
5851
7911
9370
5851
5851
5851
11296
4229
5851
5851
11296
4229
4229
4229
2123
4229
4229
4229
2123
439
4229
1229
439
1229
2279
1467
5851
5851
5851
5851
5851
5851
4229
5851
4229
4229
4229
4229
4229
4229
439
1229
4813
9698
9698
9698
9698
12849
12849
12849
2577
4813
7433
4813
11720
7433
9698
11720
9698
9698
11720
9698
9698
12907
12849
12849
12907
12849
12849
4343
9276
2577
2577
6643
2577
4813
4813
4813
14293
7433
7433
4813
11720
11720
7433
7433
9698
11720
11720
7433
9698
9698
12907
4343
9698
12849
12849
4343
4343
9276
9276
2577
2577
2577
9276
6643
2577
2577
6643
6643
4813
4813
4813
14293
8741
4813
4813
14293
8045
7433
7433
7433
4813
11720
4343
4343
7433
7433
7433
9698
4343
4343
4343
862
862
9276
2577
2577
2577
2577
9276
9276
6643
2577
2577
2577
9276
6643
6643
2577
6643
6643
2535
4813
2535
8045
4813
4813
2535
8045
8045
8741
8741
4813
2535
8045
12776
12776
862
862
862
862
862
2577
2577
2577
2577
862
862
862
6643
2577
2577
2577
2577
862
12285
6643
6643
2577
2577
12285
6643
6643
6643
6643
6643
2535
2535
2535
8045
2535
2535
2535
8045
12776
1818
1818
2535
2535
11586
11586
11586
1818
1818
1818
2199
10340
11586
11586
10086
862
862
862
862
4884
2577
2577
2577
862
862
8450
8450
6643
2577
12285
8450
8450
6643
8450
8450
2535
2535
2535
8045
2535
2535
2535
11586
11586
2199
5391
5391
10340
11586
10086
1818
2199
2199
10340
10340
10086
1818
1818
2199
4884
4884
10004
862
862
862
4884
4884
1467
862
8450
8450
8450
8450
8450
2535
2535
2535
11586
5391
5391
10340
10086
5391
5391
10340
10004
2199
2199
10340
10004
2199
2199
4884
1467
1818
2199
4884
1467
862
862
4884
1467
8450
8450
2535
5391
10004
5391
10004
5391
10004
2199
10004
2199
1467
2199
1467
2199
1467
862
1467
2126
2126
2126
2126
2126
3319
3319
3319
3319
169
504
4977
4977
9480
4977
4977
9480
4977
4977
9480
4977
3503
4373
3503
3503
4373
3503
3503
4373
3503
3503
4373
2157
3503
172
1414
169
504
5178
169
1330
504
5178
4977
4977
11423
9480
4977
4977
4977
11423
4373
4977
4977
3503
4373
4373
3503
3503
3503
4373
4373
3503
3503
3503
4373
5036
2157
3503
3503
5036
172
2157
4320
172
1414
169
504
169
169
1330
504
5178
5178
169
1330
1330
504
5178
5178
4977
4977
11423
4373
4373
5178
4977
4977
3503
4373
4373
5036
4977
3503
3503
3503
4373
5036
5036
2157
3503
3503
3503
5036
5036
172
2157
13125
4320
4320
172
2157
4320
4320
1414
169
504
169
169
1330
504
12785
169
169
1330
1330
856
5178
5178
5178
169
1330
856
856
856
5178
5178
5178
4977
3503
4373
5036
5036
5036
5178
5178
3503
3503
3503
5036
5036
5036
172
1109
10558
13125
4320
4320
7999
172
1109
13125
4320
4320
172
2157
4320
4320
1414
169
5202
169
169
6702
5202
169
169
169
6702
856
856
12785
12785
169
169
856
856
856
856
5178
5178
5178
5178
169
856
856
856
856
172
6141
6141
6141
6141
870
4320
7999
7999
172
6141
6141
10558
870
4320
4320
172
1109
10558
870
4320
4320
1109
870
4320
870
2237
5202
2237
2237
6702
856
169
2237
2237
856
856
856
12478
169
2237
856
856
856
856
299
12478
12478
2020
2020
10581
12626
12626
2261
6141
6141
6141
870
870
870
7999
172
6141
6141
6141
870
870
870
172
1109
10558
870
870
870
1109
870
870
870
2237
5202
2237
2237
856
856
2237
2237
856
856
856
299
2020
5764
5764
10581
12626
2261
2020
2020
2020
10581
10581
2261
12478
2020
2020
10766
10581
2261
6141
6141
870
870
870
870
6141
6141
870
870
870
1109
870
870
870
2237
856
2237
856
856
299
5764
5764
10581
2261
5764
5764
10581
2261
2020
2020
10581
6340
2020
2020
10766
4769
2020
2020
10766
4769
6141
870
870
870
1109
870
870
870
856
299
5764
2261
5764
6340
5764
6340
2020
6340
2020
4769
2020
4769
2020
4769
870
870
870
2126
2126
4950
9450
4950
9450
4950
9450
4950
7083
7751
7083
7751
7083
7751
2297
1646
2126
2126
5164
2126
2126
2126
4950
4950
9761
9450
4950
4950
9761
7083
4950
4950
7751
7083
14059
7751
7751
2297
14059
7751
7751
2297
6507
1646
1921
1646
1646
2126
2126
11032
2126
2126
2126
5164
5164
2126
2126
2126
2126
5164
4950
4950
9761
7751
2297
4950
4950
4950
7751
7751
2297
4950
14059
7751
7751
10557
2297
6507
6507
1646
1921
1921
6507
1646
1646
1921
1646
1646
2126
2126
11032
2126
2126
2126
14165
11032
2126
2126
2126
814
5164
5164
5164
2126
2126
2126
10557
814
5164
5164
4950
4950
7751
10557
10557
2297
5164
4950
6507
1646
1921
1921
1921
5719
6507
1646
1646
1921
1921
6507
1646
1646
1646
1646
1646
2126
9082
11032
2126
11779
9082
11032
11032
2126
11779
11779
814
14165
14165
11032
2126
11779
14139
14139
814
5164
5164
5164
5164
170
1921
1921
1921
1921
9081
9081
5719
170
1646
1921
1921
1921
5719
5719
170
1646
1646
1921
5719
170
1646
1646
170
1646
7354
9082
7354
7354
11779
814
7354
7354
7354
11779
14139
814
11184
1109
2157
2157
7473
7473
7473
11184
11184
1109
1109
7473
7473
7473
7473
9081
9081
9081
170
170
170
1921
1921
9081
5719
170
170
170
1646
5719
170
170
170
170
170
7354
9082
7354
7354
11779
814
2157
2157
2157
7473
7473
1109
2157
2157
7473
7473
7473
1109
1109
1109
11187
7473
7473
11184
1109
1109
14025
11187
5033
9081
9081
170
170
170
170
5719
170
170
170
170
170
7354
814
2157
2157
7473
2157
2157
7473
7473
2157
2157
11187
5033
1109
1109
11187
5033
1109
1109
14025
2839
1109
1109
14025
2839
9081
170
170
170
170
170
2157
2157
5033
2157
5033
2157
5033
1109
5033
1109
2839
1109
2839
1109
2839
170
170
1465
1465
1465
1465
1465
2342
2342
2342
2342
395
393
1394
1108
5047
5047
1465
5047
5047
1465
5047
5047
1465
3537
3537
6435
3537
3537
6435
3537
3537
6435
3537
3537
6435
3537
892
395
1394
1394
393
393
1394
1394
1108
5550
5047
5047
5047
1108
10140
5047
5047
3537
1465
10140
3537
3537
3537
1465
13783
3537
3537
3537
6435
13783
3537
3537
10491
6435
11015
3537
9999
892
11015
8670
395
395
1394
1394
393
1394
1394
1394
393
393
393
1394
1394
1394
1108
5550
5550
5047
5047
3537
3537
1108
5550
10140
3537
3537
3537
10491
1108
10140
13783
3537
3537
11253
10491
6435
11015
11015
3537
9999
9999
892
11015
11015
8670
8670
9999
11015
8670
395
395
1394
1394
7265
1394
1394
96
393
393
1394
1394
96
96
393
393
393
393
1394
96
10156
3626
1108
5550
5550
5550
3537
3537
11253
11253
10491
1108
5419
1803
11015
3537
9999
9999
9999
892
1803
1803
11015
8670
8670
9999
9999
1803
11015
8670
8670
395
11015
8670
395
395
96
96
7265
96
96
96
393
7265
96
96
96
3626
393
393
393
96
96
10156
10156
3626
393
393
393
393
96
1464
1464
1464
1464
532
5419
5419
5419
1803
1803
8670
9999
9999
9999
5419
1803
1803
1803
8670
8670
9999
1803
1803
1803
8670
395
1803
1803
395
395
96
96
2137
96
96
96
2137
2137
96
96
10156
3626
393
393
2137
96
1464
1464
1464
532
4318
4318
4318
6907
1464
1464
1464
1464
4318
4318
4318
1803
9704
1464
1464
1464
5419
5419
1803
1803
12282
8670
395
1803
1803
1803
12282
395
1803
1803
4331
669
96
96
2137
96
96
3626
2137
2137
96
1464
1464
532
6907
6907
6907
1464
1464
1464
4318
10693
6907
11827
1464
1464
4318
4318
9704
9704
9704
1464
4318
4318
1803
9704
9704
4331
5419
1803
1803
12282
4331
1803
1803
4331
669
96
96
2137
96
1464
532
6907
6907
1464
1464
6907
6907
11827
1464
10693
6907
11827
5286
10693
9704
9704
5187
4318
9704
9704
5187
4318
1803
9704
4331
1803
1803
4331
669
96
532
6907
1464
6907
5286
6907
5286
6907
5286
9704
5187
9704
5187
9704
5187
1803
4331
669
1108
3628
1465
3628
1465
3628
1465
3628
1465
3370
6435
3370
6435
3370
6435
3370
5185
5059
10120
9427
1108
1108
10120
3628
1108
1465
10967
3628
1465
1465
10967
3370
1465
1465
13692
3370
6435
6435
13692
3370
6435
6435
13692
5198
6435
5185
5185
5059
6277
5185
10120
9427
4708
10120
10120
9427
1108
1108
1108
10120
10120
3628
1108
1108
1465
10967
10967
3370
1108
1465
1465
13692
13692
5198
1465
6435
6435
13692
14364
5198
6435
6435
5185
5185
5185
5059
12188
6277
5185
5185
6277
6277
10120
9427
11254
10120
10120
1503
4708
4708
10120
10120
1503
1503
1108
1108
1108
1108
10120
1503
7189
5198
1108
1108
1108
1465
13692
14364
14364
5198
1108
1108
6435
5185
5185
5185
5185
5059
5982
12188
6277
5185
5185
5185
12188
6277
6277
5185
6277
6277
1503
1503
11254
1503
1503
1503
4708
11254
1503
1503
1503
7189
4708
4708
4708
1503
1503
7189
7189
7189
1108
1108
1108
1108
669
5185
5185
5185
5185
5059
8594
8594
5982
669
5185
5185
5185
5185
5982
5982
669
6277
5185
5185
5982
669
6277
6277
669
6277
1503
1503
11830
1503
1503
1503
11254
11830
1503
1503
7189
7189
4708
697
697
697
7189
7189
7189
5495
8690
8690
6483
697
5549
10139
10139
10139
8594
8594
8594
669
669
669
5185
5185
8594
5982
669
669
669
5185
5982
669
669
669
669
669
1503
1503
11830
1503
1503
7189
697
697
697
7189
7189
5495
697
697
697
5549
10139
10139
6483
6483
697
5549
5549
10139
8690
6483
6483
12227
5549
1874
8594
8594
669
669
669
669
5982
669
669
669
669
669
1503
1503
697
697
7189
5495
697
697
5549
10139
697
697
5549
1874
6483
697
5549
1874
6483
6483
12227
1874
6483
6483
12227
11199
8594
669
669
669
669
669
697
5495
697
1874
697
1874
697
1874
697
1874
6483
11199
6483
11199
6483
11199
669
669
504
2164
2164
2164
2164
2164
2164
2164
2164
2342
2342
2342
2342
2342
2342
2342
2342
5834
9480
9781
504
504
2164
2164
10181
2164
2164
2164
13697
2164
2164
2164
13697
2164
2342
2342
10996
2342
2342
2342
10996
2342
2342
5834
10491
2342
7089
5834
6534
892
9480
9781
504
9480
9781
9781
504
504
504
2164
2164
2164
10181
10181
2164
2164
2164
2342
10181
13697
2164
2342
2342
5834
10996
10996
2342
2342
7089
5834
10491
10491
2342
7089
7089
5834
10491
6534
6534
7439
6534
892
9480
9781
9480
9480
9781
3319
504
504
9480
9781
9781
3319
504
504
504
504
2164
2164
7089
5378
10181
10181
10181
2164
2342
7089
7089
5834
5003
3626
10491
2342
7089
7089
7089
5834
3626
10491
6534
6534
7439
7439
10491
6534
6534
892
6534
892
7112
3319
9480
7112
12633
3319
504
9480
7112
12633
9580
5378
504
504
504
7112
9580
9580
9580
5378
504
504
504
504
299
6345
6345
6345
6345
3986
5003
5003
3626
3626
6534
7439
7439
7439
3626
3626
3626
6534
6534
7439
3626
3626
6534
892
3626
892
7112
3319
7112
7112
12633
3319
7112
7112
7112
9580
9580
5378
504
504
7112
3517
6345
6345
6345
3986
5202
5202
2554
299
3517
6345
6345
6345
5003
5003
5003
299
299
299
6345
6345
5003
3626
3626
13189
6534
892
3626
3626
13189
892
3626
7564
7112
3319
7112
7112
9580
5378
7112
7112
3517
6345
6345
3986
2554
9894
3517
3517
6345
6345
2554
2554
299
3517
3517
6345
5202
2554
299
299
299
3517
5003
5003
299
299
299
299
3626
3626
13189
7564
3626
7564
7112
3319
7112
3517
6345
3986
9894
3517
3517
6345
9894
3517
3517
3517
2554
299
3517
3517
2554
299
299
299
2554
299
299
299
5003
299
299
299
3626
7564
3517
3986
3517
3517
3517
3517
3517
3517
299
3517
299
299
299
299
299
299
299
299
2794
5235
8721
9450
11059
9450
11059
9450
11059
7083
7278
7083
7278
7083
7278
7083
5166
2297
5235
5235
2794
8721
5235
9450
8721
8721
9450
9450
8721
11059
9450
9450
11059
11059
7083
7083
7278
7278
7083
7083
7278
7278
7083
2297
5166
7278
2297
2297
5166
6407
5235
5235
6409
5235
5235
13831
2794
8721
8721
5235
9450
9450
8721
8721
8721
9450
9450
7083
8721
8721
11059
7083
7083
2297
8721
7278
7278
7083
2297
2297
5166
7278
7278
2297
2297
2297
5166
12311
6407
5890
5166
6407
5235
5235
5235
5235
5235
13831
6409
13124
5235
5235
13831
9082
2794
8721
8721
8721
5235
9450
814
814
8721
8721
8721
8721
7083
2297
2297
2297
8721
8721
7278
7278
2297
2297
2297
2297
7613
11607
12311
6407
5890
5890
5166
12311
6407
6407
5166
6407
5235
5235
5235
5235
5235
9082
6409
5235
5235
5235
9082
814
6409
13124
13124
5235
5235
814
814
814
2794
7750
7750
7750
7750
814
814
814
814
814
12025
13012
13012
11607
3659
5890
5890
5890
12025
11607
11607
3659
6407
5890
7613
11607
3659
6407
7613
3659
7081
7081
5235
7081
7081
9082
5235
5235
7081
7081
814
814
4255
7750
2232
2232
814
814
814
814
4255
7750
7750
7750
1334
1524
12565
12565
3753
7750
7750
7750
1334
1334
1334
5890
12025
13012
11607
3659
3659
3659
7613
11607
3659
3659
7613
3659
7081
7081
7081
7081
7081
814
282
2232
2232
814
814
814
3342
2232
2232
1524
1524
12565
4255
7750
12019
1334
1524
1524
4255
7750
7750
1334
1334
1334
3753
7750
7750
1334
1334
1334
12025
11607
3659
3659
7613
3659
7081
7081
282
2232
814
814
282
2232
1524
1524
282
2232
1524
1524
3342
12019
1334
1524
3342
12019
1334
1334
4255
7750
1334
1334
3753
7750
1334
1334
7613
3659
282
814
282
1524
282
1524
282
1524
3342
1334
3342
1334
3342
1334
3342
1334
3753
1334
5274
5274
5274
5274
5274
5274
5274
5274
5274
7174
7174
7174
7174
7174
7174
2592
4047
1088
6332
6409
5274
13403
11123
5274
5274
14138
5274
5274
5274
14138
5274
5274
5274
12030
5274
7174
7174
12030
7174
7174
7174
5834
2592
4313
4047
5834
2592
4047
4047
1088
6332
6332
6332
13403
6409
6409
5274
13403
13403
11123
13043
5274
5274
14138
12030
11123
5274
5274
5274
12030
5834
5274
5274
7174
7174
5834
5834
2592
4313
4313
4047
5834
5834
2592
4313
4047
4047
9377
2592
4047
4047
1088
6332
6332
6332
13403
6409
6332
6332
13403
3319
6409
6409
6409
5274
13403
3319
5378
11123
13043
13043
5274
5274
5834
5834
5834
3753
3753
3753
4313
4047
5834
5834
5834
3753
4313
4313
4047
4047
13661
9377
2592
4313
4047
4047
4047
2592
4047
4047
1088
3319
6332
3319
3319
6332
6332
3319
3319
3319
6409
6409
6332
3319
3319
5378
5378
3753
3753
3753
3753
282
5378
5378
5378
5378
3753
3753
3753
3753
2162
4047
13661
13661
9377
3753
3753
13959
2162
4047
4047
9377
5044
13959
2162
4047
4047
5044
2162
4047
817
3319
8636
3319
3319
6332
8636
3319
3319
5378
4255
282
282
282
5378
5378
5378
4255
4255
3342
282
2220
9451
9451
8827
3753
3753
3753
2162
2162
2162
9451
8827
3753
3753
3753
2162
2162
2162
4047
3753
13959
2162
2162
1765
5044
2162
1765
817
3319
8636
3319
3319
282
282
282
5378
5378
282
282
282
2220
9451
8827
3342
3342
282
2220
2220
8827
4255
3342
3342
7349
2220
809
3753
3753
2162
2162
2162
930
3753
3753
2162
2162
1765
5044
2162
1765
817
3319
282
282
5378
282
282
2220
8827
282
282
2220
809
3342
282
2220
809
3342
3342
7349
809
3342
3342
7349
930
3753
2162
2162
930
3753
2162
1765
817
282
282
809
282
809
282
809
282
809
3342
930
3342
930
3342
930
2162
930
817
4575
4575
4575
4575
4575
4575
4575
4575
2801
2810
2801
2810
2801
2810
2801
2810
2399
10193
6179
4575
5889
5540
4575
4575
5889
4575
4575
4575
5889
4575
4575
2801
2801
2810
2907
2801
2801
2810
2907
2801
2801
2810
2907
2399
2399
9437
4941
10193
10598
10193
10193
6179
6179
4575
5889
5889
5540
6179
4575
4575
5889
2801
5540
4575
4575
2801
2801
2801
4575
2907
2907
2801
2801
11777
2810
2907
2907
2399
2399
2399
9437
10237
4941
2399
9437
4941
10193
13388
10193
10193
10598
10598
10193
10193
4350
6179
6179
6179
4575
5889
2124
2124
5540
6179
6179
4575
2801
2801
11777
11777
5540
6179
2907
2907
2399
2399
2399
2399
8745
10237
10237
4941
2399
2399
9437
10237
4941
4941
9437
4941
4350
13388
4350
4350
10598
13388
4350
4350
2124
10598
10598
10598
4350
2124
2124
2124
6179
6179
6179
6179
2124
2124
2124
2124
2124
8745
8745
8745
8745
4941
2399
2399
2399
8745
8745
12926
4941
4941
2399
11115
12926
4941
4941
11115
4941
4350
8343
4350
4350
8343
8343
4350
2124
2124
10598
5166
5166
2124
2124
2124
2124
12025
12025
7613
5166
7531
7531
7531
8745
8745
8745
7613
11725
2399
2399
8745
8745
8745
12926
14142
4941
8745
12926
12926
14142
11115
12926
4350
8343
4350
2124
5166
5166
2124
2124
2124
5166
5166
5166
7531
7531
7613
7613
5166
11747
7531
12025
7613
7613
11725
11725
8745
8745
7613
11725
11725
8745
8745
12926
14142
11115
12926
4350
5166
2124
2124
5166
5166
7531
5166
5166
11747
7613
5166
11747
7613
7613
11725
7613
7613
11725
8745
7613
11725
8745
12926
2124
5166
5166
5166
5166
7613
7613
7613
7613
3628
3628
3628
3628
3370
3370
3370
3370
2592
2794
5477
10191
3628
3628
11123
3628
3628
12924
3628
3628
12924
3370
3370
12318
3370
3370
12318
3370
3370
2592
2592
5198
2592
1347
5477
5477
2794
5477
5477
9427
10191
10191
3628
3628
3628
11123
11123
3628
3628
3370
11123
12924
3370
3370
3370
12318
12318
3370
3370
5198
2592
2592
2592
5198
5198
2592
2592
2793
7692
2592
1347
5477
5477
2794
5477
5477
9427
2794
10191
5477
5477
9427
9427
10191
10191
10191
3628
3628
3370
5198
11123
11123
11123
3370
3370
5198
5198
8505
2592
2592
2592
5198
5198
5198
2592
2592
2592
2793
13468
7692
2592
2592
2793
1347
2592
1347
5477
1473
5477
5477
1473
13965
2794
5477
5477
1473
13965
10084
2794
10191
10191
5477
1473
10084
10084
10084
8187
8187
8187
8187
1473
5198
5198
5198
5198
8505
8505
5044
2592
2793
13468
13468
7692
5044
5044
2592
2793
2793
7692
5044
2592
2793
1347
2592
1347
1473
1473
1473
1473
1473
13965
2794
1473
1473
1473
10084
10084
2794
8187
1473
1473
1473
6400
6400
6400
8187
8187
8187
8187
3708
3708
6400
6400
6400
8187
8187
8187
5044
10496
2793
6400
6400
8505
5044
5044
10991
2793
1347
5044
5044
10991
1347
5044
2637
1473
1473
1473
1473
1473
10084
1473
1473
1473
1473
6400
6400
8187
9439
9439
3708
3708
6400
6400
8187
8187
14318
3708
3708
3708
6400
8187
8187
8187
10496
10496
3708
3708
8187
8187
5044
10496
10496
2637
5044
5044
10991
2637
5044
2637
1473
1473
1473
1473
1473
6400
6014
9439
3708
3708
6400
6014
9439
3708
3708
3708
9770
14318
3708
3708
3708
8187
14318
10496
10496
3708
8187
8187
10496
10496
8723
8187
5044
10496
2637
5044
2637
1473
1473
6014
3708
3708
6014
3708
3708
6014
3708
3708
9770
3708
3708
9770
10496
8723
9770
10496
8723
8187
10496
8723
5044
2637
3708
3708
3708
3708
2401
2401
2401
2401
2401
2398
3285
3285
3285
2810
2810
2810
2810
2810
2398
2794
2398
2398
5540
3285
3285
10556
3285
3285
10556
2810
3430
2810
2810
3430
2810
2810
3430
2810
2810
4439
7682
4439
2398
2794
2398
2398
2794
2794
2398
2398
2398
5540
5540
3285
3285
3285
5540
10556
2810
3430
3430
2810
2810
2810
3430
13722
2810
2810
2810
4439
4439
9437
7682
4439
4439
7682
7682
2398
9536
2398
2398
2794
2794
2398
2398
2398
2794
2794
2794
2398
2398
2398
8590
5540
5540
5540
2810
3430
13722
13722
5540
2810
2810
2810
4439
4439
4439
9437
9437
7682
4439
4439
4439
9437
7682
7682
4439
7682
7682
2398
9536
2398
12301
2794
9536
2398
12301
8590
2794
2794
2794
2398
8590
8590
8590
2794
2794
2794
2794
2398
3629
3629
3629
3629
12008
12008
11115
7682
4439
4439
4439
4439
11115
11115
7682
7682
4439
4439
11115
7682
7682
7682
7682
7682
12301
14189
12301
12301
9536
14189
12301
8590
8590
2794
2794
6014
3629
3629
3629
3629
11106
11106
9770
6014
3629
3629
3629
3629
11106
11106
11106
9770
10083
3629
3629
3629
12008
11115
10083
10083
7682
4439
11115
10083
10083
6387
10083
6387
12301
14189
12301
8590
6014
6014
3629
3629
3629
6014
6014
6014
3629
3629
3629
9770
9770
6014
10749
3629
3629
11106
9770
9770
13014
10749
3629
11106
11106
9770
10083
10083
2401
11115
10083
10083
6387
10083
6387
12301
6014
3629
3629
6014
6014
3629
3629
6014
6014
10749
3629
9770
6014
10749
8083
9770
9770
13014
2401
9770
9770
13014
2401
11106
9770
10083
2401
10083
6387
3629
6014
3629
6014
8083
6014
8083
6014
8083
9770
2401
9770
2401
9770
2401
9770
2401
310
310
310
310
310
527
527
527
527
310
884
310
310
884
310
310
884
310
310
884
310
310
6926
3222
3222
6926
3222
3222
6926
3222
3222
2103
3222
2103
2103
2860
3572
3572
2363
310
3572
884
5426
310
310
12915
884
310
310
310
12915
884
310
310
310
9813
6926
310
3222
3222
9813
2103
3222
3222
3222
2103
2103
3222
3222
2103
2103
2103
7446
7446
2860
2860
3572
3572
2363
3572
3572
3572
2363
2363
310
3572
3572
884
5426
8488
310
310
12915
9813
2103
5426
310
310
310
9813
2103
2103
310
310
3222
3222
2103
2103
2103
3222
3222
3222
2103
2103
2103
2103
7446
7446
7446
7533
3068
7446
7446
2860
2860
3572
3572
5633
3572
3572
305
2363
2363
3572
3572
305
305
2363
2363
2363
310
3572
305
2103
2103
5426
8488
8488
310
310
2103
2103
2103
2103
538
8488
310
3222
2103
2103
2103
2103
2103
538
2934
7446
7446
7533
7533
3068
2934
7446
7446
13314
2860
7446
7446
2860
2860
305
305
5633
305
305
305
2363
5633
305
305
305
3143
2363
2363
2363
305
305
6044
6044
3143
2363
2363
2363
2363
305
2103
2103
2103
2103
1950
538
12074
12074
2934
2934
7533
7533
7533
3068
538
2934
2934
2934
13314
7533
3068
2934
2934
2934
13314
2860
2934
2934
2860
2860
305
305
12024
305
305
305
5633
12024
305
305
6044
3143
2363
2363
8465
305
3162
3162
3162
1950
9661
9661
9661
1176
3162
3162
3162
3162
9661
9661
9661
1176
1176
1176
3162
3068
538
12074
2934
2934
5831
5831
2860
538
2934
2934
5831
2860
2934
2934
5831
2934
305
305
12024
305
305
3143
8465
8465
305
3162
3162
1950
8465
8465
7956
3162
3162
3162
9661
13787
1176
7956
3162
3162
9661
9661
1176
1176
1176
3162
9661
9661
1176
1176
1176
1176
538
2934
2934
5831
5831
2934
2934
5831
2934
305
305
8465
305
3162
1950
8465
7956
3162
3162
8465
7956
7956
3162
13787
1176
7956
7956
13787
1176
1176
1176
9661
1176
1176
1176
9661
1176
1176
1176
538
2934
5831
2934
305
1950
7956
3162
7956
7956
7956
7956
1176
7956
1176
1176
1176
1176
1176
1176
1176
1176
2934
1175
2104
5260
7612
5260
7612
5260
7612
1454
1454
1454
1454
1454
1454
1454
1454
1454
1175
2104
4872
1175
9303
2104
5260
5260
9303
7612
5260
5260
9303
1454
5260
1454
1454
1454
10218
1454
1454
1454
10218
1454
1454
5632
10218
1454
5632
8782
1178
1175
2104
1175
1175
12473
2104
4872
4872
1175
9303
9303
2104
5426
5260
5260
9303
1454
1454
5260
5260
1454
1454
1454
5632
5260
10218
1454
1454
5632
5632
10218
10218
1454
5632
5632
12691
8782
8782
1178
8782
8782
1175
2104
1175
1175
12473
2104
4872
1175
1175
12473
5283
4542
4872
4872
4872
1175
9303
1454
4542
4542
5426
5426
5260
1454
1454
5632
5632
5632
538
538
10218
1454
5632
5632
5632
10450
12691
8782
8782
9309
1178
12691
8782
8782
1178
8782
8782
1175
5283
1175
1175
5283
5283
1175
1175
1175
5283
4542
4542
4872
4872
1175
1175
4542
4542
4542
4542
538
538
538
538
538
4542
4542
4542
4542
538
538
538
4349
8782
9309
9309
1178
538
10450
4349
8782
8782
1178
10450
4349
8782
8782
4349
8782
5283
5283
7034
5283
5283
4542
1175
7034
5283
4542
4542
4542
4872
1175
3632
3632
4542
4542
4542
13811
13811
7248
2102
8587
13608
13608
8880
538
538
538
538
2102
2102
9309
1178
538
538
4349
4349
4349
1178
10450
4349
4349
4349
4349
4349
5283
5283
7034
5283
4542
4542
3632
3632
3632
4542
4542
3632
3632
3632
8587
13608
8880
7248
7248
2102
8587
8587
8880
13811
7248
2102
2102
2102
7492
538
538
538
2102
2102
2102
538
4349
4349
4349
4349
4349
5283
4542
3632
3632
4542
3632
3632
8587
8880
3632
3632
8587
7492
7248
2102
8587
7492
7248
2102
2102
2102
7248
2102
2102
2102
538
538
2102
2102
4349
4349
3632
3632
7492
3632
7492
3632
7492
2102
7492
2102
2102
2102
2102
2102
2102
538
2102
2954
2954
2954
2954
1872
1872
1872
1872
1872
516
520
2744
1436
6147
6476
6147
6147
6476
6147
6147
6476
6147
6147
9809
1872
6928
9809
1872
6928
9809
1872
6928
4639
1872
3142
1240
851
2744
2744
520
520
2744
2744
1436
6147
6147
6476
6476
1436
6147
6147
6476
6476
6147
6147
6147
9809
9809
1872
6928
6928
9809
4639
1872
6928
6928
4639
4639
1872
6928
3142
3142
1240
3923
9624
851
851
2744
2744
520
2744
2744
2744
520
520
520
2744
2744
2744
1436
9780
6147
6147
6476
6476
4639
1436
6147
6147
6147
9809
4639
4639
1436
6147
6928
6928
4639
4639
4639
1872
6928
6928
3142
3142
3142
1240
3923
9624
9624
3142
3142
3923
9624
851
851
2744
2744
11186
2744
2744
2744
520
520
2744
2744
2744
4485
520
520
520
520
2744
2744
4639
4639
1436
9780
9780
6147
6147
4639
4639
4639
4639
99
7916
3496
6928
3142
3142
3142
3142
1240
99
3496
9624
9624
3142
3142
3142
3496
9624
9624
12432
851
3923
9624
851
851
1870
4485
11186
1870
4921
4485
520
11186
1870
4921
4921
4766
520
520
520
1870
4921
13176
13176
4766
520
520
520
520
307
3142
3142
3142
3142
1240
99
7916
7916
3496
3496
3142
3142
3142
3142
99
3496
3496
3496
12432
3142
3142
3496
3496
3496
12432
851
3496
3496
851
851
1870
4485
1870
1870
4921
4485
1870
1870
1870
4921
13176
4766
520
520
1870
1870
3508
3508
3508
2001
3416
3416
3416
307
3508
3508
3508
3508
3416
3416
3416
307
307
307
3142
3142
99
7916
3496
3496
4244
4244
851
99
3496
3496
4244
851
3496
3496
4244
1402
1870
4485
1870
1870
4921
4766
1870
1870
1870
3508
3508
2001
6081
6081
3579
3508
3508
3508
3416
6597
307
3579
3508
3508
3416
3416
307
307
307
3508
3416
3416
307
307
307
307
99
3496
3496
4244
4244
3496
3496
4244
1402
1870
4485
1870
1870
3508
2001
6081
3579
3508
3508
6081
3579
3579
3508
6597
307
3579
3579
6597
307
307
307
3416
307
307
307
3416
307
307
307
99
3496
4244
1402
1870
2001
3579
3508
3579
3579
3579
3579
307
3579
307
307
307
307
307
307
307
307
1402
884
2325
884
2325
884
2325
884
2325
884
7257
6926
7257
6926
7257
6926
3610
3610
1456
11190
7448
1436
884
8561
2325
884
884
8561
2325
884
884
8561
2325
884
884
7414
7257
6926
6926
7414
3610
6926
6926
3610
3610
6926
3610
3610
1456
11085
3527
11190
7448
1436
11190
13308
7448
1436
1436
884
8561
8561
2325
10300
884
884
8561
7414
3610
884
884
884
7414
3610
3610
884
6926
6926
3610
3610
3610
6926
6926
3610
3610
3610
1456
11085
11085
6405
6405
11085
3527
11190
7448
11190
11190
13308
4487
1436
1436
11190
13308
9567
4487
1436
1436
1436
884
8561
3610
3610
3610
10300
10300
884
884
3610
3610
3610
3610
10300
884
6926
3610
3610
3610
3610
1456
3143
11085
11085
6405
6405
6405
11085
11085
12774
3527
11085
3527
1872
4487
11190
1872
9567
4487
1436
11190
1872
9567
9567
6815
1436
1436
1436
1872
9567
13482
13482
6815
99
99
99
99
99
3610
3610
3610
3610
886
13140
13140
3143
3143
6405
6405
6405
6405
3143
3143
3143
12774
6405
6405
3143
3143
12774
3527
3143
3527
1872
4487
1872
1872
9567
4487
1872
1872
1872
9567
13482
6815
99
99
1872
1872
10943
10943
10943
886
99
99
99
1402
9614
10943
10943
886
99
99
99
99
1402
1402
6405
886
13140
3143
3143
4638
4638
3527
3143
3143
4638
3527
3143
4638
1872
4487
1872
1872
9567
6815
1872
1872
1872
10943
10943
886
3923
3923
3923
9614
10943
886
99
5888
1402
9614
9614
886
99
99
1402
1402
1402
886
99
99
99
1402
1402
1402
3143
3143
4638
4638
3143
4638
1872
4487
1872
1872
10943
886
3923
3923
9614
886
3923
3923
9614
886
5888
1402
9614
3885
5888
1402
1402
1402
99
1402
1402
1402
99
99
1402
1402
3143
4638
1872
886
3923
886
3923
3885
3923
3885
1402
3885
1402
1402
1402
1402
1402
1402
99
1402
2954
2954
6082
6082
6082
6082
6082
6082
1228
3113
1228
3113
1228
3113
1228
3113
1228
831
2954
2954
5518
2954
2954
2954
7291
6082
6082
6082
9089
6082
6082
3113
9089
1228
4918
3113
1228
1228
4918
3113
1228
1228
4918
4821
1228
1228
10897
831
4765
831
2954
2954
5518
2954
2954
2954
5518
5518
2954
2954
2954
2954
7291
7291
6082
6082
4918
3113
7291
9089
1228
4918
4918
4821
1228
1228
1228
4918
10897
4821
1228
1228
1228
10897
10897
831
5913
4765
4765
831
4765
1779
2954
2954
7153
2954
2954
2954
5518
5518
2954
2954
2954
3426
5518
5518
5518
2954
2954
2954
3426
3426
7291
7291
7291
1228
4918
10897
10897
4821
4227
1228
1228
1228
10897
10897
10897
831
5913
5913
4765
4765
11989
831
5913
4765
4765
831
4765
1779
2954
4230
7153
2954
13055
4230
5518
7153
2954
13055
3426
3426
5518
5518
5518
2954
3426
3426
3426
3426
4227
4227
4227
4227
849
3426
3426
3426
3426
831
4227
4227
4227
849
4765
11989
11989
831
4227
6224
849
4765
4765
831
6224
849
4765
1779
849
1779
11612
4230
11612
11612
13055
3426
7153
11612
11612
3426
3426
3426
4485
4485
6787
3426
3426
3426
3426
1372
4485
4485
4485
4766
11565
11565
11565
7268
4227
4227
4227
849
849
849
11565
831
4227
4227
849
849
849
831
6224
849
849
849
849
849
11612
4230
11612
11612
3426
3426
6787
6787
3426
3426
3426
1372
4766
6787
6787
11565
11565
7268
4485
4766
4766
13847
11565
7268
4485
4485
4766
11356
11356
7268
4227
4227
849
849
849
849
4227
849
849
849
849
849
11612
3426
6787
3426
3426
1372
6787
6787
11565
7268
6787
6787
13847
7268
4766
4766
13847
8960
4766
4766
11356
2001
4485
4766
11356
2001
4227
849
849
849
849
849
3426
1372
6787
7268
6787
8960
6787
8960
4766
8960
4766
2001
4766
2001
4766
2001
849
849
3312
3312
3312
3312
3116
3116
3116
3116
3116
4938
4938
3312
5386
5386
3312
5386
5386
3312
5386
5386
3312
5386
5756
8408
8408
5756
8408
8408
5756
8408
8408
1877
8408
8408
2042
4938
4938
8671
4938
4938
4938
12394
8579
5386
5386
5386
3312
8579
5386
5386
5386
3312
8579
5386
8818
5756
3312
8408
8408
8818
1877
8408
8408
8408
8818
1877
8408
8408
8408
13311
9253
8999
3945
2042
4938
4938
7440
4938
4938
4938
8671
8671
4938
4938
4938
4938
12394
13011
8579
5386
5386
5386
1877
12394
8579
8579
5386
8818
8818
1877
3312
8408
8408
8408
8818
13311
1877
8408
8408
8408
8408
13311
13311
9253
9253
8999
8999
3945
9253
8999
6530
2042
4938
4938
7440
4938
4938
708
8671
7440
4938
4938
708
708
8671
8671
8671
4938
4938
708
4874
1877
12394
13011
13011
8579
5386
8818
13311
13311
1877
5402
5402
5402
8408
8408
13311
13311
13311
5402
9253
9253
8999
8999
14320
3945
9253
9253
8999
8999
3945
9253
8999
6530
2042
708
708
7440
708
708
708
7440
7440
708
708
708
4874
8671
8671
7440
708
708
4874
4874
4874
3151
3151
3151
3151
708
4874
4874
4874
4874
5402
5402
5402
5402
8284
8999
14320
14320
3945
5402
5402
13095
8284
8999
8999
3945
10492
13095
8284
8999
6530
10492
8284
6530
2042
708
708
13759
708
708
708
7440
13759
708
708
4874
4874
3151
1173
8869
708
4874
4874
4874
3151
3151
1173
1173
3916
6485
6485
6485
3151
3151
3151
1173
8284
3916
6485
3945
5402
5402
5402
8284
8284
8284
3945
5402
13095
8284
8284
3198
10492
8284
3198
3198
708
708
13759
708
708
4874
8869
8869
708
4874
4874
1173
8869
3916
3916
6485
6485
1173
1173
1173
3916
3916
6485
3151
1173
1173
11412
3916
242
3151
3151
1173
8284
8284
2988
5402
5402
8284
8284
3198
10492
8284
3198
3198
708
708
8869
708
4874
8869
3916
3916
6485
8869
3916
3916
242
1173
1173
3916
242
1173
1173
11412
242
1173
1173
11412
2988
3151
1173
8284
2988
5402
8284
3198
3198
708
3916
242
3916
242
3916
242
1173
242
1173
2988
1173
2988
1173
2988
1173
2988
3198
1875
1875
1875
1875
1875
1875
1875
1875
1875
2095
2156
2095
2156
2095
2156
1864
2156
1864
3312
6480
11198
1875
1875
1875
7009
1875
1875
1875
7009
1875
1875
1875
7009
1875
6736
2095
2156
2156
6736
1864
2156
2156
6736
1864
2156
2156
9709
1864
4480
7014
3312
6480
3312
3312
7926
6480
11198
11198
1875
1875
1875
1875
11198
7009
1875
1875
1875
1864
7009
7009
1875
6736
6736
1864
2156
2156
2156
6736
9709
1864
2156
2156
2156
9709
9709
1864
4480
4480
7014
7429
4480
7014
3312
6480
3312
3312
7926
6480
12394
3312
3312
7926
7926
9431
11198
11198
11198
1875
1875
1875
9709
1864
11198
11198
7009
1875
6736
9709
9709
1864
5388
2156
2156
2156
9709
9709
9709
1864
4480
4480
4480
7014
14140
7429
4480
4480
7014
7014
4480
7014
3312
13958
3312
3312
13958
13958
3312
3312
3312
13958
13561
9431
12394
12394
3312
3312
13561
13561
13561
9431
5388
5388
5388
5388
1875
4939
4939
4939
4939
1864
5388
5388
5388
4480
7014
14140
14140
7429
5388
13502
4480
7014
7014
7429
13502
4480
7014
7014
4480
7014
13058
13958
13058
13058
13958
9431
3312
13058
13058
13561
13561
9431
6799
3312
11608
4820
4939
4939
4939
2941
6799
6799
6799
4820
4820
4939
4939
4939
5388
5388
5388
5388
7441
4820
4939
4939
5388
5388
7441
7441
7014
7014
13502
7441
7441
3740
7441
3740
13058
13958
13058
13058
13561
9431
11608
11608
4820
4939
4939
2941
10492
11608
4820
4820
4939
4939
6799
10492
4820
4820
4820
4939
6799
6799
8873
8873
4820
4820
5388
5388
5388
7441
7441
3740
5388
7441
7441
3740
7441
3740
13058
9431
11608
4820
4939
2941
11608
4820
4820
4939
11608
4820
4820
4820
10492
4820
4820
4820
10492
8873
8873
4820
6799
8873
8873
7994
5388
5388
7441
3740
7441
3740
4820
2941
4820
4820
4820
4820
4820
4820
4820
4820
8873
7994
8873
7994
8873
7994
5388
3740
2104
4852
12927
12693
12927
12693
12927
12693
4489
4489
4489
4489
4489
4489
4489
4489
1877
4852
4852
2104
2104
4852
4852
12087
12927
13984
12693
12927
12927
13984
4489
12927
4489
4489
4489
5756
4489
4489
4489
5756
4489
4489
12393
1877
1877
12393
1877
4852
4852
2104
4852
4852
4852
2104
2104
2104
4852
4852
4852
12087
12087
12927
13984
4489
4489
12087
12927
4489
4489
4489
12393
5756
5756
4489
4489
12393
12393
1877
1877
1877
12393
12393
1877
1877
11633
1877
4852
4852
7612
4852
4852
527
2104
2104
4852
4852
527
527
2104
2104
2104
2104
4852
527
4871
4871
12087
12087
12087
4489
4489
12393
12393
12393
5267
1877
1877
1877
12393
12393
12393
1877
1877
1877
11633
13880
1877
1877
11633
1877
527
527
7612
527
527
527
2104
7612
527
527
527
4871
2104
2104
2104
527
527
4871
4871
4871
2104
2104
2104
2104
527
4871
4871
4871
4871
5267
5267
5267
1877
11633
13880
13880
5267
11202
1877
11633
11633
11202
1877
11633
1877
527
527
10974
527
527
527
7612
10974
527
527
4871
4871
2104
2104
9917
527
4871
4871
4871
11722
11722
10487
1903
2478
5385
5385
5267
5267
5267
1903
1903
1903
5385
5267
5267
5779
5779
5779
11202
5779
5779
5779
527
527
10974
527
527
4871
9917
9917
527
4871
4871
9917
9917
2478
2478
5385
10487
10487
1903
2478
2478
11722
10487
1903
1903
1903
5267
5267
1903
1903
1903
5267
5779
5779
5779
527
527
9917
527
4871
9917
2478
2478
9917
2478
2478
10487
1903
2478
10487
1903
1903
10487
1903
1903
5267
1903
1903
5779
527
2478
2478
2478
1903
1903
1903
1903
1903
2325
3925
11196
3925
11196
3925
11196
3925
3116
3116
3116
3116
3116
3116
3116
3116
3116
1793
2325
7448
2325
12047
6484
9306
11196
12693
3925
11196
11196
12693
3925
11196
3116
6253
3116
3116
3116
6253
3116
3116
3116
6253
3116
3116
3116
8559
13009
9474
1793
1793
2325
2325
2325
12047
7448
7448
2325
12047
12047
6484
9306
9306
11196
12693
6253
6484
9306
11196
3116
6253
6253
3925
3116
3116
3116
6253
14292
3116
3116
3116
3116
8559
8559
13009
13538
9474
8559
3627
13009
9474
1793
1793
2325
2325
2325
12047
7448
2325
2325
12047
3855
7448
7448
7448
2325
12047
3855
10000
6484
9306
9306
9306
3116
6253
14292
14292
5032
5032
3116
3116
3116
8559
8559
8559
3475
3475
13538
9474
8559
8559
3627
3475
13538
9474
9474
1793
13009
9474
1793
1793
2325
2325
2325
3855
2325
2325
2325
3855
3855
7448
7448
2325
2325
3855
10000
10000
4487
4487
4487
4487
1456
2068
2068
2068
2068
5032
5032
5032
3475
3475
8559
8559
8559
3627
5032
3475
3475
3475
9474
8559
3627
3475
3475
3475
9474
1793
3475
3475
1793
1793
3855
7257
3855
3855
2325
7257
3855
3855
10000
4487
2325
6365
1456
2068
2068
2068
4487
4487
4487
1456
1456
2068
2068
2068
4487
4487
4487
3475
5136
1456
2068
2068
5032
5032
3475
3475
5136
5136
1793
3475
3475
3475
5136
1793
3475
3475
5136
2833
3855
7257
3855
3855
6365
6365
1456
2068
2068
6365
6365
1456
1456
2068
2068
4487
6815
1456
1456
1456
2068
4487
4487
6815
9973
1456
1456
4487
4487
3475
5136
5136
4431
5032
3475
3475
5136
5136
3475
3475
5136
2833
3855
6365
1456
2068
6365
1456
1456
2068
6365
1456
1456
1456
6815
1456
1456
1456
6815
6815
9973
1456
4487
6815
9973
4431
4487
3475
5136
4431
3475
3475
5136
2833
1456
1456
1456
1456
1456
1456
1456
1456
1456
6815
4431
6815
4431
6815
4431
3475
4431
2833
3925
11696
11696
11696
2095
2095
2095
2095
1864
3925
6484
3925
6480
11855
11696
11696
13203
11696
11696
13203
2095
2095
3113
2095
2095
3113
2095
1864
3113
1864
1864
4821
4473
3925
3925
3925
6480
6484
6484
3925
6480
6480
11855
11855
11696
11696
2095
11855
13203
2095
2095
1864
3113
3113
2095
1864
1864
3113
3113
1864
1864
1864
4821
4821
9688
4473
4821
9255
3925
3925
3925
6480
6484
3925
3925
6480
6480
6484
6484
6484
3925
6480
1864
1864
11855
11855
11855
2095
1864
1864
1864
4230
3113
3113
1864
1864
1864
1864
4821
4821
4821
9688
11322
4473
4821
4821
9688
4473
4821
9255
3925
3925
3925
14313
3925
3925
3925
14313
9431
6484
6484
3925
3925
9431
9431
9431
4230
4230
4230
4230
1372
1864
1864
1864
1864
4230
4230
4230
1372
9688
11322
11322
4473
4230
7356
1372
9688
9688
4473
7356
1372
9688
9255
1372
9255
10989
10989
10989
14313
3925
10989
10989
9431
9431
6484
3925
10989
9431
9431
9431
9431
8813
8813
5317
2833
9782
9853
9853
9853
4230
4230
4230
1372
1372
1372
9853
4473
4230
4230
1372
1372
1372
4473
7356
1372
1372
1372
1372
1372
10989
10989
10989
9431
10989
10989
9431
9431
9431
5317
13009
9782
9782
9853
9853
5317
5317
2833
9782
9782
9853
8813
5317
2833
2833
2833
9782
4230
4230
1372
1372
1372
1372
4230
1372
1372
1372
1372
1372
10989
10989
9431
9431
13009
9782
9782
9853
13009
9782
9782
9782
5317
2833
9782
9782
5317
2833
2833
2833
5317
2833
2833
2833
4230
1372
1372
1372
1372
1372
9431
9782
9782
9782
9782
9782
9782
2833
9782
2833
2833
2833
2833
2833
2833
1372
1372
1293
1387
3812
1333
5449
5449
1333
5449
5449
1333
5449
5449
1333
5449
5009
9535
5009
5009
9535
5009
5009
9535
5009
5009
4905
2347
2347
4905
501
1293
3812
3812
7857
1387
3904
3812
11663
1333
7966
5449
5449
13292
1333
5449
5449
5449
13292
1333
5449
5449
5009
9859
9535
5009
5009
5009
9859
4905
5009
5009
5009
9859
4905
2347
2347
2347
11052
4905
2347
2347
5395
501
1293
3812
3812
7857
3904
3812
3812
11663
7857
1387
3904
3904
3812
11663
11663
1333
7966
10477
5449
5449
13292
9859
4905
7966
5449
5449
5009
9859
9859
4905
5449
5009
5009
5009
9859
11052
4905
2347
2347
2347
2347
11052
11052
4905
2347
2347
2347
9526
6826
2347
2347
5395
501
1293
3812
3812
7857
3812
3812
3812
11663
2082
3904
3904
3812
3812
11663
2082
2082
1387
3904
3904
3904
3812
11663
2082
3660
3660
7966
10477
10477
5449
5009
9859
11052
11052
4905
5170
10477
2347
2347
2347
11052
11052
11052
4905
3337
2347
2347
2347
9526
12631
6826
2347
2347
2347
9526
5395
2347
2347
5395
501
1293
3812
2082
2082
3812
3812
2082
2082
2082
3904
3812
3812
2082
2082
2082
3660
3904
3904
3904
3812
2082
2082
3660
3660
3660
1387
2224
2224
2224
2224
159
3660
3660
3660
3660
3267
5170
12597
12597
12202
1331
9526
12631
12631
6826
5170
12202
12202
1331
9526
9526
6826
3337
12202
1331
9526
5395
3337
1331
5395
481
2082
4891
2082
2082
3812
5569
2082
2082
2082
3812
3812
5569
2082
2082
3660
3660
2224
2224
159
159
159
3660
3660
3660
3267
2224
2224
2224
2111
159
6933
6933
6933
5861
2224
2224
2224
2224
1331
1331
1331
6933
5861
5170
12597
12202
1331
1331
1331
5395
3337
12202
1331
1331
840
3337
1331
840
481
2082
4891
2082
2082
4891
5569
2082
2082
3660
159
159
159
159
3660
3660
3267
2111
159
159
159
6933
6933
5861
2224
2111
2111
159
14004
6933
5861
2224
2224
2111
2111
9893
9893
473
2224
2224
2224
1331
1331
1331
840
5170
12202
1331
1331
840
3337
1331
840
481
2082
4891
2082
2082
159
159
159
3660
3267
159
159
159
6933
5861
159
159
159
14004
473
2111
2111
159
14004
473
2111
2111
2111
9893
473
2224
2111
2111
9893
4951
2224
2224
1331
1331
840
3337
1331
840
481
2082
159
159
3267
159
159
473
159
159
473
159
159
473
2111
159
473
2111
2111
4951
2111
2111
4951
2111
2111
4951
2224
1331
840
481
3224
3224
3224
3224
2446
2446
2446
2446
2446
5699
1293
5699
6932
6932
7859
6932
6932
7859
6932
6932
7859
4895
4895
5566
4895
4895
5566
4895
4895
5566
4895
2716
5566
2716
12371
1293
5699
5699
6932
1293
5699
5699
6932
6932
6932
5699
7859
6932
6932
4895
7859
7859
4895
4895
4895
5566
5566
4895
4895
2716
5566
5566
4895
2716
2716
5566
5566
2716
2716
7964
3902
12371
1293
10779
12371
12371
1293
5699
5699
5699
6932
6932
1293
5699
5699
5699
6932
6932
4895
2716
5699
5699
7859
4895
4895
2716
2716
5699
5566
5566
4895
2716
2716
2716
5566
5566
5566
2716
2716
2716
7964
11499
3902
3902
7964
3902
12371
1293
14103
12371
12371
1293
10779
10779
12371
12371
6304
478
5699
5699
5699
5699
6932
478
478
478
5699
5699
5699
5699
4895
2716
2716
2716
2716
5699
5699
5566
5566
2716
2716
2716
2716
9060
9060
11499
3902
3902
7479
7964
11499
3902
3902
7964
3902
4891
6304
14103
4891
6304
6304
10779
14103
4891
6304
478
478
10779
10779
10779
4891
478
478
478
478
5699
5699
5699
5699
478
478
478
478
478
10392
10392
10392
9060
3902
3902
7479
7479
10392
9060
9060
3902
3902
3902
9060
9060
3902
3902
9060
3902
4891
6304
4891
4891
6304
478
4891
4891
4891
478
478
478
10779
4891
4891
478
478
478
478
12208
12208
11053
794
7054
12153
12153
10392
10392
10392
794
794
794
7479
10392
10392
9060
5172
5172
3902
9060
9060
5172
5172
9060
5172
4891
6304
4891
4891
478
478
4891
4891
478
478
478
5156
5156
5156
7054
12153
11053
11053
794
7054
7054
12208
11053
794
794
794
10392
10392
794
794
794
10392
9060
5172
5172
9060
5172
4891
478
4891
478
478
5156
5156
7054
5156
5156
7054
11053
794
7054
11053
794
794
11053
794
794
10392
794
794
9060
5172
478
5156
5156
5156
794
794
794
794
794
2608
2608
2608
2608
2142
2142
2142
2142
1386
1387
4886
7966
2608
2608
7966
2608
2608
10006
2608
2608
10006
2142
2142
9867
2142
2142
9867
2142
2142
9867
1386
6285
1386
807
4886
4886
1387
4886
4886
6897
7966
7966
2608
2608
2608
7966
7966
2608
2608
2142
7966
10006
2142
2142
2142
9867
9867
2142
2142
6285
9867
9867
1386
6285
6285
12102
1386
1386
10633
1386
807
4886
4886
1387
4886
4886
6897
1387
8969
4886
4886
6897
6897
7966
7966
7966
2608
2608
2142
6285
7966
7966
7966
2142
2142
6285
6285
5170
3337
9867
1386
6285
6285
6285
3337
12102
1386
1386
11847
10633
12102
1386
1386
807
1386
807
4886
4886
4886
4886
4886
12215
1387
4886
4886
4886
12215
10524
1387
8969
8969
4886
4886
10524
10524
10524
5170
5170
5170
5170
1386
3894
3894
3894
3894
5170
5170
3337
1386
1386
11847
11847
10633
3337
3337
1386
1386
1386
10633
3337
1386
1386
807
1386
807
5214
5214
4886
5214
5214
12215
1387
4886
5214
5214
10524
10524
1387
8969
4886
5214
3894
3894
3894
3894
7937
10785
10785
10785
6267
3894
3894
3894
3894
5170
5170
5170
3337
7575
1386
3894
3894
5170
3337
3337
7575
1386
807
3337
3337
7575
807
3337
7118
5214
5214
5214
5214
5214
10524
5214
5214
5214
3894
3894
3894
7937
6912
6912
6267
3894
3894
3894
7937
10785
13769
6267
6267
3894
3894
7937
10785
10785
12564
12564
6267
3894
5170
5170
3337
7575
7575
5706
3337
3337
7575
7118
3337
7118
5214
5214
5214
5214
3894
3894
5856
6912
6267
3894
3894
5856
6912
6267
6267
3894
10288
13769
6267
6267
6267
7937
13769
12564
12564
5706
7937
10785
12564
12564
5706
5170
3337
7575
5706
3337
7118
5214
3894
5856
6267
3894
5856
6267
6267
5856
6267
6267
10288
6267
6267
10288
12564
5706
10288
12564
5706
7937
12564
5706
3337
5706
5856
5856
5856
5856
4002
4002
4002
4002
4002
1387
2717
2045
2717
2045
2717
2045
2717
1415
1415
1415
1415
1415
1415
1415
1415
1415
4321
1387
1387
2045
3458
9358
2045
2045
2717
9358
2045
2045
2717
9358
1415
8355
1415
1415
1415
8355
1415
1415
1415
8355
1415
1415
1415
2541
6910
6818
2541
4321
1387
4321
4321
1387
1387
1387
2045
2045
3458
11420
9358
2045
2045
2045
3458
9358
9358
1415
8355
8355
2717
1415
1415
1415
8355
12669
1415
1415
1415
1415
2541
2541
6910
6910
6818
2541
2541
6910
6818
6818
4321
7049
4321
4321
1387
1387
4321
4321
4321
1387
1387
1387
1387
2045
2045
5404
3458
11420
11420
9358
1415
8355
12669
12669
3458
11420
1415
1415
1415
2541
2541
2541
5733
6910
6910
6818
2541
2541
2541
6910
6910
6818
6818
2541
6910
6818
6818
4321
7049
4321
11658
1387
7049
4321
11658
5404
1387
1387
1387
4321
5404
5404
5404
1387
1387
1387
1387
1387
2541
2541
2541
2541
5733
12538
12538
7953
6818
2541
2541
2541
2541
5733
7953
7953
6818
6818
2541
2541
7953
7953
6818
6818
6818
7953
6818
6818
11658
14200
11658
11658
7049
14200
11658
5404
5404
1387
1387
5856
5404
5404
5404
5404
7937
7937
7937
5856
7942
12037
12037
10026
7937
7937
7937
7937
10395
2541
2541
2541
5733
12538
7953
7953
13843
6818
2541
5733
7953
7953
13843
3872
7953
7953
3872
11658
14200
11658
5404
5856
5856
5404
5404
5404
5856
5856
5856
7942
12037
10026
7937
10288
5856
7942
7942
10026
7937
7937
10288
10395
7942
7942
7937
7937
7937
10395
10395
3872
5733
7953
7953
13843
3872
7953
7953
3872
11658
5856
5404
5404
5856
5856
7942
10026
5856
5856
7942
7942
10288
5856
7942
7942
10288
10288
10395
4323
7937
10288
10395
4323
7937
7937
10395
3872
5733
7953
3872
5404
5856
7942
5856
7942
5856
7942
5856
7942
10288
4323
10288
4323
10288
4323
7937
3872
2717
5259
2717
5259
2717
5259
2717
5259
1395
1268
1395
1268
1395
1268
1395
1268
1395
11619
12363
3458
2717
5259
5259
2717
2717
5259
5259
2717
2717
5259
1268
2717
1395
1395
1268
1584
1395
1395
1268
1584
1395
1395
4074
1584
1395
3530
3214
11619
12363
10563
11619
12363
12363
3458
3458
2717
5259
5259
5259
3458
2717
2717
5259
1395
1268
2717
2717
1395
1395
1395
4074
1584
1584
1395
1395
9362
4074
1584
1584
1395
3530
3530
8229
3214
3214
3214
11619
12363
11619
11619
12363
2446
10563
10563
11619
12363
2446
1291
3458
3458
3458
2717
5259
1291
1291
1291
3458
3458
2717
1395
1395
9362
9362
4074
3458
1584
1584
1395
3530
3530
3530
8229
8229
3214
3214
3530
8229
3214
3214
3214
2446
2446
11619
2446
2446
2446
10563
11619
2446
2446
1291
1291
10563
10563
10563
2446
1291
1291
1291
1291
3458
3458
3458
3458
1291
1291
1291
1291
1291
5733
5733
5733
3214
3214
3530
3530
5733
10008
3214
3214
3214
10008
3214
3214
3214
2446
2446
6248
2446
2446
1291
6248
6248
2446
1291
1291
1291
10563
6248
6248
1291
1291
1291
1291
11331
11331
9754
7964
6437
6437
6437
5733
5733
5733
5733
9274
3214
3530
5733
5733
10008
13298
3214
10008
10008
13298
10008
2446
2446
6248
2446
1291
1291
6248
6248
1291
1291
1291
7964
7964
7964
6437
6437
9754
9754
7964
9315
6437
11331
9754
9274
9274
9274
5733
5733
5733
9274
9274
5733
10008
13298
10008
2446
1291
6248
1291
1291
7964
7964
6437
7964
7964
9315
9754
7964
9315
9754
9274
9274
9754
9274
9274
5733
5733
9274
10008
1291
7964
7964
7964
7964
9274
9274
9274
5733
3773
3224
6446
11160
6446
11160
6446
11160
2860
6302
2860
6302
2860
6302
2860
1425
1425
1425
6168
3773
3224
9908
3773
3773
3224
6446
6446
12832
11160
6446
6446
12832
6302
6446
2860
11395
6302
2860
2860
11395
1425
2860
2860
1425
1425
2860
1425
1425
1425
3068
1433
6168
3773
3224
10252
6168
3773
3773
3224
9908
9908
3773
3773
3773
3224
9908
6446
6446
12832
11395
1425
6446
6446
2860
11395
1425
1425
2860
2860
2860
1425
1425
1425
2860
2860
1425
1425
1425
1425
3068
3068
3598
1433
3068
3598
6168
3773
3224
6168
6168
3773
3773
3224
10252
13763
6168
3773
3773
3773
4033
9908
9908
9908
3773
3773
1425
1425
1425
9908
9908
6446
2860
1425
1425
1425
1425
9327
2860
2860
1425
1425
1425
1425
1425
3068
3068
3068
3598
10566
1433
3068
3068
3598
1433
3068
3598
6168
3773
5626
6168
6168
3773
5626
5626
10252
6168
6168
3773
5626
5307
4033
10252
13763
13763
6168
3773
5307
5307
5307
4033
3892
3892
3892
3892
1425
1425
1425
1425
1425
1425
9327
9327
9327
2268
3598
10566
10566
1433
9327
10769
2268
3598
3598
1433
10769
2268
3598
3598
2268
3598
9312
5626
5626
6168
9312
5626
5626
4033
6168
6168
9312
5626
5307
5307
4033
3892
3892
3892
8162
5307
5307
5307
5307
2283
3892
3892
3892
3892
3221
5828
5828
5828
5828
3892
3892
3892
2268
2268
2268
5828
1433
9327
9327
2268
2268
2268
1433
10769
2268
2268
2268
2268
2268
9312
5626
5626
9312
9312
5626
5307
4033
4890
8162
8162
5307
5307
5307
2283
3892
8162
8162
8162
5828
5828
5828
3892
3892
8596
3221
13304
5828
5828
3892
3892
3892
3221
3221
3221
5828
3892
3892
2268
2268
2268
2268
9327
2268
2268
2268
2268
2268
9312
5626
4033
4890
8162
5307
5307
2283
4890
8162
8162
5828
5828
4890
8162
8162
13304
5828
6924
8596
3221
13304
12604
3892
8596
3221
3221
3221
3892
3892
3221
3221
3221
3892
2268
2268
2268
2268
2268
4890
5307
2283
4890
8162
5828
4890
8162
12604
4890
8162
12604
6924
3221
12604
6924
3221
3221
6924
3221
3221
3892
3221
3221
2268
2268
2058
2058
2058
2058
1277
1277
1277
1277
1277
2267
2267
2267
2267
1268
1268
1268
1268
1268
7782
10252
2267
6050
2267
2267
6050
2267
2267
6050
2267
1268
1268
9647
1268
1268
9647
1268
1268
9647
1268
4074
3459
3459
7782
7782
7782
13935
10252
10252
2267
6050
6050
10377
2267
2267
6050
1268
2267
2267
1268
1268
1268
2267
9647
1268
1268
4074
9647
9647
1268
4074
4074
11419
3459
3459
4460
3459
3459
7782
7782
7782
13935
10252
7782
7782
13935
4856
10252
10252
10252
2267
6050
1268
4074
10377
10377
2267
1268
1268
4074
4074
1900
1900
9647
1268
4074
4074
4074
5829
11419
3459
3459
4889
4460
11419
3459
3459
3459
3459
3459
4856
7782
4856
4856
7782
7782
4856
4856
4856
10252
10252
7782
4856
4856
11152
11152
1900
1900
1900
1900
1268
4074
4074
4074
4074
1900
1900
1900
3459
3459
4889
4889
4460
1900
5829
3459
3459
3459
4460
5829
3459
3459
3459
3459
3459
4856
10290
4856
4856
7782
10290
4856
4856
11152
10252
4890
4890
4856
11152
11152
11152
12536
12536
6924
4890
9816
14128
14128
2270
1900
1900
1900
1900
5942
3459
4889
2270
1900
1900
5829
5942
3459
3459
5829
5829
5942
3459
5829
5818
4856
10290
4856
4856
4890
4890
4856
11152
11152
4890
4890
4890
9816
14128
2270
6924
6924
4890
9816
9816
2270
12536
6924
6924
7425
7425
2058
1900
1900
1900
5942
5942
5818
1900
5829
5942
5818
5829
5818
4856
4890
4856
11152
4890
4890
9816
2270
4890
4890
9816
2058
6924
4890
9816
2058
6924
6924
7425
2058
6924
6924
7425
7425
1900
1900
5942
5818
5829
5818
4856
4890
2058
4890
2058
4890
2058
4890
2058
6924
7425
6924
7425
6924
7425
1900
5818
1333
1333
1333
1333
1333
7581
7581
7581
4102
790
5154
6973
1333
10997
1333
1333
12093
1333
1333
12093
1333
1333
7581
9535
7581
7581
9535
7581
7581
4905
4102
4102
4905
4102
790
5154
6973
5154
5154
10997
6973
6973
1333
10997
10997
7857
1333
1333
12093
7581
1333
1333
1333
7581
7581
1333
9535
7581
7581
12297
4905
4905
4102
4102
4102
4905
4905
4102
4102
4905
6326
790
5154
790
5154
5154
10997
6973
6973
5154
5154
10997
3287
6973
6973
6973
1333
10997
2396
2396
7857
7857
1333
1333
7581
12297
12297
7857
1333
4905
4102
4102
4102
4102
4905
4905
4905
4102
4102
4102
4905
4905
6326
4102
4905
6326
790
3287
790
5154
3287
3287
6973
5154
5154
3287
3287
2396
6973
6973
6973
5154
3287
2396
2396
2396
4929
4929
4929
4929
181
2396
2396
2396
2396
10228
10228
7111
3827
4102
4102
4102
4102
7111
7111
3827
6326
4102
4102
7111
3827
6326
6326
3827
6326
4315
3287
790
11257
3287
3287
790
5154
11257
3287
2396
2396
2472
4929
4929
10285
181
2396
2396
2396
2472
4929
4929
4929
181
181
10998
10998
5474
4929
4929
4929
2362
2362
181
4102
4102
10228
7111
3827
3827
3827
4102
7111
3827
3827
3827
3827
3827
4315
3287
4315
11257
3287
2396
537
10285
10285
181
2396
2396
2472
10285
10285
181
181
10998
5474
2472
4929
10476
181
181
181
5474
2472
4929
4929
2362
2362
181
181
4929
4929
2362
2362
2362
2362
7111
3827
3827
3827
3827
3827
4315
3287
537
10285
181
2396
537
10285
181
181
5474
537
10285
181
181
181
3329
10476
181
181
181
2472
10476
2362
2362
181
2472
4929
2362
2362
2362
4929
2362
2362
2362
3827
3827
537
181
537
181
181
537
181
181
537
181
181
3329
181
181
3329
2362
2362
3329
2362
2362
2472
2362
2362
2362
2362
790
3255
3658
3658
3658
3658
3658
3658
3658
4465
4465
4465
4465
4465
4465
540
1178
790
3255
790
11620
3255
3255
3658
11620
3255
3658
3658
11620
3658
3658
3658
10671
3658
4465
4465
10671
4465
4465
4465
1178
540
4465
1178
1178
540
4987
790
790
790
11943
3255
3255
790
11620
11620
3255
3255
3255
3658
11620
10671
3255
3255
3658
3658
10671
1178
3255
3658
4465
4465
1178
1178
540
4465
4465
1178
1178
1178
540
12122
4987
4987
540
4987
790
790
790
11943
8635
790
790
11943
7492
3255
3255
3255
790
11620
1178
1178
3255
3255
3255
3255
3658
1178
1178
1178
3255
3255
3255
4465
1178
1178
1178
1178
1326
10781
12122
4987
4987
10917
540
12122
4987
4987
540
4987
790
790
790
7492
790
790
790
7492
7492
8635
8635
790
790
7492
8880
8880
2472
2472
2472
2472
537
1178
1178
1178
1178
5625
13267
13267
10781
2369
4987
10917
10917
5625
10781
10781
2369
4987
4987
1326
10781
2369
4987
1326
2369
4315
4315
4315
7492
790
4315
4315
7492
8880
2472
537
537
537
8880
8880
8880
2472
2472
2472
537
9984
9984
9984
2472
2472
2472
2369
2369
2369
9984
5625
13267
10781
2369
2369
2369
1326
10781
2369
2369
1326
2369
4315
4315
4315
7492
537
537
537
8880
8880
537
537
537
9984
9984
2472
3329
537
12913
9984
2472
2472
3329
5822
5822
2472
2472
2369
2369
2369
5625
10781
2369
2369
1326
2369
4315
537
537
8880
537
537
9984
537
537
12913
3329
537
12913
3329
3329
5822
2472
3329
5822
2472
2369
2369
1326
2369
537
537
537
537
537
3329
3329
3329
2369
1293
11160
11160
11160
6302
6302
6302
6302
540
3224
1293
1293
3224
7786
11160
11160
13421
11160
11160
13421
6302
6302
8075
6302
6302
8075
6302
6302
540
540
7827
540
1484
3224
1293
3224
3224
1293
1293
1293
3224
3224
7786
7786
11160
11160
6302
7786
13421
6302
6302
6302
8075
8075
6302
6302
7827
540
540
540
7827
7827
540
540
8785
3983
540
1484
3224
10058
3224
3224
1293
1293
3224
3224
3224
1293
1293
1293
1293
3224
3224
4033
7786
7786
7786
6302
6302
7827
7827
5625
540
540
540
7827
7827
7827
540
540
540
8785
8785
3983
540
540
12606
1484
540
1484
3224
10058
3224
12869
1293
10058
3224
12869
4033
1293
1293
1293
3224
4033
4033
4033
1293
1293
1293
1293
540
2296
2296
2296
2296
5625
5625
1326
540
8785
8785
8785
3983
1326
1326
540
12606
8785
3983
1326
540
12606
1484
540
1484
10222
10222
10222
12869
10058
10222
10222
4033
4033
1293
1293
10222
1057
2296
2296
2296
9364
9364
9364
1057
1057
2296
2296
2296
5625
5625
5625
1326
8078
1057
2296
2296
5625
1326
1326
8078
8078
1484
1326
1326
8078
1484
1326
3325
10222
10222
10222
4033
10222
10222
1057
2296
2296
10250
10250
1057
1057
2296
2296
9364
13294
1057
1057
1057
2296
9364
9364
8351
8351
1057
1057
5625
5625
1326
8078
8078
3325
1326
1326
8078
3325
1326
3325
10222
10222
1057
2296
10250
1057
1057
2296
10250
1057
1057
1057
13294
1057
1057
1057
13294
8351
8351
1057
9364
8351
8351
8351
5625
1326
8078
3325
1326
3325
1057
1057
1057
1057
1057
1057
1057
1057
1057
8351
8351
8351
8351
8351
8351
1326
3325
1612
1612
1612
1612
987
987
987
987
987
369
1698
1698
4097
1698
1698
4097
1698
1698
4097
1698
1698
4097
1698
2570
3048
2570
2570
3048
2570
2570
3048
2570
369
3048
2570
369
2797
5333
4899
7000
1698
1698
1698
7000
7000
1698
1698
1698
4097
11451
1698
1698
1698
4097
11451
1698
2570
2570
3048
14159
2570
2570
369
3048
14159
2570
2570
369
3048
5966
2570
5077
369
5966
5966
5077
2797
5333
4899
8100
5333
5333
4899
7000
7000
1698
1698
1698
1698
7000
7000
7000
1698
1698
1698
369
7000
7000
11451
1698
2570
2570
369
4097
11451
14159
2570
2570
13518
369
3048
5966
5966
2570
5077
5077
369
5966
5966
5966
5077
5077
5966
5966
5543
2797
5333
4899
8100
5333
5333
522
10180
8100
5333
5333
522
522
7000
7000
7000
1698
1698
522
9003
369
7000
7000
7000
7000
1698
2570
13518
13518
369
6776
6776
5966
5966
2570
5077
5077
5077
369
6594
5966
5966
5966
5077
5077
5077
5966
5966
5966
6188
5077
5966
5966
5543
2797
522
522
8100
522
522
522
8100
8100
522
522
522
1358
10180
10180
8100
522
522
9003
9003
1358
6776
6776
6776
6776
366
490
490
490
490
369
6776
6776
6776
6594
5966
5077
5077
5077
5077
6776
6594
6594
5966
6188
5077
5077
6594
6594
5966
6188
5543
6594
5966
5543
2797
522
522
11673
522
522
522
8100
11673
522
522
9003
1358
10180
366
4085
490
490
490
490
490
11298
11298
366
366
490
490
490
490
6776
6776
6776
366
5881
490
490
490
6776
6776
6594
6594
10284
6188
5077
6594
6594
6594
10284
5543
6594
6594
10284
4260
522
522
11673
522
522
1358
4085
4085
490
490
490
490
366
4085
4085
490
490
490
366
366
366
13614
490
490
11298
366
366
5881
5881
185
6776
6776
366
5881
5881
1032
6776
6594
6594
10284
10284
6594
6594
10284
4260
522
522
4085
490
490
490
4085
4085
490
490
4085
4085
13614
185
366
366
13614
185
366
366
5881
185
366
366
5881
1032
6776
366
5881
1032
6594
6594
10284
4260
490
490
4085
185
4085
185
4085
185
366
185
366
1032
366
1032
366
1032
366
1032
4260
367
367
4097
1612
4097
1612
4097
1612
3048
6609
3048
6609
3048
6609
3048
1297
1297
562
367
367
3955
367
367
367
4097
4097
11440
1612
4097
4097
11440
1612
4097
3048
11842
6609
3048
3048
11842
1297
3048
3048
1297
1297
3048
1297
1297
562
7215
1197
367
367
3955
367
367
367
3955
3955
367
367
367
367
10090
4097
4097
11440
11440
1297
4097
4097
3048
11842
1297
1297
3048
3048
3048
1297
1297
1297
3048
3048
1297
1297
1297
562
7215
7215
1543
1197
7215
11913
367
367
12883
367
367
367
3955
3955
367
367
367
332
3955
3955
3955
367
367
367
1297
332
10090
10090
4097
3048
1297
1297
1297
1297
10090
3048
3048
1297
1297
1297
1297
562
7215
7215
7215
1543
1543
1197
7215
7215
13138
1197
7215
11913
367
4086
12883
367
4086
4086
3955
12883
367
4086
4086
332
3955
3955
3955
367
4086
4603
4603
332
3835
3835
3835
3835
367
1297
1297
1297
1297
332
13417
13417
13417
7215
1543
1543
1543
1197
13417
13731
7215
13138
1543
1197
13731
7215
13138
11913
7215
11913
4086
4086
12942
4086
4086
332
12883
12942
4086
4086
4603
332
3835
442
442
442
4603
4603
4603
332
3835
3835
3835
442
6999
10262
10262
4126
3835
3835
3835
3835
7754
1543
1543
1197
13417
13417
7754
7754
7754
1197
13731
7754
7754
4260
7754
4260
4086
4086
12942
4086
4086
332
442
442
442
4603
4603
332
442
442
442
6999
10262
4126
3835
4733
442
6999
6999
4126
3835
3835
4733
12675
6999
1237
3835
3835
3835
7754
7754
4260
13417
7754
7754
4260
7754
4260
4086
332
442
442
4603
332
442
442
6999
4126
442
442
6999
1237
4733
442
6999
1237
4733
4733
12675
1237
3835
4733
12675
9131
3835
3835
7754
4260
7754
4260
442
332
442
1237
442
1237
442
1237
442
1237
4733
9131
4733
9131
4733
9131
3835
4260
586
586
586
586
346
346
346
346
346
1607
3939
1607
1607
3939
1607
1607
3939
1607
1607
3939
1607
1607
346
7136
5244
346
7136
5244
346
7136
5244
346
1936
5244
2565
5155
9736
3905
1607
13129
3939
7969
1607
1607
13436
3939
1607
1607
1607
13436
346
1607
1607
1607
5244
346
1607
10424
5244
5244
346
7136
10424
5244
5244
6563
1936
10424
5244
6563
2565
1936
5758
4986
5155
9736
3905
5155
13129
9736
3905
3905
1607
13129
13129
3939
7969
8927
1607
1607
13436
5244
346
7969
1607
1607
1607
5244
5244
6563
1607
1607
10424
5244
5244
6563
6563
1936
10424
10424
5244
6563
6563
2565
1936
14225
5758
5758
9373
1936
5758
4986
5155
9736
5155
5155
13129
9736
3905
3905
5155
13129
11252
2543
3905
3905
3905
1607
13129
2543
2543
2543
7969
8927
8927
1607
1607
5244
6563
6563
6563
975
1191
1191
10424
5244
6563
6563
6563
2565
975
10344
14225
5758
5758
10771
9373
1936
14225
5758
5758
4986
1936
5758
4986
5155
11252
5155
5155
11252
11252
3905
5155
5155
11252
2543
2543
3905
3905
3905
5155
2543
2543
2543
2543
343
343
343
343
343
2543
2543
2543
2543
2543
975
1191
1191
1191
5758
5758
10771
10771
9373
975
1191
10344
5758
5758
5758
9373
10003
10344
5758
5758
4986
10003
5758
4986
7134
11252
7134
7134
11252
2543
5155
7134
7134
2543
2543
2543
343
343
1183
1183
2543
2543
2543
2543
343
343
343
1183
11795
11795
11795
3944
343
343
343
343
6605
5758
10771
3944
975
1191
1191
6605
6605
5758
4986
975
10344
6605
6605
4986
10003
6605
6605
7134
11252
7134
7134
2543
2543
1183
1183
1183
2543
2543
2543
1183
1183
1183
11795
11795
3944
343
8903
1183
12475
11795
3944
343
343
6743
6743
6743
3010
343
343
343
6605
6605
244
975
1191
6605
6605
6605
10003
6605
6605
7134
2543
1183
1183
2543
2543
1183
1183
11795
3944
1183
1183
12475
3010
8903
1183
12475
3010
8903
6743
6743
244
343
6743
6743
244
343
343
6605
244
975
6605
6605
1183
2543
1183
3010
1183
3010
1183
3010
1183
3010
6743
244
6743
244
6743
244
343
244
586
586
5962
6708
5962
6708
5962
6708
619
1679
619
1679
619
1679
619
1679
619
586
586
4582
586
586
586
4582
5962
11007
6708
5962
5962
11007
1679
5962
619
10909
1679
619
619
10909
1679
619
619
10444
10089
619
619
5451
5953
586
586
2216
586
586
586
4582
4582
586
586
586
586
4582
4582
5962
11007
10909
1679
4582
5962
619
10909
10444
10089
619
619
619
10444
10444
10089
619
619
619
5451
5451
11262
5953
5451
5953
586
586
2216
586
586
586
7969
2216
586
586
586
5772
4582
4582
4582
586
586
586
9023
6160
4582
4582
4582
619
10444
10444
10444
10089
4582
619
619
619
5451
5451
5451
10772
11262
5953
5451
5451
11262
5953
5953
5953
586
5772
2216
586
5772
5772
2216
2216
586
5772
5772
6160
7969
7969
2216
586
5772
9023
9023
6160
975
975
975
975
586
2783
2783
2783
2783
9266
9266
9266
5953
5451
5451
5451
9266
10772
5953
5953
5451
10772
5953
5953
5953
5772
5772
7136
5772
5772
5772
2216
7136
5772
5772
9023
6160
975
975
1936
1936
2783
2783
2783
975
975
975
1936
2783
2783
2783
975
975
975
975
6707
2783
2783
9266
9266
6707
6707
5953
10772
6707
6707
6707
5772
5772
7136
5772
5772
6160
1936
1936
1936
2783
2783
1936
1936
1936
2783
2783
975
10003
1936
14083
2783
975
975
7092
7092
7092
975
975
975
6707
6707
9266
6707
6707
6707
5772
5772
1936
1936
2783
1936
1936
2783
1936
1936
14083
10003
1936
14083
10003
7092
7092
975
7092
7092
975
975
6707
6707
1936
1936
1936
1936
1936
7092
7092
7092
975
4548
4548
4548
4548
4256
4256
4256
4256
4256
4556
4556
1359
4556
4556
8899
4556
4556
8899
4556
4556
8899
4556
7178
8507
8185
7178
8507
8185
7178
8507
8185
7178
7170
7170
5018
5018
10471
4556
4556
4556
1359
10471
4556
4556
4556
1359
11637
4556
4556
4556
8899
11637
4556
8185
7178
8507
8507
8185
8185
7178
8507
8507
8185
8185
8678
7170
7170
7170
9377
7170
7170
5018
5018
12134
5018
5018
5018
10471
10471
4556
4556
4556
4556
1359
10471
10471
4556
4556
4556
7178
1359
10471
11637
4556
8185
8185
8678
1359
8507
8507
8185
8185
11871
8678
7170
7170
7170
7170
9377
9377
7170
7170
7170
8581
7170
7170
5018
5018
13099
5018
5018
3448
12134
12134
5018
5018
3448
3448
10471
10471
10471
4556
4556
3448
9488
3986
1359
10471
10471
10471
4556
8185
11871
11871
8678
1359
10471
817
7170
7170
9377
9377
9377
817
817
7170
7170
8581
9377
817
7170
7170
8581
7170
7170
3448
3448
13099
3448
3448
3448
12134
13099
3448
3448
3448
3986
12134
12134
12134
3448
3448
9488
9488
3986
5078
5078
5078
5078
809
8827
8827
8827
8827
9629
12434
12434
817
817
8581
9377
9377
9629
817
817
817
8581
8581
817
817
817
8581
817
817
3448
3448
11562
3448
3448
3448
11562
11562
3448
3448
9488
3986
5078
3472
11562
809
8827
8827
8827
5078
5078
3472
809
809
8827
8827
5078
5078
5078
817
930
809
8827
9629
12434
817
817
1765
1765
817
817
817
1765
817
817
3448
3448
11562
3448
3448
3986
11562
11562
809
8827
8827
3472
12527
809
809
8827
3472
3472
809
809
809
5078
3472
930
930
809
5078
5078
817
930
930
9629
817
817
1765
817
817
3448
3448
11562
809
8827
12527
809
809
12527
809
809
3472
809
809
3472
930
930
3472
930
930
5078
817
930
817
817
809
809
809
809
809
930
930
930
817
876
2309
8899
5915
8899
5915
8899
5915
4256
4256
4256
4256
4256
4256
4256
4256
3367
932
876
2309
1359
876
9376
2309
1359
8899
9590
5915
8899
8899
9590
4256
8899
4256
4256
4256
10187
4256
4256
4256
10187
4256
4256
6960
10187
3367
8918
932
3367
932
876
2309
876
876
9376
2309
1359
1359
876
9376
9376
2309
1359
1359
8899
9590
4256
4256
1359
8899
4256
4256
4256
6960
8899
10187
4256
4256
8918
6960
10187
10187
3367
8918
8918
932
12928
3367
3367
932
3367
1088
876
2309
876
876
9376
2309
13652
876
876
9376
5974
3757
1359
1359
1359
876
9376
3757
3757
3757
1359
1359
1359
4256
4256
8918
8918
6960
1359
1359
10187
3367
8918
8918
8918
932
4253
12928
3367
3367
10986
932
12928
3367
3367
932
3367
1088
876
5974
876
876
5974
5974
876
876
876
5974
3757
3757
13652
13652
876
876
3757
3757
3757
3757
1359
1359
1359
1359
876
3757
3757
3757
3757
932
9629
9629
4253
1630
3367
10986
10986
932
4253
4253
1630
3367
3367
932
4253
1630
3367
1088
1630
1088
5974
5974
7193
5974
5974
3757
876
7193
5974
3757
3757
3757
9785
876
5638
3757
3757
3757
3757
1527
9785
9785
6959
5638
9514
13326
13326
7757
9629
9629
9629
1630
1630
1630
10986
932
9629
4253
1630
1630
1630
932
4253
1630
1630
1088
1630
1630
5974
5974
7193
5974
3757
3757
5638
5638
3757
3757
3757
1527
5638
5638
5638
9514
13326
7757
6959
6959
5638
9514
9514
7757
9785
6959
6959
14031
9514
7757
9629
9629
1630
1630
1630
1630
4253
1630
1630
1630
1630
1630
5974
3757
5638
3757
3757
1527
5638
5638
9514
7757
5638
5638
9514
7757
6959
5638
9514
9514
6959
6959
14031
9378
6959
6959
14031
9378
9629
1630
1630
1630
1630
1630
3757
1527
5638
7757
5638
9514
5638
9514
5638
9514
6959
9378
6959
9378
6959
9378
1630
1630
3939
4548
4548
4548
4548
4548
4548
4548
4548
11278
7178
11278
7178
11278
7178
3332
3332
2414
3939
8007
8920
3939
4548
4548
8920
4548
4548
4548
14122
4548
4548
4548
14122
4548
11278
11278
7178
7178
11278
3332
7178
7178
3332
3332
7178
3332
3332
2414
7161
3339
3939
8007
3939
3939
9551
8007
8920
8920
3939
4548
4548
4548
8920
8920
4548
4548
4548
3332
8920
14122
4548
11278
3332
3332
7178
7178
7178
3332
3332
3332
7178
7178
3332
3332
3332
2414
8678
7161
7161
3339
7161
7161
3939
8007
3939
3939
9551
984
9736
3939
3939
9551
3447
984
8920
8920
8920
3939
4548
3332
3332
3332
8920
8920
8920
4548
3332
3332
3332
3332
6532
3986
7178
3332
3332
3332
3332
2414
3986
8678
7161
7161
12630
3339
8678
7161
7161
3339
7161
7161
346
984
3939
346
3447
984
3939
3939
346
3447
3447
9530
9736
9736
3939
346
3447
9530
9530
9530
6532
6532
6532
6532
346
3332
3332
3332
3332
2414
6532
6532
3986
3986
7161
12630
12630
3339
3986
3986
3986
7161
7161
3339
3986
3986
7161
7161
3986
7161
346
984
346
346
3447
984
346
346
346
3447
9530
9530
9736
346
346
346
8333
8333
8333
2880
11837
11837
8582
5390
5778
8333
8333
3728
6532
6532
6532
3986
4984
4984
8333
3339
6532
3986
3986
4984
4984
3339
3986
3986
4984
4984
3986
4984
346
984
346
346
3447
9530
346
346
346
8333
8333
2880
8582
11009
5778
5778
8333
3728
8582
8582
5390
5778
5778
3728
11837
8582
5390
5390
5390
3728
6532
6532
3986
4984
4984
4984
3986
3986
4984
4984
3986
4984
346
984
346
346
8333
2880
11009
5778
5778
3728
11009
5778
5778
3728
8582
5390
5778
5778
8582
5390
5390
5390
8582
5390
5390
5390
6532
3986
4984
4984
3986
4984
346
2880
5778
3728
5778
5778
5778
5778
5390
5778
5390
5390
5390
5390
5390
5390
3986
4984
2309
4608
5915
7213
5915
7213
5915
7213
5915
6554
6543
6554
6543
6554
6543
1361
3972
1361
4608
4608
2309
2309
4608
4608
2309
5915
7213
7213
5915
5915
7213
6554
5915
5915
13322
6554
6543
6543
13322
1361
6543
6543
3972
1361
6543
3972
3972
1361
6960
6498
4608
4608
4899
4608
4608
4608
2309
2309
2309
4608
4608
4608
2309
2309
5915
7213
7213
1361
2309
5915
5915
13322
3972
1361
5915
6543
6543
3972
3972
1361
6543
6543
3972
3972
3972
1361
6960
6960
6498
6498
6960
10200
4608
4608
13465
4608
4608
987
4899
4899
4608
4608
987
987
2309
2309
2309
2309
4608
987
3972
1361
2309
2309
2309
5915
3972
3972
3972
1361
2309
2309
6543
3972
3972
3972
3972
1361
6189
6960
6960
6498
6498
6498
6960
6960
10200
6498
6960
10200
987
987
13465
987
987
987
4899
13465
987
987
987
6995
4899
4899
4899
987
987
12756
12756
6995
2309
2309
2309
2309
369
3972
3972
3972
3972
1361
11848
11848
6189
1527
6498
6498
6498
6498
6189
6189
1527
10200
6498
6498
6189
1527
10200
10200
1527
10200
987
987
11572
987
987
987
11572
11572
987
987
12756
6995
4899
369
369
369
5085
5085
5085
2185
7890
7890
1358
369
5085
5085
5085
5085
7890
7890
7890
1358
1527
1527
5085
5085
11848
6189
1527
1527
1527
6498
6189
1527
1527
1527
1527
1527
987
987
11572
987
987
6995
369
369
369
5085
5085
2185
369
369
369
5085
5085
5085
1358
1358
369
9726
5085
5085
7890
1358
1358
13653
9726
1037
7890
7890
1358
1527
1527
1527
6189
1527
1527
1527
1527
1527
987
987
369
369
5085
2185
369
369
5085
5085
369
369
9726
1037
1358
369
9726
1037
1358
1358
13653
1037
1358
1358
13653
3392
7890
1358
1527
1527
1527
1527
369
2185
369
1037
369
1037
369
1037
369
1037
1358
3392
1358
3392
1358
3392
1358
1527
1612
1683
1612
1938
1612
1938
1612
1938
1612
2675
6609
2675
6609
2675
6609
2675
3268
3268
6708
1683
1612
1612
1683
1683
1612
1612
1683
14224
1612
1612
1938
14224
1612
6609
1938
11885
6609
6609
2675
11885
6609
3793
2675
3268
3268
3793
3268
3268
6011
3268
6708
5153
6708
12057
1683
1683
1612
1612
1612
1683
1683
1683
1612
1612
1612
1683
1683
14224
1612
6609
3793
1683
11885
11885
6609
3793
3793
2675
3268
3268
3268
3793
3793
3268
3268
3268
6011
6011
3268
3268
6992
3268
6708
6708
6708
12057
5153
5153
6708
12057
6161
1683
1683
1683
1612
1612
332
332
1683
1683
1683
1683
1612
3793
3793
3793
1381
1683
1683
3268
3268
3793
3793
3793
1381
3268
3268
3268
6011
6011
6011
3268
3268
3268
9880
6011
3268
3268
6992
3268
1679
6708
1679
6161
5153
6708
1679
6161
332
5153
5153
5153
1679
332
332
332
1683
1683
1683
1683
332
332
332
332
332
1381
2562
2562
2562
3268
6011
6011
6011
6011
1381
2562
6286
3268
9880
6011
6011
6286
6286
3268
9880
6992
6286
3268
6992
2091
1679
1679
1679
6161
1679
1679
1679
332
332
5153
1679
1679
332
332
332
332
11839
11839
6160
4656
1935
1935
1935
944
2562
2562
2562
2562
4656
1935
1935
944
1381
2562
2562
6286
10103
9880
6011
1381
6286
6286
10103
6992
6286
6286
8566
2091
1679
1679
1679
332
1679
1679
332
332
332
6160
10089
9466
1935
1935
944
6160
6160
4656
9466
1935
944
11839
6160
4656
4656
4656
944
2562
2562
2562
4656
4656
4656
1381
2562
6286
10103
8566
6286
6286
8566
2091
1679
1679
332
332
10089
9466
1935
944
10089
9466
9466
944
6160
4656
9466
1758
6160
4656
4656
1758
6160
4656
4656
4656
2562
2562
4656
4656
1381
6286
8566
2091
332
9466
944
9466
1758
9466
1758
4656
1758
4656
4656
4656
4656
4656
4656
2562
4656
2091
1938
6181
6181
6181
6181
6554
6554
6554
1361
1938
7399
1938
10595
6181
6181
10595
6181
6181
10595
6181
6181
6554
11883
6554
6554
11883
6554
1361
4382
1361
1361
4382
3398
1938
1938
1938
13438
7399
7399
1938
10595
10595
8007
6181
6181
10595
6554
6181
6181
6181
6554
1361
6181
11883
6554
1361
1361
4382
4382
1361
1361
1361
4382
4382
5508
3398
4382
5508
1938
1938
1938
13438
7399
1938
1938
13438
11895
7399
7399
7399
1938
10595
1361
1361
8007
8007
6181
6181
1361
1361
1361
984
984
4382
1361
1361
1361
1361
4382
4382
4382
5508
14213
3398
4382
4382
5508
3398
4382
5508
1938
1938
1938
11895
1938
1938
1938
11895
6995
7399
7399
1938
1938
6995
6995
6995
984
984
984
984
984
1361
1361
1361
1361
984
984
984
4382
5508
14213
14213
3398
984
12754
4382
5508
5508
3398
12754
4382
5508
5508
4382
5508
2675
2675
2675
11895
1938
2675
2675
6995
6995
1381
1381
2675
2675
6995
6995
6995
1381
1381
1381
2852
10431
10472
10472
4508
984
984
984
984
2852
2852
10472
3398
984
984
5007
5007
5007
3398
12754
5007
5007
5007
5007
5007
2675
2675
2675
6995
2675
2675
2675
6995
6995
10092
10092
10092
10431
10472
4508
1381
13683
2852
10431
10431
4508
1381
1381
2852
2852
2852
4508
984
984
984
2852
2852
2852
984
5007
5007
5007
5007
5007
2675
2675
2675
6995
10092
10092
10431
4508
10092
10092
10431
4508
13683
2852
10431
10431
13683
2852
2852
2852
1381
2852
2852
2852
984
984
2852
2852
5007
5007
2675
10092
4508
10092
10431
10092
10431
2852
10431
2852
2852
2852
2852
2852
2852
984
2852
605
605
605
605
358
358
358
358
358
1648
1340
1648
1648
4021
1648
1648
4021
1648
1648
4021
1648
1648
358
7138
6416
358
7138
6416
358
7138
6416
358
5128
3713
7741
1340
3354
1648
8705
1340
3354
1648
1648
8705
4021
1648
1648
1648
8705
358
1648
1648
1648
6416
358
1648
10542
6416
6416
358
7138
10542
6416
3713
3713
5128
5128
3713
3713
5128
4279
7741
1340
4003
7741
13222
1340
3354
3354
1648
8705
8705
1340
3354
3354
1648
1648
8705
6416
358
3354
1648
1648
1648
6416
3713
3713
1648
1648
10542
6416
3713
3713
3713
5128
5128
5128
3713
3713
3713
5128
5128
4279
4279
5128
4279
7741
1340
7741
7741
13222
1340
4003
4003
7741
13222
7537
467
3354
3354
3354
1648
8705
467
467
467
3354
3354
3354
1648
1648
3713
3713
3713
3713
1006
3354
1648
5128
3713
3713
3713
3713
1006
5128
5128
4279
4279
11731
5128
5128
4279
4279
5128
4279
1943
4623
7741
1943
7537
4623
4003
7741
1943
7537
467
467
4003
4003
4003
1943
467
467
467
467
355
355
355
355
125
467
467
467
467
1006
6858
6858
6858
4279
4279
11731
11731
1006
6858
10508
4279
4279
4279
7923
10508
4279
4279
7923
4279
1943
4623
1943
1943
7537
467
1943
1943
1943
467
467
467
355
355
1943
125
467
467
467
355
355
355
125
125
9024
9024
355
355
355
355
779
125
9024
1006
6858
6858
10508
12414
4279
1006
10508
10508
12414
7923
10508
1943
4623
1943
1943
467
467
1943
1943
125
467
467
7263
11522
125
125
9024
355
7263
125
125
125
355
355
779
779
125
355
355
355
779
779
1006
6858
10508
12414
7923
10508
1943
467
1943
125
467
11522
125
125
11522
125
125
7263
125
125
7263
779
779
355
779
779
355
355
779
1006
10508
125
125
125
125
125
779
779
779
355
605
605
4574
4574
4574
4574
4574
4574
576
1578
576
1578
576
1578
576
1578
576
760
605
605
8112
605
605
605
5704
4574
4574
4574
5704
4574
4574
1578
5704
576
6857
1578
576
576
6857
1578
576
576
6857
4635
576
576
9208
760
1538
1538
605
605
8112
605
605
605
8112
8112
605
605
605
605
10194
5704
4574
4574
4574
1578
5704
5704
576
6857
6857
4635
576
576
576
6857
9350
4635
576
576
576
9208
9208
760
11349
1538
1538
9208
1538
1538
605
605
8844
605
605
605
8112
8112
605
605
605
1846
8112
8112
8112
605
605
605
1846
1846
10194
10194
5704
576
6857
9350
9350
4635
7003
576
576
576
9208
9208
9208
760
11349
11349
1538
1538
9208
9208
11349
1538
1538
1538
1538
1538
605
5879
8844
605
5879
5879
8112
8844
605
5879
1846
1846
8112
8112
8112
605
1846
1846
1846
1846
1006
1006
1006
1006
576
1260
1260
1260
1260
760
7003
7003
7003
1538
1538
9208
9208
9208
7003
14127
1538
1538
1538
9208
14127
1538
1538
1538
1538
1538
5879
5879
7138
5879
5879
1846
7138
7138
5879
1846
1846
1846
1006
1006
7138
1260
1260
1260
1260
1260
1006
1006
1006
7923
1260
1260
1260
1260
1006
1006
1006
1006
9861
1260
1260
1260
7003
7003
9861
9861
1538
1538
14127
9861
9861
1538
9861
9861
5879
5879
7138
5879
1846
1846
7138
7138
1260
1260
1260
1260
7923
8435
8435
1260
1260
1260
1006
7923
7923
11091
1260
1260
1006
1006
7923
10499
10499
1260
1006
1006
1006
9861
9861
6979
7003
9861
9861
9861
9861
9861
5879
1846
7138
1260
1260
1260
8435
8435
1260
1260
8435
8435
11091
1260
7923
7923
11091
10794
7923
7923
10499
6979
1006
7923
10499
6979
1006
1006
9861
6979
9861
9861
1260
1260
8435
1260
8435
10794
8435
10794
7923
10794
7923
6979
7923
6979
7923
6979
1006
6979
5130
5130
5130
5130
4625
4625
4625
4625
4625
1340
4399
3352
9207
5130
11340
9207
5130
11340
9207
5130
11340
9207
4625
10813
10813
4625
10813
10813
4625
10813
10813
2782
8557
2782
1083
787
4021
4399
1340
1340
4399
4399
3352
11340
9207
9207
5130
3352
11340
9207
9207
4625
11340
11340
9207
11098
4625
10813
10813
10813
11098
2782
10813
10813
10813
2782
2782
8557
8557
2782
2782
1083
8557
8557
5158
787
4021
4399
1340
4021
4399
4399
1340
1340
1340
4399
4399
4399
3352
12165
11340
9207
9207
9207
2782
3352
11340
11340
9207
11098
2782
2782
3352
10813
10813
10813
2782
2782
2782
8557
8557
8557
2782
2782
2782
1083
8557
8557
8557
5158
5158
8557
8557
8311
787
4021
4399
4021
4021
4399
1012
1340
1340
4021
4399
4399
1012
1340
1340
1340
1340
4399
2782
2782
2782
3352
12165
12165
11340
9207
2782
2782
2782
2782
3352
12165
1301
8557
2782
2782
2782
2782
1083
1301
1301
8557
8557
5158
5158
5158
1301
8557
8557
13120
5158
8557
8557
8311
787
358
1012
4021
358
10248
1012
1340
4021
358
10248
10124
7148
1340
1340
1340
358
10124
10124
10124
7148
1340
1340
1340
1340
358
2782
2782
2782
2782
650
8973
12874
12874
1301
1301
5158
5158
5158
5158
8973
1301
1301
1301
13120
5158
5158
1301
1301
1301
13120
8311
1301
1301
8311
787
358
1012
358
358
10248
1012
358
358
358
10124
10124
7148
1340
358
358
358
8420
8420
8420
650
4623
4623
4623
1506
1506
8420
8420
650
4623
4623
4623
1301
3861
1506
5158
650
8973
12874
1301
1301
4706
4706
5158
1301
1301
1301
4706
2817
1301
1301
2817
1301
358
1012
358
358
10124
7148
358
358
358
8420
8420
650
9875
9875
1506
1506
8420
650
4623
10258
1506
1506
1506
650
4623
4623
3861
3861
1506
650
4623
4623
1301
3861
3861
2817
8973
1301
1301
4706
2817
1301
1301
2817
1301
358
1012
358
358
8420
650
9875
1506
1506
650
9875
1506
1506
650
10258
1506
1506
1506
10258
3861
3861
1506
4623
3861
3861
3861
4623
1301
3861
2817
1301
1301
2817
1301
358
650
1506
650
1506
1506
1506
1506
1506
1506
3861
3861
3861
3861
3861
3861
1301
2817
1301
775
2065
775
2065
775
2065
775
2065
775
8430
6941
8430
6941
8430
6941
2234
2234
6631
6631
3352
775
6631
2065
775
775
9030
2065
775
775
9030
2065
775
775
8430
8430
6941
6941
8430
2234
6941
6941
2234
2234
6941
2234
2234
7764
4433
6631
6631
3352
6631
6631
6631
3352
3352
775
6631
6631
2065
9965
775
775
9030
8430
2234
775
775
775
8430
2234
2234
775
6941
6941
2234
2234
2234
6941
6941
2234
2234
2234
7764
7764
7285
5195
7764
4433
6631
6631
12684
6631
6631
6631
3352
3352
6631
6631
6631
7277
3352
3352
3352
775
6631
2234
2234
2234
9965
9965
775
775
2234
2234
2234
2234
9965
775
6941
2234
2234
2234
2234
3278
7764
7764
7285
7285
5195
7764
7764
14013
4433
7764
4433
6631
7277
12684
6631
7277
7277
3352
12684
6631
7277
7277
11088
3352
3352
3352
6631
7277
12026
12026
11088
3352
3352
3352
3352
775
2234
2234
2234
2234
12720
12720
3278
3278
7285
7285
7285
5195
3278
3278
3278
14013
7285
5195
3278
3278
14013
4433
3278
4433
7277
7277
11780
7277
7277
7277
11780
11780
7277
7277
12026
11088
3352
3352
11780
4291
11772
11772
11772
8973
8973
8973
3356
4291
11772
11772
3863
8973
8973
8973
3278
3356
3356
7285
3863
12720
3278
3278
4475
4475
4433
3278
3278
4475
4433
3278
4475
7277
7277
11780
7277
7277
11088
11780
11780
4291
11772
11772
9090
14141
4291
4291
11772
3863
8973
9090
3356
4291
4291
3863
8973
8973
3356
3356
3356
3114
8973
8973
3278
3356
3356
3356
3278
3278
4475
4475
3278
4475
7277
7277
11780
4291
11772
14141
4291
4291
3863
14141
4291
4291
3114
9090
3356
4291
3114
9090
3356
3356
3114
8973
3356
3356
3356
8973
3278
3356
3356
3278
4475
4291
4291
3114
4291
3114
4291
3114
3356
3114
3356
3356
3356
3356
3356
3356
3278
3356
1652
1652
1652
1652
1015
1015
1015
1015
1015
1652
1652
4032
1652
1652
4032
1652
1652
4032
1652
1652
4032
1652
10561
1581
10561
10561
1581
10561
10561
1581
10561
3968
1581
3968
1830
10131
2572
8035
1652
1652
1652
8035
5308
1652
1652
1652
4032
5308
1652
1652
1652
4032
5308
1652
10561
10561
1581
11467
10561
10561
3968
1581
11467
10561
3968
3968
1581
8698
3968
3968
2291
8698
5374
1830
10131
2572
10131
10131
12841
2572
8035
8035
1652
1652
1652
1652
8035
8035
5308
1652
1652
1652
3968
8035
5308
5308
1652
10561
3968
3968
4032
5308
11467
10561
3968
3968
3968
1581
8698
8698
3968
3968
3968
2291
8698
8698
5374
5374
2291
8698
11024
1830
10131
2572
10131
10131
12841
2572
12386
10131
10131
12841
3185
349
8035
8035
8035
1652
1652
349
349
349
8035
8035
8035
5308
1652
3968
3968
3968
3968
2619
2619
2619
8698
3968
3968
3968
3968
2619
4869
8698
8698
5374
5374
5374
2291
8698
8698
13696
5374
2291
8698
11024
1830
1578
3185
10131
1578
3185
3185
10131
10131
1578
3185
349
349
12386
12386
10131
1578
349
349
349
349
2619
2619
2619
2619
349
349
349
349
349
2619
2619
2619
2619
4869
5374
5374
5374
5374
2619
2619
4869
4869
13696
5374
5374
4869
4869
4869
13696
11024
4869
4869
11024
1430
1578
3185
1578
1578
3185
349
1578
1578
1578
349
349
349
6369
1578
1578
349
349
349
349
6369
6369
3182
3182
4883
8434
8434
992
2619
2619
2619
2619
7461
4883
5374
992
2619
2619
2619
4869
7461
7461
5374
2619
4869
4869
7461
2888
4869
4869
2888
1430
1578
3185
1578
1578
349
349
1578
1578
349
349
349
3182
4635
4635
4883
8434
992
3182
3182
3182
4883
4883
992
6369
3182
3182
13090
4883
760
2619
2619
2619
7461
7461
2888
2619
2619
4869
7461
2888
4869
4869
2888
1430
1578
349
1578
349
349
4635
4635
4883
992
4635
4635
4883
760
3182
3182
4883
760
3182
3182
13090
760
3182
3182
13090
6851
2619
2619
7461
2888
2619
4869
2888
1430
349
4635
760
4635
760
4635
760
3182
760
3182
6851
3182
6851
3182
6851
2619
2888
1430
4032
8155
5130
9202
5130
9202
5130
9202
4625
8978
4625
8978
4625
8978
4625
4660
1083
516
4032
8155
8136
4032
9202
8155
5130
5130
9202
9202
5130
5130
9202
8978
5130
4625
13853
8978
4625
4625
13853
4660
4625
4625
4868
4660
4625
1083
1960
516
1083
1083
4032
8155
4032
4032
13439
8155
8136
8136
4032
9202
9202
8155
8136
5130
5130
9202
9202
4660
5130
5130
4625
13853
4868
4660
4625
4625
4625
4868
4868
4660
4625
4625
1083
1960
1960
516
8609
1083
1083
1960
1083
1083
4032
8155
4032
4032
13439
1015
8740
4032
4032
13439
8815
866
8136
8136
8136
4032
9202
4868
4868
866
8136
8136
5130
4625
4868
4868
4868
4660
1012
1012
4625
1083
1960
1960
1960
516
7148
8609
1083
1083
1960
1960
8609
1083
1083
1083
1083
1083
1581
1015
4032
1581
8815
1015
4032
4032
1581
8815
8815
866
8740
8740
4032
1581
8815
11314
11314
866
1012
1012
1012
1012
1012
1960
1960
1960
1960
516
1012
1012
1012
1083
1083
1960
1960
1960
1012
7148
1083
1083
1083
1960
7148
1083
1083
1083
1083
1083
1581
1015
1581
1581
8815
866
1581
1581
1581
8815
11314
866
6505
1581
1581
1581
9675
9675
9675
866
6505
6505
6505
2291
4396
9675
9675
9675
1012
1012
1012
1012
8482
1083
1960
1960
1012
1012
7148
8482
1083
1083
7148
7148
8482
1083
7148
3450
1581
1015
1581
1581
8815
866
1581
1581
1581
9675
9675
866
2291
2291
2291
4396
9675
9675
6505
12109
2291
4396
4396
9675
6505
6505
10636
10636
4396
4396
1012
1012
1012
8482
8482
3450
1012
7148
8482
3450
7148
3450
1581
866
1581
1581
9675
866
2291
2291
4396
9675
2291
2291
4396
4396
12109
2291
4396
4396
12109
10636
10636
4396
6505
10636
10636
10636
1012
1012
8482
3450
7148
3450
1581
866
2291
4396
2291
4396
2291
4396
2291
4396
10636
10636
10636
10636
10636
10636
1012
3450
2519
2519
2519
2519
2519
2519
2519
2519
2519
3563
5893
3563
5893
3563
5893
3322
1323
3552
3552
2572
2519
2519
2519
2572
2519
2519
2519
7807
2519
2519
2519
7807
2519
5893
3563
11844
5893
5893
3322
11844
5893
5893
3322
4810
1323
1323
1620
3552
3552
4037
3552
3552
3552
2572
2572
2519
2519
2519
2519
2572
2572
2519
2519
2519
3322
2572
7807
2519
5893
5893
3322
7807
11844
5893
5893
9890
3322
4810
4810
1323
1323
1323
4810
1620
1323
1620
3552
3552
4037
3552
3552
3552
9215
4037
3552
3552
3552
4362
2572
2572
2572
2519
2519
2519
9890
3322
2572
2572
2572
2519
5893
9890
9890
3322
2572
2572
4810
1323
1323
1323
1323
4810
4810
1620
1323
1323
4810
1620
1620
1620
2547
4362
4037
2547
7088
4362
4037
4037
2547
7088
7088
12289
9215
9215
4037
2547
7088
12289
12289
12289
2572
2572
2572
2572
612
1323
1323
1323
1323
3878
3878
3878
1620
1323
1323
1323
3878
6451
1620
1620
1323
6451
1620
1620
1620
2547
4362
2547
2547
7088
4362
2547
2547
2547
7088
12289
12289
2974
612
2547
2547
9483
9483
9483
2974
2974
612
612
7734
9483
9483
2974
2974
2974
612
10148
1323
1323
3878
3878
6451
10148
1620
6451
6451
10148
6451
2547
4362
2547
2547
7088
12289
2547
2547
2547
9483
9483
612
5928
5928
7734
9483
612
612
612
7734
7734
2974
612
612
11991
7734
2974
2974
612
10148
10148
3878
6451
10148
6451
2547
4362
2547
2547
9483
5928
5928
7734
5928
5928
7734
612
612
7734
612
612
11991
612
612
11991
2974
612
10148
6451
2547
5928
5928
5928
612
612
612
612
612
2329
2329
2329
2329
2329
2329
2329
2329
2329
7747
8980
7747
8980
7747
8980
4663
1969
1055
5752
5752
8169
2329
2329
2329
5712
2329
2329
2329
5712
2329
2329
2329
5712
2329
8980
7747
11548
8980
8980
4663
11548
8980
4663
4663
8069
1969
2714
1055
1969
1969
5752
5752
8169
5752
5752
5752
8169
8169
2329
2329
2329
2329
13410
5712
2329
2329
2329
4663
5712
5712
2329
8980
4663
4663
5712
11548
8980
4663
4663
4663
8069
8069
1969
2714
2714
1055
8069
1969
1969
2714
1969
1969
5752
5752
11191
5752
5752
2625
8169
8169
5752
5752
2625
2574
8169
8169
8169
2329
2329
2329
4663
2574
13410
13410
5712
2329
4663
4663
4663
4663
3323
997
8069
1969
2714
2714
2714
1055
997
8069
1969
1969
2714
2714
8069
1969
1969
1969
1969
1969
2625
2625
11191
2625
2625
2625
8169
11191
2625
2625
2625
2574
8169
8169
8169
2625
2625
8742
8742
2574
3323
3323
3323
3323
997
2714
2714
2714
2714
1055
3323
3323
997
997
1969
2714
2714
2714
997
997
997
1969
1969
2714
997
997
1969
1969
997
1969
2625
2625
3563
2625
2625
2574
3563
3563
2625
2625
8742
2574
4362
3322
3322
2625
8742
8742
8742
1711
4362
4362
4362
3322
9700
12771
12771
6206
3323
3323
3323
997
4809
1969
2714
2714
3323
997
997
4809
1969
1969
997
997
4809
1969
997
2587
2625
2625
3563
2625
2625
2574
3322
3322
2625
8742
8742
1711
3322
3322
3322
9700
12771
6206
4362
13404
3322
9700
9700
6206
4362
4362
10245
10245
9700
6206
3323
3323
997
4809
4809
802
997
997
4809
2587
997
2587
2625
2574
3322
2625
8742
1711
3322
3322
9700
6206
3322
3322
9700
6206
13404
3322
9700
7085
13404
10245
10245
802
4362
10245
10245
802
3323
997
4809
802
997
2587
2625
1711
3322
6206
3322
7085
3322
7085
3322
7085
10245
802
10245
802
10245
802
997
802
4812
9235
4812
9235
4812
9235
4812
9235
4812
3886
7545
3886
7545
3886
7545
2981
6042
9481
9481
8155
4812
9481
9235
4812
4812
14061
9235
4812
4812
14061
3886
4812
4812
7545
3886
7747
7545
7545
2981
7747
7545
7545
2981
6042
6042
11909
6042
8530
9481
9481
8155
9481
9481
9481
8155
8155
4812
9481
9481
9235
13228
4812
4812
14061
7545
2981
4812
4812
4812
7545
7545
2981
4812
7747
7545
7545
12901
2981
6042
6042
6042
11909
11909
6042
6042
8530
9174
6042
8530
9481
9481
9699
9481
9481
7472
8155
8155
9481
9481
9481
4397
8155
8155
8155
4812
9481
4397
4397
2981
13228
13228
4812
4812
7545
12901
12901
2981
5588
2574
6042
6042
11909
11909
11909
2574
6042
6042
8530
11909
9174
6042
6042
8530
8530
6042
8530
8978
7472
9699
8978
11526
7472
8155
9699
8978
11526
4397
4397
8155
8155
8155
8978
4397
4397
4397
4397
1015
1015
1015
1015
866
2327
2327
2327
2327
5588
5588
2574
2574
8530
11909
11909
9174
2574
2574
2574
8530
8530
9174
2574
2574
8530
8530
2574
8530
8978
7472
8978
8978
11526
4397
8978
8978
8978
4397
4397
4397
1015
866
4660
2066
2327
2327
2327
1015
1015
866
866
2066
2327
2327
2327
1015
1015
1015
866
6788
2066
2327
2327
5588
2574
2574
6788
6788
8530
2574
2574
6788
1711
2574
1711
8978
7472
8978
8978
4397
4397
4660
4660
2066
2327
2327
866
4660
2066
2066
2327
2327
866
866
866
2066
2066
2327
1015
866
866
7679
2066
2066
1015
1015
866
6788
6788
1711
2574
2574
6788
1711
2574
1711
8978
4397
4660
2066
2327
4660
2066
2066
2327
4660
2066
2066
2066
866
866
2066
2066
866
866
7679
2066
866
866
7679
2289
1015
866
6788
1711
2574
1711
2066
2066
2066
2066
2066
2066
2066
866
2066
866
2289
866
2289
866
2289
866
1711
2065
2065
2065
2065
2065
8472
8472
8472
1793
9235
8713
2065
4661
2065
2065
4661
2065
2065
4661
2065
2065
8472
11330
8472
8472
11330
8472
4292
7483
1793
3627
1793
9235
9235
9235
11342
8713
8713
2065
4661
4661
8713
2065
2065
4661
4661
2065
2065
2065
8472
4292
2065
11330
8472
4292
4292
7483
7483
1793
3627
3627
7483
1793
1793
1793
9235
9235
9235
11342
10567
9235
9235
11342
3612
8713
8713
8713
2065
4661
1601
1601
8713
8713
2065
2065
4292
4292
4292
8713
2065
7483
1793
3627
3627
3627
7483
7483
1793
1793
3627
7483
1793
1793
1793
3612
9235
3612
3612
9235
9235
3612
3612
1601
10567
10567
9235
3612
1601
1601
1601
7472
7472
7472
7472
1601
1601
1601
1601
1601
11518
11518
11088
1793
1793
3627
3627
11088
11088
1793
1793
1793
11088
1793
1793
1793
3612
3886
3612
3612
3886
3886
3612
1601
1601
7472
2981
2981
1601
1601
1601
1601
7472
7472
5367
2981
11083
13398
13398
7472
7472
7472
4431
4431
1793
3627
11518
11088
7355
7355
1793
11088
7355
7355
7355
3612
3886
3612
1601
2981
2981
1601
1601
1601
2981
2981
2981
11083
13398
5367
5367
2981
11083
11083
7472
5367
4431
4431
4431
7472
7472
4431
4431
4431
11088
7355
7355
7355
3612
2981
1601
1601
2981
2981
11083
2981
2981
11083
5367
2981
11083
5367
4431
4431
5367
4431
4431
7472
4431
4431
7355
1601
2981
2981
2981
2981
4431
4431
4431
4431
371
371
371
371
371
626
626
626
626
371
1044
371
371
1044
371
371
1044
371
371
1044
371
371
8305
4123
4123
8305
4123
4123
8305
4123
4123
5739
4123
4123
2975
4133
3305
4062
2730
371
4062
1044
6071
371
371
11556
1044
371
371
371
11556
1044
371
371
371
10517
8305
371
4123
4123
10517
5739
4123
4123
4123
5739
5739
4123
4123
4123
5739
2975
8173
7018
4133
4133
3305
4062
2730
3305
4062
4062
2730
2730
371
4062
4062
1044
6071
6754
371
371
11556
10517
5739
6071
371
371
371
10517
5739
5739
371
371
4123
4123
5739
5739
5739
4123
4123
4123
4123
5739
5739
2975
8173
8173
7018
7018
7919
8173
7018
4133
4133
3305
4062
3305
3305
4062
363
2730
2730
3305
4062
363
363
2730
2730
2730
371
4062
363
1886
1886
6071
6754
6754
371
371
5739
5739
5739
5739
638
6754
371
4123
4123
5739
5739
5739
2975
638
7848
8173
7018
7018
8293
7919
6395
8173
7018
7018
4133
8173
7018
4133
4133
363
363
3305
363
363
363
2730
3305
363
363
363
1886
2730
2730
2730
363
363
1886
1886
1886
2730
2730
2730
2730
363
1886
1886
1886
1886
1886
638
12587
12587
7848
7018
7018
8293
8293
7919
638
7848
7848
7018
7018
7018
7919
6395
7848
7018
7018
4133
6395
7018
4133
4133
363
363
11022
363
363
363
3305
11022
363
363
1886
1886
2730
2730
7700
363
1886
1886
1886
1886
12807
12807
11369
2656
4470
5871
5871
4513
12587
12587
12587
2656
2656
2656
5871
4513
638
12587
7848
7509
7509
7018
4133
638
7848
7509
7509
4133
6395
7509
7509
4172
363
363
11022
363
363
1886
7700
7700
363
1886
1886
1886
7700
7700
4470
4470
5871
4513
11369
11369
2656
4470
4470
4513
12807
11369
2656
2656
2656
4470
12587
12587
2656
2656
2656
2656
638
7848
7509
7509
7509
6395
7509
7509
4172
363
363
7700
363
1886
1886
7700
4470
4470
4513
7700
4470
4470
4470
11369
2656
4470
4470
11369
2656
2656
2656
11369
2656
2656
2656
12587
2656
2656
2656
638
7509
7509
4172
363
1886
4470
4470
4470
4470
4470
4470
2656
4470
2656
2656
2656
2656
2656
2656
2656
2656
4172
3830
5740
3830
5740
3830
5740
3830
5740
3095
4262
3095
4262
3095
4262
3095
4262
3095
5872
8380
6071
3830
10727
5740
3830
3830
13214
5740
3830
3830
13214
4262
3830
3095
5897
4262
3095
3095
5897
4262
3095
3095
5897
10311
3095
3095
10311
4150
4377
5872
8380
5872
5872
10727
8380
6071
6071
3830
10727
10727
5740
6769
3830
3830
13214
5897
4262
3830
3830
3095
5897
5897
10311
3095
3095
3095
5897
10311
10311
3095
3095
3095
10311
10311
4150
4150
6682
4377
4150
6682
5872
8380
5872
5872
10727
1696
6071
5872
5872
10727
1696
1696
6071
6071
6071
3830
10727
1696
3304
3304
6769
6769
3830
3095
5897
10311
10311
10311
6769
3095
3095
3095
10311
10311
10311
4150
4150
4150
6682
11341
4377
4150
4150
6682
4377
4150
6682
1696
1696
5872
1696
1696
1696
5872
5872
1696
1696
1696
3304
6071
6071
5872
1696
1696
3304
3304
3304
638
638
638
638
638
3304
3304
3304
3304
13210
13210
8294
2924
6682
11341
11341
4377
8294
8294
2924
6682
6682
4377
8294
2924
6682
6682
2924
6682
1696
1696
12662
1696
1696
1696
5872
12662
1696
1696
3304
3304
638
638
11704
1696
3304
3304
3304
638
638
638
6019
6903
6903
6903
3831
638
638
638
638
2924
2924
6903
3831
13210
8294
2924
2924
2924
4377
8294
2924
2924
2924
2924
2924
1696
1696
12662
1696
1696
3304
11704
11704
1696
3304
3304
6395
11704
11704
6903
6903
3831
638
6395
6019
13276
6903
3831
638
638
6019
6019
6019
3831
638
638
638
2924
2924
2924
8294
2924
2924
2924
2924
2924
1696
1696
11704
1696
3304
11704
11704
6903
3831
11704
11704
13276
3831
6395
6019
13276
8763
6395
6019
6019
6019
638
6019
6019
6019
638
638
2924
2924
2924
2924
1696
11704
3831
11704
8763
11704
8763
6019
8763
6019
6019
6019
6019
6019
6019
638
2924
1947
1947
1947
1947
1205
1205
1205
1205
1205
1044
2691
1667
1947
4633
1947
1947
4633
1947
1947
4633
1947
1947
8260
4098
4098
8260
4098
4098
8260
4098
4098
1883
4098
1883
1005
1044
2691
1667
1044
6877
2691
1667
1667
1947
11404
4633
1667
1947
1947
11404
4633
1947
1947
1947
9606
8260
1947
4098
4098
9606
1883
4098
4098
4098
1883
1883
4098
4098
1883
1883
10197
10197
1046
1005
1044
2691
1044
1044
6877
2691
1667
1667
1044
6877
6877
2691
1667
1667
1667
1947
11404
9606
1883
1667
1667
1947
1947
9606
1883
1883
1667
1947
4098
4098
1883
1883
1883
4098
4098
4098
1883
1883
1883
10197
10197
10197
9162
1046
10197
10197
7064
1005
1044
2691
1044
1044
6877
2691
7063
1044
1044
6877
6877
4127
1667
1667
1667
1044
6877
1883
1883
1883
1667
1667
1667
1667
1947
1883
1883
1883
1883
118
118
118
4098
1883
1883
1883
1883
118
6753
10197
10197
9162
9162
1046
3998
10197
10197
10513
1046
10197
10197
7064
1005
1044
8131
1044
1044
8131
8131
1044
1044
1044
8131
4127
4127
7063
7063
1044
1044
4127
4127
4127
4127
118
118
118
118
118
1883
1883
1883
1883
118
118
118
118
1637
9162
9162
9162
1046
118
118
6753
1637
10513
9162
1046
3998
6753
1637
10513
7064
3998
1637
7064
1005
8131
8131
8305
8131
8131
4127
1044
8305
8131
4127
4127
4127
7063
1044
8305
4127
4127
4127
4127
13263
13263
5844
2904
6506
11459
11459
8314
118
118
118
118
1637
1637
9162
1046
118
118
118
1637
1637
1637
1046
118
6753
1637
1637
1637
3998
1637
1637
1637
8131
8131
8305
8131
4127
4127
8305
8305
4127
4127
4127
5844
12721
6506
6506
11459
8314
5844
5844
2904
6506
6506
8314
13263
5844
2904
2904
2904
4016
118
118
118
1637
1637
1637
118
118
1637
1637
1637
3998
1637
1637
1637
8131
4127
8305
4127
4127
12721
6506
6506
8314
12721
6506
6506
4016
5844
2904
6506
4016
5844
2904
2904
2904
5844
2904
2904
2904
118
118
1637
1637
118
1637
1637
1637
4127
6506
4016
6506
4016
6506
4016
2904
4016
2904
2904
2904
2904
2904
2904
118
1637
1637
613
4510
10680
10137
10680
10137
10680
10137
6172
6641
6172
6641
6172
6641
6172
6641
5843
1820
1884
4510
613
613
6347
4510
8621
10680
10680
10137
12385
10680
10680
6641
12385
6172
6641
6641
6172
6172
6641
6641
6172
6172
6641
10349
6172
5843
5843
1820
11415
1005
1884
4510
613
1884
6347
4510
613
613
613
6347
6347
4510
8621
8621
10680
10680
6641
6641
8621
12385
6172
6641
6641
10349
6172
6172
6172
6641
10349
10349
6172
6172
5843
5843
5843
1820
13779
11415
5843
5843
11415
1005
1884
4510
1884
1884
6347
4510
613
613
1884
6347
6347
2074
613
613
613
613
6347
5393
5393
2074
8621
8621
8621
6172
6641
10349
10349
10349
8621
3998
6172
5843
5843
5843
5843
1820
3998
13779
11415
5843
5843
5843
13779
11415
11415
1005
11415
1005
1884
10295
1884
1884
10391
10295
613
1884
1884
10391
5393
2074
613
613
613
1884
5393
5393
5393
2074
613
613
613
613
368
4005
4005
4005
4005
1820
12994
12994
3998
3126
5843
5843
5843
5843
3998
3998
3126
11415
5843
5843
3998
3126
11415
1005
3126
1005
5629
10295
5629
5629
10391
2074
1884
5629
5629
5393
5393
2074
613
613
5629
3208
4005
4005
4005
2074
5935
5935
5935
368
3208
4005
4005
4005
5935
5935
5935
368
368
368
4005
4005
12994
3998
3126
3126
3126
1005
3998
3126
3126
1005
3126
3126
5629
10295
5629
5629
5393
2074
5629
5629
3208
4005
4005
2074
6327
6327
3208
3208
4005
4005
5935
12445
368
3208
3208
4005
5935
5935
368
368
368
3208
5935
5935
368
368
368
368
3998
3126
3126
3126
3126
3126
5629
2074
5629
3208
4005
2074
6327
3208
3208
4005
6327
3208
3208
3208
12445
368
3208
3208
12445
368
368
368
5935
368
368
368
5935
368
368
368
3126
3126
3208
2074
3208
3208
3208
3208
3208
3208
368
3208
368
368
368
368
368
368
368
368
1327
1327
1327
1327
1327
2132
2132
2132
2132
5740
4864
6007
6681
4864
11383
6681
4864
11383
6681
4864
11383
5062
5062
2132
5062
5062
2132
5062
5062
2132
5062
5062
2132
4995
5740
6380
6007
5740
6681
4864
6007
6007
6681
6681
4864
6007
14360
6681
6681
4864
11383
14360
5062
5062
5062
2132
8261
5062
5062
5062
2132
8261
5062
5062
5631
2132
8261
4995
4995
11552
11552
5740
6380
5740
5740
12602
6380
6007
6007
5740
6681
6681
4864
6007
6007
6007
6681
6681
5062
5062
6007
6007
14360
5062
5062
5062
5631
6007
8261
8261
5062
5062
5631
5631
2132
8261
8261
4995
4995
4995
11552
11552
11552
4995
11552
11552
5740
6380
5740
5740
12602
2485
8380
5740
5740
12602
5880
2485
6007
6007
6007
5740
6681
5062
5631
5631
6007
6007
6007
6007
5062
5062
5631
5631
5631
626
626
626
8261
4995
4995
4995
4995
626
5058
11552
11552
4995
4995
5058
11552
11552
14037
11552
11552
4262
2485
5740
4262
5880
2485
5740
5740
4262
5880
5880
6771
8380
8380
5740
4262
5880
12736
12736
6771
626
626
626
626
626
4995
4995
4995
4995
626
626
626
626
5058
4995
4995
4995
626
626
5058
5058
14037
4995
5058
5058
5058
14037
5058
5058
4262
2485
4262
4262
5880
2485
4262
4262
4262
5880
12736
6771
8380
4262
4262
4262
7523
7523
7523
9243
9243
9243
1315
5647
7523
7523
626
626
626
626
1315
1315
4995
626
626
626
5058
6037
6037
626
5058
5058
6037
5058
5058
4262
2485
4262
4262
5880
6771
4262
4262
4262
7523
7523
10628
11320
5647
5647
7523
9243
10628
1315
5647
5647
9243
9243
1315
1315
1315
626
626
626
1315
1315
626
626
5058
6037
5058
5058
4262
2485
4262
4262
7523
11320
5647
5647
11320
5647
5647
10628
1315
5647
10628
1315
1315
9243
1315
1315
626
626
1315
626
5058
4262
5647
5647
5647
1315
1315
1315
1315
626
2691
8498
4633
8498
4633
8498
4633
8498
4633
1205
7690
1205
7690
1205
7690
1205
701
11383
10199
2691
2691
8498
8498
2691
4633
8498
8498
4633
4633
8498
1205
4633
4633
7690
1205
8260
7690
7690
1205
8260
7690
2854
2854
8260
701
2854
701
11383
10199
11383
11383
13857
10199
2691
2691
2691
8498
8498
8498
2691
2691
4633
8498
7690
1205
2691
4633
4633
7690
2854
2854
4633
8260
7690
2854
2854
2854
8260
8260
701
2854
2854
12467
701
701
701
11383
10199
11383
11383
13857
4662
12559
11383
11383
13857
5824
4662
2691
2691
2691
2691
8498
2854
2854
2854
2691
2691
2691
4633
2854
2854
2854
2854
2691
2691
8260
701
2854
2854
2854
6756
12467
701
701
5813
12467
701
701
701
2132
4662
11383
2132
5824
4662
11383
11383
2132
5824
5824
6378
12559
12559
11383
2132
5824
6378
6378
6378
2691
2691
2691
2691
701
2854
2854
2854
2854
11687
11687
6756
701
701
5813
5813
6756
6756
701
701
701
6756
701
701
701
2132
4662
2132
2132
5824
4662
2132
2132
2132
5824
6378
6378
10179
2132
2132
2132
6378
6378
6378
10179
10179
10179
2171
6875
12652
12652
10179
10179
10179
1699
1699
701
5813
11687
6756
1699
1699
701
6756
1699
1699
1699
2132
4662
2132
2132
5824
6378
2132
2132
2132
6378
6378
10761
14060
6875
6875
12652
10179
10761
2171
6875
6875
10179
10179
2171
2171
2171
10179
10179
1699
1699
1699
6756
1699
1699
1699
2132
4662
2132
2132
6378
14060
6875
6875
14060
6875
6875
10761
2171
6875
10761
2171
2171
10179
2171
2171
10179
1699
1699
1699
2132
6875
6875
6875
2171
2171
2171
2171
1699
4510
5973
11067
11067
11067
11067
11067
11067
2586
4808
2586
4808
2586
4808
2586
4808
1325
5973
5973
4510
4510
5973
5973
8057
11067
11067
11067
11924
11067
11067
4808
11924
2586
4808
4808
2586
2586
4808
4808
2586
2586
4808
7640
1325
1325
10992
1325
991
5973
5973
4510
5973
5973
5973
4510
4510
4510
5973
5973
5973
8057
8057
11067
11067
4808
4808
8057
11924
2586
4808
4808
7640
2586
2586
2586
4808
13295
7640
1325
1325
1325
10992
10992
1325
1325
4363
991
1325
1262
5973
5973
10137
5973
5973
3063
4510
4510
5973
5973
3063
3063
4510
4510
4510
4510
5973
3063
3209
3209
8057
8057
8057
2586
4808
13295
13295
7640
8057
1325
1325
1325
10992
10992
10992
1325
1325
1325
4363
10992
991
1325
1325
4363
991
1325
1262
3063
3063
10137
3063
3063
3063
4510
10137
3063
3063
3063
3209
4510
4510
4510
3063
3063
3209
3209
3209
4510
4510
4510
4510
1003
3209
3209
3209
3209
8096
8096
4802
1003
4363
10992
10992
991
4802
4802
1003
4363
4363
991
4802
1003
4363
1262
1003
1262
3063
3063
9061
3063
3063
3063
9061
9061
3063
3063
3209
3209
4510
2074
9061
3063
3209
3209
3209
10295
10295
2074
2074
12197
13067
13067
6901
8096
8096
8096
1003
1003
1003
10992
991
8096
4802
1003
1003
1003
991
4802
1003
1003
1003
1003
1003
3063
3063
9061
3063
3063
3209
9061
9061
3063
3209
3209
2074
10505
10505
12197
13067
6901
2074
2074
2074
12197
12197
6901
10295
2074
2074
5119
5119
6901
8096
8096
1003
1003
1003
1003
4802
1003
1003
1003
1003
1003
3063
3063
9061
3063
3209
10505
10505
12197
6901
10505
10505
12197
6901
2074
2074
12197
12197
2074
2074
5119
3992
2074
2074
5119
3992
8096
1003
1003
1003
1003
1003
3063
10505
6901
10505
12197
10505
12197
2074
12197
2074
3992
2074
3992
2074
3992
1003
1003
3083
3083
12952
13961
12952
13961
12952
13961
6051
6051
6051
6051
6051
6051
6051
6051
3828
7954
3083
3083
6380
3083
3083
3083
8160
12952
14048
13961
12952
12952
14048
6051
12952
6051
6051
6051
7623
6051
6051
6051
7623
6051
6051
12145
3828
3828
13718
7954
3828
7875
3083
3083
4864
3083
3083
3083
6380
6380
3083
3083
3083
3083
8160
8160
12952
14048
6051
6051
8160
12952
6051
6051
6051
12145
7623
7623
6051
6051
14346
12145
3828
3828
3828
13718
13718
7954
3828
3828
9311
7954
3828
7875
3083
3083
4864
3083
3083
3083
6380
4864
3083
3083
3083
11127
6380
6380
6380
3083
3083
3083
13136
12145
8160
8160
8160
6051
6051
14346
14346
12145
8160
3828
3828
3828
13718
13718
13718
7954
3828
3828
3828
9311
13718
7954
3828
3828
9311
7875
3828
7875
3083
11127
4864
3083
11127
11127
4864
4864
3083
11127
11127
12732
6380
6380
4864
3083
11127
13136
13136
12732
2485
2485
2485
2485
2485
11273
11273
11273
11273
5716
14081
14081
12846
3828
9311
13718
13718
7954
12846
12846
3828
9311
9311
7954
12846
3828
9311
7875
3828
7875
11127
11127
12697
11127
11127
11127
4864
12697
11127
11127
13136
12732
2485
2485
9516
9516
11273
11273
11273
5716
2485
2485
2485
6771
11273
11273
11273
11273
2485
2485
2485
2485
8307
8307
11273
7954
14081
12846
10196
10196
9311
7875
12846
10196
10196
953
10196
953
11127
11127
12697
11127
11127
12732
9516
9516
9516
11273
11273
5716
6771
9516
9516
11273
11273
11273
2485
6771
6771
14385
11273
11273
2485
2485
6771
8307
8307
8163
2485
2485
2485
8307
8307
953
12846
10196
10196
953
10196
953
11127
11127
9516
9516
11273
5716
9516
9516
11273
11273
9516
9516
14385
8163
6771
6771
14385
8163
6771
6771
8307
3330
2485
6771
8307
3330
2485
2485
8307
953
10196
953
9516
5716
9516
8163
9516
8163
9516
8163
6771
8163
6771
3330
6771
3330
6771
3330
2485
953
8989
1327
11541
5630
11541
5630
11541
5630
5732
5732
5732
5732
5732
5732
5732
5624
5624
8989
10199
8989
11791
1327
10682
11541
14178
1327
11541
11541
14178
5630
11541
5732
5823
5630
5732
5732
5823
5732
5732
5732
5823
5624
5624
5624
7640
5624
5624
8989
8989
8989
11791
10199
10199
8989
11791
11791
1327
10682
10682
11541
14178
5823
1327
10682
11541
5732
5823
5823
1327
5732
5732
5732
5823
7640
5624
5624
5624
5624
7640
7640
5624
5624
5624
9275
5624
5624
8989
8989
8989
11791
10199
8989
8989
11791
10246
10199
10199
10199
8989
11791
5823
6293
1327
10682
10682
10682
5732
5823
7640
7640
1327
4238
4238
5624
5624
7640
7640
7640
4238
5624
5624
5624
9275
9275
5624
5624
5624
13340
5624
5624
1205
8989
1205
10246
8989
8989
1205
10246
6293
10199
10199
8989
1205
6293
6293
6293
4238
4238
4238
4238
1205
1618
1618
1618
1618
4238
4238
4238
4238
5624
9275
9275
9275
4238
4238
12997
5624
13340
9275
12997
12997
5624
13340
12997
5624
1205
1205
1205
10246
1205
1205
1205
6293
6293
4662
1205
1205
1205
1618
1618
1618
4662
4662
4662
1324
1324
1618
1618
4238
4238
4238
4238
8625
1324
1618
4238
4238
4238
10550
10550
10550
4238
12997
10550
10550
12997
10550
1205
1205
1205
6293
1205
1205
1205
1618
1618
5931
5931
1324
1324
1618
4662
14046
1324
1324
1324
4662
4662
8625
8625
1324
4238
4238
4238
8625
8625
4238
4238
10550
10550
12997
10550
1205
1205
1205
1618
5931
1324
1324
5931
1324
1324
14046
1324
1324
14046
8625
8625
4662
8625
8625
4238
4238
8625
4238
10550
1205
1324
1324
1324
1324
8625
8625
8625
4238
1327
5630
5630
5630
3716
3716
3716
3716
3080
12783
1327
1327
6866
1327
5630
6866
5630
5630
6866
5630
3716
3716
10479
3716
3716
10479
3716
3716
10465
3080
7658
3080
3080
12783
7988
12783
12783
1327
1327
1327
6866
6866
1327
1327
5630
6866
3716
1327
5630
3716
3716
3716
5630
10479
3716
3716
10292
10465
10465
3080
7658
7658
10465
3080
3080
7658
3080
3080
12783
13961
12783
12783
7988
7988
12783
12783
4236
1327
1327
1327
1327
6866
3716
10292
1327
1327
1327
3716
3716
10292
10292
1327
1327
10465
3080
7658
7658
7658
10465
10465
3080
3080
7658
7658
10465
3080
3080
3080
3080
3080
4236
13961
4236
4236
7988
13961
4236
4236
4236
7988
7988
7988
4236
4236
14348
14348
1327
1327
1327
1327
1327
7658
7658
7658
7658
9031
9031
9031
3080
3080
7658
7658
7658
9031
13809
3080
3080
3080
7658
13809
3080
3080
3080
3080
3080
4236
8517
4236
4236
8517
8517
4236
4236
14348
7988
7988
8517
4236
8161
8161
8161
14287
14287
12732
10375
8161
8161
8161
8161
9031
9031
9031
9031
10375
3080
7658
7658
9031
9031
10399
10399
3080
3080
13809
10399
10399
3080
10399
10399
4236
8517
4236
4236
8517
8517
4236
8161
8161
12145
12145
12145
8161
8161
8161
12732
12732
10375
13735
8161
8161
14287
12732
10375
10375
10375
8161
9031
9031
9031
10375
10375
10375
9031
10399
10399
10399
10399
10399
4236
8517
4236
8161
12145
12145
8161
8161
12145
12145
13735
8161
12732
10375
13735
8952
12732
10375
10375
8952
12732
10375
10375
10375
9031
9031
10375
10375
10399
10399
4236
12145
8161
12145
8952
12145
8952
10375
8952
10375
10375
10375
10375
10375
10375
9031
10375
3097
3359
3359
3359
3359
3359
3359
3359
3359
1798
1798
1798
1798
1798
1798
1798
1798
172
344
3435
4769
3097
3435
3359
4769
7286
3359
3359
8811
3359
3359
3359
8811
3359
3359
1798
13075
1798
1798
1798
13075
1798
1798
1798
172
1798
1798
172
172
5745
5745
510
344
3931
4769
3435
3435
4769
4769
3097
3435
3435
3359
4769
4769
7286
7352
3359
3359
8811
8811
7286
3359
3359
1798
13075
172
3359
1798
1798
1798
172
172
1798
1798
1798
172
172
172
5745
5745
5745
3929
510
5745
5745
6704
344
3931
4769
3435
13601
4769
4769
3435
3435
3435
4769
4769
4769
3097
3435
3435
3435
3359
4769
172
172
7286
7352
7352
3359
1798
172
172
172
7286
7352
582
1798
172
172
172
172
582
582
5745
5745
3929
3929
510
582
5745
5745
10608
510
5745
5745
6704
344
3931
4769
3931
13601
4769
6340
3435
3435
13601
4769
6340
2261
3435
3435
3435
3435
4769
2261
2261
2261
3097
3435
3435
3435
3435
172
172
172
172
172
8230
8230
8230
582
582
3929
3929
3929
510
8230
582
582
582
10608
3929
510
582
582
582
10608
6704
582
582
6704
344
3525
6340
3525
10562
6340
6340
3435
10562
10562
6340
2261
2261
3435
3435
3435
10562
2261
2261
2261
2261
5727
5727
5727
4174
4174
12116
12116
12116
3361
4681
5727
5727
5727
582
11857
3929
3929
510
8230
8230
582
582
14368
10608
510
582
582
582
14368
1596
582
582
1596
582
3525
6340
3525
10562
6340
2261
3525
10562
10562
2261
2261
2261
4174
4174
11500
11500
12116
12116
3361
5727
4174
4174
4174
12255
12116
3361
5727
5727
4174
4174
11857
11857
2877
4681
5727
5727
582
11857
11857
1596
8230
582
582
14368
1596
582
582
1596
582
3525
6340
3525
10562
2261
2261
10384
11500
11500
12116
3361
4174
11500
11500
12255
2877
4174
4174
4174
12255
2877
4174
4174
4174
11857
2877
5727
4174
4174
11857
4771
4681
5727
582
11857
1596
582
582
1596
582
3525
2261
10384
11500
2877
10384
11500
2877
10384
11500
2877
4174
4174
2877
4174
4174
4771
4174
4174
4771
4174
4174
4771
4681
582
1596
582
2877
2877
2877
2877
1824
1824
1824
1824
1824
3097
2538
4309
2538
4309
2538
4309
2538
4309
4962
4447
4962
4447
4962
4447
637
217
3931
3097
3097
9032
3097
3097
4309
9032
2538
4309
4309
9032
2538
4309
4309
4447
2538
12686
4447
4447
4962
12686
4447
2763
637
1832
217
2763
637
217
217
3931
3931
3931
12615
3097
3097
3097
9032
9032
3097
3097
3097
4309
9032
4447
3097
3097
4309
4309
4447
2763
2538
4309
12686
4447
2763
2763
637
1832
1832
217
2763
2763
637
1832
217
217
6123
637
217
217
3931
3931
3931
12615
7363
3931
3931
12615
8354
3097
3097
3097
3097
9032
2763
2763
3097
3097
3097
3097
4309
2763
2763
2763
3097
3097
1832
1832
217
2763
2763
2763
6068
1832
1832
217
217
9464
6123
637
1832
217
217
217
637
217
217
3525
3931
3525
8354
3931
3931
3525
8354
8354
7363
7363
3931
3525
8354
12851
12851
3097
3097
3097
3097
217
2763
2763
2763
2763
7720
9710
9710
6422
217
217
9464
9464
6123
7720
6422
6422
217
217
217
6123
6068
6422
217
217
217
6068
217
217
3525
3525
3525
8354
3525
3525
3525
8354
12851
7363
3525
3525
3525
10221
10221
10221
12668
12668
11700
4376
6819
10221
10221
9167
9710
9710
9710
2729
2729
217
9464
6123
7720
9710
6422
2729
2729
217
217
6068
6422
2729
2729
217
6068
2729
2729
3525
3525
3525
8354
3525
3525
3525
10221
10221
10384
10384
6819
6819
10221
9167
11700
11700
4376
6819
6819
9167
12668
11700
4376
4376
4376
6819
9710
9710
2729
2729
2729
2729
7720
6422
2729
2729
2729
6068
2729
2729
3525
3525
3525
10221
10384
6819
6819
9167
10384
6819
6819
6819
11700
4376
6819
6819
11700
4376
4376
4376
11700
4376
4376
4376
9710
2729
2729
2729
6068
2729
2729
3525
6819
6819
6819
6819
6819
6819
4376
6819
4376
4376
4376
4376
4376
4376
2729
2729
2538
2538
2538
2538
2538
4962
4962
4962
637
4172
4172
7959
2538
11112
2538
2538
12723
2538
2538
12723
2538
2538
8249
4962
4962
8249
4962
4962
4377
637
637
4377
637
4172
4172
7959
4172
4172
11112
7959
7959
2538
11112
11112
10746
2538
2538
12723
8249
2538
2538
2538
8249
4377
2538
4962
4962
4377
4377
637
637
637
4377
4377
637
637
10745
637
4172
4172
4172
4172
4172
11112
7959
7959
4172
4172
11112
8763
7959
7959
7959
2538
11112
3831
3831
10746
10746
2538
2538
4377
4377
4377
7720
637
637
637
4377
4377
4377
637
637
637
10745
10745
637
637
11549
637
4172
4172
4172
4172
4172
8763
7959
4172
4172
4172
8763
3831
7959
7959
7959
4172
4172
3831
3831
3831
5137
5137
5137
5137
637
3831
3831
3831
3831
7720
7720
6068
637
10745
10745
10745
6068
6068
637
11549
10745
6068
637
11549
637
9931
8763
4172
10281
8763
8763
4172
4172
10281
8763
3831
3831
5137
5137
4172
10281
3094
3831
3831
3831
5137
5137
5137
5137
2737
3094
6918
6918
5137
5137
5137
2737
2737
2737
6918
7720
6068
2921
2921
2921
6068
2921
2921
2921
9931
8763
9931
10281
8763
3831
640
10281
10281
3094
3831
3831
3924
11430
12647
3094
3094
6918
5137
5137
11430
2737
3094
3094
5137
5137
5137
2737
2737
2737
5137
5137
2737
2737
2737
6068
2921
2921
2921
9931
8763
640
10281
3094
3831
640
12647
3094
3094
640
12647
3094
3094
3924
11430
2737
3094
3924
11430
2737
2737
5137
5137
2737
2737
5137
2737
2737
2921
640
3094
640
3094
640
3094
640
3094
3924
2737
3924
2737
3924
2737
3924
2737
2737
853
853
853
853
853
1406
1406
1406
1406
3899
5949
3899
6468
5949
4923
6468
5949
4923
6468
5949
4923
1406
1406
1862
1406
1406
1862
1406
1406
1862
1406
1406
1862
1406
2630
980
9412
13361
3899
3899
6917
5949
3899
3899
6468
6917
5949
3899
6468
6468
6917
1406
4923
6468
1406
1406
1406
1862
1862
1406
1406
1406
1862
1862
1406
1406
4516
1862
1862
1406
2643
2630
7789
3777
2643
980
9412
13361
9412
9412
14105
13361
3899
3899
3899
6917
6917
5949
3899
3899
3899
6468
6917
1406
1406
3899
3899
6468
1406
1406
1406
4516
3899
1862
1862
1406
1406
4516
4516
1862
1862
1862
1406
2643
2643
2630
7789
12579
3777
2643
2643
7789
3777
3777
980
9412
13361
9412
9412
14105
8322
10643
9412
9412
14105
8322
1655
3899
3899
3899
3899
6917
1406
2922
1655
3899
3899
3899
3899
1406
1406
4516
4516
4516
3899
3899
1862
1862
1406
2643
2643
2643
2630
1600
12579
12579
3777
2643
2643
2643
1600
12579
3777
3777
2643
7789
3777
3777
980
8322
8322
9412
8322
8322
8322
9412
9412
8322
8322
2922
1655
10643
10643
9412
8322
2922
2922
2922
1655
3899
3899
3899
3899
640
2643
2643
2643
2643
1655
4681
4681
4681
4681
3777
2643
2643
2643
2643
4681
4681
13481
3777
3777
2643
2643
1600
13481
3777
3777
3777
1600
3777
3777
980
8322
8322
9931
8322
8322
1655
9412
9931
8322
2922
2922
1655
8341
640
640
640
2922
2922
2922
1655
8341
8341
3924
640
11854
11854
11854
5339
4681
4681
4681
3924
9712
2643
2643
2643
4681
4681
4681
9712
9712
3777
2643
1600
13481
9712
9712
3777
1600
9712
6920
1600
8322
8322
9931
8322
2922
1655
640
640
640
2922
2922
1655
640
640
640
11854
11854
5339
3924
3924
640
13003
11854
5339
8341
3924
3924
9946
9946
1729
4681
4681
3924
9712
9712
1968
4681
4681
9712
9712
6920
1600
9712
6920
1600
8322
1655
640
640
2922
1655
640
640
11854
5339
640
640
13003
1729
3924
640
13003
1729
3924
3924
9946
1729
3924
3924
9946
1968
4681
3924
9712
1968
1600
9712
6920
1600
640
1655
640
1729
640
1729
640
1729
640
1729
3924
1968
3924
1968
3924
1968
3924
1968
1600
1344
853
2950
853
2950
853
2950
853
2950
4847
3507
4847
3507
4847
3507
1918
715
1344
1344
7286
1344
1344
853
4923
2950
2950
853
4923
2950
2950
853
4923
2950
8228
4847
3507
3507
8228
1918
3507
3507
8228
1918
3507
715
715
7789
715
1344
1344
7286
1344
1344
1344
7286
7286
1344
1344
1344
853
13507
4923
2950
2950
2950
1918
4923
4923
2950
8228
8228
1918
3507
3507
3507
8228
13362
1918
3507
3507
715
715
715
7789
7789
715
715
7789
7287
1344
1344
11428
1344
1344
1344
7286
7286
1344
1344
1344
1414
7286
7286
7286
1344
1344
1344
9296
1918
13507
13507
4923
2950
8228
13362
13362
1918
8324
1600
3507
715
715
715
715
1600
7789
7789
715
715
715
7789
7789
8206
715
7789
7287
1344
1414
11428
1344
1414
1414
7286
11428
1344
1414
1414
8597
7286
7286
7286
1344
1414
9296
9296
8597
7286
7286
7286
7286
715
715
715
715
715
8324
8324
1600
1600
715
715
715
715
1600
1600
1600
8206
715
715
1600
1600
8206
7287
1600
7287
1414
1414
12781
1414
1414
1414
11428
12781
1414
1414
9296
8597
7286
4310
12051
1414
4322
4322
4322
10380
10380
4310
2542
2542
4322
4322
4322
8324
8324
8324
1600
9051
715
715
715
8324
1600
1600
12714
8206
715
1600
1600
12714
3921
1600
3921
1414
1414
12781
1414
1414
8597
12051
12051
1414
4322
4322
4310
12051
2542
2542
4322
4322
4310
4310
2542
2542
2542
4322
10380
4310
4310
9051
2542
2542
8324
8324
1600
9051
9051
3921
1600
1600
12714
3921
1600
3921
1414
1414
12051
1414
4322
12051
2542
2542
4322
12051
2542
2542
2542
4310
2542
2542
2542
4310
4310
9051
2542
4310
4310
9051
8196
8324
1600
9051
3921
1600
3921
1414
2542
2542
2542
2542
2542
2542
2542
2542
4310
8196
4310
8196
4310
8196
1600
3921
3218
3218
3218
3218
3218
3218
3218
3218
1869
4481
1869
4481
1869
4481
1869
1342
1869
1342
11558
4573
3218
5949
4573
3218
3218
5949
3218
3218
3218
5949
3218
3218
1869
1869
3218
7015
1869
1869
4481
7015
1869
1869
1342
7015
1869
5031
1342
3509
3509
1342
11558
6905
11558
13361
4573
4573
3218
5949
5949
4573
4573
3218
3218
5949
1869
4573
3218
3218
1869
1869
1869
3218
3218
7015
1869
1869
5031
1342
7015
7015
1869
5031
5031
1342
12966
3509
3509
6735
1342
3509
3509
1342
11558
11558
11558
13361
6905
6905
11558
13361
8728
4573
4573
4573
3218
5949
1655
1655
4573
4573
4573
3218
1869
1869
5031
5031
4573
4573
3218
7015
1869
5031
5031
5031
8225
12306
12966
3509
3509
6735
6735
1342
12966
3509
3509
3509
1342
3509
3509
1342
4133
11558
4133
8728
6905
11558
4133
8728
1655
6905
6905
6905
4133
1655
1655
1655
4573
4573
4573
4573
1655
1655
1655
1655
1655
8225
8225
8225
8225
3509
3509
6735
6735
6735
8225
8225
12306
3509
3509
3509
6735
9563
12306
3509
3509
3509
9563
3509
3509
1342
4133
4133
4133
8728
4133
4133
4133
1655
1655
6905
4133
4133
1655
1655
1655
1655
11461
11461
4513
2616
4112
11231
11231
1663
8225
8225
8225
2616
2616
2616
6735
1663
8225
8225
8225
5030
5030
3509
3509
8225
12306
5030
5030
3509
9563
5030
5030
2154
4133
4133
4133
1655
4133
4133
1655
1655
1655
4513
7919
4112
4112
11231
1663
4513
4513
2616
4112
4112
1663
11461
4513
2616
2616
2616
1663
8225
8225
2616
2616
2616
2616
8225
8225
5030
5030
5030
9563
5030
5030
2154
4133
4133
1655
1655
7919
4112
4112
1663
7919
4112
4112
1663
4513
2616
4112
4112
4513
2616
2616
2616
4513
2616
2616
2616
8225
2616
2616
2616
8225
5030
5030
2154
1655
4112
1663
4112
4112
4112
4112
2616
4112
2616
2616
2616
2616
2616
2616
2616
2616
2154
1919
2255
2255
2255
2255
2255
2255
2255
2255
3277
3277
3277
3277
3277
3277
2041
1342
2615
4514
1919
1919
2255
2255
10640
2255
2255
2255
10640
2255
2255
2255
10640
2255
3277
3277
4481
3277
3277
2041
4481
3277
3277
2041
1342
1342
13300
1342
2618
2615
4514
1919
2615
4514
4514
1919
1919
1919
2255
2255
2255
11588
10640
2255
2255
2255
2041
10640
10640
2255
3277
3277
2041
4481
4481
3277
3277
14193
2041
1342
1342
1342
13300
13300
1342
1342
10522
2618
1342
3357
2615
4514
2615
2615
4514
848
1919
1919
2615
4514
3890
848
1919
1919
1919
1919
2255
2255
6239
2041
11588
11588
10640
2255
3277
14193
14193
2041
9015
1342
1342
1342
13300
13300
13300
1342
1342
1342
10522
13300
2618
1342
1342
10522
2618
1342
3357
296
848
2615
296
3890
848
1919
2615
296
3890
3890
6239
1919
1919
1919
296
3890
6239
6239
6239
1919
1919
1919
1919
296
3215
3215
3215
3215
9015
9015
9015
1342
10522
13300
13300
2618
9015
9563
1342
10522
10522
2618
9563
1342
10522
3357
1342
3357
296
848
296
296
3890
848
296
296
296
3890
6239
6239
1919
296
296
296
3215
3215
3215
4072
4072
4072
2840
2840
3215
3215
3215
4072
4072
4072
4072
8142
2840
3215
2618
9015
9015
8142
8142
8142
2618
9563
8142
8142
2256
8142
2256
296
848
296
296
3890
6239
296
296
296
3215
3215
7507
10023
2840
2840
3215
3215
4072
7507
2840
2840
2840
3215
4072
4072
7507
10844
2840
2840
4072
4072
4072
8142
8142
2256
9015
8142
8142
2256
8142
2256
296
848
296
296
3215
10023
2840
2840
3215
10023
2840
2840
2840
7507
2840
2840
2840
7507
7507
10844
2840
4072
7507
10844
7497
4072
4072
8142
2256
8142
2256
296
2840
2840
2840
2840
2840
2840
2840
2840
7507
7497
7507
7497
7507
7497
4072
2256
853
853
853
853
853
4075
4075
4075
1918
5870
2839
853
2937
853
853
2937
853
853
2937
853
853
4075
4847
4075
4075
4847
4075
2041
1918
1918
2041
1918
5870
2839
5870
5870
2839
2839
853
2937
2937
11227
853
853
2937
2937
853
853
853
4075
2041
853
4847
4075
2041
2041
1918
1918
1918
2041
2041
1918
1918
9415
1918
5870
6472
5870
5870
2839
2839
5870
5870
848
2839
2839
2839
853
2937
848
2041
11227
11227
853
853
2041
2041
2041
11227
853
1918
1918
2041
2041
2041
1918
1918
1918
9415
12050
1918
1918
9415
1918
848
6472
848
848
2839
6472
848
848
848
2839
2839
2839
848
848
6913
6913
2839
2839
2839
2839
848
2041
2041
2041
2041
12595
12595
8597
1918
9415
12050
12050
8597
8597
1918
9415
9415
8597
1918
9415
1918
848
5533
848
848
5533
5533
848
848
6913
2839
2839
5533
848
4019
4019
4019
5033
5033
5033
1341
1341
4019
4019
5033
5033
5033
3564
3564
1341
4019
12595
8597
8597
9972
9415
8597
8597
9972
8597
848
5533
848
848
5533
5533
848
4019
4019
10523
10523
1341
1341
4019
5033
10768
1341
1341
1341
5033
5033
3564
3564
1341
5033
5033
3564
3564
3564
8597
8597
9972
8597
848
5533
848
4019
10523
1341
1341
10523
1341
1341
10768
1341
1341
10768
3564
3564
5033
3564
3564
5033
3564
3564
8597
848
1341
1341
1341
1341
3564
3564
3564
3564
5585
2513
5585
5585
5585
5585
5585
5585
3879
3879
3879
3879
3879
3879
3879
3879
3879
5053
6979
10238
5585
6979
2513
5585
5585
14123
2513
5585
5585
14123
5585
5585
3879
13575
3879
3879
3879
13575
3879
3879
3879
13332
3879
3879
3879
4794
7587
5053
4794
5053
6979
7275
6979
6979
10238
10238
5585
6979
6979
2513
11129
5585
5585
14123
13575
2513
5585
5585
3879
13575
13332
2513
3879
3879
3879
13332
13332
3879
3879
3879
3879
4794
4794
7587
12580
5053
4794
4794
7587
5053
5053
5053
6979
7275
6979
6979
10238
7275
6979
6979
6979
10238
10238
10238
5585
6979
3246
3246
2513
11129
11129
5585
3879
13332
13332
13332
2513
5400
3879
3879
3879
4794
4794
4794
3781
12580
12580
5053
4794
4794
4794
4429
12580
5053
5053
4794
7587
5053
5053
5053
6979
7275
6979
10794
7275
7275
6979
10794
3246
10238
10238
7275
6979
3246
3246
3246
1536
1536
1536
1536
400
3246
3246
3246
3246
3781
5400
5400
5400
5053
4794
4794
4794
4794
3781
5400
13506
5053
5053
4794
4794
4429
13506
5053
5053
5053
4429
5053
5053
3374
10794
12557
10794
10794
7275
12557
10794
3246
3246
1536
1536
2277
400
3246
3246
3246
1536
1536
1536
400
400
3421
3421
3421
1536
1536
1536
1536
4371
400
3421
3421
3781
5400
5400
5613
5613
5053
4794
3781
13506
5613
5613
5053
4429
5613
5613
3374
10794
12557
10794
3246
2277
2277
400
3246
3246
2277
2277
400
400
3421
3421
1536
3294
400
400
400
3421
1536
1536
3294
4371
400
400
1536
1536
1536
4371
4371
1469
3781
5400
5613
5613
5613
4429
5613
5613
3374
10794
2277
400
3246
2277
400
400
3421
2277
400
400
400
3294
400
400
400
3294
3294
4371
400
1536
3294
4371
1469
1536
1536
4371
1469
3781
5613
5613
3374
400
400
400
400
400
400
400
400
400
3294
1469
3294
1469
3294
1469
1536
1469
3374
2454
11471
11471
11471
2508
2508
2508
2508
551
2454
2513
2454
2454
12207
11471
11471
12465
11471
11471
12465
2508
3438
2508
2508
3438
2508
2508
551
2508
551
551
3409
1517
2454
2513
2454
2454
2513
2513
2454
2454
2454
12207
12207
11471
11471
3438
12207
12465
2508
3438
551
2508
2508
2508
551
551
2508
2508
551
551
551
12844
3409
3409
1517
3409
3409
2454
9874
2454
2454
2513
2513
2454
2454
2454
2513
2513
2513
2454
2454
551
551
12207
12207
12207
2508
551
551
551
7128
2508
2508
551
551
551
551
6836
12844
3409
3409
6092
1517
12844
3409
3409
1517
3409
3409
2454
9874
2454
12083
2513
9874
2454
12083
5516
2513
2513
2513
2454
5516
5516
5516
2513
2513
2513
2513
551
551
551
551
551
7128
7128
6836
3409
3409
6092
6092
1517
6836
6836
3409
3409
3409
1517
6836
3409
3409
3409
3409
3409
12083
13337
12083
12083
9874
13337
12083
5516
5516
2513
2513
7587
5516
5516
5516
5516
3781
3781
3781
4429
7957
7957
7957
7957
3781
3781
3781
3781
9517
3409
6092
1517
7128
6836
6836
9517
3409
1517
6836
6836
9517
3409
6836
6108
12083
13337
12083
5516
7587
7587
5516
5516
5516
4429
7587
7587
7957
7957
7957
3781
4429
4429
12038
7957
7957
3781
3781
4429
12836
12038
7435
3781
3781
3781
9517
9517
3374
6836
6836
9517
6108
6836
6108
12083
7587
5516
5516
7587
7587
7957
7957
7587
7587
12038
7435
4429
4429
12038
7435
4429
4429
12836
3374
3781
4429
12836
3374
3781
3781
9517
3374
6836
6108
5516
7587
7435
7587
7435
7587
7435
4429
7435
4429
3374
4429
3374
4429
3374
3781
3374
531
6283
7114
7114
7114
7114
7114
7114
7114
7567
7567
7567
7567
7567
7567
3946
3546
1423
531
6283
531
7512
6283
6283
7114
11996
6283
7114
7114
11996
7114
7114
7114
7727
7114
7567
7567
7727
7567
7567
7567
6122
3946
7567
3546
6122
3946
3546
534
1423
531
531
531
7512
6283
6283
531
7512
7512
6283
6283
6283
7114
11996
7727
6283
6283
7114
7114
7727
6122
6283
7114
7567
7567
6122
6122
3946
7567
7567
3546
6122
6122
3946
14182
3546
3546
534
3946
3546
3546
1423
531
531
531
7512
12504
531
531
7512
7512
6283
6283
6283
531
7512
645
645
6283
6283
6283
6283
7114
6122
6122
6122
6283
6283
6283
7567
3546
6122
6122
6122
4354
11003
14182
3546
3546
11047
534
3946
14182
3546
3546
534
3946
3546
3546
1423
531
531
531
11642
531
531
531
11642
645
12504
12504
531
531
645
645
645
6283
6283
6283
6283
261
645
645
645
645
7121
8271
8271
8271
2359
3546
11047
11047
534
7121
8271
11003
2359
3546
3546
534
4354
11003
2359
3546
3546
4354
2359
3546
1423
5383
5383
5383
11642
531
5383
5383
645
645
11967
531
5383
261
645
645
645
11967
11967
9921
261
261
10455
10455
1746
8271
8271
8271
2359
2359
261
10455
534
7121
8271
8271
2359
2359
2359
534
4354
11003
2359
2359
2359
4354
2359
2359
2281
5383
5383
5383
645
5383
5383
261
645
645
9921
10961
261
261
10455
1746
9921
9921
261
261
261
1746
11967
9921
3158
3158
261
261
8271
8271
2359
2359
2359
2359
7121
8271
2359
2359
2359
4354
2359
2359
2281
5383
5383
261
645
10961
261
261
1746
10961
261
261
261
9921
261
261
261
9921
3158
3158
261
9921
3158
3158
3158
8271
2359
2359
2359
4354
2359
2359
2281
261
261
261
261
261
261
261
261
261
3158
3158
3158
3158
3158
3158
2359
2359
2281
4331
5525
4331
8607
4331
8607
4331
8607
395
1112
395
1112
395
1112
395
1112
395
499
6823
5525
5187
4331
6823
5525
4331
4331
13616
8607
4331
4331
13616
1112
4331
395
8270
1112
395
395
8270
1112
395
395
8270
5421
395
395
5777
499
5384
499
6823
5525
13895
6823
6823
5525
5187
5187
4331
6823
6823
5525
5187
4331
4331
13616
8270
1112
4331
4331
395
8270
8270
5421
395
395
395
8270
11987
5421
395
395
395
5777
5777
499
12979
5384
5384
499
5384
5384
6823
5525
14144
6823
6823
5525
13895
13895
6823
6823
6823
1608
5187
5187
5187
4331
6823
2215
2215
1608
5187
5187
4331
395
8270
11987
11987
5421
5187
395
395
395
5777
5777
5777
499
11048
12979
5384
5384
5777
499
12979
5384
5384
499
5384
5384
6823
11422
14144
6823
11684
11422
13895
14144
6823
11684
2215
1608
13895
13895
13895
6823
2215
2215
2215
1608
5187
5187
5187
5187
395
1685
1685
1685
1685
499
5286
5286
5286
532
5384
5777
5777
499
5286
11048
532
5384
5384
499
11048
532
5384
5384
532
5384
8445
11422
8445
8445
11684
1608
8445
8445
8445
2215
2215
1608
7121
3946
3946
1685
1685
1685
1685
728
7121
7121
4354
3946
1685
1685
1685
1685
5286
5286
5286
532
532
532
1685
499
5286
5286
532
532
532
499
11048
532
532
532
532
532
8445
11422
8445
8445
2215
1608
3946
3946
1685
1685
1685
728
3946
3946
3946
1685
1685
1685
4354
4354
3946
12810
1685
1685
7121
4354
4354
10994
10994
1685
5286
5286
532
532
532
532
5286
532
532
532
532
532
8445
1608
3946
1685
1685
728
3946
3946
1685
1685
3946
3946
12810
1685
4354
3946
12810
4907
4354
4354
10994
2281
4354
4354
10994
2281
5286
532
532
532
532
532
1685
728
3946
1685
3946
4907
3946
4907
3946
4907
4354
2281
4354
2281
4354
2281
532
532
4344
1879
8607
1879
8607
1879
8607
1879
1112
2848
1112
2848
1112
2848
1112
2848
1112
3949
5525
4344
4344
5525
4344
4344
8607
8607
1879
11061
8607
8607
1879
11061
1112
1112
1879
4104
1112
1112
2848
4104
1112
1112
2848
4104
1112
5421
7336
4392
1038
3949
5525
10002
5525
5525
4344
4344
4344
5525
5525
4344
4344
4344
8607
8607
1112
4344
4344
11061
1112
1112
1112
1879
4104
4104
1112
1112
5421
2848
4104
4104
1112
5421
5421
7336
13967
4392
4392
1038
7336
4392
4392
3949
5525
10002
5525
5525
14169
10002
5525
5525
5525
4344
4344
4344
4344
5525
1112
1608
4344
4344
4344
4344
1112
1112
5421
5421
2968
2968
2968
4104
1112
5421
5421
5421
2968
11515
13967
4392
4392
7304
1038
5989
13967
4392
4392
1038
7336
4392
4392
3949
5525
10002
5525
11422
10002
10002
5525
11422
1608
14169
14169
10002
5525
1608
1608
1608
2968
2968
2968
2968
837
837
837
837
837
2968
2968
2968
2968
4392
4392
7304
7304
1038
2968
2968
11515
4392
4392
4392
1038
5989
11515
4392
4392
4392
5989
4392
4392
3949
9522
9522
9522
11422
9522
9522
9522
1608
1608
12531
5381
5381
837
837
837
837
12531
12531
12531
2415
837
837
837
837
2968
2968
2968
2968
7515
837
837
837
2968
2968
2968
7669
7669
4392
1038
2968
11515
7669
7669
4392
5989
7669
7669
5687
9522
9522
9522
1608
5381
5381
837
837
837
5381
5381
2415
837
837
837
12531
12696
2415
2415
837
837
12531
12531
7515
7515
2415
837
2968
2968
2968
7515
7515
7515
2968
2968
7669
7669
7669
5989
7669
7669
5687
9522
5381
837
837
5381
2415
837
837
5381
2415
2415
837
12696
2415
2415
2415
12696
7515
7515
2415
12531
7515
7515
7515
2968
2968
7515
7515
2968
7669
7669
5687
837
2415
837
2415
2415
2415
2415
2415
2415
7515
7515
7515
7515
7515
7515
2968
7515
5687
1808
1879
1879
1879
1879
2848
2848
2848
2848
11199
1808
1808
10691
1879
1879
10691
1879
1879
10691
1879
1879
10096
2848
2848
10096
2848
2848
8731
2848
2848
8731
7336
5059
11199
1808
11199
11199
1808
1808
1808
10691
10691
8040
1879
1879
10691
10096
1879
1879
1879
10096
8731
1879
2848
2848
8731
8731
2848
2848
2848
8731
8731
7336
7336
11882
5059
7336
5475
11199
12355
11199
11199
1808
1808
11199
11199
1874
1808
1808
1808
1808
10691
1874
8731
8040
8040
1879
1879
8731
8731
8731
8040
1879
2848
2848
8731
8731
8731
5989
7336
7336
11882
12269
5059
7336
7336
11882
5059
7336
5475
1874
12355
1874
1874
1808
12355
1874
1874
1874
1808
1808
1808
1874
1874
11893
11893
1808
1808
1808
1808
386
5495
5495
5495
5495
12854
12854
5989
5989
11882
12269
12269
5059
5989
5989
5989
11882
11882
5059
5989
5989
11882
5475
5989
5475
1874
2435
1874
1874
2435
2435
1874
1874
11893
1808
386
386
386
5495
5495
5495
10435
10435
4250
386
5041
5495
5495
5495
10435
10435
10435
4250
6521
5041
5495
5059
12854
5989
5989
10351
10351
5059
5989
5989
10351
5475
5989
5784
1874
2435
1874
1874
386
386
386
5495
5495
386
386
386
5041
5495
5495
4250
4250
386
5041
5041
5495
10435
4250
4250
6521
5041
1087
10435
10435
4250
6521
6521
5784
5989
5989
10351
5784
5989
5784
1874
386
386
5495
386
386
5041
5495
386
386
5041
1087
4250
386
5041
1087
4250
4250
6521
1087
4250
4250
6521
6521
10435
4250
6521
5784
5989
5784
386
386
1087
386
1087
386
1087
386
1087
4250
6521
4250
6521
4250
6521
4250
5784
6264
6264
6264
6264
4420
4420
4420
4420
4420
5234
6264
5234
6264
6264
8369
6264
6264
8369
6264
6264
8369
6264
11426
4420
8695
11426
4420
8695
11426
4420
8695
2847
4420
6275
1851
7157
10416
5234
5234
6264
6264
5234
5234
6264
6264
6264
5234
12376
6264
6264
6264
8369
12376
6264
13492
11426
4420
8695
8695
13492
2847
4420
8695
8695
8268
2847
4420
6275
6275
8268
6275
6275
7606
1851
7157
10416
6331
7157
10416
10416
5234
5234
5234
6264
6264
6264
5234
5234
5234
6264
6264
6264
2847
5234
5234
12376
6264
13492
8268
2847
5234
8695
8695
8695
8268
8268
2847
4420
6275
6275
6275
8268
8268
6275
6275
6275
7606
8288
6275
6275
7606
1851
7157
10416
7157
7157
10416
8390
6331
6331
7157
10416
9021
2951
5234
5234
5234
5234
6264
6264
8268
2847
5234
5234
5234
5234
6264
8268
8268
8268
2847
5234
5234
2070
6275
6275
8268
8268
8268
2070
2070
6275
6275
7606
8805
8288
2070
6275
6275
7606
7606
6275
6275
7606
1851
7157
8390
7157
7157
9021
8390
6331
7157
7157
9021
9021
2951
6331
6331
6331
7157
9021
11698
11698
2951
5234
5234
5234
5234
234
6219
6219
6219
6219
7251
8389
8389
2070
2070
7606
8805
8805
8288
7251
2070
2070
2070
7606
7606
8288
2070
2070
2070
7606
7606
2070
2070
7606
1155
7381
8390
7381
7381
9021
2951
7157
7381
7381
9021
11698
2951
6331
1060
7381
2090
6219
6219
6219
11425
11425
1060
234
2090
6219
6219
6219
8389
8389
8389
234
234
234
6219
6219
7251
8389
2070
2070
12264
7606
7606
2070
2070
2070
12264
4876
2070
2070
4876
1155
7381
8390
7381
7381
9021
2951
7381
7381
2090
6219
6219
1060
8368
2090
2090
6219
6219
1060
1060
234
2090
2090
6219
11425
1060
234
234
234
2090
8389
8389
234
234
234
234
7251
2070
2070
12264
4876
2070
2070
4876
1155
7381
2951
7381
2090
6219
8368
2090
2090
6219
8368
2090
2090
2090
1060
234
2090
2090
1060
234
234
234
1060
234
234
234
8389
234
234
234
2070
2070
4876
1155
2090
2090
2090
2090
2090
2090
2090
234
2090
234
234
234
234
234
234
234
234
1155
233
680
8369
11925
8369
11925
8369
11925
4420
8733
4420
8733
4420
8733
4420
8733
4420
236
233
680
5579
233
2275
680
5579
8369
13200
11925
8369
8369
13200
8733
8369
4420
10922
8733
4420
4420
10922
8733
4420
4420
8747
8747
4420
4420
8747
236
6953
236
233
680
233
233
2275
680
5579
5579
233
2275
2275
680
5579
5579
8369
13200
10922
8733
5579
8369
4420
10922
8747
8747
4420
4420
4420
8747
8747
8747
4420
4420
4420
8747
8747
236
12237
6953
6953
236
6953
6953
233
680
233
233
2275
680
13455
233
233
2275
2275
1141
5579
5579
5579
233
2275
1141
1141
1141
5579
5579
5579
4420
8747
8747
8747
8747
5579
4420
4420
4420
8747
8747
8747
236
5135
12237
6953
6953
9206
236
12237
6953
6953
236
6953
6953
233
6370
233
233
8134
6370
233
233
233
8134
1141
1141
13455
13455
233
233
1141
1141
1141
1141
4179
4179
4179
4179
233
1141
1141
1141
1141
236
7251
7251
5135
1155
6953
9206
9206
236
5135
5135
1155
6953
6953
236
5135
1155
6953
6953
1155
6953
2890
6370
2890
2890
8134
1141
233
2890
2890
1141
1141
1141
4179
233
2890
1141
1141
1141
1141
406
4179
4179
4179
6235
9971
9971
9971
2915
4179
4179
4179
1155
1155
1155
9206
236
7251
5135
1155
1155
1155
236
5135
1155
1155
1155
1155
1155
2890
6370
2890
2890
1141
1141
2890
2890
1141
1141
1141
406
6235
6849
6849
9971
9971
2915
4179
6235
6235
11715
9971
2915
4179
4179
6235
11852
11715
2915
4179
4179
1155
1155
1155
1155
5135
1155
1155
1155
1155
1155
2890
1141
2890
1141
1141
406
6849
6849
9971
2915
6849
6849
11715
2915
6235
6235
11715
5192
6235
6235
11852
5192
4179
6235
11852
7202
4179
1155
1155
1155
1155
1155
1141
406
6849
2915
6849
5192
6849
5192
6235
5192
6235
7202
6235
7202
6235
7202
1155
1155
2263
2263
2263
2263
1412
1412
1412
1412
1412
6398
6398
11724
9834
9834
11724
9834
9834
11724
9834
9834
11724
1412
1412
3520
1412
1412
3520
1412
1412
3520
1412
1412
3520
1412
6398
6398
11863
6398
6398
6398
12014
12014
9834
9834
9834
11724
12999
9834
9834
1412
11724
12999
1412
1412
1412
3520
14221
1412
1412
1412
3520
14221
1412
1412
8602
3520
8400
1412
4327
8400
4562
6398
6398
11863
6398
6398
6398
11863
11863
6398
6398
6398
6398
12014
12014
12014
9834
9834
1412
1412
12014
12014
12999
1412
1412
1412
8602
11724
12999
14221
1412
1412
12182
8602
3520
8400
8400
1412
4327
4327
8400
8400
4562
4327
8400
4562
6398
6398
12267
6398
6398
6398
11863
11863
6398
6398
6398
1111
11863
11863
11863
6398
6398
1412
2885
1111
12014
12014
12014
12014
1412
1412
12182
12182
8602
5328
5328
1408
8400
1412
4327
4327
4327
1408
1408
8400
4562
4327
4327
1408
8400
4562
4562
8400
4562
6398
10232
12267
6398
10799
10232
11863
12267
6398
10799
2885
1111
11863
11863
11863
6398
2885
2885
2885
1111
5328
5328
5328
5328
1408
1956
1956
1956
1956
5328
5328
5328
1408
1408
4327
4327
4327
5328
1408
1408
1408
4562
4327
1408
1408
1408
4562
1408
1408
10799
10232
11426
10799
10799
1111
11426
11426
10799
2885
2885
1111
8390
2847
2847
1956
1956
1956
1956
8390
8390
2951
2847
1956
1956
1956
5328
5328
5328
1408
7011
1956
1956
5328
5328
1408
1408
12897
4562
1408
1408
1408
12897
1408
1408
10799
10232
11426
10799
2885
1111
2847
2847
1956
1956
1956
2847
2847
2847
1956
1956
2951
2951
2847
13342
1956
8390
2951
2951
7011
7011
5328
5328
1408
7011
7011
5328
1408
1408
12897
1408
1408
10799
1111
2847
1956
1956
2847
2847
1956
2847
2847
13342
2951
2847
13342
2951
2951
7011
2951
2951
7011
5328
1408
7011
1408
1408
1956
2847
2847
2847
2847
2951
2951
2951
1408
7010
6668
7010
9838
7010
9838
7010
9838
5325
4898
5325
4898
5325
4898
5325
4898
3047
11724
6668
11375
7010
9838
6668
7010
7010
9838
9838
7010
7010
9838
4898
7010
5325
5325
4898
8483
5325
5325
4898
8483
5325
5325
10423
8483
3047
9822
3047
11724
6668
11724
11724
12568
6668
11375
11375
7010
9838
9838
6668
11375
7010
7010
9838
5325
4898
7010
7010
5325
5325
5325
10423
7010
8483
5325
5325
10423
10423
8483
8483
3047
9822
9822
12640
3047
3047
3047
11724
6668
11724
11724
12568
6668
14163
11724
11724
12568
12222
7408
11375
11375
11375
7010
9838
5325
10423
9962
11375
11375
7010
5325
5325
10423
10423
10423
5573
5219
8483
3047
9822
9822
9822
5219
12640
3047
3047
9822
12640
3047
3047
3047
3520
7408
11724
3520
12222
7408
11724
11724
3520
12222
10707
9962
14163
14163
11724
3520
10707
10707
10707
9962
5573
5573
5573
5573
509
5358
5358
5358
5358
5573
5573
5219
3047
3047
9822
9822
5219
5219
3047
3047
3047
5219
3047
3047
3047
3520
7408
3520
3520
12222
7408
3520
3520
3520
10707
10707
9962
9564
3520
3520
3520
5358
5358
5358
9564
9564
6333
509
5240
5358
5358
5573
5573
5573
509
509
509
5358
5573
5219
5219
8851
3047
5219
5219
8851
5219
3520
7408
3520
3520
10707
9962
3520
3520
3520
5358
5358
6333
8905
5240
5240
5358
6333
6333
509
5240
5240
9564
6333
509
509
509
5573
5573
509
509
509
5219
5219
8851
5219
3520
7408
3520
3520
5358
8905
5240
5240
8905
5240
5240
6333
509
5240
6333
509
509
6333
509
509
5573
509
509
5219
3520
5240
5240
5240
509
509
509
509
509
680
6282
6282
6282
6282
6282
6282
6282
2991
2991
2991
2991
2991
2991
2991
2991
2273
11081
11081
680
680
6282
6282
7541
6282
6282
6282
12238
6282
6282
2991
12238
2991
2991
2991
12543
2991
2991
2991
12543
2991
2991
6923
11604
2273
8783
2273
1174
11081
11081
680
11081
11081
11081
680
680
680
6282
6282
6282
7541
7541
6282
6282
2991
2991
7541
12238
2991
2991
2991
6923
12238
12543
2991
2991
12941
6923
11604
11604
2273
8783
8783
11604
2273
2273
8783
2273
1174
11081
11081
11925
11081
11081
8595
680
680
11081
11081
11081
5581
680
680
680
680
6282
2991
12941
5581
7541
7541
7541
2991
2991
12941
12941
6923
6058
4534
11604
2273
8783
8783
8783
4534
11604
2273
2273
8783
8783
11604
2273
2273
1174
2273
1174
8733
8595
11925
8733
13380
8595
680
11925
8733
13380
13380
5581
680
680
680
8733
13380
13974
13974
5581
680
680
680
680
406
7342
7342
7342
7342
6058
6058
4534
2273
2273
8783
8783
8783
4534
4534
2273
2273
2273
8783
4534
2273
2273
1174
2273
1174
8733
8595
8733
8733
13380
5581
8733
8733
8733
13380
13974
5581
680
680
8733
4434
7342
7342
7342
6370
6370
3180
406
4434
7342
7342
7342
6058
6058
6058
406
406
406
7342
7342
6058
4534
4534
12076
2273
1174
4534
4534
12076
1174
4534
8870
8733
8595
8733
8733
13380
5581
8733
8733
4434
7342
7342
3180
11179
4434
4434
7342
7342
3180
3180
406
4434
4434
7342
6370
3180
406
406
406
4434
6058
6058
406
406
406
406
4534
4534
12076
8870
4534
8870
8733
5581
8733
4434
7342
11179
4434
4434
7342
11179
4434
4434
4434
3180
406
4434
4434
3180
406
406
406
3180
406
406
406
6058
406
406
406
4534
8870
4434
4434
4434
4434
4434
4434
4434
406
4434
406
406
406
406
406
406
406
406
5252
5252
6433
6433
6433
6433
6433
6433
6433
12957
12957
12957
12957
12957
12957
3220
4937
5252
5252
10709
5252
5252
5252
12232
6433
6433
6433
12232
6433
6433
6433
12232
6433
12957
12957
12989
12957
12957
3220
12989
12957
6946
3220
6923
4937
4937
6923
5252
5252
10709
5252
5252
5252
10709
10709
5252
5252
5252
5252
14179
12232
6433
6433
6433
3220
12232
12232
6433
12957
6946
3220
12232
12989
12957
6946
6946
3220
6923
6923
4937
4937
4937
6923
6923
4937
6923
5252
5252
12898
5252
5252
4654
10709
10709
5252
5252
4654
4654
10709
10709
10709
5252
5252
4654
6946
3220
14179
14179
12232
6433
6946
6946
6946
3220
8595
5581
6923
4937
4937
4937
4937
5581
6923
6923
4937
4937
6923
6923
9842
6923
4654
4654
12898
4654
4654
4654
10709
12898
4654
4654
4654
11017
10709
10709
10709
4654
4654
14272
14272
11017
8595
8595
8595
8595
1111
4937
4937
4937
4937
8595
8595
5581
5581
4937
4937
4937
5581
5581
5581
9842
4937
5581
5581
9842
5581
4654
4654
10526
4654
4654
4654
10526
10526
4654
4654
14272
11017
10232
1111
8602
4654
6280
6280
6280
10232
10232
1111
1111
6280
6280
6280
8595
8595
8595
1111
2873
2873
4937
8595
5581
5581
11864
9842
5581
5581
11864
5581
4654
4654
10526
4654
4654
11017
8602
8602
4654
6280
6280
1111
8602
8602
6280
6280
1111
1111
1111
8689
6280
10232
1111
1111
2873
2873
8595
8595
1111
2873
2873
5581
5581
11864
5581
4654
4654
8602
4654
6280
8602
8602
6280
8602
8602
8689
1111
1111
8689
1111
1111
2873
1111
1111
2873
8595
1111
2873
5581
4654
8602
8602
8602
1111
1111
1111
1111
1111
2263
3685
3685
3685
3685
8614
8614
8614
3220
2263
6606
2263
2263
3685
13636
3685
3685
13788
3685
3685
13788
3685
8614
13155
8614
8614
13155
8614
6366
3220
3220
6366
3220
4333
6606
6606
2263
2263
6606
12065
2263
2263
2263
3685
3685
13636
13636
3685
3685
3685
13636
13788
3685
8614
6366
13155
13155
8614
6366
6366
3220
3220
3220
6366
6366
3220
3220
6942
8977
3220
4333
6606
6606
2263
6606
6606
12065
2263
2263
2263
6606
12065
12065
2263
2263
2263
2263
3685
3685
6366
13636
13636
13636
3685
6366
6366
6366
13560
3220
3220
3220
6366
6366
6366
3220
3220
3220
6942
14180
8977
3220
3220
6942
4333
3220
4333
6606
1906
6606
6606
1906
14350
2263
2263
6606
1906
14350
10104
2263
2263
2263
2263
1906
10104
10104
10104
2263
2263
2263
2263
1906
6366
6366
6366
6366
13560
13560
11017
3220
6942
14180
14180
8977
11017
11017
3220
6942
6942
8977
11017
3220
6942
4333
3220
4333
1906
1906
1906
1906
1906
14350
2263
1906
1906
1906
10104
10104
2263
2263
1906
1906
1906
10104
10104
10104
9430
9430
9430
9430
4609
4609
11988
11988
10470
9430
9430
9430
9430
11609
4609
11988
8977
13560
11017
11017
13010
6942
4333
11017
11017
13010
3288
11017
3288
1906
1906
1906
1906
1906
10104
1906
1906
1906
1906
10104
10104
9430
11838
11838
4609
4609
11988
10470
9430
9430
14399
4609
4609
4609
10470
9430
9430
9430
11609
11609
4609
4609
9430
9430
9430
11609
11609
3288
11017
11017
13010
3288
11017
3288
1906
1906
1906
1906
1906
10104
5465
11838
4609
4609
10470
5465
11838
4609
4609
4609
11071
14399
4609
4609
4609
9430
14399
11609
11609
4609
9430
9430
11609
11609
10056
9430
9430
11609
3288
11017
3288
1906
1906
5465
4609
4609
5465
4609
4609
5465
4609
4609
11071
4609
4609
11071
11609
10056
11071
11609
10056
9430
11609
10056
9430
3288
4609
4609
4609
4609
3049
3049
3049
3049
3049
3046
5254
5254
5254
2306
2306
2306
2306
2306
3046
6668
3046
3046
6668
5254
5254
11697
5254
5254
11697
2306
2306
4898
2306
2306
4898
2306
2306
4898
2306
7486
8959
3600
3046
8113
3046
3046
6668
6668
3046
3046
3046
6668
6668
5254
5254
2306
6668
11697
2306
2306
2306
4898
4898
2306
2306
12039
4898
4898
2306
7486
7486
13552
8959
7486
7486
8959
3600
3046
13741
3046
3046
8113
8113
3046
3046
3046
6668
6668
6668
3046
3046
2306
11635
6668
6668
6668
2306
2306
12039
12039
6668
4898
4898
2306
7486
7486
7486
9962
13552
8959
7486
7486
7486
13552
8959
8959
3600
8959
3600
3046
13741
3046
12221
8113
13741
3046
12221
11635
8113
8113
8113
3046
11635
11635
11635
6668
6668
6668
6668
2306
4535
4535
4535
4535
7408
7408
7408
8959
7486
7486
7486
7486
7408
9962
8959
8959
7486
7486
9962
8959
8959
3600
8959
3600
12221
14314
12221
12221
13741
14314
12221
11635
11635
8113
5465
5465
4535
4535
4535
4535
13989
13989
11071
5465
4535
4535
4535
4535
7408
7408
7408
7408
11292
4535
4535
4535
7408
7408
9962
11292
8959
3600
9962
9962
11292
3600
9962
11292
12221
14314
12221
11635
5465
5465
4535
4535
4535
5465
5465
5465
4535
4535
4535
11071
11071
5465
11836
4535
4535
13989
11071
11071
14351
11836
4535
7408
7408
7408
11292
11292
3049
7408
9962
11292
11292
9962
11292
12221
5465
4535
4535
5465
5465
4535
4535
5465
5465
11836
4535
11071
5465
11836
9301
11071
11071
14351
3049
11071
11071
14351
3049
7408
7408
11292
3049
9962
11292
4535
5465
4535
5465
9301
5465
9301
5465
9301
11071
3049
11071
3049
11071
3049
7408
3049
417
417
417
417
417
704
704
704
704
1732
5242
417
3866
5993
417
3866
5993
417
3866
5993
417
1892
1892
4526
1892
1892
4526
1892
1892
4526
1892
1892
2548
980
4272
5242
1732
1732
5993
5242
1732
1732
3866
5993
5993
417
3866
3866
5993
1892
417
3866
1892
1892
1892
417
9989
1892
1892
1892
4526
9989
1892
1892
6760
2548
9989
980
6760
2548
980
980
4272
5242
4272
4272
13241
5242
1732
1732
1732
5993
5993
5242
1732
1732
1732
3866
5993
1892
1892
1732
1732
3866
1892
1892
1892
6760
417
3866
9989
1892
1892
6760
6760
2548
9989
9989
980
6760
6760
2548
13407
980
980
4273
2548
980
980
4272
5242
4272
4272
13241
5242
10982
4272
4272
13241
6447
2269
1732
1732
1732
1732
5993
1892
2269
2269
1732
1732
1732
1732
1892
1892
6760
6760
6760
713
713
713
9989
980
6760
6760
6760
713
10619
13407
980
980
9974
4273
2548
13407
980
980
980
2548
980
980
4272
5830
4272
4272
6447
5830
4272
4272
4272
6447
2269
2269
10982
10982
4272
4272
2269
2269
2269
2269
713
713
713
713
713
2269
2269
2269
2269
713
713
713
713
980
980
9974
9974
4273
713
713
10619
980
980
980
4273
8521
10619
980
980
980
8521
980
980
6447
5830
12053
6447
6447
2269
4272
12053
6447
2269
2269
2269
10982
4272
4538
2269
2269
2269
2269
13665
13665
8854
3522
10486
13633
13633
5261
713
713
713
713
3522
980
9974
4273
713
713
713
5572
5572
980
980
713
10619
5572
5572
980
8521
5572
5572
6447
5830
12053
6447
2269
2269
4538
4538
2269
2269
2269
4538
4538
4538
10486
13633
5261
8854
8854
3522
10486
10486
5261
13665
8854
3522
3522
3522
5261
713
713
713
3522
3522
3522
713
713
5572
5572
5572
8521
5572
5572
6447
2269
4538
2269
2269
4538
4538
10486
5261
4538
4538
10486
5261
8854
3522
10486
8823
8854
3522
3522
3522
8854
3522
3522
3522
713
713
3522
3522
713
5572
5572
2269
4538
5261
4538
8823
4538
8823
3522
8823
3522
3522
3522
3522
3522
3522
713
3522
417
1170
417
1170
417
1170
417
1170
417
4110
4526
4110
4526
4110
4526
2630
2548
4490
4490
3011
417
3854
1170
417
417
3854
1170
417
417
3854
1170
417
417
5375
4110
4526
4526
5375
2630
4526
4526
2630
2630
2548
2548
2630
2548
4490
4490
3011
4490
4490
4490
3011
3011
417
3854
3854
1170
11632
417
417
3854
3854
2630
417
417
417
5375
2630
2630
417
4526
4526
2630
2630
2630
2548
2548
2548
2630
2630
2548
2548
8853
2548
4490
4490
6761
4490
4490
412
3011
3011
4490
4490
412
412
3011
3011
3011
417
3854
412
2630
2630
11632
11632
417
417
2630
2630
2630
2630
11632
417
2548
2548
2630
2630
2630
2548
2548
2548
8853
8853
2548
2548
10711
2548
412
412
6761
412
412
412
3011
6761
412
412
412
6311
3011
3011
3011
412
412
7151
7151
6311
3011
3011
3011
3011
412
2630
2630
2630
2630
13021
13021
8521
2548
8853
8853
8853
8521
8521
2548
10711
8853
8521
2548
10711
2548
412
412
7283
412
412
412
6761
7283
412
412
7151
6311
3011
3011
7283
412
5339
5339
5339
6088
6088
6088
1729
1729
5339
5339
6088
6088
6088
1968
1968
1729
5339
13021
8521
6920
6920
6920
8521
6920
6920
6920
412
412
7283
412
412
6311
7283
7283
412
5339
5339
9670
9670
1729
1729
5339
6088
12250
1729
1729
1729
6088
6088
1968
1968
1729
6088
6088
1968
1968
1968
8521
6920
6920
6920
412
412
7283
412
5339
9670
1729
1729
9670
1729
1729
12250
1729
1729
12250
1968
1968
6088
1968
1968
6088
1968
1968
6920
412
1729
1729
1729
1729
1968
1968
1968
1968
4788
4788
4788
4788
4788
5425
5425
5425
5425
3618
3618
911
4788
4788
7869
4788
4788
7869
4788
4788
7869
4788
5425
9961
8289
5425
9961
8289
5425
9961
8289
5425
5418
5418
2887
899
3618
3618
13585
3618
3618
3618
911
9742
4788
4788
4788
911
9742
4788
4788
4788
7869
9742
4788
8289
5425
7869
9961
8289
8289
5425
9961
9961
8289
8289
9796
5418
5418
5418
7406
2887
5418
5418
7406
899
3618
3618
12530
3618
3618
3618
13585
13585
3618
3618
3618
3618
911
13585
9742
4788
4788
4788
5425
911
9742
9742
4788
8289
8289
9796
911
9742
9961
8289
8289
10036
9796
5418
5418
5418
5418
7406
7406
2887
5418
5418
5418
7406
7406
5418
5418
10046
899
3618
3618
12530
3618
3618
3618
13676
12530
3618
3618
3618
4394
13585
13585
13585
3618
3618
3618
6477
4394
911
13585
13585
9742
4788
8289
10036
10036
9796
911
6259
536
5418
5418
7406
7406
7406
2887
536
536
5418
5418
7406
7406
7406
536
5418
5418
11147
7406
5418
5418
10046
899
3618
5683
12530
3618
5683
5683
12530
12530
3618
5683
5683
4394
13676
13676
12530
3618
5683
6477
6477
4394
3684
3684
3684
3684
529
2520
2520
2520
2520
2520
6259
6259
6259
536
536
7406
7406
7406
7406
6259
536
536
536
11147
7406
7406
536
536
536
11147
10046
536
536
10046
536
5112
5683
5112
5112
5683
4394
5112
5112
5112
5683
6477
4394
3684
3684
5112
529
2520
2520
2520
2520
3684
3684
3684
529
529
2520
2520
2520
3684
3684
3684
536
5372
529
2520
2520
6259
6259
536
536
12610
11147
7406
536
536
536
12610
1475
536
536
1475
536
5112
5683
5112
5112
5683
4394
5112
5112
529
2520
2520
2520
4137
8697
529
529
2520
2520
3684
4137
529
529
529
2520
3684
3684
4137
5372
529
529
3684
3684
536
5372
5372
1475
6259
536
536
12610
1475
536
536
1475
536
5112
4394
5112
529
2520
2520
8697
529
529
2520
8697
529
529
529
4137
529
529
529
4137
4137
5372
529
3684
4137
5372
5372
3684
536
5372
1475
536
536
1475
536
529
2520
529
529
529
529
529
529
529
529
4137
5372
4137
5372
4137
5372
536
1475
536
911
3841
3841
3841
3841
3841
3841
3841
3841
6536
5439
6536
5439
6536
5439
5603
3982
7609
7609
911
911
3841
3841
10037
3841
3841
3841
10037
3841
3841
3841
10037
3841
8060
6536
5439
5439
8060
5603
5439
5439
8060
5603
3982
3982
11605
3982
4644
7609
7609
911
7609
7609
7609
911
911
911
3841
3841
3841
12935
10037
3841
3841
3841
5603
10037
10037
3841
8060
8060
5603
5439
5439
5439
8060
11605
5603
3982
3982
3982
11605
11605
3982
3982
7528
9200
3982
4644
7609
7609
7869
7609
7609
7609
911
911
7609
7609
7609
5183
911
911
911
911
3841
3841
8190
5183
12935
12935
10037
3841
8060
11605
11605
5603
6274
3982
3982
3982
11605
11605
11605
3982
3982
3982
7528
12012
9200
3982
3982
7528
4644
3982
4644
7609
9621
7869
7609
13821
9621
911
7869
7609
13821
8190
5183
911
911
911
7609
8190
8190
8190
5183
911
911
911
911
911
4136
4136
4136
4136
6274
6274
5182
3982
7528
12012
12012
9200
5182
5182
3982
7528
7528
9200
5182
3982
7528
4644
3982
4644
12713
9621
12713
12713
13821
5183
7869
12713
12713
8190
8190
5183
911
911
12713
2357
4136
4136
4136
7650
7650
7505
2357
2357
4136
4136
4136
6274
6274
6274
5182
12234
2357
4136
4136
6274
5182
5182
12937
7528
4644
5182
5182
12937
4644
5182
7407
12713
9621
12713
12713
8190
5183
12713
12713
2357
4136
4136
7505
13609
2357
2357
4136
4136
7505
7505
2357
2357
2357
4136
7650
7505
7505
12234
2357
2357
6274
6274
5182
12234
12234
7407
5182
5182
12937
7407
5182
7407
12713
5183
12713
2357
4136
13609
2357
2357
4136
13609
2357
2357
2357
7505
2357
2357
2357
7505
7505
12234
2357
7505
7505
12234
8767
6274
5182
12234
7407
5182
7407
2357
2357
2357
2357
2357
2357
2357
2357
2357
7505
8767
7505
8767
7505
8767
5182
7407
3519
3519
3519
3519
3519
6027
6027
6027
910
5457
5457
8784
3519
11628
3519
3519
13640
3519
3519
13640
3519
3519
6536
6027
6027
6536
6027
6027
5603
910
910
5603
910
5457
5457
9821
5457
5457
11628
8784
8784
3519
11628
11628
8784
3519
3519
13640
6536
3519
3519
3519
6536
5603
3519
6027
6027
5603
5603
910
910
910
5603
5603
910
910
9510
910
5457
5457
5457
5457
5457
11628
9821
9821
5457
5457
11628
9621
8784
8784
8784
3519
11628
5183
5183
8784
8784
3519
3519
5603
5603
5603
8784
910
910
910
5603
5603
5603
910
910
910
9510
9510
910
910
12605
910
5457
5457
5457
5457
5457
9621
9821
5457
5457
5457
9621
5183
9821
9821
9821
5457
5457
5183
5183
5183
2806
2806
2806
2806
910
5183
5183
5183
5183
9690
9690
7647
910
9510
9510
9510
7647
7647
910
12605
9510
7647
910
12605
910
6841
9621
5457
11993
9621
9621
5457
5457
11993
9621
5183
5183
2806
2806
2806
11993
3981
5183
5183
5183
2806
2806
2806
2806
3690
3981
8202
8202
2806
2806
2806
2806
3690
3690
8202
9690
7647
3838
3838
3838
7647
3838
3838
3838
6841
9621
6841
11993
9621
5183
913
11993
11993
3981
5183
5183
2806
10984
13603
3981
3981
8202
2806
2806
10984
3690
3981
3981
2806
2806
2806
3690
3690
3690
2806
2806
2806
3690
3690
7647
3838
3838
3838
6841
9621
913
11993
3981
5183
913
13603
3981
3981
913
13603
3981
3981
5264
10984
3690
3981
2806
10984
3690
3690
2806
2806
3690
3690
2806
2806
3690
3838
913
3981
913
3981
913
3981
913
3981
5264
3690
5264
3690
5264
3690
2806
3690
2806
5242
6519
6519
6519
6519
6519
6519
6519
704
704
704
704
704
704
704
704
704
10708
13409
5242
5242
6519
6519
5242
6519
6519
6519
7930
6519
6519
704
7930
704
704
704
2500
704
704
704
2500
704
704
5713
2500
704
3608
3130
10708
13409
10708
10708
14276
13409
5242
5242
5242
6519
6519
6519
5242
5242
6519
6519
704
704
5242
7930
704
704
704
5713
2500
2500
704
704
5713
5713
2500
2500
704
3608
3608
11197
3130
3130
3130
10708
13409
10708
10708
14276
8833
12183
10708
10708
14276
8833
2320
5242
5242
5242
5242
6519
704
3839
2320
5242
5242
5242
704
704
5713
5713
5713
5242
2500
2500
704
3608
3608
3608
11197
11197
3130
3130
3608
11197
3130
3130
3130
6841
8833
10708
6841
8833
8833
10708
10708
6841
8833
3839
2320
12183
12183
10708
6841
3839
3839
3839
2320
5242
5242
5242
5242
704
3608
3608
3608
3608
5830
5830
5830
3130
3130
3608
3608
5830
11599
3130
3130
3130
11599
3130
3130
3130
6841
8833
6841
6841
8833
2320
6841
6841
6841
3839
3839
2320
6428
913
913
913
3839
3839
3839
6428
6428
5264
913
12817
12817
12817
5830
5830
5830
5264
6207
3130
3608
5830
5830
6207
6207
3130
11599
6207
6207
6207
6841
8833
6841
6841
3839
2320
913
913
913
3839
3839
913
913
913
12817
12817
5264
5264
913
13240
12817
6428
5264
5264
6862
6862
5830
5830
5264
6207
6207
5830
6207
6207
6207
6841
2320
913
913
3839
913
913
12817
913
913
13240
5264
913
13240
5264
5264
6862
5264
5264
6862
5830
5264
6207
6207
913
913
913
913
913
5264
5264
5264
5264
1170
2983
1170
2983
1170
2983
1170
2983
1170
5693
4110
5693
4110
5693
4110
1730
1730
1730
2549
5753
1873
1170
12181
2983
1170
1170
12181
2983
1170
1170
12181
2983
1170
1170
5693
5693
4110
4110
5693
1730
4110
4110
1730
1730
4110
1730
1730
1730
13081
3588
2549
5753
1873
2549
12636
5753
1873
1873
1170
12181
12181
2983
5711
1170
1170
12181
5693
1730
1170
1170
1170
5693
1730
1730
1170
4110
4110
1730
1730
1730
4110
4110
1730
1730
1730
1730
13081
13081
12133
4183
13081
3588
2549
5753
2549
2549
12636
5753
1873
1873
2549
12636
10466
8832
1873
1873
1873
1170
12181
1730
1730
1730
5711
5711
1170
1170
1730
1730
1730
1730
5236
1170
4110
1730
1730
1730
1730
1730
6311
13081
13081
12133
12133
4183
13081
13081
13449
3588
13081
3588
2549
8832
2549
2549
10466
8832
1873
2549
2549
10466
10466
9615
1873
1873
1873
2549
10466
10823
10823
9615
136
136
136
136
136
1730
1730
1730
1730
1172
5236
5236
5236
4054
12133
12133
12133
4183
5236
6311
4054
13449
12133
4183
6311
4054
13449
3588
4054
3588
4505
8832
4505
4505
10466
8832
2549
4505
4505
10466
10823
9615
136
136
4505
4505
9937
9937
9937
1172
136
136
136
1839
9937
9937
9937
1172
136
136
136
136
1839
1839
9937
1172
5236
5236
4054
4054
4054
3588
6311
4054
4054
3588
4054
4054
4505
8832
4505
4505
10466
9615
4505
4505
4505
9937
9937
1172
4786
4786
4786
9937
9937
1172
136
7007
1839
11107
9937
1172
136
136
1839
1839
1839
1172
136
136
136
1839
1839
1839
5236
4054
4054
4054
4054
4054
4505
8832
4505
4505
9937
1172
4786
4786
9937
1172
4786
4786
11107
1172
7007
1839
11107
4756
7007
1839
1839
1839
136
1839
1839
1839
136
136
1839
1839
4054
4054
4505
1172
4786
1172
4786
4756
4786
4756
1839
4756
1839
1839
1839
1839
1839
1839
136
1839
2983
2983
2983
2983
2506
2506
2506
2506
1894
12612
5753
2983
7554
2983
2983
7554
2983
2983
7554
2983
2506
2506
8286
2506
2506
8286
2506
2506
8286
1894
4785
1894
1894
12612
8192
12612
13409
5753
5753
2983
7554
7554
5753
2983
2983
7554
2506
2983
2983
2506
2506
2506
2983
8286
2506
2506
6086
8286
8286
1894
4785
4785
12893
1894
1894
4785
1894
1894
12612
12612
12612
13409
8192
8192
12612
13409
9325
5753
5753
5753
2983
7554
2320
2320
5753
5753
2983
2506
2506
6086
6086
5753
2983
8286
1894
4785
4785
4785
9615
12893
1894
1894
4785
4785
12893
1894
1894
1894
1894
1894
5425
12612
5425
9325
8192
12612
5425
9325
2320
8192
8192
8192
5425
2320
2320
2320
5753
5753
5753
5753
1894
2320
2320
2320
2320
8832
8832
8832
1894
1894
4785
4785
4785
8832
9615
1894
1894
1894
4785
9615
1894
1894
1894
1894
1894
5425
5425
5425
9325
5425
5425
5425
2320
2320
8192
4394
5425
2320
2320
2320
2320
9676
9676
4394
3586
5408
12474
12474
2326
8832
8832
8832
3586
3586
1894
4785
2326
8832
8832
6085
6085
1894
1894
9615
6085
6085
1894
6085
6085
5425
5425
5425
2320
5425
5425
2320
2320
2320
4394
9796
5408
5408
12474
2326
4394
4394
3586
5408
5408
2326
9676
4394
3586
3586
3586
2326
8832
8832
3586
3586
3586
3586
8832
6085
6085
6085
6085
6085
5425
5425
2320
2320
9796
5408
5408
2326
9796
5408
5408
2326
4394
3586
5408
3236
4394
3586
3586
3236
4394
3586
3586
3586
8832
3586
3586
3586
6085
6085
2320
5408
2326
5408
3236
5408
3236
3586
3236
3586
3586
3586
3586
3586
3586
3586
3586
1596
3915
3523
3523
4326
3523
3523
4326
3523
3523
4326
3523
3523
10672
7985
7985
10672
7985
7985
10672
7985
7985
6047
513
2996
513
1596
3915
4771
1596
12779
3915
9176
3523
3523
12779
4326
3523
3523
3523
12779
4326
3523
3523
3523
11157
10672
3523
7985
7985
11157
6047
7985
7985
7985
7421
6047
513
2996
2996
7421
513
2996
2565
513
1596
3915
1596
1596
13551
3915
4771
4771
1596
12779
12779
3915
9176
11590
3523
3523
12779
11157
6047
9176
3523
3523
3523
11157
7421
6047
3523
3523
7985
7985
7421
7421
6047
513
2996
2996
2996
7421
7421
513
2996
2996
11922
2565
513
2996
6531
513
1596
3915
1596
1596
13551
344
4771
1596
1596
13551
6251
344
4771
4771
4771
1596
12779
4563
4563
4563
9176
11590
11590
3523
3523
7421
7421
7421
6047
6338
11590
2996
2996
2996
7421
7421
7421
5086
2996
2996
2996
11922
13378
2565
513
2996
2996
11922
2565
513
2996
6531
513
1596
344
1596
1596
6251
344
1596
1596
1596
6251
4563
4563
4771
4771
1596
1596
4563
4563
4563
4563
2877
2877
2877
2877
510
4563
4563
4563
4563
6338
13358
13358
13098
2276
11922
13378
13378
2565
6338
13098
13098
2276
11922
11922
2565
5086
13098
2276
11922
6531
5086
2276
6531
513
6251
344
6704
6251
6251
344
1596
6704
6251
4563
4563
4563
2877
510
510
510
4563
4563
4563
2877
2877
2877
510
1603
12033
12033
6981
2877
2877
2877
2276
2276
1603
12033
2565
6338
13358
13098
2276
2276
2276
2565
5086
13098
2276
2276
1125
5086
2276
1125
861
6251
344
6704
6251
4563
4563
510
510
510
4563
4563
510
510
510
1603
12033
6981
2877
3361
510
1603
1603
6981
2877
2877
3361
10417
1603
1411
2877
2877
2276
2276
2276
1125
6338
13098
2276
2276
1125
5086
2276
1125
861
6251
344
510
510
4563
510
510
1603
6981
510
510
1603
1411
3361
510
1603
1411
3361
3361
10417
1411
2877
3361
10417
7158
2877
2276
2276
1125
5086
2276
1125
861
510
510
1411
510
1411
510
1411
510
1411
3361
7158
3361
7158
3361
7158
2276
1125
861
1062
1824
6954
5314
6954
5314
6954
5314
6954
6382
10676
6382
10676
6382
10676
6382
6538
5522
1062
1824
1062
1062
1824
1824
6954
6954
1824
9572
6954
6954
5314
9572
6954
10676
5314
12826
10676
10676
6382
12826
10676
6538
6382
6975
6538
6538
6975
6975
8409
5522
1062
11138
1062
1062
1824
1824
1062
1062
1062
1824
1824
1824
6954
6954
6954
1824
1824
9572
6954
10676
6538
1824
9572
12826
10676
6538
6538
6382
6975
6975
6538
6538
6538
6975
6975
6975
8409
8409
6975
6975
9156
5522
1062
11138
1062
1062
12616
11138
1062
1062
1062
1824
1824
1824
1062
1062
1062
2421
1824
1824
1824
1824
6954
6538
6538
6538
1824
1824
1824
6975
6538
6538
6538
6538
5743
5743
6975
6975
8409
8409
8409
5743
6975
6975
9156
8409
6975
6975
9156
5522
1062
11138
1062
1376
11138
11138
1062
1376
1376
12616
12616
11138
1062
1376
2421
2421
1824
1824
1824
1824
1062
1070
1070
1070
1070
6074
6074
6074
5743
5743
8409
8409
8409
8409
6074
5743
5743
5743
9156
8409
8409
5743
5743
5743
9156
9156
5743
5743
9156
4892
1376
1852
1376
1376
1852
1852
1376
1376
2421
12616
1852
1852
1070
1070
1070
1070
13296
13296
9167
6123
1070
1070
1070
1070
6074
6074
6074
5743
11503
1070
1070
1070
6074
6074
5743
5743
11503
9156
8409
5743
5743
5743
11503
6956
5743
5743
6956
4892
1376
1852
1376
1376
1852
1852
1070
1070
1070
6123
6123
6123
1070
1070
1070
9167
9167
6123
11156
1070
1070
13296
9167
9167
12110
11156
1070
6074
6074
5743
11503
11503
1747
6074
5743
5743
11503
6956
5743
5743
6956
4892
1376
1852
1070
1070
6123
6123
1070
1070
6123
6123
11156
1070
9167
6123
11156
10869
9167
9167
12110
1747
9167
9167
12110
1747
6074
5743
11503
1747
5743
5743
6956
4892
1070
6123
1070
6123
10869
6123
10869
6123
10869
9167
1747
9167
1747
9167
1747
5743
1747
4892
3260
3260
3260
3260
3260
6269
6269
6269
513
5314
7962
3260
3260
9176
3260
3260
10219
3260
3260
10219
3260
6269
11165
6269
6269
11165
6269
6269
513
513
9036
513
1420
5314
5314
5314
6045
7962
7962
3260
3260
3260
9176
9176
3260
3260
3260
9176
10219
3260
6269
6269
10219
11165
6269
6269
9036
513
513
513
9036
9036
513
513
1823
10801
513
1420
5314
5314
5314
6045
7962
5314
5314
6045
6045
7962
7962
7962
3260
3260
3260
9036
9176
9176
9176
3260
6269
9036
9036
6338
513
513
513
9036
9036
9036
513
513
513
1823
10801
10801
513
513
1823
1420
513
1420
5314
5314
5314
8403
5314
5314
5314
8403
8403
7962
7962
5314
5314
8403
11668
11668
6338
6338
6338
6338
513
4159
4159
4159
4159
6338
6338
5086
513
1823
10801
10801
10801
5086
5086
513
1823
1823
10801
5086
513
1823
1420
513
1420
6382
6382
6382
8403
5314
6382
6382
8403
11668
7962
5314
6382
4159
4159
4159
4159
10411
10411
10411
5736
4159
4159
4159
4159
6338
6338
6338
5086
5736
1823
4159
4159
6338
5086
5086
8875
1823
1420
5086
5086
8875
1420
5086
8875
6382
6382
6382
8403
6382
6382
4159
4159
4159
8417
8417
8417
4159
4159
4159
10411
14097
5736
9338
4159
4159
10411
10411
5736
5736
5736
4159
6338
6338
5086
5736
5736
5736
5086
5086
8875
8875
5086
8875
6382
6382
4159
4159
8417
8417
4159
4159
8417
8417
9338
4159
14097
5736
9338
9178
14097
5736
5736
5736
10411
5736
5736
5736
6338
5086
5736
5736
5086
8875
4159
8417
4159
8417
9178
8417
9178
5736
9178
5736
5736
5736
5736
5736
5736
5086
5736
511
4326
4326
4326
4326
7631
7631
7631
4986
1413
3915
511
511
3915
511
4326
4326
13036
4326
4326
13036
4326
10672
7631
7631
10672
7631
7631
6047
7631
4986
6047
4986
7983
3915
1413
6320
3915
3915
511
511
511
3915
3915
511
511
4326
4326
4326
511
13036
4326
10672
6047
7631
7631
7631
6047
6047
7631
7631
4986
6047
6047
12195
4986
4986
4986
7983
3915
1413
12637
3915
3915
1413
6320
6320
3915
3915
344
511
511
511
511
3915
344
6047
511
511
511
4326
6047
6047
6047
511
511
7631
4986
6047
6047
6047
3045
12195
4986
4986
9373
12195
4986
4986
4986
7983
344
7983
12637
344
344
1413
6320
12637
344
344
344
1413
6320
6320
6320
344
344
12945
12945
511
511
511
511
244
3944
3944
3944
3944
5256
5256
3045
3045
4986
9373
9373
3045
3045
3045
4986
4986
3045
3045
4986
3045
977
344
977
9725
344
344
1413
9725
9725
344
344
12945
1413
6320
6320
9725
344
3944
3944
3944
6948
13061
13061
7812
244
3010
3944
3944
5256
5256
5256
244
244
244
3944
5256
3045
3045
13218
4986
3045
3045
13218
3045
977
344
977
9725
344
344
977
9725
9725
344
3944
3944
712
7812
11589
3010
3010
3944
6948
7812
7812
244
3010
3010
6948
13061
7812
244
244
244
5256
5256
244
244
244
3045
3045
13218
3045
977
344
977
9725
344
3944
6558
11589
3010
3010
712
11589
3010
3010
712
7812
244
3010
712
7812
244
244
6948
7812
244
244
5256
244
244
3045
977
344
6558
3010
6558
3010
6558
3010
712
244
712
244
712
244
712
244
244
1413
3921
3921
3921
3921
7287
7287
7287
4273
7983
1413
1413
3921
12822
3921
3921
12822
3921
3921
12822
3921
7287
11781
7287
7287
11781
7287
7287
4273
4273
5537
4273
7983
1413
7983
8196
1413
1413
1413
3921
3921
13083
12822
3921
3921
3921
12822
12822
3921
7287
7287
11781
11781
7287
7287
13051
4273
4273
4273
5537
5537
4273
4273
5537
4273
7983
7983
7983
8196
1413
1413
7983
8196
8196
1413
1413
1413
1413
3921
3921
11859
13083
13083
12822
3921
7287
13051
13051
8823
4273
4273
4273
5537
5537
5537
4273
4273
4273
5537
5537
4273
4273
12769
4273
977
7983
977
14194
1413
7983
977
14194
11859
1413
1413
1413
977
11859
11859
11859
1413
1413
1413
1413
712
3018
3018
3018
3018
8823
8823
5261
4273
5537
5537
5537
5261
5261
4273
12769
5537
5261
4273
12769
4273
977
977
977
14194
977
977
977
11859
11859
1413
712
977
977
3018
3018
3018
6948
6948
712
712
3018
3018
3018
6948
6948
6948
712
11246
3018
3018
8823
5261
5261
11246
11246
5261
5261
11246
5261
977
977
977
11859
977
977
977
3018
3018
712
6558
6558
3018
3018
712
712
712
6909
3018
6948
712
712
13762
6909
6948
6948
712
11246
11246
5261
5261
11246
5261
977
977
977
3018
6558
6558
3018
6558
6558
6909
712
712
6909
712
712
13762
712
712
13762
6948
712
11246
5261
977
6558
6558
6558
712
712
712
712
712
786
786
786
786
468
468
468
468
468
468
960
2096
3578
3578
4922
5211
5211
9254
5211
5211
9254
5211
5211
9254
1299
1299
3270
1299
1299
3270
1299
1299
3270
1299
1299
1687
1299
896
623
960
2240
3578
3578
2096
4922
3578
3578
3578
4922
4922
5211
5211
5211
4922
12125
5211
5211
1299
9254
12125
1299
1299
1299
3270
11051
1299
1299
1299
3270
11051
1299
1299
5399
1687
1687
1299
2348
896
1687
1687
2348
623
960
2351
3578
3578
2240
8273
3578
3578
3578
2096
4922
4922
3578
3578
3578
3578
4922
4922
4922
5211
5211
1299
1299
4922
4922
12125
1299
1299
1299
5399
4922
11051
11051
1299
1299
11494
5399
1687
1687
1687
1299
2348
2348
896
1687
1687
1687
2348
2348
1687
1687
4103
623
960
2351
3578
3578
2240
8273
3578
3578
3578
2240
14199
8273
3578
3578
3578
7589
2096
4922
4922
4922
3578
3578
1299
10500
5399
4922
4922
4922
4922
1299
1299
11494
11494
5399
2011
2011
1687
1687
1299
2348
2348
2348
896
2011
1687
1687
1687
2348
2348
2348
1687
1687
1687
11751
2348
1687
1687
4103
623
960
2351
3578
7589
2351
8273
3578
7589
7589
2240
8273
8273
3578
7589
7589
7924
2240
14199
14199
8273
3578
7589
10500
10500
7924
1302
2011
2011
2011
2011
1299
2348
2348
2348
2348
896
2011
2011
2011
2011
1687
2348
2348
2348
2348
2011
2011
2945
1687
11751
2348
2348
2945
2945
1687
11751
4103
2945
1687
4103
623
1569
1569
7589
7589
1569
13777
7589
7589
7589
2240
8273
13777
7589
7589
10500
7924
1302
10020
7002
7002
2604
3862
3862
3862
1470
1302
10020
10020
10020
2604
2604
3862
3862
3862
1302
2011
2011
2011
2011
5992
2348
2348
2348
2011
2011
2011
2945
9070
9070
2348
2011
2945
2945
9070
4103
2945
2945
6460
1039
1569
1569
7589
7589
1569
13777
7589
7589
7924
1569
7002
7002
2604
3862
3862
1470
1151
7002
7002
2604
2604
3862
3862
1302
10020
13145
2604
2604
2604
3862
1302
10020
10020
5992
5992
2604
2604
1302
2011
2011
2011
5992
5992
5992
2011
2011
2945
9070
6460
2945
2945
6460
1039
1569
1569
7589
7589
1569
7002
2604
3862
1470
1690
7002
2604
2604
3862
1151
7002
2604
2604
2604
1151
13145
2604
2604
2604
1151
13145
5992
5992
2604
1302
10020
5992
5992
5992
1302
2011
2011
5992
5992
2011
2945
6460
1039
1569
1569
2604
1470
1690
2604
2604
1690
2604
2604
1690
2604
2604
1151
2604
2604
1151
5992
5992
1151
5992
5992
1151
5992
5992
1302
2011
5992
1039
692
692
692
692
692
1151
1151
1151
1151
2240
3895
2987
3895
3895
2987
3895
3895
2987
3895
3895
2987
3895
4758
9017
8866
4758
9017
8866
4758
9017
8866
4758
5857
7149
2351
5405
2240
2240
3895
3895
5209
10979
3895
3895
3895
2987
10979
3895
3895
3895
2987
10979
3895
8866
4758
2987
9017
8866
8866
4758
9017
9017
8866
8866
8528
5857
7149
7149
8394
5857
7149
7499
2351
5405
2240
2351
7770
5405
2240
2240
2240
3895
3895
3895
5209
12081
10979
3895
3895
3895
4758
5209
10979
10979
3895
8866
8866
8528
2987
9017
9017
8866
8866
12108
8528
5857
7149
7149
7149
8394
8394
5857
7149
7149
8394
7499
5857
7149
10468
2351
5405
2351
2351
7770
3860
2240
2240
2351
7770
7770
2738
2240
2240
2240
2240
3895
3895
10926
2738
5209
12081
12081
10979
3895
8866
12108
12108
8528
3276
6733
3199
7149
7149
8394
8394
8394
3199
3199
7149
7149
8394
8394
7499
3199
7149
7149
10468
7499
5857
7149
10468
1569
3860
2351
1569
10433
3860
2240
2351
1569
10433
10433
2738
2240
2240
2240
1569
10433
10926
10926
2738
1302
1302
1302
1302
1151
2985
2985
2985
2985
3276
6733
6733
3199
3199
8394
8394
8394
7499
3276
3199
3199
3199
10468
8394
7499
3199
3199
3199
10468
10468
3199
3199
10468
1569
3860
1569
1569
10433
2738
1569
1569
1569
10433
10926
2738
1302
1151
1569
1569
2985
2985
2985
1302
1302
1151
1151
2985
2985
2985
2985
1302
1302
1302
1151
8956
2985
2985
2985
3276
6733
3199
3199
11038
10468
7499
3199
3199
3199
11038
2154
3199
3199
2154
1569
3860
1569
1569
10433
2738
1569
1569
1569
2985
2985
1151
1690
1690
2985
2985
2985
1151
1151
1151
6243
2985
2985
1302
1151
1151
8956
6243
2985
1302
1302
1151
8956
8956
2154
3276
3199
3199
11038
2154
3199
3199
2154
1569
2738
1569
1569
2985
1690
1690
2985
2985
1690
1690
6243
2985
1151
1151
6243
4109
1151
1151
8956
2943
1151
1151
8956
2943
1302
1151
8956
2154
3199
3199
2154
1569
1690
2985
1690
4109
1690
4109
1151
4109
1151
2943
1151
2943
1151
2943
1151
2154
3152
2096
3197
3197
3197
3197
3197
3197
3197
4751
4751
4751
4751
4751
4751
454
793
3152
4472
3152
3152
4927
2096
3197
3197
12332
2096
3197
3197
12332
3197
3197
3197
8114
3197
4751
4751
8114
4751
4751
4751
793
454
4751
793
793
454
7582
4472
4472
3152
3152
4472
4927
3152
3152
3152
4927
4927
2096
9087
3197
3197
12332
8114
2096
3197
3197
3197
8114
793
2096
3197
4751
4751
793
793
454
4751
4751
793
793
793
454
12903
7582
7582
454
7582
4472
4472
3152
4472
4472
4927
3152
3152
3152
4472
4927
3173
3152
3152
3152
3152
4927
793
793
2096
9087
9087
3197
3197
793
793
793
2096
9087
3197
4751
793
793
793
793
2349
8275
12903
7582
7582
10230
454
12903
7582
7582
454
7582
4472
3173
4472
4472
3173
3173
3152
3152
4472
3173
3173
3173
3152
3152
3152
3152
3173
3173
7046
7046
1396
1396
1396
1396
793
793
793
793
793
3485
13564
13564
8275
2047
7582
10230
10230
3485
8275
8275
2047
7582
7582
2349
8275
2047
7582
2349
2047
3806
3173
3806
3806
3173
3173
3152
3806
3806
3173
3173
7046
1396
1396
1396
3806
3173
7046
7046
7046
1396
1396
1396
1396
3764
9009
9009
9009
1396
1396
1396
1396
2047
2047
9009
3485
13564
8275
2047
2047
2047
2349
8275
2047
2047
2349
2047
3806
3173
3806
3806
3173
3173
3806
3806
3806
3173
7046
7046
1396
7585
10882
10882
9009
9009
1396
1396
7585
3764
12840
9009
1396
1396
1396
3764
3764
3764
1396
1396
1396
2047
2047
3485
8275
2047
2047
2349
2047
3806
3173
3806
3806
3173
7046
7366
10882
10882
9009
7366
10882
10882
12840
7585
7585
3764
12840
1396
7585
3764
3764
1396
1396
3764
3764
1396
1396
2047
2349
2047
3806
3173
7366
10882
7366
10882
7366
10882
7585
3764
7585
3764
7585
3764
1396
3764
1396
2987
2987
2987
2987
2987
10183
10183
10183
2618
9419
5209
2987
6804
2987
2987
6804
2987
2987
6804
2987
2987
14085
10183
10183
14085
10183
10183
9288
5857
2618
2618
3357
9419
9419
9419
10276
5209
5209
2987
6804
6804
5209
2987
2987
6804
6804
2987
2987
2987
14085
9288
2987
10183
10183
9288
9288
5857
5857
2618
2618
2618
5857
3357
2618
3357
9419
9419
9419
10276
10030
9419
9419
10276
4073
5209
5209
5209
2987
6804
1274
1274
5209
5209
2987
2987
9288
9288
9288
3276
2987
5857
2618
2618
2618
2618
5857
5857
3357
2618
2618
5857
3357
3357
3357
4073
9419
4073
4073
9419
9419
4073
4073
1274
10030
10030
9419
4073
1274
1274
1274
3276
3276
3276
3276
1274
1274
1274
1274
1274
3276
3276
3276
2256
2618
2618
2618
3276
13946
2256
3357
2618
13946
2256
3357
2256
4073
6835
4073
4073
6835
6835
4073
1274
1274
4482
4482
6835
1274
1274
1274
1274
4482
4482
4482
7366
9817
9817
9817
3276
3276
3276
2256
2256
2256
2618
3276
3276
2256
2256
2256
13946
2256
2256
2256
4073
6835
4073
1274
6835
6835
1274
1274
1274
7366
7366
7366
9817
9817
4482
7769
7366
10903
9817
4482
4482
7497
7497
7497
3276
3276
2256
2256
2256
3276
2256
2256
2256
4073
6835
1274
1274
7366
7366
9817
7366
7366
10903
7769
7366
10903
7769
7497
7497
4482
7497
7497
3276
2256
2256
2256
1274
7366
7366
7366
7366
7497
7497
7497
2256
2096
786
7815
786
7815
786
7815
786
3270
3486
3270
3486
3270
3486
3270
2568
623
1533
11324
10803
2096
2096
7815
786
6469
7815
7815
786
9254
7815
7815
786
9254
3270
10872
3486
3270
3270
10872
2568
3270
3270
2568
2568
3270
623
2568
1533
623
623
11324
10803
2096
11324
11324
10803
2096
2096
2096
7815
7815
786
6469
6469
7815
7815
7815
2568
6469
9254
3270
10872
2568
2568
3270
3270
3270
2568
2568
2568
3270
3270
623
2568
2568
1533
7301
623
623
5786
623
623
11324
10803
13485
11324
11324
2008
2096
2096
11324
11324
2008
2008
2096
2096
2096
2096
7815
2008
2568
2568
6469
6469
6469
3270
2568
2568
2568
2568
6469
3270
3270
623
2568
2568
2568
1533
7301
7301
623
623
12279
5786
7301
623
623
623
623
623
2008
2008
13485
2008
2008
2008
2096
13485
2008
2008
2008
5171
2096
2096
2096
2008
2008
5171
5171
5171
2096
2096
2096
2096
454
2568
2568
2568
2568
1533
9860
9860
9860
623
623
12279
12279
5786
9860
12336
623
623
623
5786
12336
623
623
623
623
623
2008
2008
5568
2008
2008
2008
5568
5568
2008
2008
5171
5171
2096
454
454
454
5171
5171
5171
1611
3485
3485
2349
454
9076
9076
9076
2445
3485
3485
3485
2349
5575
623
9076
2445
9860
9860
5980
5980
623
623
12336
5980
5980
623
5980
5980
2008
2008
5568
2008
2008
5171
454
454
454
5171
5171
1611
454
454
454
9076
9076
2445
2349
2349
454
9648
9076
2445
3485
2349
2349
5575
5575
1269
3485
3485
2349
5575
5575
5401
9860
5980
5980
5980
5980
5980
2008
2008
454
454
5171
1611
454
454
9076
2445
454
454
9648
1269
2349
454
9648
1269
2349
2349
5575
1269
2349
2349
5575
5401
3485
2349
5575
5401
5980
5980
454
1611
454
1269
454
1269
454
1269
454
1269
2349
5401
2349
5401
2349
5401
2349
5401
786
2092
786
2092
786
2092
786
2092
786
7372
3486
7372
3486
7372
3486
3576
3486
3569
6795
9369
786
786
7303
9369
786
786
2092
12973
786
786
2092
12973
786
3486
2092
10759
3486
3486
7372
10759
3486
3486
3576
5791
3486
3771
3576
5791
3771
3569
6795
6795
6795
10803
9369
9369
786
786
786
7303
9369
9369
786
786
786
7303
9369
12973
786
3486
3486
2092
10759
10759
3486
3486
6184
3576
5791
5791
3486
3771
3771
3576
5791
5791
3771
3771
3576
5791
10441
3569
6795
6795
6795
10803
11376
6795
6795
10803
10160
9369
9369
9369
786
786
786
6184
7303
9369
9369
9369
786
3486
6184
6184
1294
1294
1294
5791
3486
3771
3771
3771
1294
5791
5791
5791
3771
3771
3771
3576
5791
5791
12320
3771
3576
5791
10441
3569
751
6795
751
10160
6795
6795
751
10160
10160
11376
11376
6795
751
10160
11707
11707
1294
1294
1294
1294
751
3771
3771
3771
3771
1294
1294
1294
1294
5316
3771
3771
3771
3771
1294
1294
7866
5316
12320
3771
3771
7866
7866
5316
12320
10441
7866
5316
10441
3569
751
751
751
10160
751
751
751
10160
11707
10871
751
751
751
8024
8024
8024
10871
10871
8259
1975
1975
8024
8024
8024
1294
1294
1294
1294
5316
1975
3771
3771
1294
1294
1294
5316
5316
5316
3771
1294
7866
5316
5316
5316
7866
5316
5316
3953
751
751
751
10160
751
751
751
8024
8024
8259
12003
1975
1975
8024
8024
8259
8259
1975
1975
1975
8024
10871
8259
8259
11159
1975
1975
1294
1294
1294
5316
5316
5316
1294
1294
5316
5316
5316
7866
5316
5316
3953
751
751
751
8024
12003
1975
1975
8024
12003
1975
1975
1975
8259
1975
1975
1975
8259
8259
11159
1975
8259
8259
11159
11159
1294
1294
5316
5316
1294
5316
5316
3953
751
1975
1975
1975
1975
1975
1975
1975
1975
8259
11159
8259
11159
8259
11159
1294
5316
3953
2092
4105
2092
4910
2092
4910
2092
4910
2092
468
7372
468
7372
468
7372
468
3576
1107
4105
4105
4893
2092
4105
4105
2092
2092
12853
4910
2092
2092
12853
468
2092
2092
9913
468
7372
7372
9913
468
7372
7372
4614
4614
3576
3576
4614
1107
3576
3569
4105
4105
4893
4105
4105
4105
4893
4893
2092
4105
4105
4105
7303
2092
2092
12853
9913
468
2092
2092
2092
9913
4614
4614
2092
7372
7372
4614
4614
4614
3576
3576
3576
4614
4614
1107
3576
3576
6983
8962
3576
3569
4105
4105
9012
4105
4105
2323
4893
4893
4105
4105
2323
1794
4893
4893
4893
2092
4105
1794
1794
1794
7303
7303
2092
2092
4614
4614
4614
4614
7303
2092
3576
3576
4614
4614
4614
1107
3576
3576
3576
6983
14160
8962
3576
3576
6983
3569
3576
3569
2323
2323
9012
2323
2323
2323
4893
9012
2323
2323
1794
1794
4893
4893
4893
2323
1794
1794
1794
1794
465
465
465
465
465
1794
1794
1794
1794
1107
8771
8771
8771
3576
6983
14160
14160
8962
8771
9909
3576
6983
6983
8962
9909
3576
6983
3569
3576
3569
2323
2323
4622
2323
2323
1794
4622
4622
2323
1794
1794
1794
465
465
4622
649
1794
1794
1794
1200
465
465
465
649
649
10516
10516
1200
465
465
465
465
2829
649
10516
1200
8771
8771
9909
10387
6983
3569
9909
9909
10387
3569
9909
10144
2323
2323
4622
2323
1794
1794
4622
4622
649
1794
1794
1200
3772
10206
649
649
10516
1200
465
3772
649
649
649
1200
465
465
2829
2829
649
649
465
465
465
2829
2829
2829
8771
9909
10387
10144
9909
10144
2323
1794
4622
649
1794
1200
10206
649
649
1200
10206
649
649
649
3772
649
649
649
3772
2829
2829
649
465
2829
2829
2829
465
465
2829
2829
9909
10144
649
1200
649
649
649
649
649
649
649
649
2829
2829
2829
2829
2829
2829
465
2829
960
1688
3605
1688
3605
1688
3605
1688
3605
883
5984
883
5984
883
5984
883
1477
1439
960
2825
960
960
2825
2503
7004
3605
3605
1688
7004
3605
3605
1688
7004
3605
5984
883
13151
5984
5984
883
13151
5984
5984
883
7493
1477
1477
4316
6809
1477
1439
5987
2825
960
960
2825
2825
960
960
960
2825
2825
2503
12513
7004
3605
3605
3605
2503
7004
7004
3605
5984
5984
1688
7004
13151
5984
5984
8593
883
7493
7493
1477
1477
1477
4316
7493
6809
1477
1477
4316
6809
6809
1439
5987
2825
960
5987
2825
2825
960
960
960
2825
2825
2825
960
960
960
960
2825
2825
8593
2503
12513
12513
7004
3605
5984
8593
8593
2503
10209
5357
7493
1477
1477
1477
1477
3642
5357
7493
6809
1477
1477
1477
4316
7493
6809
6809
1477
4316
6809
6809
1439
5987
2825
5987
5987
2825
11887
960
960
5987
2825
11887
9029
960
960
960
960
2825
9029
9029
9029
960
960
960
960
960
1477
1477
1477
1477
3642
10209
10209
5357
5357
1477
1477
1477
1477
3642
5357
5357
5357
6809
1477
1477
5357
5357
5357
6809
6809
5357
5357
6809
1439
5682
9645
5682
9645
9645
11887
960
5987
9645
9645
9029
9029
960
960
960
2887
2887
9029
9029
9029
5327
5327
5327
5327
2887
5337
10052
10052
10052
5327
5327
5327
5327
7594
1477
1477
1477
3642
10209
5357
5357
10915
6809
1477
3642
5357
5357
10915
2305
5357
5357
2305
2305
5682
9645
5682
9645
9645
9029
2887
2887
2887
2887
9029
9029
5327
2887
2887
2887
5337
10052
10052
5327
5327
7369
2887
5337
5337
10052
5327
5327
5327
7369
7594
5337
5337
5327
5327
5327
7594
7594
2305
3642
5357
5357
10915
2305
5357
5357
2305
2305
5682
9645
2887
2887
2887
9029
2887
2887
2887
5337
10052
2887
2887
2887
5337
5337
7369
7369
2887
5337
5337
5327
7369
7369
7594
3821
5327
5327
7369
7594
3821
5327
5327
7594
2305
3642
5357
2305
2305
2887
2887
2887
2887
5337
2887
2887
5337
2887
2887
5337
7369
2887
5337
7369
7369
3821
7369
7369
3821
5327
7369
3821
5327
2305
2305
1587
1587
1587
1587
1587
4531
4531
4531
2029
5855
5405
1587
1587
5405
1587
1587
13953
1587
1587
13953
1587
4531
4758
4531
4531
4758
4531
2029
4758
2029
2029
8528
5855
6242
5855
5855
5405
5405
1587
1587
1587
5405
5405
1587
1587
1587
5405
13953
1587
4531
2029
4758
4758
4531
2029
2029
4758
4758
2029
2029
2029
8528
8528
10825
8528
5855
6242
5855
5855
7377
6242
5855
5855
5855
5405
5405
5405
1587
1587
1587
2029
5405
5405
5405
1587
2029
2029
2029
3860
2738
4758
2029
2029
2029
2029
2738
8528
8528
10825
10825
8528
8528
14251
8528
5682
6242
5682
9677
6242
6242
5682
9677
7951
7377
7377
6242
5682
7951
7951
7951
3860
3860
3860
3860
1587
2029
2029
2029
2029
3860
3860
2738
2738
10825
10825
10825
2738
2738
2738
14251
10825
2738
2738
14251
2738
5682
5682
5682
9677
5682
5682
5682
7951
7951
7377
5682
5682
2326
2326
2326
2326
8287
8287
8287
3236
2326
2326
2326
3860
3860
3860
2738
8696
2326
2326
3860
2738
2738
9925
9925
2738
2738
9925
2738
5682
5682
5682
7951
5682
5682
2326
2326
2326
8814
8814
3236
2326
2326
8287
12223
3236
3236
2326
8287
8287
8696
8696
3236
3860
3860
2738
8696
8696
2738
2738
9925
2738
5682
5682
2326
2326
8814
3236
2326
8814
3236
3236
12223
3236
3236
12223
8696
8696
8287
8696
8696
3860
2738
8696
2738
2326
3236
3236
3236
3236
8696
8696
8696
2738
1688
4910
4910
4910
468
468
468
468
468
1688
2503
1688
4328
8022
4910
4910
10928
4910
4910
10928
468
468
5594
468
468
5594
468
468
5399
468
1940
5399
1940
1688
1688
1688
4328
2503
2503
1688
4328
4328
8022
8022
4910
4910
468
8022
10928
468
468
468
5594
5594
468
468
10805
5399
5399
468
1940
1940
5399
5399
1940
1940
5399
2504
1688
1688
1688
4328
2503
1688
1688
4328
4328
2503
2503
2503
1688
4328
468
10805
8022
8022
8022
468
468
10805
10805
8022
5399
5399
468
1940
1940
1940
5399
5399
5399
1940
1940
1940
5399
5399
9633
1940
5399
2504
883
1688
883
8971
1688
1688
883
8971
8971
2503
2503
1688
883
8971
11434
11434
2503
2503
2503
2503
468
1940
1940
1940
1940
9805
9805
7924
5399
1940
1940
1940
1940
7924
7924
5399
9633
1940
1940
7924
5399
9633
2504
5399
2504
883
883
883
8971
883
883
883
8971
11434
2503
883
883
883
3819
3819
3819
3642
3642
3642
3575
3575
3819
3819
3819
3642
3642
3642
3642
6323
1940
1940
1940
9805
7924
6323
6323
6323
1940
7924
6323
6323
1470
6323
1470
883
883
883
8971
883
883
883
3819
3819
4316
4316
3575
3575
3819
3819
3642
13796
3575
3575
3575
3819
3642
3642
13565
13565
3575
3575
3642
3642
3642
6323
6323
1470
7924
6323
6323
1470
6323
1470
883
883
883
3819
4316
3575
3575
3819
4316
3575
3575
3575
13796
3575
3575
3575
13796
13565
13565
3575
3642
13565
13565
9532
3642
3642
6323
1470
6323
1470
883
3575
3575
3575
3575
3575
3575
3575
3575
13565
9532
13565
9532
13565
9532
3642
1470
481
481
481
481
481
481
481
481
481
5005
5005
5005
5005
5005
5005
5005
5005
2227
4951
3373
481
840
7179
481
481
840
481
481
481
840
481
481
481
5395
481
5005
5005
5395
5005
5005
5005
5395
5005
5005
5005
6826
5177
5177
5013
2227
4951
3373
4951
4951
3373
3373
481
840
840
7179
11031
481
481
840
840
7179
481
481
481
5395
5395
481
481
5005
5005
5395
6826
5005
5005
5005
5005
6826
6826
5177
5177
5177
9519
5641
5177
5177
5013
2227
4951
7311
4951
4951
3373
3373
4951
4951
473
3373
3373
3373
481
840
473
5861
7179
11031
11031
481
481
5395
6826
6826
819
11031
481
5005
5005
6826
6826
6826
819
5177
5177
5177
9519
9519
5641
5177
5177
5177
12739
5013
5177
5177
5013
2227
473
7311
473
473
3373
7311
473
473
473
3373
3373
3373
473
473
5861
5861
3373
3373
3373
3373
473
5861
5861
5861
5861
819
13351
13351
9113
2693
9519
9519
9519
5641
819
9113
9113
2693
12739
9519
5641
6009
9113
2693
12739
5013
6009
2693
5013
2227
473
12975
473
473
7311
12975
473
473
5861
3373
3373
8985
473
5861
5861
5861
12340
12340
10685
3306
6991
6991
6991
6991
12340
12340
12340
2693
2693
2693
6991
5641
819
13351
9113
2693
2693
2693
5013
819
9113
2693
2693
2693
6009
2693
2693
2685
473
12975
473
473
8985
8985
473
5861
5861
8985
8985
8985
6991
6991
6991
10685
10685
3306
10946
6991
6991
12340
10685
3306
3306
3306
4100
12340
12340
2693
2693
2693
2693
819
9113
2693
2693
2693
6009
2693
2693
2685
473
8985
473
5861
8985
8985
6991
6991
8985
8985
10946
4100
10685
3306
10946
4100
10685
3306
3306
3306
10685
3306
3306
3306
12340
2693
2693
2693
819
2693
2693
2685
473
8985
4100
8985
4100
8985
4100
3306
4100
3306
3306
3306
3306
3306
3306
2693
2693
2685
2222
3636
4731
6827
4731
6827
4731
6827
4018
7017
4018
7017
4018
7017
4018
6012
4018
2429
2222
3636
7179
2222
9879
3636
4731
4731
12629
6827
4731
4731
12629
6827
4731
4018
7017
7017
4018
4018
7017
6012
4018
4018
7017
6012
4018
4018
5534
2429
5029
3471
2222
3636
2222
2222
9879
3636
7179
7179
2222
9879
9879
3636
7576
4731
4731
12629
7017
6012
4731
4731
4018
7017
7017
6012
4018
4018
4018
7017
11462
6012
4018
4018
4018
5534
5534
2429
5029
5029
5534
3471
5029
8109
2222
3636
2222
2222
9879
501
7179
2222
2222
9879
2139
501
7179
7179
7179
2222
9879
2139
7557
6012
7576
7576
4731
4018
7017
11462
11462
6012
7576
929
4018
4018
5534
5534
5534
2429
929
5029
5029
5534
5534
3471
5029
5029
8109
3471
5029
8109
2139
501
2222
2139
2139
501
2222
2222
2139
2139
2139
7557
7179
7179
2222
2139
2139
7557
7557
7557
819
819
819
819
819
5534
5534
5534
5534
2243
13715
13715
929
929
5534
5534
5534
3471
929
929
929
8109
5534
3471
929
929
8109
8109
929
8109
2139
501
10012
2139
2139
501
2222
10012
2139
2139
7557
7557
819
819
10012
2139
6052
6052
6052
2243
819
819
819
2227
2227
6052
6052
4732
819
819
819
819
6825
2227
5534
3471
13715
929
929
6825
6825
3471
929
929
6825
2428
929
2428
2139
501
10012
2139
2139
7557
10012
10012
2139
6052
6052
2243
6009
11965
2227
2227
6052
4732
819
6009
2227
2227
2227
4732
819
819
6009
7127
2227
2227
819
819
819
6825
6825
2428
929
929
6825
2428
929
2428
2139
501
10012
2139
6052
2243
11965
2227
2227
4732
11965
2227
2227
2227
6009
2227
2227
2227
6009
6009
7127
2227
819
6009
7127
7127
819
819
6825
2428
929
2428
2139
2243
2227
2227
2227
2227
2227
2227
2227
2227
6009
7127
6009
7127
6009
7127
819
2428
3636
5216
6827
5216
6827
5216
6827
5216
6827
3134
6997
3134
6997
3134
6997
3134
6012
7329
3636
5706
3636
3636
7145
8108
6827
6827
5216
13359
6827
6827
5216
13359
6827
8132
3134
6997
6997
8132
3134
6997
6997
6012
3134
6997
6012
6012
11036
8845
6770
7329
3636
5706
3636
3636
5706
5706
3636
3636
3636
7145
8108
8108
6827
6827
6827
7145
8108
13359
6827
8132
6012
5216
6997
6997
6997
6012
6012
3134
6997
6997
6012
6012
6012
11036
13425
8845
6770
6770
11036
8845
7329
7329
3636
7118
3636
3636
5706
5706
3636
3636
501
5706
5706
5706
3636
3636
501
6012
7145
8108
8108
8108
6827
6012
6012
6012
7145
8108
6759
6997
6012
6012
6012
6012
6759
6759
13425
8845
6770
6770
6770
6759
13425
8845
8845
6770
11036
8845
7329
7329
501
7118
501
501
5706
7118
501
501
501
5706
5706
5706
501
501
10784
10784
5706
5706
5706
5706
501
3620
3620
3620
3620
8926
8926
8926
6759
6759
6770
6770
6770
6770
8926
6759
6759
6759
8845
6770
6770
6759
6759
6759
8845
7329
6759
6759
7329
6759
501
807
501
501
807
807
501
501
10784
5706
807
807
501
3620
3620
3620
7968
7968
7968
3888
3620
3620
3620
3620
7968
7968
7968
3888
3888
3620
3620
3620
8926
8926
6759
6759
11008
8845
6770
6759
6759
6759
11008
7119
6759
6759
7119
6759
501
807
501
501
807
807
501
3620
3620
9730
10633
7144
3620
3620
3620
7968
9730
3888
7144
3620
3620
7968
7968
3888
3888
3888
3620
7968
7968
3888
3888
3888
3888
8926
6759
6759
11008
7119
6759
6759
7119
6759
501
807
501
3620
10633
7144
3620
3620
10633
7144
7144
3620
9730
3888
7144
7144
9730
3888
3888
3888
7968
3888
3888
3888
7968
3888
3888
3888
6759
6759
7119
6759
501
7144
3620
7144
7144
7144
7144
3888
7144
3888
3888
3888
3888
3888
3888
3888
3888
6759
972
5216
5216
5216
3134
3134
3134
3134
3134
972
972
4002
972
9410
5216
5216
9410
5216
5216
9410
5216
3134
13829
3134
3134
13829
3134
3134
3556
3134
3134
3556
9528
1236
972
972
4002
972
972
13794
4002
4002
972
9410
9410
7145
5216
5216
9410
9410
5216
5216
3134
13829
3556
3134
3134
3134
3556
3556
3134
3134
3134
3556
3556
11036
9528
5159
1236
9528
8599
972
972
972
972
972
13794
4002
4002
972
972
13794
6073
4002
4002
4002
972
9410
3556
3556
7145
7145
5216
3134
3556
3556
3556
7145
3134
3134
3134
3556
3556
3556
10787
11036
9528
5159
5159
1236
11036
9528
9528
1236
9528
8599
972
972
972
972
972
6073
4002
972
972
972
6073
4729
4002
4002
4002
972
972
4729
4729
4729
4002
4002
4002
4002
972
3556
3556
3556
3556
12491
12491
10787
9528
5159
5159
5159
1236
10787
10787
9528
9528
5159
1236
10787
9528
9528
8599
9528
8599
7155
6073
972
7155
6073
6073
972
972
7155
6073
4729
4729
4002
4002
972
7155
976
4729
4729
4729
10316
10316
10316
10316
976
976
10642
10642
9124
10316
10316
10316
7977
7977
976
5159
1236
12491
10787
9759
9759
9528
1236
10787
9759
9759
8599
9759
9413
7155
6073
7155
7155
6073
4729
2539
7155
7155
976
4729
4729
10316
13755
13867
976
976
10642
9124
10316
10316
13755
976
976
976
9124
10316
10316
10316
7977
7977
976
976
10316
10316
7977
7977
7977
7977
10787
9759
9759
9413
9759
9413
7155
6073
2539
7155
976
4729
2539
13867
976
976
9124
2539
13867
976
976
976
12497
13755
976
976
976
10316
13755
7977
7977
976
10316
10316
7977
7977
7977
10316
7977
7977
7977
9759
9413
2539
976
2539
976
976
2539
976
976
2539
976
976
12497
976
976
12497
7977
7977
12497
7977
7977
10316
7977
7977
7977
7977
976
976
976
976
976
1594
1594
1594
1594
342
3872
3872
3872
3872
4620
4620
4620
3999
342
4323
342
342
3872
3872
10641
3872
3872
10641
3872
3872
4620
11592
4620
4620
11592
4620
4620
11579
3999
7960
3999
3999
342
9195
342
342
4323
4323
342
342
342
4323
3872
3872
10641
4620
3872
3872
3872
4620
4620
3872
11592
4620
4620
7960
11579
11579
3999
7960
7960
11579
3999
3999
8941
3999
3999
342
9731
342
342
9195
9195
342
342
342
4323
4323
4323
342
342
342
4040
4323
4323
3872
3872
4620
7960
7960
4323
3872
11579
3999
7960
7960
7960
10026
11579
3999
3999
8941
8941
11579
3999
3999
3999
3999
3999
342
9731
342
3897
9195
9731
342
3897
3897
9195
9195
9195
342
3897
4040
4040
4323
4323
4323
4323
342
4040
4040
4040
4040
10521
10521
10026
3999
3999
8941
8941
8941
10026
10026
3999
3999
3999
8941
10026
3999
3999
3999
3999
3999
3897
10814
3897
3897
9731
10814
3897
3897
4040
9195
2539
2539
2539
4040
4040
4040
14266
14266
12497
2539
9411
9411
9411
8174
10521
10521
10521
7981
7981
3999
8941
8174
10521
10026
7981
7981
3999
3999
10026
7981
7981
3999
7981
7981
3897
10814
3897
3897
2539
2539
2539
4040
4040
2539
2539
2539
9411
9411
8174
12497
12497
2539
10714
9411
8174
14266
12497
11493
11493
10714
5741
10521
10521
7981
7981
7981
7981
10026
7981
7981
7981
7981
7981
3897
2539
2539
4040
2539
2539
9411
8174
2539
2539
10714
5741
12497
2539
10714
5741
12497
11493
11493
5741
12497
11493
11493
9885
10521
7981
7981
7981
7981
7981
2539
2539
5741
2539
5741
2539
5741
2539
5741
11493
9885
11493
9885
11493
9885
7981
7981
1138
2908
6070
6218
7333
6218
7333
6218
7333
4960
8263
4960
8263
4960
8263
4960
5396
628
1138
2908
2908
6070
3266
2908
10791
6070
3266
6218
10791
7333
6218
6218
10791
7333
6218
4960
8263
8263
4960
4960
8263
5396
4960
4960
8263
5396
628
628
9393
628
1138
2908
2908
6070
6062
2908
2908
11756
6070
3266
3266
2908
10791
10791
6070
3266
3266
6218
10791
8263
5396
3266
6218
4960
8263
8263
5396
4960
4960
4960
8263
12341
5396
628
628
628
9393
9393
628
628
9393
628
1138
2908
2908
6070
2908
2908
2908
11756
3652
6062
6062
2908
2908
11756
3652
3652
3266
3266
3266
2908
10791
3652
4138
4138
3266
3266
3266
4960
8263
12341
12341
5396
403
403
628
628
9393
9393
9393
628
628
628
9393
9393
628
628
11912
628
1138
2908
2908
3652
2908
2908
2908
3652
3652
6062
2908
2908
2908
3652
3652
4138
6062
6062
6062
2908
2908
3652
4138
4138
4138
403
403
403
403
403
4138
4138
4138
4138
403
403
403
628
9393
9393
9393
403
6018
628
11912
9393
6018
628
11912
628
1843
4963
3652
3652
2908
8592
3652
3652
3652
2908
2908
8592
3652
3652
4138
4138
636
636
636
8592
3652
4138
4138
4138
636
636
636
636
4197
11666
11666
11666
403
403
403
403
4197
4197
9393
403
403
4378
4378
4378
6018
4378
4378
4378
1843
4963
3652
3652
4963
8592
3652
3652
4138
1072
8592
8592
3652
4138
4138
636
9316
13859
13514
11666
11666
636
636
9316
4197
13514
11666
636
636
636
4197
4197
4197
403
403
403
4197
4197
403
4378
4378
4378
1843
4963
3652
3652
1072
8592
3652
4138
1072
13859
13514
11666
1072
13859
13514
13514
8418
9316
4197
13514
636
9316
4197
4197
636
636
4197
4197
403
403
4197
4378
1843
1072
3652
1072
13514
1072
13514
1072
13514
8418
4197
8418
4197
8418
4197
636
4197
403
1138
1138
4876
4330
4876
4330
4876
4330
4876
1851
7284
1851
7284
1851
7284
1851
4483
1138
1138
2724
1138
1138
1138
2724
4876
7636
4330
4876
4876
7636
1851
4876
4876
7284
1851
11013
7284
7284
1851
11013
7284
7284
9924
8288
4483
6084
4483
1138
1138
6990
1138
1138
1138
2724
2724
1138
1138
1138
1138
2724
2724
4876
7636
7284
1851
2724
4876
4876
7284
7284
9924
4876
11013
7284
7284
9924
9924
8288
8288
4483
6084
6084
8288
4483
4483
4483
1138
1138
8523
1138
1138
1138
6990
6990
1138
1138
1138
3433
2724
2724
2724
1138
1138
1138
6217
3433
2724
2724
2724
4876
7284
9924
9924
9924
2724
2724
8288
4483
6084
6084
6084
8288
8288
4483
4483
6084
8288
4483
4483
4483
1138
8377
8523
1138
8377
8377
6990
8523
1138
8377
6217
3433
6990
6990
6990
1138
6217
6217
6217
3433
1133
1133
1133
1133
1072
1375
1375
1375
1375
6661
6661
6661
4329
4483
6084
6084
6661
11667
4329
4483
4483
11667
4329
4483
4329
4963
8377
4963
4963
8377
3433
4963
4963
4963
6217
6217
3433
1133
1072
1072
1072
1375
1375
1375
1133
1133
1133
1072
1375
1375
1375
1133
1133
1133
1133
4329
1375
1375
6661
6661
4329
4329
4329
11667
4329
4329
4329
4963
8377
4963
4963
6217
3433
1072
1072
1072
1375
1375
1072
1072
1072
1375
1375
1133
8418
1072
13001
1375
1133
1133
4908
4908
4908
1133
1133
1133
4329
4329
6661
4329
4329
4329
4963
3433
1072
1072
1375
1072
1072
1375
1072
1072
13001
8418
1072
13001
8418
4908
4908
1133
4908
4908
1133
1133
4329
4329
1072
1072
1072
1072
1072
4908
4908
4908
1133
2685
2685
2685
2685
2685
2685
2685
2685
2685
8309
5013
8309
5013
8309
5013
2099
2099
2099
6054
6070
2685
6054
7068
2685
2685
13215
2685
2685
2685
13215
2685
2685
2685
5013
2685
8309
5013
5013
8309
8309
5013
5013
2099
2099
2099
4996
2099
2099
2107
2099
6054
6070
6054
6054
6070
6070
2685
6054
6054
7068
7068
2685
2685
13215
5013
7068
2685
2685
2685
5013
5013
2685
2685
8309
5013
5013
5641
2099
2099
2099
2099
4996
4996
2099
2099
2099
4996
4996
2099
2099
2107
2099
6054
7333
6054
6054
6070
6070
6054
6054
4100
6070
6070
6070
2685
6054
4100
5641
7068
7068
7068
2685
2685
5013
5641
5641
1843
3645
2099
2099
2099
4996
4996
4996
1843
2099
2099
2099
4996
4996
4996
2099
2099
2099
13720
2107
2099
2099
2107
2099
4100
7333
4100
4100
6070
7333
4100
4100
4100
6070
6070
6070
4100
4100
8661
8661
3645
3645
3645
3645
2099
3267
3267
3267
3267
1843
3645
3645
3645
2099
4996
4996
4996
4996
1843
3645
7041
2099
13720
4996
4996
7041
7041
2099
13720
2107
7041
2099
2107
1556
4100
9459
4100
4100
7333
9459
4100
4100
8661
6070
5396
5396
3267
3267
3267
3267
12938
12938
7638
4426
3267
3267
3267
3267
3645
3645
3645
3645
4426
3267
3267
3267
1843
3645
3645
7041
7649
7649
2107
1843
7041
7041
7649
2107
7041
7041
7649
1556
4100
9459
4100
4100
5396
5396
3267
3267
3267
5396
5396
5396
3267
3267
3267
7638
7638
4426
9169
3267
3267
12938
7638
4426
4426
4426
3267
3645
3645
3645
4426
4426
4426
1843
3645
7041
7649
7649
7041
7041
7649
1556
4100
5396
3267
3267
5396
5396
3267
3267
5396
5396
9169
3267
7638
4426
9169
9169
7638
4426
4426
4426
7638
4426
4426
4426
3645
3645
4426
4426
1843
7041
7649
1556
3267
5396
3267
5396
9169
5396
9169
4426
9169
4426
4426
4426
4426
4426
4426
3645
4426
1556
1074
1074
1074
1074
1074
1742
1742
1742
1742
389
1074
2756
1074
1074
2756
1074
1074
2756
1074
1074
2756
1074
1074
3587
5877
5877
3587
5877
5877
3587
5877
5877
3587
2028
4787
1354
2028
3463
5052
5420
1074
9703
2756
5420
1074
1074
11759
2756
1074
1074
1074
11759
2756
1074
1074
1074
9562
3587
1074
5877
5877
9562
3587
5877
5877
5877
4787
4787
2028
5877
4787
4787
1354
2028
7508
2617
2028
3463
5052
3463
3463
9703
5052
5420
5420
1074
9703
9703
2756
5420
5420
1074
1074
11759
9562
3587
5420
1074
1074
1074
9562
4787
4787
1074
1074
5877
5877
4787
4787
4787
2028
5877
5877
4787
4787
4787
1354
2028
10822
7508
7508
2617
2028
7508
7508
2028
3463
5052
3463
3463
9703
4125
9170
3463
3463
9703
4125
821
5420
5420
5420
1074
9703
821
821
821
5420
5420
5420
1074
1074
4787
4787
4787
4787
4424
5420
1074
5877
4787
4787
4787
4787
1354
3707
10822
10822
7508
7508
11222
2617
2028
10822
7508
7508
2617
2028
7508
7508
2028
3463
4125
3463
3463
4125
4125
3463
3463
3463
4125
821
821
9170
9170
3463
3463
821
821
821
821
1843
1843
1843
1843
821
821
821
821
821
821
4424
6197
6197
6197
1504
7508
11222
11222
2617
4424
6197
12753
1504
7508
7508
2617
3707
12753
1504
7508
7508
3707
1504
7508
1258
4125
4125
9540
4125
4125
821
3463
9540
4125
821
821
821
1843
1843
2481
821
821
821
821
821
1843
1843
1843
2481
7736
13654
13654
2172
1843
1843
1843
1504
1504
1504
11222
2172
4424
6197
6197
1504
1504
1504
2617
3707
12753
1504
1504
1504
3707
1504
1504
1258
4125
4125
9540
4125
821
821
2481
2481
821
821
821
821
2481
2481
2481
7736
13654
2172
1843
10527
2481
7736
7736
2172
1843
1843
3293
3293
3293
2172
1843
1843
1504
1504
1504
1504
4424
6197
1504
1504
1504
3707
1504
1504
1258
4125
821
2481
821
821
821
2481
2481
7736
2172
2481
2481
7736
2172
10527
2481
7736
5639
10527
3293
3293
3293
1843
3293
3293
3293
1843
1504
1504
1504
3707
1504
1504
1258
821
821
2481
2172
2481
5639
2481
5639
2481
5639
3293
3293
3293
3293
3293
3293
1504
1504
1258
4330
5338
5338
5338
5338
5338
5338
5338
4204
4204
4204
4204
4204
4204
4204
757
2028
642
4330
8605
5410
4330
5338
5338
11002
5338
5338
5338
13671
5338
5338
4204
13671
4204
4204
4204
9542
4204
4204
757
9542
4204
4204
757
2028
2028
6943
642
2028
4783
4330
8605
4330
4330
10050
8605
5410
5410
4330
5338
5338
5338
11002
11002
5338
5338
4204
757
11002
13671
4204
4204
4204
757
9542
9542
4204
4204
6943
757
2028
2028
2028
6943
6943
642
2028
2028
8415
8415
2028
4783
4330
8605
4330
4330
10050
3240
5410
4330
4330
10050
3434
2749
5410
5410
5410
4330
5338
3434
6943
757
11002
11002
11002
4204
4204
6943
6943
757
4424
2028
2028
2028
6943
6943
6943
642
2028
2028
2028
8415
8415
8415
2028
2028
10456
4783
2028
4783
1851
3240
4330
1851
3434
3240
4330
4330
1851
3434
3434
2749
5410
5410
4330
1851
3434
13002
13002
2749
4424
4424
4424
4424
1071
1071
1071
1071
1071
380
4424
4424
3707
2028
8415
8415
8415
8415
3707
3707
2028
10456
8415
8415
3707
2028
10456
4783
2028
4783
1851
3240
1851
1851
3434
2749
1851
1851
1851
3434
13002
2749
5410
1851
1851
1071
1071
1071
1071
380
9462
9462
3433
2811
1071
1071
1071
1071
4424
4424
4424
2811
2811
1071
1071
1071
4424
3707
3707
9446
9446
4783
3707
3707
9446
4783
3707
5340
1851
3240
1851
1851
3434
2749
1851
1851
1071
1071
1071
380
3433
10762
6955
1071
1071
1071
3433
3433
2811
6955
1071
1071
9462
3433
2811
2811
2811
833
4424
4424
2811
2811
2811
2811
3707
3707
9446
5340
3707
5340
1851
2749
1851
1071
1071
380
10762
6955
1071
1071
10762
6955
6955
833
3433
2811
6955
833
3433
2811
2811
833
3433
2811
2811
2811
4424
2811
2811
2811
3707
5340
1071
380
6955
833
6955
833
6955
833
2811
833
2811
2811
2811
2811
2811
2811
2811
2811
3880
3167
2312
4020
4020
2312
4020
4020
2312
4020
4020
2312
4020
7506
1742
7506
7506
1742
7506
7506
1742
7506
7176
1742
3372
487
1391
3880
3167
4793
3880
3880
3167
4793
4793
4020
4020
4020
2312
8704
4020
4020
4020
2312
8704
4020
7506
7506
1742
13396
7506
7506
7176
1742
13396
7506
7506
7176
1742
13255
3372
3372
487
5054
3470
3372
1391
3880
3167
9883
3880
3880
3167
4793
4793
3880
3880
3880
3167
4793
4793
4793
4020
4020
4020
7176
4793
4793
8704
4020
7506
7506
7176
2312
8704
13396
7506
7506
12235
7176
1742
13255
13255
3372
3372
3372
487
5054
13255
3470
3372
3372
5054
3470
3470
1391
3880
3167
9883
3880
3880
553
13372
9883
3880
3880
553
553
4793
4793
4793
3880
3880
553
6176
818
4793
4793
4793
4793
4020
7506
12235
12235
7176
4443
4443
4181
13255
3372
3372
3372
3372
487
4181
4181
13255
3470
3372
3372
3372
4181
13255
3470
3470
3372
5054
3470
3470
1391
553
553
9883
553
553
553
9883
9883
553
553
553
818
13372
13372
9883
553
553
6176
6176
818
4443
4443
4443
4443
285
285
285
285
285
285
4443
4443
4443
4181
3470
3372
3372
3372
3372
4443
4181
4181
3470
3470
3372
3372
4181
4181
3470
3470
3470
4181
3470
3470
1391
553
553
9184
553
553
553
9184
9184
553
553
6176
818
8376
3406
3406
285
285
285
285
285
8376
8376
8376
3406
285
285
285
285
4443
4443
4443
4181
5140
285
285
285
4443
4443
4181
4181
11888
3470
3372
4181
4181
4181
11888
3470
4181
4181
8391
2231
553
553
9184
553
553
818
3406
3406
285
285
285
285
3406
3406
3406
285
285
285
8376
10171
3406
12242
285
285
8376
8376
5140
5140
5140
285
4443
4443
4181
5140
5140
5140
4443
4181
4181
11888
8391
4181
4181
8391
2231
553
553
3406
285
285
285
3406
3406
285
285
3406
3406
12242
285
10171
3406
12242
7236
10171
5140
5140
5140
8376
5140
5140
5140
4443
4181
5140
5140
4181
4181
8391
2231
285
285
3406
285
3406
7236
3406
7236
3406
7236
5140
5140
5140
5140
5140
5140
4181
5140
2231
2312
2312
2312
2312
1742
1742
1742
1742
757
8605
7202
2312
8605
2312
2312
8693
2312
2312
8693
2312
1742
9465
1742
1742
9465
1742
1742
757
1742
757
757
5054
642
8605
7202
8605
8605
7202
7202
2312
8605
8605
10821
2312
2312
8693
8693
2312
2312
1742
9465
757
1742
1742
1742
757
757
1742
1742
757
757
757
5054
5054
5526
642
5054
9595
8605
9708
8605
8605
7202
7202
8605
8605
3240
7202
7202
7202
2312
8605
757
757
10821
10821
2312
1742
757
757
757
10821
1742
1742
757
757
757
757
5054
5054
5054
5526
5526
642
5054
5054
10820
642
5054
9595
3240
9708
3240
3240
7202
9708
3240
3240
2749
7202
7202
7202
3240
2749
2749
2749
5192
5192
5192
5192
236
757
757
757
757
11699
11699
11699
5054
5526
5526
5526
642
11699
13602
5054
10820
5526
642
13602
5054
10820
9595
5054
9595
3240
10081
3240
3240
9708
10081
3240
2749
2749
5192
236
236
236
2749
2749
2749
5192
5192
2915
236
4792
11730
11730
6100
5192
5192
5192
2915
9899
4792
5526
642
11699
11699
9899
9899
9899
642
13602
9899
9899
2231
9899
2231
3240
10081
3240
2749
236
236
236
2749
2749
236
236
236
4792
11730
6100
2915
2915
236
4792
4792
6100
5192
2915
2915
13044
4792
686
5192
5192
2915
9899
9899
2231
11699
9899
9899
2231
9899
2231
3240
236
236
2749
236
236
4792
6100
236
236
4792
686
2915
236
4792
686
2915
2915
13044
686
2915
2915
13044
6410
5192
2915
9899
2231
9899
2231
236
236
686
236
686
236
686
236
686
2915
6410
2915
6410
2915
6410
2915
2231
2428
2756
2756
2756
2756
3587
3587
3587
3380
2428
5052
2428
3167
2756
2756
11834
2756
2756
11834
2756
2756
9004
3587
3587
9004
3587
3587
7176
3587
3380
7176
3380
1444
2428
2428
2428
3167
5052
5052
2428
3167
3167
5052
2756
2756
11834
9004
2756
2756
2756
9004
7176
2756
3587
3587
7176
7176
3587
3587
3380
7176
7176
12283
3380
3380
1444
3380
3380
2428
2428
2428
3167
10732
2428
2428
3167
3167
5052
5052
5052
2428
3167
818
818
5052
5052
2756
2756
7176
7176
7176
5052
2756
3587
3380
7176
7176
7176
12283
12283
3380
3380
8516
1444
12283
3380
3380
1444
3380
3380
2428
2428
2428
9994
2428
2428
2428
9994
818
10732
10732
2428
2428
818
818
818
4114
4114
4114
4114
818
818
818
818
818
11450
11450
11450
3380
3380
8516
8516
1444
11450
12791
3380
3380
3380
1444
12791
3380
3380
3380
3380
3380
9479
9479
9479
9994
2428
9479
9479
818
818
4114
2428
3471
818
818
818
818
4114
4114
4114
2429
2429
13801
13801
2165
4114
4114
4114
4017
4017
2429
8516
1444
11450
11450
4017
4017
3380
1444
12791
4017
4017
3380
4017
4017
9479
9479
9479
818
3471
3471
818
818
818
3471
3471
2429
2429
13801
2165
4114
4732
2429
2429
2429
2165
4114
4114
4732
8312
2429
2165
4114
4114
4017
4017
4017
4017
11450
4017
4017
4017
4017
4017
9479
3471
818
818
3471
2429
2429
2165
3471
2429
2429
2165
4732
2429
2429
2429
4732
4732
8312
2429
4114
4732
8312
8312
4114
4017
4017
4017
4017
4017
818
2429
2165
2429
2429
2429
2429
2429
2429
4732
8312
4732
8312
4732
8312
4017
4017
861
861
7564
8080
7564
8080
7564
8080
892
2340
892
2340
892
2340
892
2340
892
861
861
5762
861
861
861
5762
7564
12375
8080
7564
7564
12375
2340
7564
892
12326
2340
892
892
12326
2340
892
892
12092
7120
892
892
3339
7558
861
861
1125
861
861
861
5762
5762
861
861
861
861
5762
5762
7564
12375
12326
2340
5762
7564
892
12326
12092
7120
892
892
892
12092
12092
7120
892
892
892
3339
3339
11788
7558
3339
7558
861
861
1125
861
861
861
7158
1125
861
861
861
6344
5762
5762
5762
861
861
861
6344
6344
5762
5762
5762
892
12092
12092
12092
7120
5762
892
892
892
3339
3339
3339
11788
11788
7558
3339
3339
11788
7558
7558
7558
861
7223
1125
861
7223
7223
1125
1125
861
7223
6344
6344
7158
7158
1125
861
6344
6344
6344
6344
1411
1411
1411
1411
861
3339
3339
3339
3339
10592
10592
10592
7558
3339
3339
3339
10592
12253
7558
7558
3339
12253
7558
7558
7558
6531
7223
6531
6531
7223
6344
1125
6531
6531
6344
6344
6344
1411
1125
2565
2565
3728
3728
3728
1411
1411
1411
2565
3728
3728
3728
1411
1411
1411
1411
8079
3339
3339
10592
10592
8079
8079
7558
12253
8079
8079
8079
6531
7223
6531
6531
6344
6344
2565
2565
2565
3728
3728
2565
2565
2565
3728
3728
1411
6981
2565
13970
3728
1411
1411
6981
8349
8349
1411
1411
1411
8079
8079
10592
8079
8079
8079
6531
6344
2565
2565
3728
2565
2565
3728
2565
2565
13970
6981
2565
13970
6981
6981
8349
1411
6981
8349
1411
1411
8079
8079
2565
2565
2565
2565
2565
6981
6981
6981
1411
447
1251
447
1251
447
1251
447
1251
447
7574
4764
7574
4764
7574
4764
3168
3168
1255
6956
4892
1747
447
10675
1251
447
447
10675
1251
447
447
10675
1251
447
447
7574
7574
4764
4764
7574
3168
4764
4764
3168
3168
4764
3168
3168
1255
4930
6828
6956
4892
1747
6956
10841
4892
1747
1747
447
10675
10675
1251
11757
447
447
10675
7574
3168
447
447
447
7574
3168
3168
447
4764
4764
3168
3168
3168
4764
4764
3168
3168
3168
1255
4930
4930
10786
6828
4930
9422
6956
4892
6956
6956
10841
4892
1747
1747
6956
10841
5522
5522
1747
1747
1747
447
10675
3168
3168
3168
11757
11757
447
447
3168
3168
3168
3168
6441
447
4764
3168
3168
3168
3168
1255
4930
4930
4930
10786
11818
6828
4930
4930
10786
6828
4930
9422
5522
5522
6956
5522
5522
5522
1747
6956
5522
5522
5522
8240
1747
1747
1747
5522
5522
10410
10410
8240
1747
1747
1747
1747
447
3168
3168
3168
3168
1255
6441
6441
6441
4930
10786
11818
11818
6828
6441
8239
4930
10786
10786
6828
8239
4930
10786
9422
4930
9422
5522
5522
11665
5522
5522
5522
6956
11665
5522
5522
10410
8240
1747
1747
11259
4191
10410
10410
10410
1378
10869
10869
5519
2299
4191
12359
12359
1378
6441
6441
6441
2299
2299
2299
11818
1378
6441
6441
8239
13500
10786
6828
8239
8239
13500
9422
8239
10677
5522
5522
11665
5522
5522
8240
11259
11259
4191
10410
10410
1378
5519
11259
4191
4191
12359
1378
5519
5519
2299
4191
4191
1378
10869
5519
2299
2299
2299
1378
6441
6441
2299
2299
2299
2299
6441
8239
13500
10677
8239
10677
5522
5522
11259
4191
10410
1378
11259
4191
4191
1378
11259
4191
4191
1378
5519
2299
4191
1518
5519
2299
2299
1518
5519
2299
2299
2299
6441
2299
2299
2299
8239
10677
4191
1378
4191
1378
4191
1518
4191
1518
2299
1518
2299
2299
2299
2299
2299
2299
2299
2299
2566
2344
5780
2566
2566
5780
2566
2566
5780
2566
2566
5780
2566
3635
1423
3635
3635
1423
3635
3635
1423
3635
3635
1423
3635
3076
2767
4540
2344
6796
2566
2566
2344
8443
9366
2566
2566
2566
5780
13904
2566
2566
2566
5780
13904
2566
3635
3635
1423
11823
3635
3635
3635
1423
11823
3635
3635
4101
1423
8266
3635
7123
3076
8266
8266
5707
2767
4540
2344
6796
4540
4540
2344
6796
6796
2566
2566
2566
2344
8443
9366
9366
2566
2566
2566
3635
8443
9366
13904
2566
3635
3635
4101
5780
11823
11823
3635
3635
7123
4101
1423
8266
8266
3635
7123
7123
3076
8266
8266
8266
11035
11035
8266
8266
5707
2767
4540
2344
9641
4540
4540
677
6796
6796
4540
4540
677
677
6796
6796
6796
2566
2566
677
7123
4101
8443
9366
9366
9366
2566
3635
7123
7123
4101
7979
7979
1749
8266
3635
7123
7123
7123
3076
1749
1749
8266
8266
11035
11035
11035
1749
8266
8266
12111
5707
8266
8266
5707
2767
677
677
9641
677
677
677
6796
9641
677
677
677
7798
6796
6796
6796
677
677
11867
11867
7798
6796
6796
6796
6796
677
3782
3782
3782
3782
2677
7979
7979
7979
1749
1749
11035
11035
11035
11035
7979
1749
1749
1749
12111
11035
11035
1749
1749
1749
12111
5707
1749
1749
5707
1749
677
677
1420
677
677
677
1420
1420
677
677
11867
7798
6796
1420
1420
677
3782
3782
3782
2677
9178
9178
5607
4760
3782
3782
3782
3782
7979
7979
7979
1749
4760
3782
3782
3782
7979
7979
1749
1749
13324
12111
5707
1749
1749
1749
13324
4218
1749
1749
4218
1749
677
677
1420
677
677
7798
1420
1420
677
3782
3782
2677
5607
11748
6064
3782
3782
3782
5607
5607
4760
6064
3782
3782
9178
5607
4760
4760
4760
3782
7979
7979
1749
4760
4760
4218
7979
1749
1749
13324
4218
1749
1749
4218
1749
677
677
1420
677
3782
2677
11748
6064
3782
3782
11748
6064
6064
3782
5607
4760
6064
6064
5607
4760
4760
4760
5607
4760
4760
4760
7979
1749
4760
4218
1749
1749
4218
1749
677
2677
6064
3782
6064
6064
6064
6064
4760
6064
4760
4760
4760
4760
4760
4760
1749
4218
1749
1251
5780
5780
5780
1423
1423
1423
1423
534
1251
4892
1251
5970
5780
5780
11260
5780
5780
11260
5780
1423
12624
1423
1423
12624
1423
1423
534
1423
534
534
6130
1468
1251
1251
1251
5970
4892
4892
1251
5970
5970
8443
5780
5780
11260
11260
5780
5780
1423
12624
534
1423
1423
1423
534
534
1423
1423
534
534
534
13182
6130
6130
1468
6130
6130
1251
1251
1251
5970
4892
1251
1251
5970
5970
4892
4892
4892
1251
5970
534
534
8443
8443
5780
1423
534
534
534
8443
1423
1423
534
534
534
534
5300
13182
6130
6130
6324
1468
13182
6130
6130
1468
6130
6130
1251
1251
1251
7182
1251
1251
1251
7182
1746
4892
4892
1251
1251
1746
1746
1746
4892
4892
4892
4892
534
534
534
534
534
13244
13244
5300
5300
6130
6324
6324
1468
5300
5300
5300
6130
6130
1468
5300
5300
6130
6130
5300
6130
7182
9171
7182
7182
1251
9171
7182
1746
1746
4892
1251
7728
1255
1746
1746
1746
7970
7970
7970
1255
1255
11758
11758
4212
7970
7970
7970
5300
7943
1255
6324
1468
13244
5300
5300
7943
6130
1468
5300
5300
7943
6130
5300
7943
7182
9171
7182
1746
7728
7728
1255
1746
1746
7728
7728
1255
1255
11758
4212
7970
8240
1255
1255
1255
4212
7970
7970
8240
9188
1255
1255
7970
7970
5300
7943
7943
7943
5300
5300
7943
7943
5300
7943
7182
7728
1255
1746
7728
1255
1255
4212
7728
1255
1255
1255
8240
1255
1255
1255
8240
8240
9188
1255
7970
8240
9188
9188
7970
5300
7943
7943
5300
7943
1255
1255
1255
1255
1255
1255
1255
1255
1255
8240
9188
8240
9188
8240
9188
5300
7943
2281
8080
8080
8080
2340
2340
2340
2340
499
2281
2344
2281
2281
2875
8080
8878
8080
8080
8878
8080
2340
7707
2340
2340
7707
2340
2340
499
2340
499
499
7120
1380
2281
2344
2281
2281
2344
2344
2281
2281
2281
2875
2875
8080
8878
7707
2875
8080
2340
7707
499
2340
2340
2340
499
499
2340
2340
499
499
499
7120
7120
2564
1380
7120
2414
2281
13376
2281
2281
2344
2344
2281
2281
2281
2344
2344
2344
2281
2281
499
499
2875
2875
2875
2340
499
499
499
2875
2340
2340
499
499
499
499
7120
7120
7120
2564
2564
1380
7120
7120
10753
1380
7120
2414
2281
13376
2281
4907
2344
13376
2281
4907
4907
2344
2344
2344
2281
4907
5150
5150
2344
2344
2344
2344
499
499
499
499
499
11251
11251
7706
2880
2564
2564
2564
1380
7706
7706
2880
10753
2564
1380
7706
2880
10753
2414
2880
2414
4907
12838
4907
4907
12838
12838
4907
4907
5150
2344
2344
4101
4101
5150
5150
5150
3399
3399
3399
4101
6662
7605
7605
7605
3399
3399
3399
2880
2880
2564
2564
1380
11251
7706
2880
2880
2880
1380
7706
2880
2880
2414
2880
2880
4907
12838
4907
4907
4101
4101
4101
5150
5150
4101
4101
4101
6662
7605
7605
3399
7798
4101
6662
6662
7605
3399
3399
7159
7159
6662
4390
3399
3399
2880
2880
2880
2880
7706
2880
2880
2880
2880
2880
4907
4101
4101
5150
4101
4101
6662
7605
4101
4101
6662
4390
7798
4101
6662
4390
7798
7159
7159
4390
3399
7159
7159
7159
3399
2880
2880
2880
2880
2880
4101
4101
4390
4101
4390
4101
4390
4101
4390
7159
7159
7159
7159
7159
7159
2880
2880
879
879
879
879
524
524
524
524
524
2313
1728
2313
2313
5341
2313
2313
5341
2313
2313
5341
2313
2313
524
8385
7888
524
8385
7888
524
8385
7888
524
2797
2180
9707
1728
4180
2313
10283
1728
4180
2313
2313
10283
5341
2313
2313
2313
10283
524
2313
2313
2313
7888
524
2313
11321
7888
7888
524
8385
11321
7888
2180
2180
2797
2797
2180
2180
2797
2797
9707
1728
5329
9707
12948
1728
4180
4180
2313
10283
10283
1728
4180
4180
2313
2313
10283
7888
524
4180
2313
2313
2313
7888
2180
2180
2313
2313
11321
7888
2180
2180
2180
2797
2797
2797
2180
2180
2180
2797
2797
2797
5543
2797
2797
9707
1728
9707
9707
12948
1728
5329
5329
9707
12948
4827
622
4180
4180
4180
2313
10283
622
622
622
4180
4180
4180
2313
2313
2180
2180
2180
2180
1440
4180
2313
2797
2180
2180
2180
2180
1440
2797
2797
2797
5543
12735
2797
2797
2797
5543
2797
2797
2188
4827
9707
2188
4827
4827
5329
9707
2188
4827
622
622
5329
5329
5329
2188
622
622
622
622
521
521
521
521
185
622
622
622
622
1440
4599
4599
4599
2797
5543
12735
12735
1440
4599
9632
2797
5543
5543
9632
9632
2797
5543
9632
2797
2188
4827
2188
2188
4827
622
2188
2188
2188
622
622
622
521
521
2188
185
622
622
622
521
521
521
185
185
9006
9006
521
521
521
521
1032
185
9006
1440
4599
4599
9632
11307
5543
1440
9632
9632
11307
9632
9632
2188
4827
2188
2188
622
622
2188
2188
185
622
622
4243
12586
185
185
9006
521
4243
185
185
185
521
521
1032
1032
185
521
521
521
1032
1032
1440
4599
9632
11307
9632
9632
2188
622
2188
185
622
12586
185
185
12586
185
185
4243
185
185
4243
1032
1032
521
1032
1032
521
521
1032
1440
9632
185
185
185
185
185
1032
1032
1032
521
879
879
5754
5754
5754
5754
5754
5754
851
2248
851
2248
851
2248
851
2248
851
1013
879
879
9926
879
879
879
7201
5754
5754
5754
7201
5754
5754
2248
7201
851
8150
2248
851
851
8150
2248
851
851
8150
5800
851
851
10548
1013
1240
1240
879
879
8694
879
879
879
9926
9926
879
879
879
879
11312
7201
5754
5754
5754
2248
7201
7201
851
8150
8150
5800
851
851
851
8150
10660
5800
851
851
851
10548
10548
1013
8998
1240
1240
10548
1240
1240
879
879
8694
879
879
879
9926
8694
879
879
879
2484
9926
9926
9926
879
879
879
2484
2484
11312
11312
7201
851
8150
10660
10660
5800
8274
851
851
851
10548
10548
10548
1013
8998
8998
1240
1240
10548
10548
8998
1240
1240
1240
1240
1240
879
7510
8694
879
7510
7510
8694
8694
879
7510
2484
2484
9926
9926
8694
879
2484
2484
2484
2484
1440
1440
1440
1440
851
1649
1649
1649
1649
1013
8274
8274
8274
1240
1240
10548
10548
10548
8274
13486
1240
1240
1240
10548
13486
1240
1240
1240
1240
1240
7510
7510
8385
7510
7510
2484
8385
8385
7510
2484
2484
2484
1440
1440
8385
1649
1649
1649
1649
1649
1440
1440
1440
8514
1649
1649
1649
1649
1440
1440
1440
1440
6616
1240
1649
1649
8274
8274
6616
6616
1240
1240
13486
6616
6616
1240
6616
6616
7510
7510
8385
7510
2484
2484
8385
8385
1649
1649
1649
1649
9799
10130
10130
1649
1649
1649
1440
9799
8514
12407
1649
1649
1440
1440
8514
8514
8514
1649
1440
1440
1440
6616
6616
6616
8274
6616
6616
6616
6616
6616
7510
2484
8385
1649
1649
1649
10130
10130
1649
1649
10130
10130
12407
1649
9799
8514
12407
8940
9799
8514
8514
8252
1440
8514
8514
8252
1440
1440
6616
6616
6616
6616
1649
1649
10130
1649
10130
8940
10130
8940
8514
8940
8514
8252
8514
8252
8514
8252
1440
6616
2799
1728
2799
5341
5620
5341
5620
5341
5620
524
1445
524
1445
524
1445
524
1445
524
923
2799
4178
10547
2799
1728
1728
5620
2799
1728
5341
5620
5620
5341
5341
5620
1445
5341
524
10937
1445
524
524
10937
1445
524
524
7192
7192
524
524
7192
923
823
823
2799
11931
10547
2799
4178
9292
10547
10547
2799
1728
1728
1728
5620
5620
2799
1728
1728
5341
5620
5620
1445
1728
5341
524
10937
7192
7192
524
524
524
7192
7192
7192
524
524
524
7192
7192
923
6651
823
823
923
823
823
2799
11931
10547
2799
4178
11931
10547
10547
2799
4178
9292
9292
10547
10547
10547
3727
1728
1728
1728
1728
5620
3727
3727
3727
1728
1728
1728
524
7192
7192
7192
7192
1728
524
524
524
7192
7192
7192
923
6651
6651
823
823
10117
923
6651
823
823
823
823
823
2799
11931
8518
5095
11931
11931
8518
12413
5095
4178
9292
11931
8518
12413
3727
3727
4178
9292
9292
9292
8518
3727
3727
3727
3727
1728
1728
1728
1728
524
2884
2884
2884
2884
923
5093
5093
5093
823
823
10117
10117
923
5093
11983
823
823
823
923
11983
823
823
823
823
823
4263
8518
8518
5095
8518
8518
8518
12413
3727
4178
8518
8518
8518
3727
3727
3727
4178
9292
1689
8518
2884
2884
2884
2884
1513
9649
13698
13698
1689
1689
2884
2884
2884
2884
5093
5093
5093
1689
2796
823
2884
923
5093
5093
5210
5210
823
823
11983
5210
5210
823
5210
5210
4263
8518
8518
5095
8518
8518
8518
3727
3727
8518
8518
8518
2884
2884
2884
1513
1689
1689
10208
10208
2884
2884
2884
9649
1689
1689
1689
11650
2884
2884
9649
13698
1689
1689
2796
2796
2884
5093
5093
1689
2796
2796
2796
5093
5210
5210
5210
5210
5210
4263
8518
8518
3727
8518
8518
2884
2884
1513
10208
10208
10208
2884
2884
1689
10208
10208
11650
2884
1689
1689
1689
11650
10049
1689
1689
1689
2796
2796
9649
1689
1689
2796
2796
5093
1689
2796
2796
5210
5210
4263
8518
2884
1513
10208
10208
2884
10208
10208
10049
10208
10208
10049
1689
1689
10049
1689
1689
2796
1689
1689
2796
1689
1689
2796
1689
2796
1040
1040
1040
1040
1040
1090
1090
1090
1090
1028
2654
1028
2654
1028
2654
1028
2654
1028
10126
8222
10126
8222
10126
8222
1145
1145
7233
7233
4178
1028
7233
2654
1028
1028
10473
2654
1028
1028
10473
2654
1028
1028
10126
10126
8222
8222
10126
1145
8222
8222
1145
1145
8222
1145
1145
9067
2927
7233
7233
4178
7233
7233
7233
4178
4178
1028
7233
7233
2654
6892
1028
1028
10473
10126
1145
1028
1028
1028
10126
1145
1145
1028
8222
8222
1145
1145
1145
8222
8222
1145
1145
1145
9067
9067
4271
2927
9067
5648
7233
7233
13619
7233
7233
4263
4178
4178
7233
7233
4263
4263
4178
4178
4178
1028
7233
1145
1145
1145
6892
6892
1028
1028
1145
1145
1145
1145
6892
1028
8222
1145
1145
1145
1145
4111
9067
9067
4271
4271
2927
9067
9067
13461
2927
9067
5648
4263
4263
13619
4263
4263
4263
4178
13619
4263
4263
4263
8766
4178
4178
4178
4263
4263
8766
8766
8766
4178
4178
4178
4178
1028
1145
1145
1145
1145
13637
13637
4111
4111
4271
4271
4271
2927
4111
4111
4111
13461
4271
2927
4111
4111
13461
5648
4111
5648
4263
4263
10904
4263
4263
4263
10904
10904
4263
4263
8766
8766
4178
4178
10904
4263
8766
8766
8766
9649
9649
6186
4182
5554
11408
11408
5212
9649
9649
9649
4111
4182
4182
4271
2927
13637
4111
4111
5688
5688
2927
4111
4111
5688
5648
4111
5688
4263
4263
10904
4263
4263
8766
10904
10904
4263
8766
8766
6186
14125
5554
5554
11408
5212
6186
6186
4182
5554
5554
5212
9649
6186
4182
4182
4182
1768
9649
9649
4111
4182
4182
4182
4111
4111
5688
5688
4111
5688
4263
4263
10904
4263
8766
14125
5554
5554
5212
14125
5554
5554
1768
6186
4182
5554
1768
6186
4182
4182
1768
6186
4182
4182
4182
9649
4111
4182
4182
4111
5688
4263
5554
1768
5554
1768
5554
1768
4182
1768
4182
4182
4182
4182
4182
4182
4111
4182
2317
2317
2317
2317
1448
1448
1448
1448
1448
5898
1277
6192
9948
7415
9948
9948
7415
9948
9948
7415
9948
1448
3595
1448
1448
3595
1448
1448
3595
1448
1448
3550
430
430
8480
5898
1277
6192
5898
5898
1277
6192
6192
9948
12956
7415
6192
9948
9948
12956
3595
9948
9948
1448
4675
3595
1448
1448
1448
4675
3550
1448
1448
1448
3550
3550
430
430
430
3550
430
430
10569
5898
1277
8480
8480
5898
5898
1277
6192
6192
5898
5898
5898
1277
6192
6192
6192
9948
12956
4675
3550
6192
6192
9948
1448
4675
3550
3550
6192
1448
1448
1448
3550
3550
3550
430
430
430
430
3550
3550
430
430
430
5070
430
430
10569
5898
1277
8480
14114
5898
5898
1277
8480
8480
8480
5898
5898
5898
5819
6192
6192
6192
5898
5898
3550
3550
3550
6192
6192
6192
6192
1448
3550
3550
3550
3550
6192
6192
430
430
430
3550
3550
3550
4648
430
430
430
5070
6297
430
430
430
5070
430
430
10569
4851
9299
10569
14114
4851
9713
9299
8480
8480
14114
4851
9713
7626
5819
8480
8480
8480
8480
4851
7626
7626
7626
5819
6192
6192
6192
6192
430
3550
3550
3550
3550
9651
9651
9651
4648
430
5070
6297
6297
9651
4648
4648
430
5070
5070
4648
4648
430
5070
4648
430
4851
4851
9299
4851
4851
4851
9713
5819
8480
4851
4851
4851
7626
7626
5819
4676
8480
4851
4851
4851
7626
7626
7626
4676
12588
12588
5618
1275
9295
10185
10185
9651
9651
9651
1275
1275
1275
6297
9651
9651
4648
2655
2655
2655
4648
4648
2655
2655
4648
2655
4851
4851
9299
4851
4851
4851
7626
5819
3891
4851
4851
4851
7626
7626
3219
5618
10950
9295
9295
10185
4676
5618
5618
1275
9295
9295
4676
12588
5618
1275
1275
1275
9651
9651
1275
1275
1275
9651
4648
2655
2655
4648
2655
4851
4851
5819
3891
4851
4851
7626
3891
10950
9295
9295
3219
10950
9295
9295
3219
5618
1275
9295
3219
5618
1275
1275
4676
5618
1275
1275
9651
1275
1275
4648
2655
3891
4851
3891
9295
3891
9295
3891
9295
3219
1275
3219
1275
3219
1275
3219
1275
1275
2654
2654
2654
2654
2654
10143
10143
10143
2079
10569
10291
2654
5818
2654
2654
5818
2654
2654
5818
2654
2654
10143
11936
10143
10143
11936
10143
4460
4689
2079
2079
2444
10569
10569
10569
11606
10291
10291
2654
5818
5818
10291
2654
2654
5818
5818
2654
2654
2654
10143
4460
2654
11936
10143
4460
4460
4689
4689
2079
2079
2079
4689
2444
2079
2444
10569
10569
10569
11606
10941
10569
10569
11606
2058
10291
10291
10291
2654
5818
2058
2270
10291
10291
2654
2654
4460
4460
4460
10291
2654
4689
2079
2079
2079
2079
4689
4689
2444
2079
2079
4689
2444
2444
2444
2058
10569
2058
2058
10569
10569
2058
2058
2058
10941
10941
10569
2058
2058
2270
2270
4676
4676
4676
4676
2058
2079
2079
2079
2079
12582
12582
12406
2444
2079
2079
2079
12406
12406
2444
2444
2079
12406
2444
2444
2444
2058
5232
2058
2058
5232
5232
2058
2058
2270
4676
3219
3891
2058
2270
2270
2270
4676
4676
3219
3219
11661
11661
11661
4676
4676
4676
3219
4453
2079
2079
12582
12406
4453
4453
2444
12406
4453
4453
4453
2058
5232
2058
2058
3891
3891
2058
2270
2270
3219
3891
3891
11661
11661
3219
3219
3219
12403
11661
4676
3219
3219
5646
5646
4676
4676
3219
4453
4453
12406
4453
4453
4453
2058
3891
2058
2270
3891
3891
11661
3891
3891
12403
3219
3219
12403
3219
3219
5646
3219
3219
5646
4676
3219
4453
4453
2058
3891
3891
3891
3219
3219
3219
3219
3219
2799
3093
5351
3093
5351
3093
5351
3093
2251
2251
2251
2251
2251
2251
2251
1212
1212
1212
8953
9870
2799
2799
5351
3093
10543
5351
5351
3093
13905
5351
5351
2251
13905
2251
2251
2251
8829
2251
2251
1212
8829
2251
1212
1212
8829
1212
1212
1212
9620
3078
8953
9870
2799
8953
10308
9870
2799
2799
2799
5351
5351
3093
10543
10543
5351
5351
2251
1212
10543
13905
2251
2251
1212
1212
8829
8829
2251
1212
1212
1212
8829
8829
1212
1212
1212
1212
9620
9620
5617
3078
9620
10901
8953
9870
8953
8953
10308
3589
2799
2799
8953
10308
6360
3589
2799
2799
2799
2799
5351
1212
1212
1212
10543
10543
10543
2251
1212
1212
1212
1212
10543
5944
8829
1212
1212
1212
1212
1212
5944
9620
9620
5617
5617
3078
9620
9620
10901
3078
9620
10901
1445
3589
8953
1445
6360
3589
2799
8953
1445
6360
6360
5945
2799
2799
2799
1445
6360
9018
9018
5945
2799
2799
2799
2799
1212
1212
1212
1212
1212
729
14216
14216
5944
1955
5617
5617
5617
3078
5944
5944
1955
10901
5617
3078
5944
1955
10901
10901
1955
10901
1445
3589
1445
1445
6360
3589
1445
1445
1445
6360
9018
5945
2799
1445
1445
1445
9018
9018
9018
729
5095
5095
5095
1513
10153
11209
11209
9646
5095
5095
5095
1513
1513
1513
5617
3078
14216
5944
1955
1955
1955
3078
5944
1955
1955
1955
1955
1955
1445
3589
1445
1445
6360
5945
1445
1445
1445
9018
9018
729
6353
8393
8393
10153
11209
9646
5095
6353
1513
10153
10153
9646
5095
5095
1513
1513
1513
1828
5095
5095
1513
1513
1513
1513
5944
1955
1955
1955
1955
1955
1445
3589
1445
1445
9018
729
8393
8393
10153
9646
8393
8393
10153
1828
6353
1513
10153
1828
6353
1513
1513
1513
5095
1513
1513
1513
5095
1513
1513
1513
1955
1955
1445
729
8393
1828
8393
1828
8393
1828
1513
1828
1513
1513
1513
1513
1513
1513
1513
1513
1277
1950
8701
1950
8701
1950
8701
1950
4152
4767
4152
4767
4152
4767
4152
4767
1433
7415
3500
1277
1277
8701
1950
7387
8701
8701
1950
13893
8701
8701
1950
13893
4152
4767
4767
4152
4152
4767
4767
4152
4152
4767
9568
1433
1433
9147
1433
1055
7415
3500
1277
7415
11205
3500
1277
1277
1277
8701
8701
1950
7387
7387
8701
8701
4767
4767
7387
13893
4152
4767
4767
9568
4152
4152
4152
4767
13141
9568
1433
1433
1433
9147
9147
1433
1433
5895
1055
1433
3562
7415
3500
7415
7415
11205
1967
1277
1277
7415
11205
1967
1967
1277
1277
1277
1277
8701
1967
4151
4151
7387
7387
7387
4152
4767
13141
13141
9568
7387
1433
1433
1433
9147
9147
9147
1433
1433
1433
5895
9147
1055
1433
1433
5895
1055
1433
3562
1967
1967
7415
1967
1967
1967
1277
7415
1967
1967
1967
4151
1277
1277
1277
1967
1967
4151
4151
4151
1277
1277
1277
1277
1277
4151
4151
4151
4151
12604
12604
6448
1433
5895
9147
9147
1055
6448
6448
1433
5895
5895
1055
6448
1433
5895
3562
1433
3562
1967
1967
3595
1967
1967
1967
3595
3595
1967
1967
4151
4151
1277
1277
3595
1967
4151
4151
4151
9299
9299
5819
3670
6193
6193
6193
6193
9299
9299
9299
2590
2590
2590
6193
1055
12604
6448
2590
2590
2590
1055
6448
2590
2590
2590
2590
2590
1967
1967
3595
1967
1967
4151
3595
3595
1967
4151
4151
5819
10310
10310
6193
6193
6193
5819
5819
3670
11908
6193
6193
9299
5819
3670
3670
3670
6193
9299
9299
2590
2590
2590
2590
6448
2590
2590
2590
2590
2590
1967
1967
3595
1967
4151
10310
10310
6193
6193
10310
10310
11908
6193
5819
3670
11908
7745
5819
3670
3670
3670
5819
3670
3670
3670
9299
2590
2590
2590
2590
2590
1967
10310
6193
10310
7745
10310
7745
3670
7745
3670
3670
3670
3670
3670
3670
2590
2590
2317
2317
7208
3548
7208
3548
7208
3548
2248
4028
2248
4028
2248
4028
2248
516
516
2317
2317
9870
2317
2317
2317
7208
7208
13689
3548
7208
7208
13689
3548
7208
2248
4028
4028
2248
2248
4028
516
2248
2248
516
516
2248
516
516
5800
1013
2317
2317
3093
2317
2317
2317
9870
9870
2317
2317
2317
2317
10942
7208
7208
13689
4028
516
7208
7208
2248
4028
516
516
2248
2248
2248
516
516
516
2248
2248
516
516
516
5800
5800
5959
1428
5800
1013
2317
2317
3093
2317
2317
2317
9870
3093
2317
2317
2317
3082
9870
9870
9870
2317
2317
516
516
516
10942
10942
7208
2248
516
516
516
516
7849
2248
2248
516
516
516
516
4025
5800
5800
5959
8946
1428
5800
5800
5959
1013
5800
1013
2317
12146
3093
2317
12146
12146
3093
3093
2317
12146
3082
3082
9870
9870
3093
2317
3082
3082
3082
3082
3589
3589
3589
3589
516
516
516
516
516
7849
7849
4025
4025
5959
8946
8946
1428
4025
4025
4025
5959
5959
1428
4025
4025
5959
1013
4025
1013
11018
12146
11018
11018
12146
3082
3093
11018
11018
3082
3082
3082
3589
3093
8700
3082
3082
3082
3082
3589
3589
3589
4653
3234
3234
3234
3234
3589
3589
3589
3589
4653
3234
3234
1428
7849
4025
4025
11850
5959
1013
4025
4025
11850
1013
4025
8145
11018
12146
11018
11018
3082
3082
8700
8700
3082
3082
3082
5945
8700
8700
3234
3234
3234
3589
5945
4653
11926
3234
3234
3589
3589
4653
4653
4653
3234
3589
3589
3589
4653
4653
3807
4025
4025
11850
8145
4025
8145
11018
3082
8700
3082
3082
8700
8700
3234
3234
8700
8700
11926
3234
5945
4653
11926
11926
5945
4653
4653
3807
3589
4653
4653
3807
3589
3589
4653
3807
4025
8145
3082
8700
3234
8700
11926
8700
11926
4653
11926
4653
3807
4653
3807
4653
3807
3589
3807
1950
1950
1950
1950
1950
3527
3527
3527
3527
3548
3500
1950
5356
1950
1950
5356
1950
1950
5356
1950
1950
3527
8345
3527
3527
8345
3527
3527
8345
3527
7543
9568
3548
3548
3548
10555
3500
3500
1950
5356
5356
3500
1950
1950
5356
3527
1950
1950
1950
3527
3527
1950
8345
3527
3527
7543
8345
8345
3527
7543
7543
9568
9568
9174
9568
3548
3548
3548
10555
6697
3548
3548
10555
3885
3500
3500
3500
1950
5356
886
886
3500
3500
1950
1950
3527
7543
7543
3500
1950
8345
3527
7543
7543
7543
6683
9568
9568
9174
9174
9568
9568
10765
9568
3548
3548
3548
3885
3548
3548
3548
3885
886
6697
6697
3548
3548
886
886
886
3500
3500
3500
3500
886
886
886
886
886
7524
7524
6683
1711
9174
9174
9174
6683
6683
1711
10765
9174
6683
1711
10765
1711
3885
5224
3885
3885
3548
5224
3885
886
886
6697
3548
5224
886
886
886
886
12812
12812
5896
2289
7255
8699
8699
7524
7524
7524
1711
1711
1711
8699
7524
6683
1711
1711
1711
6683
1711
1711
1711
3885
5224
3885
886
5224
5224
886
886
886
5896
7915
7255
7255
8699
5896
5896
2289
7255
7255
12812
5896
2289
2289
2289
7524
7524
1711
1711
1711
6683
1711
1711
1711
3885
5224
886
886
7915
7255
7255
7915
7255
7255
5896
2289
7255
5896
2289
2289
5896
2289
2289
7524
1711
1711
1711
886
7255
7255
7255
2289
2289
2289
2289
1711
2573
2573
2573
2573
1615
1615
1615
1615
1615
1475
3651
2330
2573
5798
2573
2573
5798
2573
2573
5798
2573
2573
9525
5394
5394
9525
5394
5394
9525
5394
5394
2517
5394
2517
1475
3651
2330
1475
8168
3651
2330
2330
2573
12547
5798
2330
2573
2573
12547
5798
2573
2573
2573
9525
9525
2573
5394
5394
9525
2517
5394
5394
5394
2517
2517
5394
5394
2517
2517
9185
9185
1475
3651
1475
1475
8168
3651
2330
2330
1475
8168
8168
3651
2330
2330
2330
2573
12547
9525
2517
2330
2330
2573
2573
9525
2517
2517
2330
2573
5394
5394
2517
2517
2517
5394
5394
5394
2517
2517
2517
9185
9185
9185
10520
9185
9185
1475
3651
1475
1475
8168
3651
8330
1475
1475
8168
8168
5422
2330
2330
2330
1475
8168
2517
2517
2517
2330
2330
2330
2330
2573
2517
2517
2517
2517
178
178
178
5394
2517
2517
2517
2517
178
6164
9185
9185
10520
10520
5324
9185
9185
12132
9185
9185
1475
9929
1475
1475
9929
9929
1475
1475
1475
9929
5422
5422
8330
8330
1475
1475
5422
5422
5422
5422
178
178
178
178
178
2517
2517
2517
2517
178
178
178
178
2305
10520
10520
10520
178
178
6164
2305
12132
10520
5324
6164
2305
12132
5324
2305
9929
9929
10046
9929
9929
5422
1475
10046
9929
5422
5422
5422
8330
1475
10046
5422
5422
5422
5422
11310
11310
7489
3821
6361
10934
10934
178
178
178
178
2305
2305
10520
178
178
178
2305
2305
2305
178
6164
2305
2305
5324
2305
9929
9929
10046
9929
5422
5422
10046
10046
5422
5422
5422
7489
13638
6361
6361
10934
7489
7489
3821
6361
6361
11310
7489
3821
3821
3821
178
178
178
2305
2305
178
178
2305
2305
5324
2305
9929
5422
10046
5422
5422
13638
6361
6361
13638
6361
6361
7489
3821
6361
7489
3821
3821
7489
3821
3821
178
178
2305
178
2305
5422
6361
6361
6361
3821
3821
3821
3821
178
887
5709
11478
7226
11478
7226
11478
7226
7716
8034
7716
8034
7716
8034
7716
8034
7488
2088
2518
5709
887
887
6773
5709
6363
11478
12198
7226
11478
11478
12198
7226
11478
7716
8034
8034
7716
7716
8034
8034
7716
7716
8034
12036
7716
7488
7488
2088
12553
1439
2518
5709
887
2518
6773
5709
887
887
887
6773
6773
5709
6363
6363
11478
12198
8034
8034
6363
11478
7716
8034
8034
12036
7716
7716
7716
8034
12036
12036
7716
7716
7488
7488
7488
2088
14201
12553
7488
7488
12553
1439
2518
5709
2518
2518
6773
5709
887
887
2518
6773
6773
2663
887
887
887
887
6773
3263
3263
2663
6363
6363
6363
7716
8034
12036
12036
12036
6363
5324
7716
7488
7488
7488
7488
2088
5324
14201
12553
7488
7488
7488
14201
12553
12553
1439
12553
1439
2518
11949
2518
2518
11949
11949
887
2518
2518
11949
3263
2663
887
887
887
2518
3263
3263
3263
2663
887
887
887
887
533
3263
3263
3263
3263
2088
13101
13101
5324
2837
7488
7488
7488
7488
5324
5324
2837
12553
7488
7488
5324
2837
12553
1439
2837
1439
7323
11949
7323
7323
11949
2663
2518
7323
7323
3263
3263
2663
887
887
5079
3263
3263
3263
3263
2663
7550
7550
7550
533
4048
5331
5331
5331
7550
7550
7550
533
533
533
5331
5331
13101
5324
2837
2837
2837
1439
5324
2837
2837
1439
2837
2837
7323
11949
7323
7323
3263
2663
5079
5079
3263
3263
3263
2663
5079
5079
4048
4048
5331
5331
7550
10968
533
4048
4048
5331
7550
7550
533
533
533
4048
7550
7550
533
533
533
533
5324
2837
2837
2837
2837
2837
7323
2663
5079
3263
3263
2663
5079
4048
4048
5331
5079
4048
4048
4048
10968
533
4048
4048
10968
533
533
533
7550
533
533
533
7550
533
533
533
2837
2837
3263
2663
4048
4048
4048
4048
4048
4048
533
4048
533
533
533
533
533
533
533
533
1715
1715
1715
1715
1715
2718
2718
2718
2718
6351
5941
7602
6351
5941
11072
6351
5941
11072
6351
5941
11072
5004
5004
2718
5004
5004
2718
5004
5004
2718
5004
5004
2718
5004
7407
7860
7602
6351
6351
5941
7602
7602
6351
6351
5941
7602
14366
6351
6351
5004
11072
14366
5004
5004
5004
2718
10011
5004
5004
5004
2718
10011
5004
5004
7325
2718
10011
5004
6053
12608
12608
7407
7860
7407
7407
13338
7860
7602
7602
6351
6351
6351
5941
7602
7602
7602
6351
6351
5004
5004
7602
7602
14366
5004
5004
5004
7325
7602
10011
10011
5004
5004
7325
7325
2718
10011
10011
5004
6053
6053
12608
12608
12608
6053
12608
12608
7407
7860
7407
7407
13338
3467
8767
7407
7407
13338
7511
3467
7602
7602
7602
6351
6351
5004
7325
6276
7602
7602
7602
7602
5004
5004
7325
7325
7325
899
899
899
10011
5004
6053
6053
6053
899
6107
12608
12608
6053
6053
6107
12608
12608
14156
12608
12608
4644
3467
7407
4644
7511
3467
7407
7407
4644
7511
7511
6276
8767
8767
7407
4644
7511
13650
13650
6276
899
899
899
899
899
4806
4806
4806
4806
899
899
899
899
6107
6053
6053
6053
899
899
6107
6107
14156
6053
6107
6107
6107
14156
6107
6107
4644
3467
4644
4644
7511
3467
4644
4644
4644
7511
13650
6276
8767
4644
4644
4644
4806
4806
4806
10576
10576
10576
1703
4806
4806
4806
899
899
899
899
1703
1703
4806
899
899
899
6107
7622
7622
899
6107
6107
7622
6107
6107
4644
3467
4644
4644
7511
6276
4644
4644
4644
4806
4806
9200
9200
7339
4806
4806
10576
12176
1703
7339
4806
10576
10576
1703
1703
1703
899
899
899
1703
1703
899
899
6107
7622
6107
6107
4644
3467
4644
4644
4806
9200
7339
4806
9200
7339
7339
12176
1703
7339
12176
1703
1703
10576
1703
1703
899
899
1703
899
6107
4644
7339
7339
7339
1703
1703
1703
1703
899
3651
9187
5798
10166
5798
10166
5798
10166
5090
1615
5090
1615
5090
1615
5090
1615
967
11072
9187
3651
3651
10166
9187
3651
5798
10166
10166
5798
5798
10166
1615
5798
5090
5090
1615
10010
5090
5090
1615
10010
5090
3784
3784
10010
967
3784
967
11072
9187
11072
11072
14218
9187
3651
3651
3651
10166
10166
9187
3651
3651
5798
10166
5090
1615
3651
5798
5090
5090
3784
3784
5798
10010
5090
3784
3784
3784
10010
10010
967
3784
3784
11192
967
967
967
11072
9187
11072
11072
14218
4388
13023
11072
11072
14218
7470
4388
3651
3651
3651
3651
10166
3784
3784
3784
3651
3651
3651
5090
3784
3784
3784
3784
3651
3651
10010
967
3784
3784
3784
6261
11192
967
967
7459
11192
967
967
967
2718
4388
11072
2718
7470
4388
11072
11072
2718
7470
7470
7858
13023
13023
11072
2718
7470
7858
7858
7858
3651
3651
3651
3651
967
3784
3784
3784
3784
12702
12702
6261
967
967
7459
7459
6261
6261
967
967
967
6261
967
967
967
2718
4388
2718
2718
7470
4388
2718
2718
2718
7470
7858
7858
11966
2718
2718
2718
7858
7858
7858
11966
11966
11966
2755
8166
11618
11618
11966
11966
11966
2360
2360
967
7459
12702
6261
2360
2360
967
6261
2360
2360
2360
2718
4388
2718
2718
7470
7858
2718
2718
2718
7858
7858
12247
14113
8166
8166
11618
11966
12247
2755
8166
8166
11966
11966
2755
2755
2755
11966
11966
2360
2360
2360
6261
2360
2360
2360
2718
4388
2718
2718
7858
14113
8166
8166
14113
8166
8166
12247
2755
8166
12247
2755
2755
11966
2755
2755
11966
2360
2360
2360
2718
8166
8166
8166
2755
2755
2755
2755
2360
5709
7573
7226
7573
7226
7573
7226
7573
3957
3957
3957
3957
3957
3957
3957
3957
3957
11457
11457
5709
5709
7573
7573
5709
7226
7573
7573
7226
7226
7573
3957
7226
3957
3957
3957
10495
3957
3957
3957
10495
3957
3957
4049
10495
3957
4049
9379
8188
11457
11457
9886
11457
11457
11457
5709
5709
5709
7573
7573
7573
5709
5709
7226
7573
3957
3957
5709
7226
3957
3957
3957
4049
7226
10495
3957
3957
4049
4049
10495
10495
3957
4049
4049
12129
9379
9379
8188
9379
9379
11457
11457
12860
11457
11457
5894
9886
9886
11457
11457
5894
4998
5709
5709
5709
5709
7573
3957
4049
4049
5709
5709
5709
3957
3957
4049
4049
4049
5709
2663
10495
3957
4049
4049
4049
2663
12129
9379
9379
11819
8188
12129
9379
9379
8188
9379
9379
3561
5894
12860
3561
5894
5894
9886
12860
3561
5894
5894
4998
9886
9886
9886
3561
5894
13832
13832
4998
5709
5709
5709
5709
1437
4049
4049
4049
4049
12001
12001
2663
2663
9379
11819
11819
8188
2663
2663
2663
9379
9379
8188
2663
2663
9379
9379
2663
9379
3561
5894
3561
3561
5894
4998
3561
3561
3561
5894
13832
4998
7254
1713
1713
1713
12362
12362
12362
7254
7254
3042
1437
5590
12362
12362
1427
7254
7254
7254
1437
1437
1437
11819
1427
12001
2663
2663
2785
2785
8188
2663
2663
2785
2785
2663
2785
3561
5894
3561
3561
5894
4998
1713
1713
1713
12362
12362
1713
1713
1713
5590
12362
1427
3042
3042
1437
5590
5590
1427
7254
3042
1437
1437
1437
1427
7254
7254
1437
1437
1437
1437
2663
2663
2785
2785
2663
2785
3561
4998
1713
1713
12362
1713
1713
5590
1427
1713
1713
5590
1427
3042
1437
5590
1651
3042
1437
1437
1437
3042
1437
1437
1437
7254
1437
1437
1437
2663
2785
1713
1713
1427
1713
1651
1713
1651
1437
1651
1437
1437
1437
1437
1437
1437
1437
1437
3973
3973
11074
13329
11074
13329
11074
13329
4976
7635
4976
7635
4976
7635
4976
7635
4976
8732
3973
3973
7860
3973
3973
3973
9359
11074
13329
13329
11074
11074
13329
7635
11074
4976
7635
7635
4976
4976
7635
7635
4976
4976
7635
9224
4976
4976
13213
8732
5180
8732
3973
3973
5941
3973
3973
3973
7860
7860
3973
3973
3973
3973
9359
9359
11074
13329
7635
7635
9359
11074
4976
7635
7635
9224
4976
4976
4976
7635
14362
9224
4976
4976
4976
13213
13213
8732
5180
5180
10627
8732
5180
9762
3973
3973
5941
3973
3973
3973
7860
5941
3973
3973
3973
12428
7860
7860
7860
3973
3973
3973
13774
9224
9359
9359
9359
4976
7635
14362
14362
9224
9359
4976
4976
4976
13213
13213
13213
8732
5180
5180
5180
10627
13213
8732
5180
5180
10627
8732
5180
9762
3973
12428
5941
3973
12428
12428
5941
5941
3973
12428
12428
13647
7860
7860
5941
3973
12428
13774
13774
13647
3467
3467
3467
3467
3467
12496
12496
12496
12496
7391
13964
13964
13693
5180
10627
13213
13213
8732
13693
13693
5180
10627
10627
8732
13693
5180
10627
9762
5180
9762
12428
12428
13625
12428
12428
12428
5941
13625
12428
12428
13774
13647
3467
3467
10788
10788
12496
12496
12496
7391
3467
3467
3467
6276
12496
12496
12496
12496
3467
3467
3467
3467
9180
9180
12496
8732
13964
13693
9180
9180
9180
8732
13693
9180
9180
1389
9180
1389
12428
12428
13625
12428
12428
13647
10788
10788
10788
12496
12496
7391
6276
10788
10788
12496
12496
12496
3467
6276
6276
14396
12496
12496
3467
3467
6276
10047
10047
9955
3467
3467
3467
9180
9180
1389
13693
9180
9180
1389
9180
1389
12428
12428
10788
10788
12496
7391
10788
10788
12496
12496
10788
10788
14396
9955
6276
6276
14396
9955
6276
6276
10047
4157
3467
6276
10047
4157
3467
3467
9180
1389
9180
1389
10788
7391
10788
9955
10788
9955
10788
9955
6276
9955
6276
4157
6276
4157
6276
4157
3467
1389
1715
13666
13666
13666
5503
5503
5503
5503
5503
1715
7324
1715
1715
8157
9840
13666
13666
13983
13666
13666
13983
5503
5503
9044
5503
5503
9044
5503
5503
9044
5503
9953
9224
9953
7324
7324
1715
1715
7324
8157
1715
1715
1715
8157
8157
9840
9840
13666
13666
5503
9840
13983
5503
5503
5503
9044
9044
5503
5503
14329
9044
9044
5503
9953
9953
9224
9224
9953
9953
9224
10430
7324
7324
1715
7324
7324
8157
1715
1715
1715
7324
8157
2186
1715
1715
1715
1715
8157
2186
11064
9840
9840
9840
5503
5503
14329
14329
9840
9044
9044
5503
9953
9953
9953
9224
9224
9224
9953
9953
9953
9224
9224
13981
9953
9224
10430
7324
2186
7324
7324
2186
2186
1715
1715
7324
2186
2186
2186
1715
1715
1715
1715
2186
2186
11064
11064
1715
1715
1715
1715
1715
5037
5037
5037
5037
14317
14317
13647
9224
9953
9953
9953
9953
13647
13647
9224
13981
9953
9953
13647
9224
13981
10430
9224
10430
5087
2186
5087
12117
2186
2186
1715
7324
12117
2186
2186
11064
1715
1715
1715
12105
1826
5037
5037
5037
5505
8685
8685
8685
1826
1826
5037
5037
5037
8685
8685
8685
8685
11066
1826
5037
5037
14317
13647
11116
11116
11116
9953
13647
11116
11116
10430
11116
11116
5087
2186
5087
12117
2186
2186
4384
12105
12105
1826
5037
5037
5505
12105
12105
1826
1826
5037
5037
5505
8685
13948
1826
1826
1826
5037
5505
8685
8685
11066
11066
1826
1826
8685
8685
8685
11066
11066
11066
13647
11116
11116
11116
11116
11116
5087
2186
4384
12105
1826
5037
4384
12105
1826
1826
5037
4384
12105
1826
1826
1826
13142
13948
1826
1826
1826
5505
13948
11066
11066
1826
5505
8685
11066
11066
11066
8685
8685
11066
11066
11116
11116
4384
1826
4384
1826
1826
4384
1826
1826
4384
1826
1826
13142
1826
1826
13142
11066
11066
13142
11066
11066
5505
11066
11066
8685
11066
9187
10446
10446
10446
1615
1615
1615
1615
1615
12599
9187
9187
11822
9187
10446
11822
10446
10446
11822
10446
1615
9148
1615
1615
9148
1615
1615
7803
1615
1615
2287
1712
12599
12200
12599
14304
9187
9187
9187
11822
11822
9187
9187
10446
11822
9148
9187
10446
1615
9148
7803
1615
1615
1615
7803
7803
1615
1615
1615
2287
2287
7546
1712
1712
1712
12599
12599
12599
14304
12200
12200
12599
14304
7469
9187
9187
9187
9187
11822
4998
4998
9187
9187
9187
1615
7803
7803
7803
4388
1615
1615
1615
2287
2287
2287
7546
7546
1712
1712
2287
7546
1712
1712
1712
5087
12599
5087
7469
12200
12599
5087
7469
4998
12200
12200
12200
5087
4998
4998
4998
4388
4388
4388
4388
1615
2287
2287
2287
2287
4388
4388
4388
1712
1712
2287
2287
4388
13327
1712
1712
1712
13327
1712
1712
1712
5087
5087
5087
7469
5087
5087
5087
4998
4998
5505
4384
4384
4384
4998
4998
4998
5505
5505
5505
4384
10600
10600
10600
4388
4388
4388
4388
10243
1712
2287
4388
4388
10243
10243
1712
13327
10243
10243
10243
5087
5087
5087
4998
4384
4384
4384
4998
4998
4384
4384
4384
10600
10600
5505
13142
4384
13386
10600
5505
5505
10940
10940
10940
4388
4388
4388
10243
10243
4388
10243
10243
10243
5087
4384
4384
4998
4384
4384
10600
4384
4384
13386
13142
4384
13386
13142
10940
10940
5505
10940
10940
4388
4388
10243
10243
4384
4384
4384
4384
4384
10940
10940
10940
4388
4260
3494
4744
4744
4744
4744
4744
4744
4744
5225
5225
5225
5225
5225
5225
4919
5225
4474
4260
9131
4260
8252
3494
4744
4744
14284
3494
4744
4744
14284
4744
4744
4744
11370
4744
5225
5225
11370
5225
5225
5225
11370
4919
5225
5225
5884
4919
6103
5884
4474
4260
4260
4260
8252
9131
9131
4260
8252
8252
3494
12430
4744
4744
14284
11370
3494
4744
4744
4744
11370
11370
3494
4744
5225
5225
11370
11679
4919
5225
5225
5225
5884
5884
4919
11182
6103
5884
5884
4919
6103
6103
4474
4260
4260
4260
8252
9131
4260
4260
8252
8252
9131
9131
9131
4260
8252
4083
4083
3494
12430
12430
4744
4744
11370
11679
11679
3135
3271
3271
5225
5225
5884
5884
5884
3135
11182
11182
6103
5884
5884
5884
4919
11182
6103
6103
5884
4919
6103
6103
4474
4260
4260
4260
8940
4260
4260
4260
8940
4083
9131
9131
4260
4260
4083
4083
4083
1237
1237
1237
1237
562
1759
1759
1759
1759
3135
3271
3271
3271
6103
5884
5884
5884
5884
3135
3271
13940
6103
6103
5884
5884
5644
13940
6103
6103
6103
5644
6103
6103
3051
8940
11913
8940
8940
4260
11913
8940
4083
4083
1237
1197
1197
562
1759
1759
1759
1237
1237
1237
562
562
1759
1759
1759
1237
1237
1237
1237
5597
562
1759
1759
3135
3271
3271
6614
6614
6103
5884
3135
13940
6614
6614
6103
5644
6614
6457
3051
8940
11913
8940
4083
1197
1197
562
1759
1759
1197
1197
562
562
1759
1759
1237
4126
562
562
562
1759
1237
1237
4126
5597
562
562
1237
1237
1237
5597
5597
785
3135
3271
6614
6614
6457
5644
6614
6457
3051
8940
1197
562
1759
1197
562
562
1759
1197
562
562
562
4126
562
562
562
4126
4126
5597
562
1237
4126
5597
785
1237
1237
5597
785
3135
6614
6457
3051
562
562
562
562
562
562
562
562
562
4126
785
4126
785
4126
785
1237
785
3051
2001
10965
10965
10965
1779
1779
1779
1779
831
2001
3494
2001
2001
9392
10965
10965
11497
10965
10965
11497
1779
1779
2017
1779
1779
2017
1779
831
2017
831
831
4228
2202
2001
3494
2001
2001
3494
3494
2001
2001
2001
9392
9392
10965
10965
1779
9392
11497
1779
1779
831
2017
2017
1779
831
831
2017
2017
831
831
831
13691
4228
4228
2202
4228
4228
2001
6648
2001
2001
3494
3494
2001
2001
2001
3494
3494
3494
2001
2001
831
831
9392
9392
9392
1779
831
831
831
8378
2017
2017
831
831
831
831
8130
13691
4228
4228
7660
2202
13691
4228
4228
2202
4228
4228
2001
6648
2001
8960
3494
6648
2001
8960
7268
3494
3494
3494
2001
7268
7268
7268
3135
3135
3135
3135
831
831
831
831
831
8378
8378
8130
4228
4228
7660
7660
2202
8130
8130
4228
4228
4228
2202
8130
4228
4228
4228
4228
4228
8960
11915
8960
8960
6648
11915
8960
7268
7268
3135
3135
4919
4919
6886
6886
6886
3135
3135
3135
4919
6886
6886
6886
6886
3135
3135
3135
3135
10789
4228
6886
2202
8378
8130
8130
10789
4228
2202
8130
8130
10789
4228
8130
7673
8960
11915
8960
7268
4919
4919
4919
6886
6886
4919
4919
4919
6886
6886
6886
3135
5644
4919
8794
6886
6886
3135
3135
5644
11900
8794
4612
3135
3135
3135
10789
10789
4198
8130
8130
10789
7673
8130
7673
8960
4919
4919
6886
4919
4919
6886
6886
4919
4919
8794
4612
5644
4919
8794
4612
5644
5644
11900
4198
3135
5644
11900
4198
3135
3135
10789
4198
8130
7673
4919
4919
4612
4919
4612
4919
4612
4919
4612
5644
4198
5644
4198
5644
4198
3135
4198
6560
333
948
333
948
333
948
333
948
333
6425
3809
6425
3809
6425
3809
1559
1559
568
6560
2978
10088
12861
4738
333
1195
948
333
333
1195
948
333
333
1195
948
333
333
6425
6425
3809
3809
6425
1559
3809
3809
1559
1559
3809
1559
1559
568
8143
2923
6560
10088
10088
12861
2978
4738
10088
12916
12861
4738
4738
333
1195
1195
948
13471
333
333
1195
1195
1559
333
333
333
6425
1559
1559
333
3809
3809
1559
1559
1559
3809
3809
1559
1559
1559
568
8143
8143
6919
3832
8143
2923
6560
10088
10088
12861
2978
10088
10088
12916
6588
2978
4738
4738
10088
12916
11812
6588
4738
4738
4738
333
1195
1195
1559
1559
13471
13471
333
333
1559
1559
1559
1559
4528
333
3809
1559
1559
1559
1559
568
6307
8143
8143
6919
6919
3832
8143
8143
12724
2923
8143
2923
5635
10088
5635
6588
10088
10088
5635
11812
6588
2978
4738
10088
5635
11812
10315
10315
2978
4738
4738
4738
5635
10315
10315
10315
10315
4528
4528
4528
4528
333
1559
1559
1559
1559
336
4528
4528
4528
6307
6919
6919
6919
3832
4528
6307
6307
12724
6919
3832
6307
6307
12724
2923
6307
2923
5635
5635
5635
6588
5635
5635
5635
11812
6588
2978
5635
5635
5635
10315
10315
10315
2978
4738
2804
5635
5635
6404
6404
6404
336
6805
6805
6805
2804
1572
6404
6404
6404
336
4528
4528
4528
1572
1572
1572
6404
336
4528
4528
6307
12816
12724
2923
6307
6307
12816
2923
6307
8432
5635
5635
5635
6588
5635
5635
5635
10315
10315
5635
5635
5635
5635
6404
6404
336
2659
2804
9442
8233
6404
6404
336
6805
2804
2804
1572
8233
6404
336
6805
6805
2804
1572
1572
1572
336
4528
4528
1572
1572
1572
1572
4528
6307
12816
8432
6307
8432
5635
5635
5635
6588
5635
5635
5635
6404
336
7795
9442
8233
6404
336
2659
9442
8233
8233
336
2659
2804
1572
8233
7107
2659
2804
1572
1572
1572
6805
2804
1572
1572
1572
4528
1572
1572
1572
6307
8432
5635
5635
5635
336
7795
8233
336
7795
8233
7107
7795
8233
7107
2659
1572
7107
2659
1572
1572
2659
1572
1572
2659
1572
1572
1572
1572
1773
1773
1773
1773
1572
1572
1572
1572
1572
2978
6560
6541
11096
6541
11096
6541
11096
4507
6802
4507
6802
4507
6802
4507
3867
2676
6560
6560
2978
2978
6560
6560
6541
6541
11096
11096
6541
6541
11096
6802
6541
4507
6802
6802
4507
4507
6802
3867
4507
4507
6802
3867
4507
2676
7756
2676
2676
6560
6560
2978
6560
6560
6560
2978
2978
2978
6560
6560
6560
7820
6541
6541
11096
6802
3867
6541
6541
4507
6802
6802
3867
4507
4507
4507
6802
12708
3867
4507
4507
2676
7756
7756
7194
2676
2676
7756
2676
2676
6560
6560
11454
6560
6560
6560
2978
2978
6560
6560
6560
3780
2978
2978
2978
2978
6560
6560
9434
3780
7820
7820
6541
4507
6802
12708
12708
3867
7820
1490
4507
2676
7756
7756
7756
1490
7194
2676
2676
7756
7756
7194
2676
2676
2676
2676
2676
6560
10977
11454
6560
13369
10977
2978
11454
6560
13369
9434
3780
2978
2978
2978
6560
9434
9434
9434
3780
2978
2978
2978
2978
334
6838
6838
6838
6838
9318
9318
1490
334
2676
7756
7756
7756
1490
1490
334
2676
2676
7756
1490
334
2676
2676
334
2676
10275
10977
10275
10275
13369
3780
10275
10275
10275
9434
9434
3780
2978
2659
7795
4945
6838
6838
6838
7195
7195
2659
2659
4945
6838
6838
6838
7195
7195
7195
334
334
334
6838
6838
9318
1490
334
334
334
2676
1490
334
334
334
334
334
10275
10977
10275
10275
9434
3780
7795
7795
4945
6838
6838
2659
7795
4945
4945
6838
6838
2659
2659
2659
4945
4945
6838
7195
2659
2659
9512
4945
4945
7195
7195
334
334
334
334
1490
334
334
334
334
334
10275
3780
7795
4945
6838
7795
4945
4945
6838
7795
4945
4945
4945
2659
2659
4945
4945
2659
2659
9512
4945
2659
2659
9512
5952
7195
334
334
334
334
334
4945
4945
4945
4945
4945
4945
4945
2659
4945
2659
5952
2659
5952
2659
5952
334
334
1181
6552
8748
8748
8748
8748
8748
8748
8748
3153
3153
3153
3153
3153
3153
3153
706
706
6552
7872
1181
6552
6552
9515
11274
8748
8748
11265
8748
8748
8748
11265
8748
8748
3153
8835
3153
3153
3153
8835
3153
3153
3153
3867
706
706
706
3867
706
706
7872
7872
6552
6552
7872
9515
1181
6552
6552
6552
9515
9515
11274
13064
8748
8748
11265
8835
11274
8748
8748
3153
8835
3867
8748
3153
3153
3153
3867
3867
706
706
706
706
3867
3867
706
706
706
8282
706
706
7872
7872
6552
7872
7872
9515
6552
6552
6552
7872
9515
9515
1181
6552
6552
6552
6552
9515
3780
3780
11274
13064
13064
8748
3153
3867
3867
3867
1908
13064
706
706
706
3867
3867
3867
1908
706
706
706
8282
8282
706
706
706
13196
706
706
7872
7872
7872
7872
7872
10977
6552
6552
7872
7872
10977
3780
6552
6552
6552
6552
7872
3780
3780
3780
711
711
711
711
711
706
3780
3780
3780
3780
1908
13367
13367
6525
706
8282
8282
8282
1908
6525
6525
706
13196
8282
6525
6525
706
13196
6525
706
9121
10977
7872
11056
10977
10977
6552
7872
11056
10977
3780
3780
711
711
711
3804
2581
3780
3780
3780
711
711
711
711
2581
2581
13289
13289
711
711
711
711
711
4587
2581
8282
1908
13367
6525
5017
5017
5017
1908
6525
5017
5017
6525
5017
9121
10977
9121
11056
10977
3780
1193
3804
3804
2581
3780
3780
711
3804
3804
2581
2581
13289
711
711
9330
2581
2581
2581
711
711
711
4587
4587
2581
711
711
711
711
4587
4587
1908
6525
5017
5017
6525
5017
9121
10977
1193
3804
2581
3780
1193
3804
2581
2581
1193
3804
2581
2581
8934
9330
2581
2581
711
9330
4587
4587
711
711
4587
4587
711
711
711
4587
1908
5017
1193
2581
1193
2581
1193
2581
1193
2581
8934
2581
8934
4587
8934
4587
711
4587
711
711
3005
6349
3005
5016
6349
5016
5016
6349
5016
5016
6349
5016
5016
3898
12983
12983
3898
12983
12983
3898
12983
12983
3898
4058
4846
12218
11473
3005
3005
9432
6349
3005
3005
5016
9432
6349
3005
5016
5016
9432
3898
5016
5016
5016
13275
3898
5016
12983
12983
13275
3898
12983
12983
12983
8207
8207
4058
8227
4846
6572
4058
4846
12218
11473
12218
12218
14137
11473
3005
3005
3005
9432
9432
6349
3005
3005
3005
5016
9432
9432
3898
3005
3005
5016
5016
13275
8207
8207
3005
5016
12983
12983
8207
8207
8207
4058
8227
8227
4846
6572
6572
4058
8227
4846
4846
4058
4846
12218
11473
12218
12218
14137
8904
13706
12218
12218
14137
8904
4740
3005
3005
3005
3005
9432
4740
4740
4740
3005
3005
3005
3005
5016
8207
8207
8207
8207
3005
3005
3005
8227
4846
6572
6572
6572
5816
8227
8227
4846
4846
6572
4058
8227
4846
4846
4058
4846
8904
8904
12218
8904
8904
8904
12218
12218
8904
8904
4740
4740
13706
13706
12218
8904
4740
4740
4740
4740
3005
3005
3005
3005
1193
4740
4740
4740
4740
5816
5816
5816
5816
4846
4846
6572
6572
5816
5816
14121
4846
4846
4846
8749
14121
4846
4846
8749
4846
8904
8904
9121
8904
8904
4740
9121
9121
8904
4740
4740
4740
8836
1193
1193
1193
4740
4740
4740
8836
8836
8836
1193
3794
11266
11266
5816
5816
5816
5816
6348
3794
6572
5816
5816
5816
6348
6348
4846
5816
14121
6348
6348
8749
6348
8904
8904
9121
8904
4740
4740
1193
1193
1193
4740
4740
1193
1193
1193
3794
11266
8836
8934
1193
3794
3794
8836
8836
8934
9345
3794
5816
5816
5816
6348
6348
5816
5816
6348
6348
8749
6348
8904
4740
1193
1193
4740
1193
1193
3794
1193
1193
3794
8934
1193
3794
8934
8934
9345
8836
8934
9345
5816
5816
6348
5816
6348
1193
1193
1193
1193
1193
8934
8934
8934
5816
6556
6556
6556
6556
6556
6556
6556
6556
3150
3150
3150
3150
3150
3150
3150
3150
3150
9163
11214
6556
8281
8056
6556
6556
8281
6556
6556
6556
8281
6556
6556
3150
10154
3150
3150
3150
10154
3150
3150
3150
10154
3150
3150
3150
3945
11249
6530
9163
11274
9163
9163
11214
11214
6556
8281
8281
8056
11214
6556
6556
8281
8281
8056
6556
6556
3150
10154
10154
6556
3150
3150
3150
10154
13063
3150
3150
3150
3150
3945
3945
11249
11921
6530
3945
11249
6530
9163
14038
9163
9163
11274
11274
9163
9163
4727
11214
11214
11214
6556
8281
2960
2960
8056
11214
11214
6556
3150
10154
13063
13063
4554
9418
3150
3150
3150
3945
3945
3945
4554
11921
11921
6530
3945
3945
6885
11921
6530
6530
11249
6530
4727
14038
4727
4727
11274
14038
4727
4727
2960
11274
11274
11274
4727
2960
2960
2960
1908
1908
1908
1908
242
2960
2960
2960
2960
4554
9418
9418
9418
3198
3945
3945
3945
4554
9418
12216
3198
6530
3945
6885
12216
3198
6530
6885
3198
4727
8819
4727
4727
8819
8819
4727
2960
2960
1908
1908
7821
242
2960
2960
2960
1908
1908
1908
242
242
9329
9329
1908
1908
1908
1908
2988
242
3945
4554
9418
9418
3198
3198
3198
4554
12216
3198
3198
6885
3198
4727
8819
4727
2960
7821
7821
242
2960
2960
7821
7821
242
242
9329
1908
9548
242
242
242
1908
1908
2988
2988
242
1908
1908
1908
2988
2988
4554
9418
3198
3198
6885
3198
4727
7821
242
2960
7821
242
242
7821
242
242
9548
242
242
9548
2988
2988
1908
2988
2988
1908
1908
2988
4554
3198
242
242
242
242
242
2988
2988
2988
1908
1181
1181
7219
7219
7219
7219
7219
7219
2537
2537
2537
2537
2537
2537
2537
2537
2537
3360
2146
1181
1181
2146
1181
1181
7219
8914
1181
7219
7219
8914
7219
7219
2537
14342
2537
2537
2537
14342
2537
2537
2537
7160
2537
2537
2537
7160
3360
5781
5781
3360
2146
11710
2146
2146
1181
1181
1181
2146
2146
1181
1181
1181
7219
8914
8914
1181
1181
7219
2537
14342
7160
1181
2537
2537
2537
7160
7160
2537
2537
2537
2537
7160
7160
3360
11250
5781
5781
8672
3360
5781
5781
3360
2146
13092
2146
2146
11710
11710
2146
2146
2146
1181
1181
1181
1181
2146
2146
7160
1181
1181
1181
1181
2537
7160
7160
7160
1181
1181
1181
2537
2537
7160
7160
7160
8897
11250
11250
5781
5781
8672
8672
3360
11250
5781
5781
5781
3360
5781
5781
3360
2146
13092
2146
8684
11710
13092
2146
8684
7846
11710
11710
11710
2146
7846
7846
7846
1181
1181
1181
1181
1181
7160
7160
7160
7160
8897
8897
8897
8897
5781
5781
8672
8672
8672
8897
8897
14395
5781
5781
5781
8672
12396
14395
5781
5781
5781
12396
5781
5781
2158
8684
13264
8684
8684
13092
13264
8684
7846
7846
11301
4058
4058
4058
7846
7846
7846
11301
11301
8749
4058
8223
14043
14043
9347
8897
8897
8897
8749
9279
5781
8672
8672
8897
8897
8897
9279
9279
5781
5781
8897
14395
9279
9279
5781
12396
9279
7060
2158
8684
13264
8684
7846
4058
4058
4058
7846
7846
4058
4058
4058
8223
14043
9347
8749
8749
4058
8223
8223
9347
11301
8749
8749
13737
8223
4386
8897
8897
8749
9279
9279
4120
8897
8897
9279
9279
7060
12396
9279
7060
2158
8684
4058
4058
7846
4058
4058
8223
9347
4058
4058
8223
4386
8749
4058
8223
4386
8749
8749
13737
4120
8749
8749
13737
4120
8897
8749
9279
4120
8897
9279
7060
2158
4058
4058
4386
4058
4386
4058
4386
4058
4386
8749
4120
8749
4120
8749
4120
8749
4120
2158
3008
3008
3008
3008
1247
1247
1247
1247
1247
3397
8056
3008
3008
8056
3008
3008
9332
3008
3008
9332
1247
1247
5969
1247
1247
5969
1247
1247
5969
1247
4692
10434
2042
3397
9927
3397
3397
8056
8056
3008
3008
3008
8056
8056
3008
3008
1247
8056
9332
1247
1247
1247
5969
5969
1247
1247
8796
5969
5969
1247
4692
4692
11249
10434
4692
4692
10434
2042
3397
13123
3397
3397
9927
9927
3397
3397
3397
8056
8056
8056
3008
3008
1247
8796
8056
8056
8056
1247
1247
8796
8796
4554
4554
5969
1247
4692
4692
4692
6885
11249
10434
4692
4692
4692
11249
10434
10434
2042
10434
2042
3397
13123
3397
9416
9927
13123
3397
9416
9416
9927
9927
9927
3397
9416
12667
12667
4554
4554
4554
4554
1247
4692
4692
4692
4692
4554
4554
4554
6885
4692
4692
4692
4692
4554
6885
6885
10434
4692
4692
6885
6885
10434
2042
6885
2042
9416
14347
9416
9416
13123
14347
9416
9416
12667
9927
3360
3360
3360
5726
5726
5726
14020
14020
12396
3360
5726
5726
5726
5726
4554
4554
4554
4554
11357
4692
4692
4692
4554
4554
6885
11357
10434
2042
6885
6885
11357
2042
6885
11357
9416
14347
9416
9416
3360
3360
3360
5726
5726
3360
3360
3360
5726
5726
5726
12396
12396
3360
8804
5726
5726
14020
12396
12396
14325
8804
5726
4554
4554
4554
11357
11357
3947
4554
6885
11357
11357
6885
11357
9416
3360
3360
5726
3360
3360
5726
5726
3360
3360
8804
5726
12396
3360
8804
6904
12396
12396
14325
3947
12396
12396
14325
3947
4554
4554
11357
3947
6885
11357
3360
3360
5726
3360
6904
3360
6904
3360
6904
12396
3947
12396
3947
12396
3947
4554
3947
948
6349
6349
6349
3898
3898
3898
3898
1192
948
11473
948
4845
6349
6349
9443
6349
6349
9443
6349
3898
13117
3898
3898
13117
3898
3898
12649
3898
1192
1192
7135
1192
948
948
948
4845
11473
11473
948
4845
4845
11473
6349
6349
9443
9443
6349
6349
3898
13117
12649
3898
3898
3898
12649
12649
3898
3898
1192
1192
1192
11248
7135
1192
1192
7135
7135
948
948
948
4845
12861
948
948
4845
4594
11473
11473
11473
948
4845
4594
4737
11473
11473
6349
3898
12649
12649
12649
11473
3898
3898
1192
1192
1192
1192
11248
11248
7135
1192
1192
1192
11248
7135
7135
1192
7135
7135
948
948
948
4594
948
948
948
4594
4594
12861
12861
948
948
4594
4737
4737
6588
6588
6588
6588
568
1192
1192
1192
1192
13217
13217
13217
4436
1192
1192
1192
1192
13217
14040
4436
7135
1192
1192
14040
4436
7135
7135
4436
7135
4594
7850
4594
4594
948
7850
4594
4594
4737
6588
948
4023
568
4737
4737
4737
6588
6588
6588
568
568
8932
8932
8932
6588
6588
6588
4436
4436
568
1192
1192
13217
13217
4436
4436
4436
1192
14040
4436
4436
4436
4436
4436
4594
7850
4594
4594
4023
4023
568
4737
4737
4023
4023
568
568
8932
8932
6588
11118
568
568
568
8932
6588
6588
5649
5649
568
568
6588
6588
4436
4436
4436
4436
13217
4436
4436
4436
4436
4436
4594
4023
568
4737
4023
568
568
8932
4023
568
568
568
11118
568
568
568
11118
5649
5649
568
6588
5649
5649
4848
6588
4436
4436
4436
4436
4436
568
568
568
568
568
568
568
568
568
5649
4848
5649
4848
5649
4848
4436
4436
4001
2682
4039
4039
4039
4039
4039
4039
4039
4720
5850
4720
5850
4720
5850
609
1046
4001
4001
2682
5685
4001
4039
2682
5997
4039
4039
4039
11445
4039
4039
4039
11445
4039
5850
4720
7064
5850
5850
609
7064
5850
5850
609
1046
1046
4914
1046
4001
4001
2682
5685
4001
4001
8570
2682
5685
5685
4001
4039
4039
2682
5997
5997
4039
4039
4039
609
5997
11445
4039
5850
5850
609
7064
7064
5850
5850
13707
609
1046
1046
1046
4914
4914
1046
1046
4914
1046
4001
4001
2682
4001
4001
4001
8570
1865
5685
5685
4001
4001
8570
8570
1300
5685
5685
5685
4001
4039
4039
7076
609
5997
5997
5997
4039
5850
13707
13707
609
4016
1046
1046
1046
4914
4914
4914
1046
1046
1046
4914
4914
1046
1046
9114
1046
4001
692
1865
4001
4001
692
11323
1865
5685
4001
4001
692
11323
7076
1300
5685
5685
5685
4001
692
7076
7076
7076
1300
2975
2975
2975
2975
692
2636
2636
2636
2636
4016
4016
4016
1046
4914
4914
4914
4016
8314
1046
9114
4914
8314
1046
9114
1046
692
692
1865
692
692
692
11323
1300
4001
692
692
692
7076
7076
1300
2975
2975
692
692
692
2636
2636
2636
2975
2975
2975
2975
2901
2636
2636
2636
2975
2975
2975
2975
10460
2636
2636
4016
4016
8314
10460
9114
8314
8314
10460
8314
692
692
1865
692
692
692
7076
1300
692
692
692
692
2636
2636
2975
4917
4917
2901
2636
2636
2975
2975
12316
2901
2901
2636
2975
2975
2975
12316
12959
2901
2975
2975
2975
10460
10460
4016
8314
10460
8314
692
692
1300
692
692
692
2636
4917
4917
2901
2636
4469
4917
2901
2901
4469
12316
2901
2901
2975
12316
12316
12959
2975
2975
12316
12959
2975
2975
10460
8314
692
692
4917
2901
4917
2901
4917
2901
4469
2901
4469
12316
4469
12316
2975
12316
2975
2154
2154
2154
2154
2154
11851
11851
11851
3588
2943
8846
2154
2154
8110
2154
2154
8110
2154
2154
8110
2154
11851
13972
11851
11851
13972
11851
7499
9566
3588
4183
3588
2943
7016
2943
2943
8846
8846
2154
2154
2154
8846
8110
2154
2154
2154
8110
8110
2154
11851
7499
8110
13972
11851
7499
7499
9566
9566
3588
4183
4183
9566
3588
3588
3588
2943
7016
2943
2943
10715
7016
2943
2943
2943
8846
8846
8846
2154
2154
2154
7499
8846
8846
8110
2154
7499
7499
7499
4417
1663
9566
3588
4183
4183
4183
1663
9566
3588
3588
4183
9566
3588
3588
3588
2943
7016
2943
4109
7016
7016
2943
4109
4109
10715
10715
7016
2943
4109
13945
13945
4417
4417
4417
4417
1172
1172
1172
1172
1172
4417
4417
1663
1663
3588
4183
4183
1663
1663
1663
3588
3588
1663
1663
3588
1663
4109
5694
4109
4109
5694
5694
4109
4109
13945
8129
4469
5694
1172
1172
1172
1172
8129
8129
4469
4469
1172
1172
1172
4417
4417
4417
1663
6511
1172
1172
4417
1663
1663
6511
3588
1663
1663
6511
1663
4109
5694
4109
4109
5694
5694
1172
1172
1172
4469
6390
4756
1172
1172
4469
4469
4469
4756
1172
8129
4469
4469
11692
4756
4417
4417
1663
6511
6511
1663
1663
6511
1663
4109
5694
1172
1172
6390
4756
1172
6390
4756
4756
4469
4469
4756
4469
4469
11692
4469
4469
11692
4417
1663
6511
1663
1172
4756
4756
4756
4469
4469
4469
4469
1663
2682
1039
12514
12277
12514
12277
12514
12277
2601
2601
2601
2601
2601
2601
2601
2601
609
1988
6174
1039
2682
2682
6174
1039
2682
12514
12514
12277
13198
12514
12514
2601
13198
2601
2601
2601
4720
2601
2601
2601
4720
2601
2601
2902
609
609
2902
1988
609
1658
6174
1039
6460
6174
6174
1039
2682
2682
2682
6174
6174
1039
2682
2682
12514
12514
2601
2601
2682
13198
2601
2601
2601
2902
4720
4720
2601
2601
2902
2902
609
609
609
2902
2902
1988
609
609
10506
1988
609
1658
6174
1039
6460
6174
6174
1039
7931
6460
6174
6174
6174
1866
2682
2682
2682
2682
6174
2601
2902
2902
2682
2682
2682
2601
2601
2902
2902
2902
1865
609
609
609
2902
2902
2902
1988
609
609
609
10506
10506
1988
609
609
10884
1658
609
1658
4103
1866
6460
4103
11657
1866
6460
6460
4103
11657
3544
3544
7931
7931
6460
4103
3544
3544
3544
3544
1865
1865
1865
1865
609
2902
2902
2902
2902
1232
1865
1865
1300
609
10506
10506
10506
1988
1300
1300
609
10884
10506
1988
1300
609
10884
1658
609
1658
4103
1866
4103
4103
11657
1866
4103
4103
4103
3544
3544
3544
6613
4103
4103
896
3544
3544
3544
1232
6613
6613
6613
896
896
9534
9534
7437
1865
1865
1865
1300
4730
896
9534
1988
1865
1300
1300
4730
4730
1658
1300
1300
4730
1658
1300
3272
4103
1866
4103
4103
3544
3544
4103
4103
896
3544
3544
1232
4368
4368
896
896
9534
7437
6613
11773
896
896
896
7437
6613
6613
7578
7578
896
896
1865
1865
1300
4730
4730
3272
1300
1300
4730
3272
1300
3272
4103
1866
4103
896
3544
1232
4368
896
896
7437
4368
896
896
896
11773
896
896
896
11773
7578
7578
896
6613
7578
7578
7578
1865
1300
4730
3272
1300
3272
896
1232
896
896
896
896
896
896
896
896
7578
7578
7578
7578
7578
7578
1300
3272
2678
2678
2678
2678
2678
2678
2678
2678
2678
4476
4476
4476
4476
4476
4476
2009
2009
1973
5401
4370
2678
5401
4370
2678
2678
13336
2678
2678
2678
13336
2678
2678
2678
6719
2678
4476
4476
6719
4476
4476
4476
5786
2009
2009
2009
5786
2009
2009
1973
1973
5401
4833
5401
5401
4370
4370
2678
5401
5401
4370
4370
2678
2678
13336
6719
4370
2678
2678
2678
6719
5786
2678
2678
4476
4476
5786
5786
2009
2009
2009
2009
5786
5786
2009
2009
2009
8255
10437
2009
2009
1973
1973
5401
10463
5401
5401
4833
4833
5401
5401
1269
4370
4370
4370
2678
5401
1269
2445
4370
4370
4370
2678
2678
5786
5786
5786
1271
4370
2009
2009
2009
5786
5786
5786
1271
2009
2009
2009
8255
13094
10437
2009
2009
2009
8255
1973
2009
2009
1973
1973
1269
10463
1269
1269
4833
10463
1269
1269
1269
4833
4833
4833
1269
1269
2445
2445
620
620
620
620
620
2445
2445
2445
2445
1271
10334
10334
6713
2009
8255
13094
13094
10437
1271
6713
6713
2009
8255
8255
10437
6713
6713
2009
8255
1973
6713
2009
1973
1973
1269
5092
1269
1269
5092
5092
1269
1269
2445
620
620
5092
922
2445
2445
2445
620
620
620
922
922
8509
8509
1611
620
620
620
620
3768
922
8509
1611
1271
10334
6713
6713
12058
8255
1973
1271
6713
6713
12058
1973
6713
6713
7247
2790
1269
5092
1269
1269
5092
5092
922
2445
2445
3124
11979
922
922
8509
1611
620
3124
922
922
922
1611
620
620
3124
3768
922
922
620
620
620
3768
3768
3768
1271
6713
6713
12058
7247
6713
6713
7247
2790
1269
5092
922
2445
11979
922
922
1611
11979
922
922
922
3124
922
922
922
3124
3124
3768
922
620
3124
3768
3768
620
620
3768
3768
1271
6713
7247
2790
922
922
922
922
922
922
922
922
922
3124
3768
3124
3768
3124
3768
620
3768
2790
1039
8101
8101
8101
1005
1005
1005
1005
1005
1039
9271
1039
1039
8101
8101
12277
8101
8101
12277
8101
1005
9109
1005
1005
9109
1005
1005
9109
1005
1005
9862
2596
2596
1039
9271
1039
1039
9271
9271
1039
1039
1039
12533
8101
8101
12277
9109
8101
8101
1005
9109
9109
1005
1005
1005
9109
12716
1005
1005
1005
9862
9862
8725
2596
2596
9862
2596
2596
1039
13390
1039
1039
9271
9271
1039
1039
1039
9271
9271
9271
1039
1039
1039
6798
12533
12533
8101
1005
9109
12716
12716
11054
1005
1005
1005
9862
9862
9862
8725
8725
2596
2596
9862
9862
8725
2596
2596
2596
2596
2596
1039
13390
1039
1866
9271
13390
1039
1866
1866
9271
9271
9271
1039
1866
6798
6798
1271
1271
1271
1271
1005
3123
3123
3123
3123
11054
11054
10009
2596
2596
9862
9862
9862
10009
10009
2596
2596
2596
9862
10009
2596
2596
2596
2596
2596
1866
11413
1866
1866
11413
11413
1866
1866
6798
1271
1271
7442
1866
3123
3123
3123
1271
1271
1271
3101
3123
3123
3123
3123
1271
1271
1271
1271
3101
2596
3123
3123
11054
10009
10009
12450
2596
2596
10009
10009
12450
2596
10009
12450
1866
11413
1866
1866
7442
7442
1866
3123
3123
7442
7442
7442
3123
3123
3123
1271
9753
3101
9664
3123
3123
1271
1271
3101
3101
3101
3123
1271
1271
1271
3101
3101
3101
10009
10009
12450
12450
10009
12450
1866
7442
1866
3123
7442
7442
3123
3123
7442
7442
9664
3123
9753
3101
9664
9664
9753
3101
3101
3101
1271
3101
3101
3101
1271
1271
3101
3101
10009
12450
1866
7442
3123
7442
9664
7442
9664
3101
9664
3101
3101
3101
3101
3101
3101
1271
3101
1258
1258
3174
1258
1258
3174
1258
1258
3174
1258
1258
3174
1258
2400
5480
2400
2400
5480
2400
2400
5480
2400
2400
1010
1010
687
915
8432
5883
6203
1258
1258
1258
7044
10236
1258
1258
1258
3174
10273
1258
1258
1258
3174
10273
1258
2400
2400
3174
10752
2400
2400
2400
5480
10752
2400
2400
4440
1010
1010
1010
4440
687
1010
1010
915
915
8432
5883
6203
8432
11240
5883
6203
6203
1258
1258
1258
1258
7044
10236
10236
1258
1258
1258
2400
7044
10236
10273
1258
2400
2400
4440
3174
10273
10752
2400
2400
4440
4440
1010
1010
1010
1010
4440
4440
687
1010
1010
1010
7276
8753
1010
1010
915
915
8432
5883
8432
8432
11240
5658
6203
6203
8432
11240
11240
5462
6203
6203
6203
1258
1258
1258
4440
4440
7044
10236
10236
10236
1258
2400
4440
4440
4440
1773
4077
1010
1010
1010
4440
4440
4440
687
1773
1010
1010
1010
7276
12288
8753
1010
1010
1010
7276
915
1010
1010
915
915
2923
5658
8432
2923
12709
5658
6203
8432
2923
12709
11598
5462
6203
6203
6203
2923
11598
11598
11598
5462
4077
4077
4077
4077
336
4440
4440
4440
4440
687
1773
4077
4077
2175
1010
7276
12288
12288
8753
1773
2175
2175
1010
7276
7276
8753
2175
2175
1010
7276
915
2175
1010
915
545
2923
5658
2923
2923
12709
5462
2923
2923
2923
11598
11598
5462
6203
336
2923
2923
6699
6699
6699
1142
7107
7107
336
336
6699
6699
6699
1142
4077
4077
4077
336
5882
5882
6699
1142
1773
4077
2175
2175
12734
7276
915
1773
2175
2175
12734
915
2175
2175
5065
545
2923
5658
2923
2923
11598
5462
2923
2923
2923
6699
6699
1142
336
3832
3832
6699
6699
1142
336
336
336
13005
6699
1142
7107
336
336
5882
5882
1142
4077
4077
336
5882
5882
954
1773
2175
2175
12734
5065
2175
2175
5065
545
2923
5462
2923
2923
6699
1142
3832
3832
6699
1142
3832
3832
13005
1142
336
336
13005
7883
336
336
5882
954
336
336
5882
954
4077
336
5882
954
1773
2175
5065
545
2923
1142
3832
1142
3832
7883
3832
7883
336
7883
336
954
336
954
336
954
336
954
545
1556
3825
1556
1556
3825
1556
1556
3825
1556
1556
3825
1556
1556
4942
9038
4942
4942
9038
4942
4942
9038
4942
1502
1772
656
2173
5063
4994
1556
8262
3825
4994
1556
1556
10178
3825
1556
1556
1556
10178
3825
1556
1556
1556
4942
4942
1556
9038
4942
4942
1502
9038
9038
4942
1502
1502
1772
6399
656
1502
1772
656
2173
5063
2173
2173
8262
5063
4994
4994
1556
8262
8262
3825
4994
4994
1556
1556
10178
4942
1502
4994
1556
1556
1556
4942
1502
1502
1556
1556
9038
4942
1502
1502
1502
1772
6399
6399
656
1502
1502
1772
6399
656
656
1772
656
2173
5063
2173
2173
8262
909
5952
2173
2173
8262
1551
909
4994
4994
4994
1556
8262
1502
1502
1502
4994
4994
4994
1556
1556
1502
1502
1502
1502
2489
4270
1556
6399
656
1502
1502
1502
2489
6399
6399
656
656
12933
1772
6399
656
656
1772
656
1551
909
2173
1551
1551
909
2173
2173
1551
1551
1551
10116
5952
5952
2173
1551
1551
10116
10116
10116
4270
4270
4270
4270
656
1502
1502
1502
1502
2489
4270
4270
4270
656
656
12933
12933
2489
4270
6803
656
656
656
6803
6803
656
656
6803
656
1551
909
8049
1551
1551
909
2173
8049
1551
1551
10116
10116
5952
2173
8049
1551
5978
5978
5978
12378
12378
10031
3175
5576
5978
5978
4270
4270
4270
3175
3175
656
5978
2489
4270
4270
4506
4506
656
2489
6803
4506
4506
6803
4506
1551
909
8049
1551
1551
10116
8049
8049
1551
5978
5978
10031
11580
5576
5576
5978
10031
10031
3175
5576
5576
12378
10031
3175
3175
3175
4270
4270
3175
3175
3175
2489
4270
4506
4506
6803
4506
1551
909
8049
1551
5978
11580
5576
5576
11580
5576
5576
10031
3175
5576
10031
3175
3175
10031
3175
3175
4270
3175
3175
2489
4506
1551
5576
5576
5576
3175
3175
3175
3175
3175
3174
3174
3174
3174
3174
5480
5480
5480
2617
3281
5577
3174
11815
3174
3174
11815
3174
3174
11815
3174
3174
10810
5480
5480
10810
5480
5480
2617
5480
2617
2617
7197
5873
3281
3281
3281
12372
5577
5577
3174
11815
11815
7044
3174
3174
11815
10810
3174
3174
3174
10810
2617
3174
5480
5480
2617
2617
5480
5480
2617
2617
2617
8224
7197
7197
5873
7197
7197
3281
3281
3281
12372
5577
3281
3281
12372
5639
5577
5577
5577
3174
11815
2172
2172
7044
7044
3174
3174
2617
2617
2617
1773
1773
5480
2617
2617
2617
2617
8224
8224
7197
7197
12101
5873
8224
7197
7197
5873
7197
7197
3281
3281
3281
5639
3281
3281
3281
5639
2172
5577
5577
3281
3281
2172
2172
2172
1773
1773
1773
1773
1501
2172
2172
2172
2172
1773
1773
1773
1501
7197
12101
12101
5873
1773
13239
1501
7197
7197
5873
13239
1501
7197
7197
1501
7197
5639
9440
5639
5639
3281
9440
5639
2172
2172
2489
1772
1772
1772
2172
2172
2172
2489
2489
2489
1772
3756
10738
10738
3177
1773
1773
1773
1501
1501
1501
10738
3177
1773
1773
1501
1501
1501
5873
13239
1501
1501
1501
1501
1501
5639
9440
5639
2172
1772
1772
1772
2172
2172
1772
1772
1772
3756
10738
3177
2489
8834
1772
3756
3756
3177
2489
2489
8235
8235
3756
2969
1773
1773
1501
1501
1501
388
1773
1501
1501
1501
1501
1501
5639
1772
1772
2172
1772
1772
3756
3177
1772
1772
3756
2969
8834
1772
3756
2969
8834
8235
8235
388
2489
8235
8235
388
1773
1501
1501
388
1501
1501
1772
1772
2969
1772
2969
1772
2969
1772
2969
8235
388
8235
388
8235
388
1501
388
5226
5340
5340
5340
4783
4783
4783
4783
1850
5226
5883
5226
5226
5883
5340
5340
10282
5340
5340
10282
4783
4783
13475
4783
4783
13475
4783
4783
13475
1850
4196
1850
1850
5226
6665
5226
5226
5883
5883
5226
5226
5226
5883
5883
5340
5340
4783
5883
10282
4783
4783
4783
10282
13475
4783
4783
9436
13475
13475
1850
4196
4196
13808
1850
1850
4196
1850
1850
5226
6665
5226
5226
13446
6665
5226
5226
833
5883
5883
5883
5226
5226
833
7719
5883
5883
5883
4783
4783
9436
9436
5658
5462
13475
1850
4196
4196
4196
5462
13808
1850
1850
4196
4196
13808
1850
1850
1850
1850
1850
833
6665
833
833
6665
6665
833
833
833
13446
13446
6665
833
833
7719
7719
5658
5658
5658
5658
380
380
380
380
380
5658
5658
5462
1850
1850
4196
4196
4196
5462
5462
1850
1850
1850
4196
5462
1850
1850
1850
1850
1850
833
8544
833
833
6665
8544
833
833
7719
10095
4225
4225
380
380
380
380
10095
10095
10095
2809
380
380
380
380
5658
5658
5658
2809
2809
380
380
380
5658
5462
5462
11134
1850
1850
5462
5462
11134
1850
5462
10101
833
8544
833
833
4225
4225
380
380
380
4225
4225
4225
380
380
380
10095
11962
2809
9463
380
380
10095
10095
2809
2809
2809
380
5658
5658
2809
2809
2809
2809
5462
5462
11134
10101
5462
10101
833
4225
380
380
4225
4225
380
380
4225
4225
9463
380
11962
2809
9463
8464
11962
2809
2809
2809
10095
2809
2809
2809
5658
2809
2809
2809
5462
10101
380
4225
380
4225
8464
4225
8464
2809
8464
2809
2809
2809
2809
2809
2809
2809
2809
3825
3825
3825
3825
2107
2107
2107
2107
2107
4099
7755
3825
3825
11735
3825
3825
11735
3825
3825
11735
2107
10229
2107
2107
10229
2107
2107
10229
2107
2107
10945
5429
4099
4099
4099
5063
7755
7755
3825
3825
3825
12271
11735
3825
3825
3825
11735
11735
2107
10229
10229
2107
2107
2107
10229
13161
2107
2107
2107
10945
10945
5429
5429
9386
5429
4099
4099
4099
5063
7755
4099
4099
5063
909
7755
7755
7755
3825
3825
909
10631
12271
12271
11735
2107
10229
13161
13161
9367
2107
2107
2107
10945
10945
10945
5429
5429
5429
9386
10945
5429
5429
9386
5429
565
4099
565
909
4099
4099
565
909
909
7755
7755
4099
565
909
10631
10631
4763
4763
4763
4763
565
5474
5474
5474
5474
9367
9367
9367
5429
9386
10945
10945
9367
12974
5429
9386
9386
12974
5429
9386
5429
565
565
565
909
565
565
565
909
10631
4763
565
565
565
5474
5474
5474
4763
4763
901
901
5474
5474
5474
4763
4763
4763
901
10692
5474
5474
9367
9367
10692
10692
9386
12974
10692
10692
10692
565
565
565
909
565
565
565
5474
5474
901
4993
4993
5474
5474
901
901
901
5604
5474
4763
901
901
12852
5604
4763
4763
901
10692
10692
9367
10692
10692
10692
565
565
565
5474
4993
4993
5474
4993
4993
5604
901
901
5604
901
901
12852
901
901
12852
4763
901
10692
10692
565
4993
4993
4993
901
901
901
901
901
2205
2205
2205
2205
2205
2205
2205
2205
2205
787
8311
787
8311
787
8311
787
6158
9092
10354
5488
2205
2205
2205
2817
2205
2205
2205
2817
2205
2205
787
2817
2205
9127
787
8311
8311
9127
787
8311
8311
8958
4474
6158
6158
8958
6158
7675
9092
10354
5488
9092
10354
10354
5488
5488
2205
2205
2205
2205
12760
2817
2205
2205
2205
787
2817
2817
2205
9127
8958
4474
2817
8311
8311
8958
8958
4474
6158
6158
6158
8958
8958
6158
6158
9389
7876
6158
7675
9092
10354
9092
9092
10354
4283
5488
5488
9092
10354
4283
4283
5488
5488
5488
2205
2205
2205
4901
4474
12760
12760
2817
2205
8958
8958
8958
4474
6674
650
6158
6158
8958
8958
8958
650
6158
6158
9389
13472
7876
6158
6158
9389
7675
6158
7675
4283
4283
9092
4283
4283
4283
5488
9092
4283
4283
4283
4901
5488
5488
5488
4283
4283
4901
4901
4901
784
784
784
784
650
4901
4901
4901
4901
6674
6674
650
650
9389
13472
13472
7876
650
650
650
9389
9389
7876
650
650
9389
7675
650
7675
4283
4283
11481
4283
4283
4283
9092
11481
4283
4283
4901
4901
784
784
6670
4283
4901
4901
4901
784
784
784
3715
5227
11169
11169
3051
784
784
784
650
3715
3715
11169
3051
6674
650
650
8245
8245
7675
650
650
8245
1757
650
1757
4283
4283
11481
4283
4283
4901
6670
6670
4283
4901
4901
6670
6670
5227
5227
11169
3051
784
12674
3715
5227
5227
3051
784
784
3715
3715
3715
3051
784
784
650
3715
3715
1757
650
650
8245
1757
650
1757
4283
4283
6670
4283
4901
6670
5227
5227
3051
6670
5227
5227
3051
12674
3715
5227
5227
12674
3715
3715
1958
784
3715
3715
1958
784
650
3715
1757
650
1757
4283
5227
3051
5227
5227
5227
5227
3715
5227
3715
1958
3715
1958
3715
1958
650
1757
4205
4205
4205
4205
4205
6111
6111
6111
6111
6220
9403
6566
13177
12880
7909
13177
12880
7909
13177
12880
7909
6111
6111
10726
6111
6111
10726
6111
6111
10726
6111
5650
10306
6111
6220
9403
8720
6220
9403
9403
6566
12256
13177
13177
12880
6566
14332
13177
13177
6111
7909
14332
6111
6111
6111
7909
12185
6111
6111
5650
10726
12185
6111
6111
5650
10306
10306
6111
9758
10306
10306
6220
9403
6220
6220
9403
9403
8720
8720
6220
9403
9403
9403
6566
12256
12256
13177
13177
6111
5650
6566
12256
14332
6111
6111
6111
5650
6566
12185
12185
6111
6111
9758
5650
10306
10306
10306
6111
9758
9758
10306
10306
10306
12792
10306
10306
6220
9403
6220
6220
9403
1778
8720
6220
6220
9403
6738
1778
8720
8720
8720
6220
9403
6111
9758
5650
6566
12256
12256
12256
6111
6111
9758
9758
5650
4115
12256
4687
10306
6111
9758
9758
9758
4115
4687
10306
10306
12792
12792
4687
10306
10306
13223
10306
10306
659
1778
6220
659
6738
1778
6220
6220
659
6738
6738
7047
8720
8720
6220
659
6738
12302
12302
7047
8720
8720
8720
8720
659
6144
6144
6144
6144
4115
13746
13746
4687
4687
12792
12792
12792
4115
4687
4687
4687
13223
12792
4687
4687
4687
13223
4687
4687
659
1778
659
659
6738
1778
659
659
659
6738
12302
7047
8720
659
659
659
6144
6144
6144
12196
12196
6748
2048
2393
6144
6144
12196
12196
12196
2048
2048
2048
6144
4115
13746
4687
4687
8988
8988
4115
4687
4687
8988
4687
4687
659
1778
659
659
6738
7047
659
659
659
6144
6144
2203
2203
2203
2393
6144
6748
6748
2048
2393
2393
12196
6748
2048
2048
2048
12196
12196
2048
2048
2048
4115
4687
4687
8988
4687
4687
659
1778
659
659
6144
2203
2203
2393
2203
2203
2393
6748
2048
2393
6748
2048
2048
6748
2048
2048
12196
2048
2048
4115
4687
659
2203
2203
2203
2048
2048
2048
2048
2048
2007
3622
7909
4205
7909
4205
7909
4205
7909
10583
10583
10583
10583
10583
10583
7976
7976
2050
2007
3622
6566
2007
11959
3622
6566
7909
13364
4205
7909
7909
13364
4205
7909
7909
10583
10583
10726
10583
10583
7976
10726
10583
7976
7976
10726
7976
7976
2050
11406
2050
2007
3622
2007
2007
11959
3622
6566
6566
2007
11959
11959
3622
6566
6566
7909
13364
10583
7976
6566
7909
7909
10583
7976
7976
7909
10726
10583
7976
7976
7976
10726
10726
7976
7976
7976
2050
14339
11406
11406
2050
11406
6639
2007
3622
2007
2007
11959
3622
12440
2007
2007
11959
8746
3469
6566
6566
6566
2007
11959
3469
3469
3469
6566
6566
6566
7909
7976
7976
7976
7976
4115
4115
10726
7976
7976
7976
7976
2050
11750
14339
11406
11406
14021
2050
14339
11406
11406
2050
11406
6639
2007
8746
2007
2007
8746
8746
2007
2007
2007
8746
3469
3469
12440
12440
2007
2007
3469
3469
3469
3469
4115
4115
4115
4115
2007
3469
3469
3469
3469
2050
4115
4115
4115
3296
11406
14021
14021
2050
4115
11750
3296
11406
11406
2050
11750
3296
11406
6639
3296
6639
8746
8746
9996
8746
8746
3469
2007
9996
8746
3469
3469
3469
12440
2007
4458
3469
3469
3469
3469
3210
13211
13211
12654
3465
12304
14345
14345
7343
4115
4115
4115
3296
3296
3296
14021
2050
4115
4115
3296
3296
3296
2050
11750
3296
3296
3296
3296
3296
8746
8746
9996
8746
3469
3469
4458
4458
3469
3469
3469
3210
4458
4458
4458
12304
14345
7343
12654
12654
3465
12304
12304
7343
13211
12654
3465
3465
3465
7343
4115
4115
3296
3296
3296
3296
4115
3296
3296
3296
3296
3296
8746
3469
4458
3469
3469
3210
4458
4458
12304
7343
4458
4458
12304
7343
12654
3465
12304
8770
12654
3465
3465
3465
12654
3465
3465
3465
4115
3296
3296
3296
3296
3296
3469
3210
4458
7343
4458
8770
4458
8770
3465
8770
3465
3465
3465
3465
3465
3465
3296
3296
6230
7974
12733
10812
12733
10812
12733
10812
10339
10339
10339
10339
10339
10339
10339
5124
2202
6230
7974
10958
6230
12733
7974
10958
12733
12733
10812
12880
12733
12733
10339
12880
10339
10339
10339
12295
10339
10339
5124
12295
10339
5196
5124
5650
2202
2202
5650
6230
7974
6230
6230
14047
7974
10958
10958
6230
12733
12733
7974
10958
10958
12733
12733
10339
5124
10958
12880
10339
10339
5196
5124
12295
12295
10339
5196
5196
5124
5650
5650
2202
2202
2202
5650
5650
2202
5650
6230
7974
6230
6230
14047
1781
13204
6230
6230
14047
6737
1781
10958
10958
10958
6230
12733
5196
5196
5124
10958
10958
10958
10339
5196
5196
5196
5124
1778
1778
5650
2202
2202
2202
2202
5650
5650
5650
2202
2202
5650
5650
14073
5650
787
1781
6230
787
6737
1781
6230
6230
787
6737
6737
12204
13204
13204
6230
787
6737
12204
12204
12204
1778
1778
1778
1778
787
2202
2202
2202
2202
1778
1778
1778
5650
2202
2202
2202
1778
7047
5650
14073
2202
7047
5650
14073
5650
787
1781
787
787
6737
1781
787
787
787
6737
12204
12204
7281
787
787
787
11891
11891
11891
7281
7281
7281
4198
4612
11891
11891
1778
1778
1778
1778
4198
2202
2202
1778
1778
7047
7673
7673
7047
7047
7673
7047
787
1781
787
787
6737
12204
787
787
787
11891
11891
4474
4474
4474
4612
11891
7281
13047
4198
4612
4612
7281
7281
4198
4198
4198
1778
1778
1778
4198
4198
1778
7047
7673
7047
787
1781
787
787
11891
4474
4474
4612
4474
4474
4612
13047
4198
4612
13047
4198
4198
7281
4198
4198
1778
1778
4198
7047
787
4474
4474
4474
4198
4198
4198
4198
1778
3622
8304
4205
8304
4205
8304
4205
8304
4205
14070
13670
14070
13670
14070
13670
6721
7035
9911
9911
3622
3622
9911
8304
3622
4205
12914
8304
4205
4205
12914
8304
4205
4205
14392
14070
13670
13670
14392
6721
13670
13670
7035
6721
13346
7035
7035
9771
9771
9911
9911
11955
9911
9911
9911
3622
3622
3622
9911
9911
8304
3622
3622
4205
12914
12914
6721
3622
4205
4205
14392
7035
6721
4205
13670
13670
7035
7035
6721
13346
13346
7035
7035
7035
13346
9771
9771
11726
9771
9771
9911
9911
14321
9911
9911
2097
11955
11955
9911
9911
2097
2097
3622
3622
3622
3622
9911
2097
7035
6721
3622
3622
3622
4205
7035
7035
7035
6721
3622
3622
13346
7035
7035
7035
7035
13346
13346
9771
9771
12077
11726
13346
9771
9771
9771
9771
9771
2097
2097
14321
2097
2097
2097
11955
14321
2097
2097
2097
11969
11955
11955
11955
2097
2097
14171
14171
11969
3622
3622
3622
3622
815
7035
7035
7035
7035
13617
13617
13617
3210
9771
12077
12077
11726
13617
13620
3210
9771
9771
11726
13620
3210
9771
9771
3210
9771
2097
2097
6458
2097
2097
2097
6458
6458
2097
2097
14171
11969
10504
815
815
815
13143
13143
13143
10504
10504
6720
815
13091
13143
13143
2941
10504
10504
10504
3210
3210
3210
12077
2941
13617
13617
3210
3210
3210
9771
13620
3210
3210
3210
3210
3210
2097
2097
6458
2097
2097
11969
815
815
815
13143
13143
815
815
815
13091
13143
2941
6720
6720
815
13091
13091
2941
10504
6720
6720
13791
13091
2155
10504
10504
3210
3210
3210
3210
13617
3210
3210
3210
3210
3210
2097
2097
815
815
13143
815
815
13091
2941
815
815
13091
2155
6720
815
13091
2155
6720
6720
13791
2155
6720
6720
13791
11416
10504
3210
3210
3210
3210
3210
815
815
2155
815
2155
815
2155
815
2155
6720
11416
6720
11416
6720
11416
3210
3210
7019
8304
8304
8304
8304
14056
14056
14056
4473
7019
7974
7019
8304
7974
8304
8304
10812
8304
8304
10812
8304
14070
14056
14056
14070
14056
14056
6721
5124
4473
4473
5124
7019
7019
7019
14391
7974
7974
7019
8304
8304
7974
7974
8304
8304
8304
7974
10812
8304
14070
6721
10812
14056
14056
6721
6721
5124
5124
4473
4473
4473
5124
5124
4473
5124
7019
7019
7019
14391
11460
7019
7019
14391
11171
7974
7974
7974
7019
8304
6721
6721
7974
7974
7974
8304
6721
6721
6721
1781
1781
5124
4473
4473
4473
4473
5124
5124
5124
4473
4473
5124
5124
9255
5124
4433
7019
4433
11171
7019
7019
4433
11171
11171
11460
11460
7019
4433
11171
11969
11969
1781
1781
1781
1781
1781
4473
4473
4473
4473
1781
1781
1781
5124
4473
4473
4473
1781
12762
5124
9255
4473
12762
5124
9255
5124
4433
4433
4433
11171
4433
4433
4433
11171
11969
3114
3114
4433
4433
11969
11969
11969
3114
3114
3114
3863
12988
13381
13381
1781
1781
1781
1781
7077
4473
4473
1781
1781
10107
10107
9255
12762
10107
10107
10107
4433
4433
4433
11171
4433
4433
4433
11969
11969
3863
5195
5195
12988
13381
3114
3863
3863
12988
12988
3114
3114
3863
7077
7077
1781
1781
1781
7077
7077
1781
10107
10107
10107
4433
4433
4433
11969
5195
5195
12988
5195
5195
12988
3863
3863
12988
3863
3863
7077
3114
3863
7077
1781
1781
7077
10107
4433
5195
5195
5195
3863
3863
3863
3863
1781
1560
1560
1560
1560
955
955
955
955
955
3355
3355
3754
3355
3355
7146
3355
3355
7146
3355
3355
7146
2488
5655
2488
2488
5655
2488
2488
5655
2488
2488
1354
2488
2488
7126
7348
3754
3355
3355
3355
3754
3754
3355
3355
3355
3754
12435
3355
3355
3355
7146
12435
2488
13445
5655
2488
2488
2488
13445
1354
2488
2488
2488
13445
1354
2488
2488
2488
5873
3384
3384
7126
7348
7126
7126
7348
7348
3754
3754
3355
3355
3355
3355
3754
3754
3754
3355
3355
3355
1354
3754
3754
12435
2488
13445
13445
1354
3754
2488
2488
2488
13445
13922
1354
2488
2488
2488
2488
5873
5873
3384
3384
3384
5873
3384
3384
7126
7348
7126
7126
7348
7348
8504
7126
7126
7348
7348
1647
3754
3754
3754
3355
3355
3355
11994
1354
3754
3754
3754
3754
2488
13445
13922
13922
1354
3754
3754
545
2488
2488
5873
5873
5873
545
545
3384
3384
5873
5873
545
3384
3384
10728
3384
3384
7126
7514
7126
7126
7514
7514
7126
7126
7126
7514
7514
1647
8504
8504
7126
7126
7514
11994
11994
1647
3754
3754
3754
3754
388
3177
3177
3177
3177
8974
10750
10750
545
545
5873
5873
5873
8974
545
545
545
10728
5873
545
545
545
10728
545
545
7514
7514
13908
7514
7514
1647
7126
13908
7514
7514
11994
1647
5494
5494
8053
2969
3177
3177
3177
5494
5494
5494
388
2969
3177
3177
5494
5494
5494
388
388
388
3177
8974
10750
545
545
9689
9689
545
545
545
9689
545
545
7514
7514
13908
7514
7514
1647
8053
8053
2969
3177
3177
8053
8053
2969
2969
3177
5494
8735
388
2969
2969
5494
5494
388
388
388
5494
5494
388
388
388
8974
545
545
9689
545
545
7514
1647
8053
2969
3177
8053
2969
2969
8053
2969
2969
8735
388
2969
8735
388
388
5494
388
388
5494
388
388
545
545
2969
2969
2969
2969
388
388
388
388
388
387
1091
7146
7891
7146
7891
7146
7891
955
955
955
955
955
955
955
955
955
389
387
1091
1526
387
2161
1091
7146
7146
7891
7891
7146
7146
7891
955
7146
955
955
955
6199
955
955
955
6199
955
955
7200
6199
955
7200
389
2395
389
387
1091
387
387
2161
1091
1526
1526
387
2161
2161
1091
8508
7146
7146
7891
955
955
7146
7146
955
955
955
7200
6199
6199
955
955
7200
7200
6199
6199
955
7200
7200
389
13876
2395
2395
389
2395
2395
387
1091
387
387
2161
1091
1526
387
387
2161
2161
1775
1526
1526
1526
387
2161
955
1775
1775
8508
8508
7146
955
955
7200
7200
7200
8508
6199
6199
955
7200
7200
7200
389
9697
13876
2395
2395
7906
389
13876
2395
2395
389
2395
2395
387
8522
387
387
9293
8522
387
387
387
9293
1775
1775
1526
1526
387
387
1775
1775
1775
1775
1526
1526
1526
1526
387
1775
1775
1775
1775
389
8974
8974
8974
604
2395
7906
7906
389
8974
9697
604
2395
2395
389
9697
604
2395
2395
604
2395
4265
8522
4265
4265
9293
1775
387
4265
4265
1775
1775
1775
1526
387
4265
1775
1775
1775
1775
658
10195
10195
2403
2403
8399
12770
12770
4274
8974
8974
8974
604
604
604
7906
389
8974
8974
604
604
604
389
9697
604
604
604
604
604
4265
8522
4265
4265
1775
1775
4265
4265
1775
1775
1775
658
2403
8764
8399
8399
12770
4274
2403
2403
2403
8399
8399
4274
10195
2403
2403
5295
5295
4274
8974
8974
604
604
604
604
8974
604
604
604
604
604
4265
1775
4265
1775
1775
658
8764
8399
8399
4274
8764
8399
8399
4274
2403
2403
8399
8399
2403
2403
5295
5295
2403
2403
5295
5295
8974
604
604
604
604
604
1775
658
8399
4274
8399
8399
8399
8399
2403
8399
2403
5295
2403
5295
2403
5295
604
604
2235
2235
2235
2235
1393
1393
1393
1393
1393
733
2800
1970
7209
7209
2831
7209
7209
2831
7209
7209
2831
3477
3477
5122
3477
3477
5122
3477
3477
5122
3477
3477
5122
3477
1791
735
2800
2800
733
733
2800
2800
1970
5350
7209
7209
7209
1970
12421
7209
7209
3477
2831
12421
3477
3477
3477
2831
5122
3477
3477
3477
5122
5122
3477
3477
8471
5122
5122
3477
8471
1791
10319
7484
735
735
2800
2800
733
2800
2800
2800
733
733
733
2800
2800
2800
1970
5350
5350
7209
7209
3477
3477
1970
5350
12421
3477
3477
3477
8471
1970
5122
5122
3477
3477
8471
8471
5122
5122
5122
3477
8471
8471
1791
10319
13193
7484
7484
10113
10319
7484
735
735
2800
2800
6041
2800
2800
223
733
733
2800
2800
223
223
733
733
733
733
2800
223
1528
1528
1970
5350
5350
5350
3477
3477
8471
8471
8471
1970
5350
3100
5122
3477
8471
8471
8471
1791
3100
3100
13193
7484
7484
10113
10113
3100
13193
7484
7484
735
10319
7484
735
735
223
223
6041
223
223
223
733
6041
223
223
223
1528
733
733
733
223
223
1528
1528
1528
733
733
733
733
223
1528
1528
1528
1528
1105
7398
7398
7398
3100
3100
7484
10113
10113
10113
7398
3100
3100
3100
7484
7484
10113
3100
3100
3100
7484
735
3100
3100
735
735
223
223
3365
223
223
223
3365
3365
223
223
1528
1528
733
733
3365
223
1528
1528
1528
1105
6705
6705
6705
3719
2830
2830
2830
2830
6705
6705
6705
3100
7996
2830
2830
2830
7398
7398
3100
3100
12755
7484
735
3100
3100
3100
12755
735
3100
3100
6709
1222
223
223
3365
223
223
1528
3365
3365
223
1528
1528
1105
3719
3719
3719
2830
2830
2830
6705
12254
3719
13462
2830
2830
6705
6705
7996
7996
7996
2830
6705
6705
3100
7996
7996
6709
7398
3100
3100
12755
6709
3100
3100
6709
1222
223
223
3365
223
1528
1105
3719
3719
2830
2830
3719
3719
13462
2830
12254
3719
13462
7693
12254
7996
7996
7693
6705
7996
7996
7996
6705
3100
7996
6709
3100
3100
6709
1222
223
1105
3719
2830
3719
7693
3719
7693
3719
7693
7996
7996
7996
7996
7996
7996
3100
6709
1222
1970
2235
2556
5766
2556
5766
2556
5766
2556
585
2851
585
2851
585
2851
585
1243
2831
2235
1970
1970
11957
2235
2556
2556
12170
5766
2556
2556
12170
585
2556
2556
2851
585
3729
2851
2851
585
3729
2851
2851
9638
1243
1243
9638
1243
2563
2831
2235
1970
2831
11957
2235
1970
1970
1970
11957
11957
2235
5201
2556
2556
12170
2851
585
2556
2556
2556
2851
2851
9638
2556
3729
2851
2851
9638
9638
1243
1243
1243
9638
9638
1243
1243
2563
5289
1243
2563
2831
2235
2831
2831
11957
2235
1970
1970
2831
11957
11957
5075
1970
1970
1970
1970
11957
2851
9638
8519
5201
5201
2556
2556
2851
9638
9638
9638
5201
1243
1243
1243
9638
9638
9638
1243
1243
1243
2563
12961
5289
1243
1243
2563
2563
1243
2563
2831
5075
2831
2831
14241
5075
1970
2831
2831
14241
12095
8519
1970
1970
1970
2831
12095
12095
12095
8519
1970
1970
1970
1970
1222
8512
8512
8512
8512
11437
11437
9151
1243
2563
12961
12961
5289
9151
9151
1243
2563
2563
5289
9151
1243
2563
2563
1243
2563
7358
5075
7358
7358
14241
5075
2831
7358
7358
12095
12095
8519
1970
1970
7358
7358
8512
8512
8512
11401
11401
7630
1222
8512
8512
8512
3951
11401
11401
11401
1222
1222
1222
8512
3951
11437
9151
9151
12063
2563
2563
9151
9151
12063
2563
9151
12063
7358
5075
7358
7358
12095
8519
7358
7358
7358
8512
8512
7630
10319
9059
8512
8512
3951
7630
7630
1222
9059
8512
3951
11401
7630
1222
1222
1222
3951
11401
11401
1222
1222
1222
1222
9151
9151
12063
12063
9151
12063
7358
5075
7358
7358
8512
10319
9059
8512
3951
10319
9059
9059
3951
7630
1222
9059
9059
7630
1222
1222
1222
7630
1222
1222
1222
11401
1222
1222
1222
9151
12063
7358
9059
3951
9059
9059
9059
9059
1222
9059
1222
1222
1222
1222
1222
1222
1222
1222
843
843
843
843
503
503
503
503
503
2230
3840
2230
2230
5184
2230
2230
5184
2230
2230
5184
2230
2230
503
11464
7877
503
11464
7877
503
11464
7877
503
8003
7329
9938
3840
5162
2230
8203
3840
6840
2230
2230
8203
5184
2230
2230
2230
8203
503
2230
2230
2230
7877
503
2230
11464
7877
7877
503
11464
11464
7877
7877
8358
8003
11464
7329
9993
8003
7329
9938
3840
5162
9938
13641
3840
5162
5162
2230
8203
8203
3840
6840
6840
2230
2230
8203
7877
503
6840
2230
2230
2230
7877
7877
8358
2230
2230
11464
7877
7877
9993
8358
8003
11464
11464
7329
9993
9993
8003
12788
7329
7329
8003
7329
9938
3840
9938
9938
13641
3840
5162
5162
9938
13641
11288
2243
5162
5162
5162
2230
8203
2243
2243
2243
6840
6840
6840
2230
2230
7877
9993
9993
8358
1384
1606
1606
11464
7329
9993
9993
9993
1384
12788
12788
7329
7329
10734
8003
12788
7329
7329
8003
7329
6727
10128
9938
6727
11288
10128
5162
9938
6727
11288
2243
2243
5162
5162
5162
6727
2243
2243
2243
2243
500
500
500
500
500
2243
2243
2243
2243
1384
1606
1606
1606
7119
7329
10734
10734
1384
1606
12965
7119
7329
7329
11824
12965
7119
7329
11824
7119
6727
10128
6727
6727
11288
2243
6727
6727
6727
2243
2243
2243
500
500
3353
2243
2243
2243
2243
500
500
500
3353
3749
3749
3749
500
500
500
500
4337
3749
3749
1384
1606
1606
7119
7119
7119
1384
12965
7119
7119
11824
7119
6727
10128
6727
6727
2243
2243
3353
3353
2243
2243
2243
3353
3353
3353
3749
3749
500
13444
3353
8111
3749
500
500
4337
4337
4337
500
500
500
4337
4337
1384
1606
7119
7119
11824
7119
6727
2243
3353
2243
2243
3353
3353
3749
3353
3353
8111
13444
3353
8111
13444
4337
4337
500
4337
4337
500
500
4337
1384
7119
2243
3353
3353
3353
3353
4337
4337
4337
500
843
843
4336
8615
4336
8615
4336
8615
1604
1604
1604
1604
1604
1604
1604
1604
1604
843
843
5001
843
843
843
4336
4336
10420
8615
4336
4336
10420
1604
4336
1604
1604
1604
13605
1604
1604
1604
13605
1604
1604
8383
11399
1604
8383
5241
5241
843
843
5343
843
843
843
5001
5001
843
843
843
843
5001
4336
4336
10420
1604
1604
4336
4336
1604
1604
1604
8383
4336
13605
1604
1604
8383
8383
11399
11399
1604
8383
8383
11399
5241
5241
9975
5241
5241
843
843
5343
843
843
843
9744
5343
843
843
843
5651
5001
5001
5001
843
843
843
5651
5651
5001
5001
4336
1604
1604
8383
8383
8383
5001
4336
11399
1604
8383
8383
8383
10735
11399
5241
5241
12481
9975
11399
5241
5241
5241
5241
5241
843
5927
5343
843
7341
5927
5343
5343
843
7341
5651
5651
9744
9744
5343
843
5651
5651
5651
5651
1384
1384
1384
1384
843
5651
5651
5651
5651
5926
5926
5926
5241
5241
12481
12481
9975
5926
10735
5241
5241
5241
9975
10735
5241
5241
5241
5241
5241
7341
5927
12419
7341
7341
5651
5343
12419
7341
5651
5651
5651
1384
1384
8003
5651
5651
5651
5651
1384
1384
1384
8003
12944
14089
14089
4339
1384
1384
1384
1384
6775
5241
12481
4339
5926
5926
6775
6775
5241
5241
10735
6775
6775
5241
6775
6775
7341
5927
12419
7341
5651
5651
8003
8003
5651
5651
5651
8003
8003
8003
12944
14089
4339
1384
11824
8003
12944
12944
4339
1384
1384
11023
11023
11023
4339
1384
1384
1384
6775
6775
6775
5926
6775
6775
6775
6775
6775
7341
5651
8003
5651
5651
8003
8003
12944
4339
8003
8003
12944
4339
11824
8003
12944
9116
11824
11023
11023
9116
1384
11023
11023
11023
1384
1384
6775
6775
6775
6775
5651
8003
4339
8003
9116
8003
9116
8003
9116
11023
11023
11023
11023
11023
11023
1384
6775
3840
1560
8071
1560
8071
1560
8071
1560
5655
9560
5655
9560
5655
9560
5655
487
1354
5184
9130
3840
3840
8071
1560
11833
8071
8071
1560
12644
8071
8071
1560
12644
5655
9560
9560
5655
5655
9560
487
5655
5655
4261
487
1354
1354
1444
1354
5184
9130
3840
5184
13734
9130
3840
3840
3840
8071
8071
1560
11833
11833
8071
8071
8071
487
11833
12644
5655
9560
4261
487
5655
5655
5655
4261
4261
487
1354
1354
1354
1444
1444
1354
1354
1444
1354
5184
9130
5184
5184
13734
1390
3840
3840
5184
13734
7513
1390
3840
3840
3840
3840
8071
4261
4261
487
11833
11833
11833
5655
4261
4261
4261
487
9561
1354
1354
1354
1444
1444
1444
1354
1354
1354
1444
1444
1354
1354
12244
1354
503
1390
5184
503
7513
1390
3840
5184
503
7513
7513
5049
3840
3840
3840
503
7513
13649
13649
5049
3840
3840
3840
3840
503
1444
1444
1444
1444
9561
9561
1647
1354
1444
1444
1444
1647
1647
1354
12244
1444
1647
1354
12244
1354
503
1390
503
503
7513
1390
503
503
503
7513
13649
5049
3840
503
503
503
2165
2165
2165
10128
10128
7742
5377
2165
2165
2165
9561
9561
9561
1647
8843
1444
1444
9561
1647
1647
8843
8843
1647
1647
8843
1647
503
1390
503
503
7513
5049
503
503
503
2165
2165
7742
8358
5377
2165
2165
7742
7742
5377
5377
2165
10128
7742
7742
9128
5377
9561
9561
1647
8843
8843
1647
1647
8843
1647
503
1390
503
503
2165
8358
5377
2165
8358
5377
5377
7742
5377
5377
7742
7742
9128
7742
7742
9128
9561
1647
8843
1647
503
5377
5377
5377
5377
7742
7742
7742
1647
1560
3391
1560
3836
1560
3836
1560
3836
1560
5028
5028
5028
5028
5028
5028
1525
487
554
5197
5197
3391
9130
1560
13920
3391
1560
1560
14162
3836
1560
1560
14162
3836
1560
1560
5028
5028
10321
5028
5028
1525
10321
5028
5028
1525
487
487
554
554
487
554
5197
5197
3391
10307
5197
5197
13920
3391
9130
9130
1560
13920
13920
3391
9130
1560
1560
14162
5028
1525
1560
1560
1560
5028
5028
1525
1560
10321
5028
5028
7346
1525
487
487
487
554
554
554
487
487
554
554
487
1349
5197
5197
3391
5197
5197
5197
13920
1393
10307
10307
5197
5197
13920
11971
1393
9130
9130
9130
1560
13920
5028
7346
1525
9130
9130
1560
1560
5028
7346
7346
1525
1390
487
487
487
554
554
554
554
487
487
487
554
554
554
487
487
4251
554
487
1349
5197
5197
1393
5197
5197
5197
11971
1393
10307
5197
5197
5197
11971
8812
6112
10307
10307
10307
5197
5197
8812
8812
8812
6112
1390
1390
1390
1390
487
554
554
554
554
554
1390
1390
1390
487
554
554
554
554
1390
5049
487
4251
554
554
5049
487
4251
1349
487
1349
9626
9626
1393
5197
9626
9626
11971
1393
5197
5197
9626
9626
8812
8812
6112
3468
3590
3590
6701
5538
5538
5538
5538
931
3468
3590
3590
3590
3389
5538
5538
5538
5538
1390
1390
1390
1390
3389
554
554
554
1390
1390
5049
10939
4251
554
5049
5049
10939
878
5049
878
9626
9626
1393
9626
9626
9626
8812
6112
4486
6701
6701
5538
5538
5538
931
3468
6701
6701
6517
5538
5538
5538
3468
3590
14185
3389
6517
5538
5538
3468
3590
3590
3389
3389
3389
5538
1390
1390
1390
3389
3389
878
1390
5049
10939
878
5049
878
9626
9626
1393
4486
6701
5538
5538
931
4486
6701
6517
5538
5538
4486
6701
6517
6517
5538
7206
14185
3389
6517
6517
3468
14185
3389
3389
3071
3468
3590
3389
3389
3071
1390
1390
3389
878
5049
878
4486
5538
931
4486
6517
5538
4486
6517
6517
4486
6517
6517
7206
3389
6517
7206
3389
3071
7206
3389
3071
3468
3389
3071
1390
878
2235
5766
5766
5766
585
585
585
585
585
2235
9936
2235
2235
8615
5766
5766
8615
5766
5766
8615
585
585
2258
585
585
2258
585
585
2258
585
5787
6287
2235
7266
2235
2235
9936
9936
2235
2235
2235
9936
8615
5766
5766
585
8615
8615
585
585
585
2258
2258
585
585
12809
2258
2258
585
5787
5787
11826
6287
5787
6287
2235
7266
2235
2235
13224
7266
2235
2235
2235
9936
9936
9936
2235
2235
585
8519
9936
9936
8615
585
585
12809
12809
5927
2258
2258
585
5787
5787
5787
8070
11826
6287
5787
5787
11826
6287
6287
6287
2235
7266
2235
5075
7266
7266
2235
5075
5075
13224
13224
7266
2235
5075
8519
8519
3468
3468
3468
3468
585
5787
5787
5787
5787
5927
5927
5927
6287
5787
5787
5787
5927
8070
6287
6287
5787
8070
6287
6287
6287
5075
12299
5075
5075
7266
12299
5075
5075
8519
3468
3468
4486
4486
7449
7449
7449
3468
3468
3468
4486
4643
7449
7449
3468
3468
3468
3468
12169
4643
5787
5927
5927
8070
12169
6287
8070
8070
12169
8070
5075
12299
5075
5075
4486
4486
4486
7449
7449
4486
4486
4486
4643
7449
3468
7206
4486
4643
4643
3468
3468
7206
12290
4643
3468
3468
3468
12169
12169
5927
8070
12169
8070
5075
4486
4486
7449
4486
4486
4643
4486
4486
4643
7206
4486
4643
7206
7206
12290
3468
7206
12290
3468
3468
12169
8070
4486
4486
4486
4486
4486
7206
7206
7206
3468
1091
3836
3836
3836
3836
9581
9581
9581
1525
3391
1091
1091
3391
1091
3836
3836
11849
3836
3836
11849
3836
10617
9581
9581
10617
9581
9581
1525
8123
1525
1525
6209
3752
3391
7753
3391
3391
1091
1091
1091
3391
3391
1091
1091
3836
3836
3836
1091
11849
3836
10617
1525
9581
9581
9581
1525
1525
8123
8123
1525
1525
1525
8123
6209
3843
3752
6209
6209
3391
13690
3391
3391
7753
7753
3391
3391
1393
1091
1091
1091
1091
3391
1393
1525
1091
1091
1091
3836
1525
1525
1525
1091
1091
8123
1525
1525
1525
1525
4451
8123
6209
3843
3843
3752
8123
6209
6209
3752
6209
6209
1393
13690
1393
1393
7753
13690
1393
1393
1393
7753
7753
7753
1393
1393
6112
6112
1091
1091
1091
1091
658
1525
1525
1525
1525
8522
8522
4451
658
3843
3843
3843
3752
4451
4451
658
6209
3843
3752
4451
658
6209
6209
658
6209
1393
9685
1393
1393
9685
9685
1393
1393
6112
7168
5863
9685
1393
6112
6112
6112
7168
7168
5863
5551
5551
10971
10971
10855
7168
7168
7168
658
658
658
3843
3752
8522
4451
658
658
658
3752
4451
658
658
658
658
658
1393
9685
1393
1393
9685
9685
1393
6112
6112
5863
13053
5551
5551
10971
10855
5863
5863
5551
5551
5551
10855
7168
5863
5863
13938
5551
1791
7168
7168
658
658
658
658
4451
658
658
658
658
658
1393
9685
1393
6112
13053
5551
5551
10855
13053
5551
5551
1791
5863
5551
5551
1791
5863
5863
13938
1791
5863
5863
13938
7665
7168
658
658
658
658
658
1393
5551
1791
5551
1791
5551
1791
5551
1791
5863
7665
5863
7665
5863
7665
658
658
552
1521
7183
7183
7183
7183
7183
7183
1391
1391
1391
1391
1391
1391
1391
1391
1349
552
1521
2211
552
2745
1521
8391
7183
7183
7183
8391
7183
7183
1391
8391
1391
1391
1391
7738
1391
1391
1391
7738
1391
1391
6475
7738
1349
8431
1349
552
1521
552
552
2745
1521
2211
2211
552
2745
2745
1521
10174
8391
7183
7183
1391
1391
8391
8391
1391
1391
1391
6475
7738
7738
1391
1391
8431
6475
7738
7738
1349
8431
8431
14012
1349
1349
1349
552
1521
552
552
2745
1521
2211
552
552
2745
2745
2431
2211
2211
2211
552
2745
1391
2431
2431
10174
10174
8391
1391
1391
8431
8431
6475
7236
6190
7738
1349
8431
8431
8431
6190
14012
1349
1349
9784
14012
1349
1349
1349
552
9628
552
552
10616
9628
552
552
552
10616
2431
2431
2211
2211
552
552
2431
2431
2431
2431
2211
2211
2211
2211
552
2431
2431
2431
2431
7236
7236
6190
878
1349
9784
9784
6190
6190
878
1349
1349
6190
878
1349
878
5529
9628
5529
5529
10616
2431
552
5529
5529
2431
2431
2431
2211
552
5529
2431
2431
2431
2431
11975
11975
1357
1357
10102
11785
11785
7236
7236
7236
878
878
878
9784
7236
6190
878
878
878
6190
878
878
878
5529
9628
5529
5529
2431
2431
5529
5529
2431
2431
2431
1357
9622
9622
10102
11785
1357
1357
1357
10102
10102
11975
1357
1357
3071
3071
7236
7236
878
878
878
6190
878
878
878
5529
2431
5529
2431
2431
9622
9622
10102
9622
9622
10102
1357
1357
10102
1357
1357
3071
1357
1357
3071
7236
878
878
878
2431
9622
9622
9622
1357
1357
1357
1357
878
1146
1146
1146
1146
689
689
689
689
689
998
3745
2591
8439
8439
2993
8439
8439
2993
8439
8439
2993
1857
1857
2788
1857
1857
2788
1857
1857
2788
1857
1857
2788
1857
2443
1000
3745
3745
998
998
3745
3745
2591
3189
8439
8439
8439
2591
10951
8439
8439
1857
2993
10951
1857
1857
1857
2788
2788
1857
1857
1857
2788
2788
1857
1857
10142
2788
2788
1857
7172
2443
9066
4690
1000
1000
3745
3745
998
3745
3745
3745
998
998
998
3745
3745
3745
2591
3189
3189
8439
8439
1857
1857
2591
3189
10951
1857
1857
1857
10142
2591
2788
2788
1857
1857
10142
10142
2788
2788
2788
1857
7172
7172
2443
9066
13792
4690
4690
7172
9066
4690
1000
1000
3745
3745
7625
3745
3745
325
998
998
3745
3745
325
325
998
998
998
998
3745
325
2212
2212
2591
3189
3189
3189
1857
1857
10142
10142
10142
2591
3189
2788
2788
1857
7172
7172
7172
2443
3987
3987
13792
4690
4690
7172
7172
3987
13792
4690
4690
1000
9066
4690
1000
1000
325
325
7625
325
325
325
998
7625
325
325
325
2212
998
998
998
325
325
2212
2212
2212
998
998
998
998
325
2212
2212
2212
2212
1532
4539
4539
4539
3987
3987
4690
7172
7172
7172
4539
3987
3987
3987
4690
4690
7172
3987
3987
3987
4690
1000
3987
3987
1000
1000
325
325
4189
325
325
325
4189
4189
325
325
2212
2212
998
998
2192
325
2212
2212
2212
1532
8077
8077
8077
2192
3769
3769
3769
3769
4539
4539
4539
3987
9847
3769
3769
3769
4539
4539
3987
3987
13028
4690
1000
3987
3987
3987
13028
1000
3987
3987
8081
1631
325
325
4189
325
325
2212
2192
2192
325
2212
2212
1532
2192
2192
2192
3769
3769
3769
8077
9492
2192
13915
3769
3769
8077
8077
9492
9847
9847
3769
4539
4539
3987
9847
9847
6797
4539
3987
3987
13028
8081
3987
3987
8081
1631
325
325
2192
325
2212
1532
2192
2192
3769
3769
2192
2192
13915
3769
9492
2192
13915
5102
9492
9492
9847
5102
8077
9492
9847
6797
4539
3987
9847
6797
3987
3987
8081
1631
325
1532
2192
3769
2192
5102
2192
5102
2192
5102
9492
6797
9492
6797
9492
6797
3987
6797
1631
2591
1146
3536
7428
3536
7428
3536
7428
2989
860
2989
860
2989
860
2989
860
675
2993
1146
2591
2591
8497
1146
2935
3536
9298
7428
3536
3536
9298
860
3536
2989
2989
860
5118
2989
2989
860
5118
2989
2989
10877
675
675
10877
675
1817
2993
1146
2591
2993
8497
1146
2591
2591
2591
8497
8497
1146
2935
2935
3536
9298
2989
860
2935
3536
2989
2989
2989
10877
3536
5118
2989
2989
10877
10877
675
675
675
10877
10877
675
675
3186
3064
675
1817
2993
1146
2993
2993
8497
1146
2591
2591
2993
8497
8497
6120
2591
2591
2591
2591
8497
2989
8991
8991
2935
2935
2935
2989
2989
10877
10877
10877
2935
675
675
675
10877
10877
10877
675
675
675
3186
11843
3064
675
675
3186
1817
675
1817
2993
6120
2993
2993
13466
6120
2591
2993
2993
13466
8991
8991
2591
2591
2591
2993
8991
8991
8991
8991
2591
2591
2591
2591
675
6902
6902
6902
6902
9223
9223
6316
675
3186
11843
11843
3064
6316
6316
675
3186
3186
3064
6316
675
3186
1817
675
1817
4459
6120
4459
4459
13466
6120
2993
4459
4459
8991
8991
8991
2591
2591
4459
4459
6902
6902
6902
12544
12544
4985
1631
6902
6902
6902
5282
9223
9223
9223
1631
1631
1631
6902
3064
9223
6316
6316
8901
3186
1817
6316
6316
8901
1817
6316
8901
4459
6120
4459
4459
8991
8991
4459
4459
4459
6902
6902
4985
9066
9066
6902
6902
5282
4985
4985
1631
10493
6902
5282
12544
4985
1631
1631
1631
5282
9223
9223
1631
1631
1631
1631
6316
6316
8901
8901
6316
8901
4459
6120
4459
4459
6902
9066
9066
6902
5282
9066
9066
10493
5282
4985
1631
10493
10493
4985
1631
1631
1631
4985
1631
1631
1631
9223
1631
1631
1631
6316
8901
4459
9066
5282
9066
10493
9066
10493
1631
10493
1631
1631
1631
1631
1631
1631
1631
1631
2231
4211
2930
2930
4211
2930
2930
4211
2930
2930
4211
2930
2930
689
9597
8531
689
9597
8531
689
9597
8531
689
3187
7288
1377
2231
5188
6410
2231
14100
4211
11126
2930
2930
14170
4211
2930
2930
2930
14170
689
2930
2930
2930
8531
689
2930
10866
8531
8531
689
9597
10866
8531
8531
7677
3187
8073
7288
7288
1377
3187
7955
7154
2231
5188
2231
2231
14100
5188
6410
6410
2231
14100
14100
4211
11126
11524
2930
2930
14170
8531
689
11126
2930
2930
2930
8531
8531
7677
2930
2930
10866
8531
8531
9190
7677
3187
8073
8073
7288
7288
7288
1377
3187
8073
7955
7288
7288
3187
7955
7154
2231
5188
2231
2231
14100
5188
6410
2231
2231
14100
6083
2210
6410
6410
6410
2231
14100
4441
4441
2210
11126
11524
11524
2930
2930
8531
9190
9190
7677
1848
2031
2031
8073
7288
7288
7288
7288
1377
1848
8073
8073
7955
7288
7288
7288
3187
8073
7955
7955
7154
3187
7955
7154
2231
6083
2231
2231
6083
6083
2231
2231
2231
6083
4441
2210
6410
6410
2231
2231
4441
4441
4441
2210
686
686
686
686
642
834
834
834
834
834
1848
2031
2031
2031
4209
7288
7288
7288
7288
1848
2031
12992
4209
7955
7288
7288
8436
12992
4209
7955
7154
8436
4209
7154
6083
6083
9595
6083
6083
2210
2231
9595
6083
4441
4441
2210
686
642
642
642
834
834
834
834
686
686
686
642
834
834
834
834
686
686
686
686
4209
834
834
834
1848
2031
2031
4209
4209
4209
7154
1848
12992
4209
4209
3964
8436
4209
3964
6083
6083
9595
6083
4441
2210
642
642
642
834
834
834
642
642
642
834
834
834
686
6100
642
5517
834
834
686
686
6100
9322
5517
834
686
686
686
4209
4209
449
1848
2031
4209
4209
3964
8436
4209
3964
6083
2210
642
642
834
834
642
642
834
834
642
642
5517
834
6100
642
5517
1737
6100
6100
9322
449
686
6100
9322
449
686
686
4209
449
1848
4209
3964
642
834
642
834
642
1737
642
1737
642
1737
6100
449
6100
449
6100
449
686
449
1146
7428
7428
7428
860
860
860
860
860
1146
6847
1146
1146
6847
7428
7428
8870
7428
7428
8870
860
860
1174
860
860
1174
860
860
1174
860
7438
7799
1146
4248
1146
1146
6847
6847
1146
1146
1146
6847
6847
7428
7428
860
6847
8870
860
860
860
1174
1174
860
860
13035
1174
1174
860
7438
7438
12800
7799
7438
7799
1146
4248
1146
1146
11126
4248
1146
1146
1146
6847
6847
6847
1146
1146
860
10177
6847
6847
6847
860
860
13035
13035
6847
1174
1174
860
7438
7438
7438
9898
12800
7799
7438
7438
12800
7799
7799
7799
1146
4248
1146
6120
4248
4248
1146
6120
6120
11126
11126
4248
1146
6120
10177
10177
1848
1848
1848
1848
860
4634
4634
4634
4634
7542
7542
7542
7799
7438
7438
7438
7542
9898
7799
7799
7438
9898
7799
7799
7799
6120
9597
6120
6120
4248
9597
6120
6120
10177
1848
1848
3187
3187
4634
4634
4634
1848
1848
1848
3187
4634
4634
4634
1848
1848
1848
1848
9297
4634
4634
7542
7542
9297
9297
7799
9898
9297
9297
9297
6120
9597
6120
6120
3187
3187
3187
4634
4634
3187
3187
3187
4634
4634
1848
8436
3187
5806
4634
1848
1848
8436
9569
5806
1848
1848
1848
9297
9297
7542
9297
9297
9297
6120
3187
3187
4634
3187
3187
4634
3187
3187
5806
8436
3187
5806
8436
8436
9569
1848
8436
9569
1848
1848
9297
9297
3187
3187
3187
3187
3187
8436
8436
8436
1848
1521
4211
4211
4211
689
689
689
689
689
5188
1521
1521
4211
6822
4211
4211
11890
4211
4211
11890
689
689
6171
689
689
6171
689
689
6171
689
7677
7295
2443
5188
1521
5188
5188
1521
1521
1521
4211
4211
6822
6822
4211
4211
689
6822
11890
689
689
689
6171
6171
689
689
7677
6171
6171
689
7677
7677
11876
7295
7295
8775
7295
2443
5188
11517
5188
5188
1521
1521
5188
5188
5188
1521
1521
1521
1521
4211
689
2210
6822
6822
6822
689
689
7677
7677
6822
5039
6171
689
7677
7677
7677
5039
11876
7295
7295
8775
8775
11876
7295
7295
2443
7295
2443
5188
11517
5188
12167
1521
11517
5188
12167
2210
1521
1521
1521
5188
2210
2210
2210
1521
1521
1521
1521
689
2210
2210
2210
2210
8407
8407
5039
5039
7295
8775
8775
8775
5039
5039
5039
7295
7295
8775
5039
5039
7295
2443
5039
2443
9173
9173
9173
12167
9173
9173
9173
2210
2210
1521
1521
6475
2210
2210
2210
2210
9628
9628
5666
931
5194
5194
5194
5138
8407
8407
8407
931
931
931
5194
5138
8407
5039
5039
14032
7295
2443
5039
5039
14032
2443
5039
5046
9173
9173
9173
2210
6475
6475
2210
2210
2210
5666
6475
6475
5194
5194
5138
5666
5666
931
7152
5194
5138
9628
5666
931
931
931
5138
8407
8407
931
931
931
931
5039
5039
14032
5046
5039
5046
9173
6475
2210
2210
6475
6475
5194
5138
6475
6475
7152
5138
5666
931
7152
7152
5666
931
931
931
5666
931
931
931
8407
931
931
931
5039
5046
2210
6475
5138
6475
7152
6475
7152
931
7152
931
931
931
931
931
931
931
931
4120
4836
4836
4836
4836
4836
4836
4836
4836
11980
11980
11980
11980
11980
11980
11980
10430
4120
14074
4120
4120
7971
4836
4836
7060
4836
4836
4836
7060
4836
4836
4836
14034
4836
11980
11980
14034
11980
11980
11980
11868
11980
11980
10430
11868
13770
10430
4120
10639
4120
4120
14074
14074
4120
4120
4120
7971
14343
4836
4836
7060
7060
7971
4836
4836
4836
14034
11868
4836
4836
11980
11980
11868
11868
11980
11980
11980
10430
11868
11868
13770
14101
10430
10430
13770
10430
4120
10639
4120
4120
14074
10639
4120
4120
4120
14074
14074
14074
4120
4120
4120
9347
7971
14343
14343
4836
4836
11868
11868
11868
7971
8917
4836
11980
10430
11868
11868
11868
7391
7391
14101
10430
10430
11951
7391
14101
10430
10430
13770
10430
4120
10639
4120
4386
10639
10639
4120
4386
4386
14074
14074
10639
4120
4386
9347
9347
7430
7430
7430
7430
1623
9347
9347
9347
9347
8917
8917
8917
7391
7391
10430
11951
11951
8917
7391
7391
7391
10430
10430
7391
7391
7391
10430
7391
7391
4386
5504
4386
4386
5504
5504
4386
4386
9347
7430
1623
1623
1623
9347
9347
9347
7430
7430
6346
1623
9941
11276
11276
7430
7430
7430
6346
11744
9941
11276
8917
8917
7391
7391
14234
10430
7391
7391
7391
14234
7391
7391
4386
5504
4386
4386
1623
1623
1623
9347
9347
1623
1623
1623
9941
11276
6346
6346
1623
9941
9941
7430
6346
6346
11744
9941
7430
7430
6346
11744
11744
8917
7391
7391
14234
7391
7391
4386
1623
1623
9347
1623
1623
9941
1623
1623
9941
6346
1623
9941
6346
6346
11744
6346
6346
11744
7430
6346
11744
7391
7391
1623
1623
1623
1623
1623
6346
6346
6346
6346
2158
2158
7725
7725
7725
7725
7725
7725
6294
8744
6294
8744
6294
8744
6294
5186
4835
2158
2158
7971
2158
2158
2158
9408
7725
7725
7725
9408
7725
7725
7725
9408
6294
13045
8744
6294
6294
13045
5186
6294
6294
12193
5186
6294
4835
4835
9773
4835
2158
2158
7971
2158
2158
2158
7971
7971
2158
2158
2158
2158
14051
9408
7725
7725
7725
5186
9408
9408
6294
13045
12193
5186
6294
6294
6294
12193
12193
5186
6294
6294
4835
4835
4835
9773
9773
4835
4835
9773
11014
2158
2158
11137
2158
2158
2158
7971
7971
2158
2158
2158
4122
7971
7971
7971
2158
2158
2158
12193
4122
14051
14051
9408
6294
12193
12193
12193
5186
6638
4089
6294
4835
4835
4835
4835
4089
9773
9773
4835
4835
4835
9773
9773
11014
4835
9773
11014
2158
6640
11137
2158
11587
6640
7971
11137
2158
11587
11587
4122
7971
7971
7971
2158
11587
14322
14322
4122
6638
6638
6638
6638
2158
4835
4835
4835
4835
6638
6638
4089
4089
4835
4835
4835
4835
4089
4089
4089
11014
4835
4835
4089
4089
11014
11014
4089
11014
11587
6640
14390
11587
11587
4122
11137
14390
11587
11587
14322
4122
7971
7971
13770
11587
12015
12015
12015
10537
10537
10537
12404
12015
12015
12015
12015
6638
6638
6638
4089
11225
4835
4835
4835
6638
4089
4089
11225
11014
4835
4089
4089
11225
7774
4089
7774
11587
6640
14390
11587
11587
4122
13770
13770
11587
12015
12015
12404
13770
13004
12015
12015
12015
10537
12404
12404
13004
12015
12015
10537
10537
12404
14295
13004
12015
6638
6638
4089
11225
11225
7774
4089
4089
11225
7774
4089
7774
11587
4122
13770
11587
12015
13770
13004
12015
12015
13770
13004
13004
12015
12404
12404
13004
13004
12404
12404
14295
8019
10537
12404
14295
8019
6638
4089
11225
7774
4089
7774
11587
13004
12015
13004
13004
13004
13004
12404
13004
12404
8019
12404
8019
12404
8019
4089
7774
3740
3740
3740
3740
3740
8744
8744
8744
5186
7994
3947
3740
3740
9714
3740
3740
9714
3740
3740
9714
3740
8803
8744
8744
8803
8744
8744
7429
5186
5186
7429
5186
7994
3947
7994
7994
3947
3947
3740
3740
3740
13096
9714
3740
3740
3740
9714
9714
3740
8803
7429
8744
8744
8744
7429
7429
5186
5186
5186
7429
7429
5186
5186
11726
5186
7994
11564
7994
7994
3947
3947
7994
7994
7994
3947
3947
3947
3740
3740
3740
7429
13096
13096
9714
3740
7429
7429
7429
6640
4122
5186
5186
7429
7429
7429
4122
5186
5186
11726
11726
5186
5186
14150
5186
2042
11564
2042
12967
3947
11564
2042
12967
9073
3947
3947
3947
2042
9073
9073
9073
3947
3947
3947
3947
2042
2941
2941
2941
2941
6640
6640
4122
4122
11726
11726
11726
4122
4122
4122
14150
11726
4122
4122
14150
4122
2042
2042
2042
12967
2042
2042
2042
9073
9073
3947
2042
2042
2042
2941
2941
2941
6904
6904
6904
2155
2155
2941
2941
6640
6640
6640
4122
11416
2155
2941
6640
4122
4122
13068
13068
4122
4122
13068
4122
2042
2042
2042
9073
2042
2042
2042
2941
2941
8867
8867
2155
2155
2941
6904
13866
2155
2155
2155
6904
6904
11416
11416
2155
6640
6640
4122
11416
11416
4122
4122
13068
4122
2042
2042
2042
2941
8867
2155
2155
8867
2155
2155
13866
2155
2155
13866
11416
11416
6904
11416
11416
6640
4122
11416
4122
2042
2155
2155
2155
2155
11416
11416
11416
4122
954
5065
5065
5065
915
915
915
915
389
2486
5485
954
954
5485
954
5065
10635
5065
5065
10635
5065
915
7269
915
915
7269
915
915
389
915
389
389
7656
1095
6431
5485
2486
2620
5485
5485
954
954
954
5485
5485
954
954
5065
10635
7269
954
5065
915
7269
389
915
915
915
389
389
915
915
389
389
389
8753
7656
5656
1095
7656
7656
6431
5485
2486
13730
5485
5485
2486
2620
2620
5485
5485
5485
954
954
954
954
5485
389
389
954
954
954
915
389
389
389
954
915
915
389
389
389
389
1142
8753
7656
5656
5656
1095
8753
7656
7656
1095
7656
7656
6431
5485
6431
13730
5485
9095
2486
2620
13730
5485
9095
4274
2486
2620
2620
2620
5485
4274
4274
4274
954
954
954
954
389
389
389
389
389
7883
7883
1142
1142
5656
5656
5656
1095
1142
1142
1142
7656
5656
1095
1142
1142
7656
7656
1142
7656
4029
9095
4029
9901
9095
9095
2486
9901
9901
9095
4274
4274
2486
2620
2620
9901
4274
4274
4274
4274
8739
8739
8739
3847
3847
10186
10534
10534
5067
7883
7883
7883
1142
13473
5656
5656
1095
7883
1142
1142
14275
7656
1095
1142
1142
14275
2919
1142
2919
4029
9095
4029
9901
9095
4274
4029
9901
9901
4274
4274
4274
3847
3847
12312
10186
10186
10534
5067
8739
3847
3847
3847
10186
10186
5067
8739
8739
3847
3847
13473
10186
957
7883
7883
1142
13473
13473
2919
1142
1142
14275
2919
1142
2919
4029
9095
4029
9901
4274
4274
10846
12312
10186
10186
5067
3847
12312
10186
10186
957
3847
3847
3847
10186
957
3847
3847
3847
13473
957
8739
3847
3847
13473
5487
7883
1142
13473
2919
1142
2919
4029
4274
10846
10186
957
10846
10186
957
10846
10186
957
3847
3847
957
3847
3847
5487
3847
3847
5487
3847
3847
5487
1142
2919
957
957
957
957
957
1564
1564
1564
1564
2486
6698
6698
6698
6698
6780
6780
6780
424
6431
2486
2486
10620
4848
6698
10620
6698
6698
10620
6698
6698
6780
13673
6780
6780
13673
6780
4615
1589
424
4615
424
424
6431
2486
6431
10828
2486
2486
2486
10620
10620
4848
4848
6698
10620
6780
4848
6698
6698
6780
4615
6698
13673
6780
4615
4615
1589
1589
424
4615
4615
1589
424
424
8963
424
424
6431
6431
6431
10828
2486
2486
6431
10828
7455
2486
2486
2486
2486
10620
4615
4615
4848
4848
4848
6698
4615
4615
4615
4848
1589
1589
424
4615
4615
4615
1589
1589
424
424
11841
8963
1589
424
424
424
424
424
4029
6431
4029
7455
2486
6431
4029
7455
5799
2486
2486
2486
4029
5799
5799
5799
2486
2486
2486
2486
424
4615
4615
4615
4615
8141
8141
8141
424
424
11841
11841
8963
8141
9136
424
424
424
8963
9136
424
424
424
424
424
4029
4029
4029
7455
4029
4029
4029
5799
5799
2486
2486
4029
4029
5799
5799
5799
12427
12427
5514
1564
7683
11964
11964
10448
8141
8141
8141
1564
1564
424
11841
8963
8141
8141
4586
4586
424
424
9136
4586
4586
424
4586
4586
4029
4029
4029
5799
4029
4029
4029
5799
5799
5514
10846
7683
7683
11964
10448
5514
5514
1564
7683
7683
10448
12427
5514
1564
1564
1564
7683
8141
8141
1564
1564
1564
1564
8141
4586
4586
4586
4586
4586
4029
4029
4029
5799
10846
7683
7683
10448
10846
7683
7683
7683
5514
1564
7683
7683
5514
1564
1564
1564
5514
1564
1564
1564
8141
1564
1564
1564
4586
4586
4029
7683
7683
7683
7683
7683
7683
1564
7683
1564
1564
1564
1564
1564
1564
1564
1564
3953
3953
8027
3953
3953
8027
3953
3953
8027
3953
3953
8027
3953
7696
7482
7482
7696
7482
7482
7696
7482
7482
2931
2324
2995
1270
2324
6709
11403
8251
3953
3953
3953
8251
8251
3953
3953
3953
8027
13699
3953
3953
3953
8027
13699
3953
12486
7696
7482
7482
7482
12486
2931
7482
7482
7482
4247
2931
2324
6442
2995
2995
1270
2324
6442
2995
2324
6709
11403
6709
6709
12431
11403
8251
8251
3953
3953
3953
3953
8251
8251
8251
3953
3953
3953
2931
8251
8251
13699
3953
12486
4247
2931
8027
7482
7482
7482
4247
4247
2931
2324
6442
6442
2995
2995
2995
1270
2324
6442
6442
2995
2995
2324
6442
7091
2324
6709
11403
6709
6709
12431
1972
8513
6709
6709
12431
10072
1972
8251
8251
8251
3953
3953
3953
4247
2931
8251
8251
8251
8251
3953
4247
4247
4247
2931
8251
8251
3478
6442
2995
2995
2995
2995
1270
3478
3478
6442
6442
2995
2995
2995
2324
6442
6442
10838
2995
2324
6442
7091
2324
735
1972
6709
735
10072
1972
6709
6709
735
10072
10072
7400
8513
8513
6709
735
10072
13686
13686
7400
7693
7693
7693
7693
735
2995
2995
2995
2995
1086
9586
9586
9586
3478
3478
2995
2995
2995
2995
9586
3478
3478
3478
10838
2995
2995
3478
3478
3478
10838
7091
3478
3478
7091
2201
735
1972
735
735
10072
1972
735
735
735
10072
13686
7400
7693
735
735
735
5676
5676
5676
1086
7693
7693
3760
1105
5676
5676
5676
1086
7693
7693
7693
1105
1105
1105
2995
1086
9586
9586
3478
3478
5121
5121
2995
3478
3478
3478
5121
4293
3478
3478
4293
2201
735
1972
735
735
10072
7400
735
735
735
5676
5676
1086
3760
12873
8116
5676
5676
1086
3760
3760
1105
8116
5676
1086
7693
3760
1105
1105
1105
1086
7693
7693
1105
1105
1105
1105
9586
3478
3478
5121
4293
3478
3478
4293
2201
735
1972
735
735
5676
1086
12873
8116
5676
1086
12873
8116
8116
1086
3760
1105
8116
5563
3760
1105
1105
1105
3760
1105
1105
1105
7693
1105
1105
1105
3478
3478
4293
2201
735
1086
8116
1086
8116
5563
8116
5563
1105
5563
1105
1105
1105
1105
1105
1105
1105
1105
2201
1104
8027
8027
8027
3569
3569
3569
3569
2324
1104
7373
1104
3761
8027
8027
10144
8027
8027
10144
8027
3569
3569
10298
3569
3569
10298
3569
3569
2324
2324
8962
2324
1107
1104
1104
1104
3761
7373
7373
1104
3761
3761
9064
8027
8027
10144
3569
8027
8027
3569
3569
3569
8027
10298
3569
3569
8962
2324
2324
2324
8962
8962
2324
2324
6233
1107
2324
3424
1104
1104
1104
3761
7373
1104
1104
3761
3761
7373
7373
7373
1104
3761
1200
1200
9064
9064
8027
3569
3569
8962
8962
9064
2324
2324
2324
8962
8962
8962
2324
2324
2324
6233
12677
1107
2324
2324
6233
1107
2324
3424
1104
1104
1104
12683
1104
1104
1104
12683
1200
7373
7373
1104
1104
1200
1200
1200
7373
7373
7373
7373
466
1200
1200
1200
1200
10073
10073
8183
2324
6233
12677
12677
1107
8183
8183
2324
6233
6233
1107
8183
2324
6233
3424
2324
3424
8576
8576
8576
12683
1104
8576
8576
1200
1200
7373
1104
8576
466
1200
1200
1200
10412
10412
9789
466
466
12803
12803
3052
10073
10073
10073
3514
3514
466
12677
1107
10073
8183
3514
3514
3514
1107
8183
3514
3514
3424
3514
3514
8576
8576
8576
1200
8576
8576
466
1200
1200
9789
10257
466
466
12803
3052
9789
9789
466
466
466
3052
10412
9789
4897
4897
466
466
10073
10073
3514
3514
3514
3514
8183
3514
3514
3514
3514
3514
8576
8576
466
1200
10257
466
466
3052
10257
466
466
466
9789
466
466
466
9789
4897
4897
466
9789
4897
4897
4897
10073
3514
3514
3514
3514
3514
466
466
466
466
466
466
466
466
466
4897
4897
4897
4897
4897
4897
3514
3514
5123
5123
5123
5123
5123
7696
7696
7696
1533
3148
6722
9910
5123
12415
5123
5123
12415
5123
5123
12415
5123
5123
10441
7696
7696
10441
7696
7696
8575
2931
1533
1533
1762
1533
6722
6722
3148
6722
6722
12694
9910
9910
5123
12415
12415
11403
5123
5123
12415
10441
5123
5123
5123
10441
8575
5123
7696
7696
8575
8575
2931
2931
1533
1533
1533
2931
1762
1533
1533
1762
1762
6722
6722
3148
6722
6722
12694
3148
9910
6722
6722
12694
2674
9910
9910
9910
5123
12415
2674
8575
11403
11403
5123
5123
8575
8575
8575
1972
1972
2931
1533
1533
1533
1533
2931
2931
1762
1533
1533
1533
2931
1762
1762
1533
1762
1762
6722
2674
6722
6722
2674
2674
3148
6722
6722
2674
2674
2674
3148
9910
9910
6722
2674
2674
13903
13903
1972
1972
1972
1972
1533
1533
1533
1533
1533
1972
1972
1972
1762
1533
1533
1533
1533
1972
7400
1762
1762
1533
1533
7400
1762
1762
1762
1762
1762
3444
2674
3444
3444
2674
2674
3148
3444
3444
2674
2674
13903
3148
5442
2673
3444
2674
3950
3950
3950
4686
5442
5442
2673
2673
3950
3950
3950
3950
1972
1972
1972
1972
6749
1533
1533
1533
1972
1972
7400
10920
1762
1533
7400
7400
10920
1762
7400
1902
3444
2674
3444
3444
2674
2674
3444
3444
3444
2674
3950
3950
2673
2673
12688
9997
3950
3950
3950
4686
2673
2673
2673
9997
3950
3950
4686
5442
2673
2673
6749
6749
621
1972
1972
1972
6749
6749
1902
1972
7400
10920
1902
7400
1902
3444
2674
3444
3444
2674
3950
8883
12688
9997
3950
3950
2673
12688
9997
9997
621
2673
2673
2673
9997
621
2673
2673
2673
6749
621
4686
2673
2673
6749
5968
1972
1972
6749
1902
7400
1902
3444
2674
8883
9997
621
8883
9997
621
8883
9997
621
2673
2673
621
2673
2673
5968
2673
2673
5968
2673
2673
5968
1972
1902
3105
8011
8011
8011
2316
2316
2316
2316
726
3105
3148
3105
3105
12252
8011
8011
13232
8011
8011
13232
2316
2316
3146
2316
2316
3146
2316
726
3146
726
726
5289
3105
3148
3105
3105
3148
3148
3105
3105
3105
12252
12252
8011
8011
2316
12252
13232
2316
2316
726
3146
3146
2316
726
726
3146
3146
726
726
726
5289
5289
7203
5289
3105
11168
3105
3105
3148
3148
3105
3105
3105
3148
3148
3148
3105
3105
726
726
12252
12252
12252
2316
726
726
726
10754
3146
3146
726
726
726
726
3951
5289
5289
7203
7203
5289
5289
8628
5289
3105
11168
3105
13030
3148
11168
3105
13030
6650
3148
3148
3148
3105
6650
6650
6650
3148
3148
3148
3148
726
726
726
726
726
10754
10754
3951
3951
7203
7203
7203
3951
3951
3951
8628
7203
3951
3951
8628
3951
5971
5971
5971
13030
5971
5971
5971
6650
6650
3148
3148
5971
5971
6650
6650
6650
4686
4686
4686
1036
8254
8363
8363
4686
4686
4686
1036
1036
1036
7203
10754
3951
3951
13644
8628
3951
3951
13644
3951
5971
5971
5971
6650
5971
5971
5971
6650
6650
8883
8883
8254
8254
8363
4686
9733
1036
8254
8254
4686
4686
1036
1036
1036
4686
4686
1036
1036
1036
3951
3951
13644
3951
5971
5971
5971
6650
8883
8254
8254
8883
8254
8254
9733
1036
8254
9733
1036
1036
4686
1036
1036
4686
1036
1036
3951
5971
8254
8254
8254
1036
1036
1036
1036
1036
1926
1926
1926
1926
1926
2784
2784
2784
943
3120
3566
3120
1926
1926
10165
1926
1926
10621
1926
1926
10621
1926
2784
3138
2784
2784
3138
2784
943
3138
943
943
8963
1934
3566
3566
3120
3120
3566
3852
3120
3120
1926
1926
1926
10165
10165
1926
1926
1926
10165
10621
1926
2784
943
3138
3138
2784
943
943
3138
3138
943
943
943
8963
8963
1934
1934
8963
3958
3566
3566
3120
3566
3566
3852
3120
3120
3120
3566
3852
3852
3120
3120
3120
1926
1926
943
943
10165
10165
10165
1926
943
943
943
10165
3138
3138
943
943
943
943
8963
8963
8963
1934
1934
1934
8963
8963
12811
1934
8963
3958
3566
3566
3566
3566
3566
10559
3120
3120
3566
3566
10559
7810
3120
3120
3120
3120
3566
7810
7810
7810
3120
3120
3120
3120
943
943
943
943
943
13917
13917
10448
8189
1934
1934
1934
1934
10448
10448
8189
12811
1934
1934
10448
8189
12811
3958
8189
3958
5728
10559
3566
13578
10559
10559
3120
3566
13578
10559
7810
7810
3120
3120
3120
6046
2300
7810
7810
7810
3733
5672
5672
5672
2300
2300
10403
10403
10403
5672
5672
5672
5672
8189
1934
1934
1934
13917
10448
8189
8189
8189
1934
10448
8189
8189
3053
8189
3053
5728
10559
5728
13578
10559
7810
5315
6046
6046
2300
7810
7810
3733
6046
6046
2300
2300
10403
10403
3733
5672
8751
2300
2300
2300
10403
3733
5672
5672
8751
12124
2300
2300
5672
5672
5672
8189
8189
3053
10448
8189
8189
3053
8189
3053
5728
10559
5315
6046
2300
7810
5315
6046
2300
2300
10403
5315
6046
2300
2300
2300
8751
8751
2300
2300
2300
3733
8751
8751
12124
2300
3733
5672
8751
12124
9467
5672
5672
8189
3053
8189
3053
5315
2300
5315
2300
2300
5315
2300
2300
5315
2300
2300
8751
2300
2300
8751
8751
9467
8751
8751
9467
3733
8751
9467
5672
3053
2300
2300
2300
2300
1435
1435
1435
1435
1435
1434
5131
4980
5131
4980
5131
4980
5131
496
496
496
496
496
496
496
496
496
1098
1434
10132
1434
1434
10132
5131
4980
4980
5131
5131
4980
4980
5131
5131
496
5468
496
496
496
5468
496
496
496
2774
496
496
496
2774
1098
1098
2815
1098
1434
4031
1434
1434
10132
10132
1434
1434
1434
10132
10132
5131
4980
4980
4980
10132
5131
5131
496
5468
2774
5131
496
496
496
2774
2774
496
496
496
496
2774
2774
1098
1098
1098
3119
6145
1098
1098
2815
1098
1434
4031
1434
1434
11120
4031
1434
1434
1434
10132
10132
10132
1434
1434
1434
2774
10132
10132
10132
5131
496
2774
2774
2774
2495
2495
496
496
496
2774
2774
2774
2495
1098
1098
1098
3119
13132
6145
1098
1098
1098
3119
2815
1098
1098
2815
1098
1434
4031
1434
9904
4031
4031
1434
9904
9904
11120
11120
4031
1434
9904
10773
10773
2495
2495
2495
2495
496
2774
2774
2774
2774
2495
2495
2495
2495
1098
3119
13132
13132
6145
2495
2495
7244
1098
3119
3119
6145
7244
7244
1098
3119
2815
7244
1098
2815
1098
5728
5728
5728
9904
4031
5728
5728
9904
10773
3733
3733
5315
5315
6577
6577
6577
3733
3733
3733
5315
6577
6577
6577
6577
2495
2495
2495
2495
5839
3119
6577
6145
2495
2495
2495
7244
8411
3119
2815
2495
7244
7244
8411
2815
7244
7244
8411
1780
5728
5728
5728
9904
5315
5315
5315
6577
6577
5315
5315
5315
6577
6577
6577
3733
14207
5315
11761
6577
6577
3733
3733
5839
5839
5839
6577
2495
2495
2495
5839
5839
1435
2495
2495
7244
8411
8411
7244
7244
8411
1780
5728
5315
5315
6577
5315
5315
6577
6577
5315
5315
11761
6577
14207
5315
11761
9907
14207
5839
5839
1435
3733
5839
5839
1435
2495
2495
5839
1435
2495
7244
8411
1780
5315
5315
6577
5315
9907
5315
9907
5315
9907
5839
1435
5839
1435
5839
1435
2495
1435
1780
2206
2206
2206
2206
2206
2206
2206
2206
2206
10868
10109
10868
10109
10868
10109
3436
1377
2919
6419
5487
2206
2206
2206
6215
2206
2206
2206
6215
2206
2206
2206
6215
2206
10868
10868
10109
10109
10868
3436
10109
10109
7353
3436
4768
1377
1377
4768
1377
2919
6419
2919
2919
12581
6419
5487
5487
2206
2206
2206
2206
12842
6215
2206
2206
2206
3436
6215
6215
2206
10868
7353
3436
6215
10109
10109
7353
7353
3436
4768
4768
1377
1377
1377
4768
4768
1377
1377
4768
6097
2919
6419
2919
2919
12581
687
5487
2919
2919
12581
9047
687
5487
5487
5487
2206
2206
2206
6829
3436
12842
12842
6215
2206
7353
7353
7353
3436
7715
4768
4768
1377
1377
1377
1377
4768
4768
4768
1377
1377
1377
4768
4768
13501
1377
4768
6097
2919
687
2919
2919
9047
687
2919
2919
2919
9047
6829
6829
5487
5487
2919
2919
6829
6829
6829
6829
957
957
957
957
957
1377
1377
1377
1377
7715
7715
7715
4288
1377
1377
1377
1377
7715
12830
4288
13501
1377
1377
12830
4288
13501
6097
4288
6097
9047
687
9294
9047
9047
687
2919
9294
9047
6829
6829
6829
957
957
1095
1095
6829
6829
6829
957
957
957
1095
2926
8397
8397
8397
957
957
957
957
4288
1377
1377
1377
7715
7715
4288
4288
4288
1377
12830
4288
4288
1985
4288
1985
9047
687
9294
9047
6829
6829
1095
1095
1095
6829
6829
1095
1095
1095
2926
8397
8397
957
5067
1095
2926
2926
8397
957
957
5067
10338
2926
2807
957
957
957
4288
4288
1985
7715
4288
4288
1985
4288
1985
9047
687
1095
1095
6829
1095
1095
2926
8397
1095
1095
2926
2807
5067
1095
2926
2807
5067
5067
10338
2807
957
5067
10338
9613
957
957
4288
1985
4288
1985
1095
1095
2807
1095
2807
1095
2807
1095
2807
5067
9613
5067
9613
5067
9613
957
1985
832
832
832
832
832
7279
7279
7279
3436
6419
1096
832
3697
832
832
3697
832
832
3697
832
832
12166
7279
7279
12166
7279
7279
3436
7279
3436
3436
7154
6419
9091
6419
6419
1096
1096
832
3697
3697
1096
832
832
3697
3697
832
832
832
12166
3436
832
7279
7279
3436
3436
7279
7279
3436
3436
3436
10862
7154
7154
7154
6419
10101
6419
6419
9091
9091
6419
6419
687
1096
1096
1096
832
3697
687
3436
1096
1096
832
832
3436
3436
3436
1096
832
7279
3436
3436
3436
3436
1745
10862
7154
7154
11782
10862
7154
7154
7154
687
10101
687
687
9091
10101
687
687
687
9091
9091
9091
687
687
10127
10127
1096
1096
1096
1096
449
3436
3436
3436
3436
8541
8541
1745
1745
7154
11782
11782
1745
1745
1745
7154
7154
1745
1745
7154
1745
687
9705
687
687
9705
9705
687
687
10127
8464
7729
9705
687
6440
6440
6440
8464
8464
7729
449
1737
6440
6440
8464
8464
8464
449
449
449
6440
8541
1745
1745
3964
3964
1745
1745
3964
1745
687
9705
687
687
9705
9705
687
6440
6440
7729
13382
1737
1737
6440
7729
7729
449
1737
1737
8464
7729
449
449
449
8464
8464
449
449
449
1745
1745
3964
1745
687
9705
687
6440
13382
1737
1737
13382
1737
1737
7729
449
1737
7729
449
449
7729
449
449
8464
449
449
1745
687
1737
1737
1737
449
449
449
449
449
3325
3325
3325
3325
1484
1484
1484
1484
1484
5443
4154
3325
5443
3325
3325
12627
3325
3325
12627
3325
1484
8165
1484
1484
8165
1484
1484
6868
1484
1484
1614
3983
1614
5443
4154
5443
5443
4154
4154
3325
5443
5443
10919
3325
3325
12627
8165
3325
3325
1484
8165
6868
1484
1484
1484
6868
6868
1484
1484
1484
1614
1614
3983
3983
1614
1614
3983
2626
5443
11577
5443
5443
4154
4154
5443
5443
1054
4154
4154
4154
3325
5443
1054
3096
10919
10919
3325
1484
6868
6868
6868
9957
1484
1484
1484
1614
1614
1614
3983
3983
3983
1614
1614
1614
3983
3983
7471
1614
3983
2626
1054
11577
1054
1054
4154
11577
1054
1054
1054
4154
4154
4154
1054
1054
3096
3096
801
801
801
801
801
1614
1614
1614
1614
9957
9957
8159
2283
1614
1614
1614
1614
8159
8159
2283
7471
1614
1614
8159
2283
7471
2626
2283
2626
1054
6874
1054
1054
6874
6874
1054
1054
3096
801
801
6874
1054
3096
3096
3096
801
801
801
1204
1204
5825
5825
2037
801
801
801
801
2283
1204
1614
1614
9957
8159
2283
2283
2283
1614
8159
2283
2283
2283
2283
2283
1054
6874
1054
1054
6874
6874
1054
3096
3096
5311
9952
1204
1204
5825
2037
801
5311
1204
1204
1204
2037
801
801
4674
4674
1204
1204
801
801
801
2283
2283
2283
8159
2283
2283
2283
2283
2283
1054
6874
1054
3096
9952
1204
1204
2037
9952
1204
1204
1204
5311
1204
1204
1204
5311
4674
4674
1204
801
4674
4674
3596
801
801
2283
2283
2283
2283
1054
1204
1204
1204
1204
1204
1204
1204
1204
4674
3596
4674
3596
4674
3596
801
2283
2637
2637
2637
2637
1088
1088
1088
1088
932
5411
5836
9378
2637
2637
6254
2637
2637
6254
2637
2637
6254
1088
1347
1088
1088
1347
1088
1088
1347
932
932
7692
932
2434
5836
5836
5411
5836
5836
8723
9378
9378
2637
2637
2637
9378
6254
2637
2637
1347
6254
6254
1088
1347
1347
1088
1088
1088
1347
7692
932
932
932
7692
7692
932
932
6246
8315
932
2434
5836
5836
5411
5836
5836
8723
5411
14153
5836
5836
8723
8723
9378
9378
9378
2637
2637
1347
7692
9378
9378
6254
1088
1347
7692
7692
9378
932
932
932
7692
7692
7692
932
932
932
6246
9602
8315
932
932
6246
2434
932
2434
5836
5836
5836
5836
5836
11125
5411
5836
5836
5836
11125
11125
5411
14153
14153
5836
5836
11125
12888
12888
9378
9378
9378
9378
932
6397
6397
6397
6397
10296
10296
7757
932
6246
9602
9602
8315
7757
7757
932
6246
6246
8315
7757
932
6246
2434
932
2434
11523
11125
5836
11523
11125
11125
5411
5836
11523
11125
11125
12888
4881
9494
5836
9335
6397
6397
6397
6397
4881
9494
9494
9494
7676
6397
6397
6397
6397
9494
9494
9494
7757
9346
6246
6397
6397
10296
7757
7757
9346
6246
2434
7757
7757
9346
2434
7757
9346
11523
11125
11523
11523
11125
11125
9335
9335
9335
6397
6397
6397
4881
9335
9335
7676
6397
6397
6397
4881
9494
14168
7676
7676
6397
6397
4881
9494
9494
11486
11486
7676
6397
9494
9494
7757
9346
9346
9346
7757
7757
9346
9346
7757
9346
11523
11125
9335
9335
6397
6397
9335
9335
7676
6397
6397
9335
9335
7676
7676
6397
9787
14168
7676
7676
7676
4881
14168
11486
11486
7676
4881
9494
11486
11486
10932
9494
7757
9346
9346
7757
9346
9335
6397
9335
7676
6397
9335
7676
7676
9335
7676
7676
9787
7676
7676
9787
11486
10932
9787
11486
10932
4881
11486
10932
7757
9346
7676
7676
7676
7676
5481
5481
5481
5481
5481
1845
1845
1845
1845
1845
1845
1845
1845
1845
9611
5671
9611
5671
9611
5671
4437
1849
1849
4128
4128
5411
1845
1845
1845
11810
1845
1845
1845
13606
1845
1845
1845
13606
1845
9611
9611
5671
5671
9611
4437
5671
5671
9611
4437
5671
1849
1849
1849
6958
1849
4128
4128
5411
4128
4128
4128
5411
5411
1845
1845
1845
1845
11810
11810
1845
1845
1845
4437
11810
13606
1845
9611
9611
4437
5671
5671
5671
9611
14326
4437
5671
5671
1849
1849
1849
1849
6958
6958
1849
1849
6958
10314
4128
4128
9603
4128
4128
4128
5411
5411
4128
4128
4128
2639
5411
5411
5411
1845
1845
1845
14261
2639
11810
11810
11810
1845
9611
14326
14326
4437
11810
2600
5671
1849
1849
1849
1849
1849
2600
6958
6958
1849
1849
1849
6958
6958
10314
1849
6958
10314
4128
8032
9603
4128
12549
8032
5411
9603
4128
12549
12549
2639
5411
5411
5411
4128
12549
14261
14261
2639
4881
4881
4881
4881
1845
1849
1849
1849
1849
1849
13537
13537
2600
2600
1849
1849
1849
1849
2600
2600
2600
10314
1849
1849
2600
2600
10314
10314
2600
10314
12549
8032
13997
12549
12549
2639
9603
13997
12549
12549
14261
2639
4881
4881
12233
9833
9833
9833
9833
2639
4881
4881
4881
9787
9833
9833
9833
9833
4881
4881
4881
2600
8499
1849
1849
1849
13537
2600
2600
8499
8499
1849
2600
2600
8499
2072
2600
2072
12549
8032
13997
12549
12549
2639
12233
12233
9833
9833
9833
2639
9787
12233
12159
9833
9833
9833
4881
9787
9787
12159
9833
9833
4881
4881
9787
11874
11874
9833
4881
4881
2600
8499
8499
2072
2600
2600
8499
2072
2600
2072
12549
2639
12233
9833
9833
2639
12233
12159
9833
9833
12233
12159
12159
9833
9787
9787
12159
11813
9787
9787
11874
5481
4881
9787
11874
5481
4881
2600
8499
2072
2600
2072
9833
2639
12159
9833
12159
11813
12159
11813
9787
11813
9787
5481
9787
5481
9787
5481
2600
2072
685
5446
5446
5446
5446
6872
6872
6872
6486
685
2401
685
685
2401
5446
5446
6387
5446
5446
6387
5446
6872
13383
6872
6872
13383
6872
6872
13375
6486
9857
6486
6486
685
11682
685
685
2401
2401
685
685
685
2401
2401
5446
5446
5446
2401
6387
5446
6872
6872
6387
13383
6872
6872
11119
13375
13375
6486
9857
9857
13375
6486
6486
9857
6486
6486
685
12889
685
685
11682
11682
685
685
685
2401
2401
2401
685
685
685
6514
2401
2401
2401
5446
6872
11119
11119
2401
2401
13375
6486
9857
9857
9857
12609
13375
6486
6486
9857
9857
13375
6486
6486
6486
6486
6486
685
12889
685
6402
11682
12889
685
6402
6402
11682
11682
11682
685
6402
6514
6514
2401
2401
2401
2401
685
6514
6514
6514
6514
8083
8083
8083
6486
6486
9857
9857
9857
8083
12609
6486
6486
6486
9857
12609
6486
6486
6486
6486
6486
6402
10333
6402
6402
10333
10333
6402
6402
6514
8032
2639
4437
4437
6514
6514
6514
8032
8032
2639
2639
11811
11811
11811
11235
8032
8032
8032
2639
11132
6486
9857
9857
8083
8083
11132
11132
6486
6486
12609
11132
11132
6486
11132
11132
6402
10333
6402
6402
4437
4437
4437
6514
6514
2639
4437
4437
11811
11811
11235
2639
2639
2639
13106
11811
11235
8032
2639
2639
12470
12470
8750
8032
8032
2639
11132
11132
5918
8083
11132
11132
11132
11132
11132
6402
4437
4437
6514
4437
4437
11811
11235
4437
4437
13106
8750
2639
2639
13106
8750
2639
2639
12470
5918
2639
2639
12470
5918
8032
2639
11132
5918
11132
11132
4437
4437
8750
4437
8750
4437
8750
2639
8750
2639
5918
2639
5918
2639
5918
2639
5918
3910
3910
6072
6072
6072
6072
6072
6072
6072
13230
13230
13230
13230
13230
13230
5368
4525
9413
3910
3910
10725
3910
3910
6072
10725
3910
6072
6072
10725
6072
6072
6072
13820
6072
13230
13230
13820
13230
13230
13230
9975
5368
9988
4525
7991
5368
4525
9413
9413
9413
14157
3910
3910
3910
10725
10725
3910
3910
3910
6072
10725
10725
3910
3910
6072
6072
13820
9975
3910
6072
13230
13230
9975
9975
5368
9988
9988
4525
7991
7991
5368
9988
4525
4525
5368
4525
9413
9413
9413
14157
13221
9413
9413
14157
9116
3910
3910
3910
3910
10725
4339
4339
3910
3910
3910
3910
6072
9975
9975
9975
3910
3910
3910
9988
4525
7991
7991
7991
7462
9988
9988
4525
4525
7991
5368
9988
4525
4525
5368
4525
8599
9413
8599
9116
9413
9413
8599
9116
4339
13221
13221
9413
8599
4339
4339
4339
3910
3910
3910
3910
1236
4339
4339
4339
4339
7462
7462
7462
7462
4525
4525
7991
7991
7462
7462
14096
4525
4525
4525
10317
14096
4525
4525
10317
4525
8599
8599
8599
9116
8599
8599
8599
4339
4339
9168
1236
1236
1236
4339
4339
4339
9168
9168
9124
1236
5151
12492
12492
7462
7462
7462
6774
6774
4525
7991
7462
7462
7462
6774
6774
4525
7462
14096
6774
6774
10317
6774
8599
8599
8599
4339
1236
1236
1236
4339
4339
1236
1236
1236
5151
12492
9124
9124
1236
5151
5151
9168
9124
9124
10656
5151
7462
7462
6774
6774
6774
7462
7462
6774
6774
10317
6774
8599
1236
1236
4339
1236
1236
5151
1236
1236
5151
9124
1236
5151
9124
9124
10656
9124
9124
10656
7462
6774
6774
7462
6774
1236
1236
1236
1236
1236
9124
9124
9124
6774
1594
2731
2731
2731
2731
9135
9135
9135
5368
1594
8449
1594
1594
2731
12719
2731
2731
13188
2731
2731
13188
2731
9135
13813
9135
9135
13813
9135
9135
5368
5368
9234
5368
4735
8449
8449
1594
1594
8449
10406
1594
1594
1594
2731
2731
12719
12719
2731
2731
2731
12719
13188
2731
9135
9135
13188
13813
9135
9135
9234
5368
5368
5368
9234
9234
5368
5368
9986
10658
5368
4735
8449
8449
1594
8449
8449
10406
1594
1594
1594
8449
10406
10406
1594
1594
1594
1594
2731
2731
8402
12719
12719
12719
2731
9135
9234
9234
12505
5368
5368
5368
9234
9234
9234
5368
5368
5368
9986
14267
10658
5368
5368
9986
4735
5368
4735
8449
3518
8449
8449
3518
14379
1594
1594
8449
3518
14379
8402
1594
1594
1594
1594
3518
8402
8402
8402
1594
1594
1594
1594
1594
8402
8402
8402
8402
12505
12505
10317
5368
9986
14267
14267
10658
10317
10317
5368
9986
9986
10658
10317
5368
9986
4735
5368
4735
3518
3518
3518
3518
3518
14379
1594
3518
3518
3518
8402
8402
1594
1594
1594
3518
3518
8402
8402
8402
10400
10400
10400
10400
4596
4596
10267
10267
9019
10400
10400
10400
10317
10604
4596
10267
9019
12505
10317
10317
14188
9986
4735
10317
10317
14188
4735
10317
5415
3518
3518
3518
3518
3518
8402
3518
3518
3518
3518
8402
8402
10400
12483
12483
4596
4596
10267
9019
10400
10400
14398
4596
4596
4596
9019
10400
10400
10400
10604
10604
4596
4596
10400
10400
10317
10604
10604
5415
10317
10317
14188
5415
10317
5415
3518
3518
3518
3518
3518
8402
4186
12483
4596
4596
9019
4186
12483
4596
4596
4596
11382
14398
4596
4596
4596
10400
14398
10604
10604
4596
10400
10400
10604
10604
8327
10400
10317
10604
5415
10317
5415
3518
3518
4186
4596
4596
4186
4596
4596
4186
4596
4596
11382
4596
4596
11382
10604
8327
11382
10604
8327
10400
10604
8327
10317
5415
4186
4186
4186
4186
2742
2742
2742
2742
2742
3913
3913
3913
3913
1638
1638
1638
1638
1638
4217
6808
3913
3913
9885
3913
3913
10644
3913
3913
10644
1638
1638
7570
1638
1638
7570
1638
1638
7570
1638
5841
12082
2631
4217
6808
4217
4217
6808
6808
3913
3913
3913
9885
9885
3913
3913
1638
9885
10644
1638
1638
1638
7570
7570
1638
1638
10353
7570
7570
1638
5841
5841
12482
12082
5841
5841
12082
2631
4217
13017
4217
4217
6808
6808
4217
4217
4217
6808
6808
6808
3913
3913
1638
10353
9885
9885
9885
1638
1638
10353
10353
5741
5741
7570
1638
5841
5841
5841
8174
12482
12082
5841
5841
5841
12482
12082
12082
2631
12082
2631
4217
13017
4217
10712
6808
13017
4217
10712
10712
6808
6808
6808
4217
10712
13611
13611
5741
5741
5741
5741
1638
5841
5841
5841
5841
5741
5741
5741
8174
5841
5841
5841
5841
5741
8174
8174
12082
5841
5841
8174
8174
12082
2631
8174
2631
10712
14382
10712
10712
13017
14382
10712
10712
13611
6808
4186
4186
4186
7396
7396
7396
14260
14260
11382
4186
7396
7396
7396
7396
5741
5741
5741
5741
11583
5841
5841
5841
5741
5741
8174
11583
11583
2631
8174
8174
11583
2631
8174
11583
10712
14382
10712
10712
4186
4186
4186
7396
7396
4186
4186
4186
7396
7396
7396
11382
11382
4186
10358
7396
7396
14260
11382
11382
14377
10358
7396
5741
5741
5741
11583
11583
5278
5741
8174
11583
11583
8174
11583
10712
4186
4186
7396
4186
4186
7396
7396
4186
4186
10358
7396
11382
4186
10358
8191
11382
11382
14377
5278
11382
11382
14377
5278
5741
5741
11583
5278
8174
11583
4186
4186
7396
4186
8191
4186
8191
4186
8191
11382
5278
11382
5278
11382
5278
5741
5278
1470
3638
1470
3638
1470
3638
1470
3638
1470
5689
2504
5689
2504
5689
2504
2602
2504
2594
9532
10597
1470
1470
5596
10597
1470
1470
3638
13242
1470
1470
3638
13242
1470
2504
3638
9475
2504
2504
5689
9475
2504
2504
2602
4619
2504
2834
2602
4619
2834
2594
9532
9922
9532
9532
10597
10597
1470
1470
1470
5596
10597
10597
1470
1470
1470
5596
10597
13242
1470
2504
2504
3638
9475
9475
2504
2504
8104
2602
4619
4619
2504
2834
2834
2602
4619
4619
2834
2834
2602
4619
8968
2594
9532
9922
9532
9532
11049
9922
9532
9532
8489
10597
10597
10597
1470
1470
1470
8104
5596
10597
10597
10597
1470
2504
8104
8104
1660
1660
1660
4619
2504
2834
2834
2834
1660
4619
4619
4619
2834
2834
2834
2602
4619
4619
10896
2834
2602
4619
8968
2594
1439
9922
1439
8489
9922
9922
1439
8489
8489
11049
11049
9922
1439
8489
13442
13442
1660
1660
1660
1660
1439
2834
2834
2834
2834
1660
1660
1660
1660
3988
2834
2834
2834
2834
1660
1660
6391
3988
10896
2834
2834
6391
6391
3988
10896
8968
6391
3988
8968
2594
1439
1439
1439
8489
1439
1439
1439
8489
13442
9631
1439
1439
1439
6617
6617
6617
9631
9631
6987
3571
3571
6617
6617
6617
1660
1660
1660
1660
3988
2834
2834
2834
1660
1660
1660
3988
3988
3988
2834
1660
6391
3988
3988
3988
6391
3988
3988
3055
1439
1439
1439
8489
1439
1439
1439
6617
6617
6987
10299
3571
3571
6617
6617
6987
6987
3571
3571
3571
6617
9631
6987
6987
13539
3571
2088
1660
1660
1660
3988
3988
3988
1660
1660
3988
3988
3988
6391
3988
3988
3055
1439
1439
1439
6617
10299
3571
3571
6617
10299
3571
3571
2088
6987
3571
3571
2088
6987
6987
13539
2088
6987
6987
13539
11677
1660
1660
3988
3988
1660
3988
3988
3055
1439
3571
2088
3571
2088
3571
2088
3571
2088
6987
11677
6987
11677
6987
11677
1660
3988
3055
3272
3272
3272
3272
1658
1658
1658
1658
1368
3638
5596
3272
3272
5916
3272
3272
12103
3272
3272
12103
1658
1658
6135
1658
1658
6135
1658
1658
6135
1368
1988
1368
1368
3638
3638
3638
11914
5596
5596
3272
3272
3272
5916
5916
3272
3272
1658
5916
12103
1658
1658
1658
6135
6135
1658
1658
1988
6135
6135
1368
1988
1988
8555
1368
1368
2280
1368
1368
3638
3638
3638
11914
5596
3638
3638
11914
8090
5596
5596
5596
3272
3272
1658
1988
5916
5916
5916
1658
1658
1988
1988
893
893
6135
1368
1988
1988
1988
2835
8555
1368
1368
9158
2280
8555
1368
1368
1368
1368
1368
3638
3638
3638
8090
3638
3638
3638
8090
7437
5596
5596
3638
3638
7437
7437
7437
893
893
893
893
893
1988
1988
1988
1988
893
893
893
1368
1368
9158
9158
2280
893
2835
1368
1368
1368
2280
2835
1368
1368
1368
1368
1368
5689
5689
5689
8090
3638
5689
5689
7437
7437
5596
2602
2602
2602
7437
7437
7437
8558
8558
8085
2602
10005
13764
13764
12085
893
893
893
893
3117
1368
9158
2280
893
893
2835
3117
1368
1368
2835
2835
3117
1368
2835
2816
5689
5689
5689
7437
2602
2602
2602
7437
7437
2602
2602
2602
10005
13764
12085
8085
8085
2602
10005
10005
12085
8558
8085
8085
8879
8879
2594
893
893
893
3117
3117
2816
893
2835
3117
2816
2835
2816
5689
2602
2602
7437
2602
2602
10005
12085
2602
2602
10005
2594
8085
2602
10005
2594
8085
8085
8879
2594
8085
8085
8879
8473
893
893
3117
2816
2835
2816
2602
2602
2594
2602
2594
2602
2594
2602
2594
8085
8473
8085
8473
8085
8473
893
2816
1090
1090
8573
11291
8573
11291
8573
11291
5547
4267
5547
4267
5547
4267
5547
4267
2970
3392
1090
1090
3392
1090
1090
8573
8573
1090
11291
8573
8573
11291
11291
5547
11648
4267
5547
5547
11648
4267
5547
5547
8058
4267
5547
2970
2970
5972
5972
2970
3392
3762
3392
3392
1090
1090
1090
3392
3392
1090
1090
1090
8573
8573
8573
1090
1090
11291
5547
11648
8058
1090
5547
5547
5547
8058
8058
4267
5547
5547
2970
2970
2970
5972
5972
5972
2970
2970
5972
5972
3949
3392
13655
3392
3392
3762
3762
3392
3392
1037
1090
1090
1090
1090
3392
1037
8058
1090
1090
1090
1090
5547
8058
8058
8058
1040
1090
1090
5547
2970
2970
2970
2970
1040
5972
5972
5972
2970
2970
2970
5687
5972
5972
11894
2970
5972
5972
3949
1037
13655
1037
1037
3762
13655
1037
1037
1037
3762
3762
3762
1037
1037
13615
13615
1090
1090
1090
1090
923
2185
2185
2185
2185
1040
8511
8511
6357
5972
2970
2970
2970
2970
1040
6357
6357
5972
11894
2970
2970
5687
6357
5972
11894
3949
5687
5972
3949
1037
6656
1037
1037
6656
6656
1037
1037
13615
3762
923
923
923
2185
2185
2185
10049
10049
7704
923
2185
2185
2185
2185
8511
8511
8511
6357
10688
2185
2185
2185
1040
8511
6357
6357
13464
11894
2970
1040
6357
6357
13464
3949
5687
6357
9763
1037
6656
1037
1037
923
923
923
2185
2185
923
923
923
2185
2185
2185
7704
7704
923
8687
2185
2185
10049
7704
7704
10688
8687
2185
8511
8511
6357
10688
10688
5061
1040
6357
6357
13464
9763
5687
6357
9763
1037
923
923
2185
923
923
2185
2185
923
923
8687
2185
7704
923
8687
2413
7704
7704
10688
2413
7704
7704
10688
5061
8511
6357
10688
5061
1040
6357
9763
923
923
2185
923
2413
923
2413
923
2413
7704
5061
7704
5061
7704
5061
6357
5061
7767
12348
12348
12348
2434
2434
2434
2434
2434
9831
10932
7767
7767
10932
7767
12348
12348
12923
12348
12348
12923
2434
2434
4267
2434
2434
4267
2434
2434
4267
2434
5059
5475
11146
10932
9831
13328
10932
10932
7767
7767
7767
10932
10932
7767
7767
12348
12348
2434
7767
12923
2434
2434
2434
4267
4267
2434
2434
8315
4267
4267
2434
5059
5059
13253
5475
5059
5475
11146
10932
9831
13648
10932
10932
9831
13328
13328
10932
10932
9584
7767
7767
7767
7767
10932
2434
6715
7767
7767
7767
2434
2434
8315
8315
1040
1040
4267
2434
5059
5059
5059
5687
13253
5475
5059
5059
13253
5475
5475
5475
11146
9584
11146
13648
9584
9584
9831
13328
13648
9584
9584
6715
9831
13328
13328
13328
9584
6715
6715
6715
1040
1040
1040
1040
1040
5059
5059
5059
5059
1040
1040
1040
5475
5059
5059
5059
1040
5687
5475
5475
5059
5687
5475
5475
5475
12028
9584
11146
12028
9584
9584
9831
12028
12028
9584
6715
6715
2437
4259
2929
2929
1087
6715
6715
6715
2437
4259
4259
4259
1087
1087
14173
14173
1040
1040
1040
1040
5784
1087
5059
1040
1040
5687
5784
5475
5687
5687
5784
5687
12028
9584
12028
12028
9584
6715
2791
2929
2929
1087
6715
6715
2437
2929
2929
1087
1087
14173
2437
4259
9388
1087
1087
1087
2437
4259
4259
8502
8502
1087
1040
1040
1040
5784
5784
1040
5687
5784
5687
12028
9584
2791
2929
1087
6715
2791
2929
1087
1087
2791
2929
1087
1087
9388
9388
1087
1087
2437
9388
8502
8502
2437
4259
8502
8502
1040
1040
5784
5687
2791
1087
2791
1087
2791
1087
2791
1087
9388
1087
9388
8502
9388
8502
2437
8502
1040
8290
6717
8290
6717
8290
6717
8290
6717
5648
2683
5648
2683
5648
2683
5648
2683
2927
10045
10045
9831
8290
10045
6717
8290
8290
14353
6717
8290
8290
14353
2683
8290
5648
12457
2683
5648
5648
12457
2683
5648
5648
8529
8529
2927
2927
8529
2927
10045
10045
9831
10045
10045
10045
9831
9831
8290
10045
10045
6717
10935
8290
8290
14353
12457
2683
8290
8290
5648
12457
8529
8529
5648
5648
5648
8529
8529
8529
2927
2927
2927
8529
8529
2927
2927
13302
2927
10045
10045
11146
10045
10045
10045
9831
9831
10045
10045
10045
8092
9831
9831
9831
8290
10045
8092
8092
8092
10935
10935
8290
5648
8529
8529
8529
8529
1768
1768
2927
2927
8529
8529
8529
2927
2927
2927
13302
13302
2927
2927
13729
2927
10045
13197
11146
10045
13197
13197
9831
11146
10045
13197
8092
8092
9831
9831
9831
10045
8092
8092
8092
8092
1768
1768
1768
1768
1768
5686
5686
5686
5686
1768
1768
1768
2927
13302
13302
13302
1768
5212
2927
13729
13302
5212
2927
13729
2927
13197
13197
13459
13197
13197
8092
11146
13459
13197
8092
8092
8092
2437
2437
2791
2791
5686
5686
5686
2437
2437
2437
2791
5686
5686
5686
1768
1768
1768
1768
6714
5686
5686
1768
1768
5212
6714
6714
5212
5212
6714
5212
13197
13197
13459
13197
8092
8092
2791
2791
2791
5686
5686
2791
2791
2791
5686
5686
2437
12895
2791
8864
5686
2437
2437
7166
7166
7166
1768
1768
1768
6714
6714
1768
5212
6714
5212
13197
8092
2791
2791
5686
2791
2791
5686
2791
2791
8864
12895
2791
8864
12895
7166
7166
2437
7166
7166
1768
1768
6714
5212
2791
2791
2791
2791
2791
7166
7166
7166
1768
2072
6717
6717
6717
2683
2683
2683
2683
1068
2072
5481
2072
8495
6717
6717
13998
6717
6717
13998
6717
2683
7922
2683
2683
7922
2683
2683
1068
2683
1068
1068
13775
2739
2072
2072
2072
8495
5481
5481
2072
8495
8495
11640
6717
6717
13998
7922
6717
6717
2683
7922
1068
2683
2683
2683
1068
1068
2683
2683
1068
1068
1068
14300
13775
12920
2739
13775
3858
2072
2072
2072
8495
5481
2072
2072
8495
8495
5481
5481
5481
2072
8495
1068
1068
11640
11640
6717
2683
1068
1068
1068
11640
2683
2683
1068
1068
1068
1068
8303
14300
13775
12920
12920
2739
14300
13775
13775
2739
13775
3858
2072
2072
2072
12128
2072
2072
2072
12128
8091
5481
5481
2072
2072
8091
8091
8091
5481
5481
5481
5481
1068
1068
1068
1068
1068
14363
14363
8303
8303
12920
12920
12920
2739
8303
8303
8303
13775
12920
2739
8303
8303
13775
3858
8303
3858
11645
11645
11645
12128
2072
11645
11645
8091
8091
5481
2072
11645
4050
8091
8091
8091
11813
11813
11813
4050
4050
14206
14206
12554
11813
11813
11813
6414
6414
4050
12920
2739
14363
8303
8303
8935
8935
2739
8303
8303
8935
3858
8303
8935
11645
11645
11645
8091
11645
11645
4050
8091
8091
11669
11669
4050
4050
14206
12554
11813
13856
4050
4050
4050
12554
11813
11813
6414
6414
4050
4050
11813
11813
6414
6414
6414
6414
8303
8303
8935
8935
8303
8935
11645
11645
4050
8091
11669
4050
4050
12554
11669
4050
4050
4050
13856
4050
4050
4050
13856
6414
6414
4050
11813
6414
6414
6414
11813
6414
6414
6414
8303
8935
4050
4050
4050
4050
4050
4050
4050
4050
4050
6414
6414
6414
6414
6414
6414
6414
6414
2742
5919
9828
9828
9828
9828
9828
9828
8031
8817
8031
8817
8031
8817
8031
4519
2961
2742
2742
5919
9694
2742
9828
5919
10705
9828
9828
9828
14268
9828
9828
8817
14268
8031
8817
8817
8031
8031
8817
4519
8031
8031
8817
4519
2961
2961
13522
2961
2742
2742
5919
6210
2742
2742
12438
5919
9694
9694
2742
9828
9828
5919
10705
10705
9828
9828
8817
4519
10705
14268
8031
8817
8817
4519
8031
8031
8031
8817
13522
4519
2961
2961
2961
13522
13522
2961
2961
10987
2961
2742
2742
5919
2742
2742
2742
12438
5919
6210
9694
2742
2742
12438
12438
8556
9694
9694
9694
2742
9828
8817
13379
4519
10705
10705
10705
8031
8817
13522
13522
4519
6621
2961
2961
2961
13522
13522
13522
2961
2961
2961
10987
13993
2961
2961
10987
2961
2742
2742
8556
2742
2742
2742
14397
8556
6210
2742
2742
2742
14397
13379
13379
6210
9694
9694
2742
2742
13379
13379
13379
13379
6621
6621
6621
6621
2742
11235
11235
11235
11235
6621
6621
6417
2961
10987
13993
13993
6417
6417
2961
10987
10987
6417
2961
10987
2961
8033
12635
8556
2742
12635
12635
14397
8556
2742
2742
12635
12635
13379
13379
13379
6210
9694
2742
12635
8750
11235
11235
11235
10312
13752
13752
9371
5918
8750
11235
11235
6621
6621
6621
5918
5918
5918
11235
6621
6417
6417
12379
10987
6417
6417
12379
6417
8033
12635
8556
8033
12635
12635
13379
13379
5417
12635
12635
8750
11235
11235
2917
9371
14376
8750
8750
11235
10312
9371
9371
5918
8750
8750
10312
13752
9371
5918
5918
5918
6621
6621
5918
5918
5918
6417
6417
12379
6417
8033
12635
8556
5417
12635
8750
11235
5417
14376
8750
8750
2917
14376
8750
8750
2917
9371
5918
8750
2917
9371
5918
5918
10312
9371
5918
5918
6621
5918
5918
6417
5417
8750
5417
8750
5417
8750
5417
8750
2917
5918
2917
5918
2917
5918
2917
5918
5918
5127
9845
9845
9845
2631
2631
2631
2631
2631
5278
5127
5127
5278
5127
9845
12618
9845
9845
12618
9845
2631
2631
11703
2631
2631
11703
2631
2631
10503
2631
2739
3858
5278
6210
5278
5278
5127
5127
5127
5278
5278
5127
5127
9845
12618
2631
5127
9845
2631
2631
2631
9845
11703
2631
2631
10379
10503
10503
2631
2739
2739
10503
3858
2739
3858
5278
13766
5278
5278
6210
6210
5278
5278
5278
5127
5127
5127
5127
5278
2631
10379
5127
5127
5127
2631
2631
10379
10379
5127
4588
10503
2631
2739
2739
2739
4588
10503
3858
2739
2739
10503
3858
3858
3858
5278
13766
5278
8191
6210
13766
5278
8191
8191
6210
6210
6210
5278
8191
14220
14220
5127
5127
5127
5127
2631
2739
2739
2739
2739
10357
10357
4588
3858
2739
2739
2739
4588
4588
3858
3858
2739
4588
3858
3858
3858
8033
8033
8033
8191
8033
8033
8033
8191
14220
6210
2917
5417
5417
12554
12554
12554
10312
10312
2917
2917
12554
12554
12554
10312
10312
10312
2917
12731
2739
2739
10357
4588
4588
12731
3858
4588
4588
12731
4588
8033
8033
8033
8191
5417
5417
5417
12554
12554
2917
5417
5417
12554
12554
2917
2917
2917
13756
12554
10312
2917
2917
14036
13756
10312
10312
2917
12731
12731
4588
4588
12731
4588
8033
5417
5417
12554
5417
5417
12554
5417
5417
13756
2917
2917
13756
2917
2917
14036
2917
2917
14036
10312
2917
12731
4588
5417
5417
5417
5417
2917
2917
2917
2917
2917
5415
5415
5415
5415
4735
4735
4735
4735
2292
14019
5919
5415
12180
5415
5415
12180
5415
5415
12180
5415
4735
7258
4735
4735
7258
4735
4735
2292
4735
2292
2292
10658
14019
5919
14019
14019
5919
5919
5415
12180
12180
8327
5415
5415
12180
7258
5415
5415
4735
7258
2292
4735
4735
4735
2292
2292
4735
4735
2292
2292
2292
10658
10658
6852
10658
14019
14380
14019
14019
5919
5919
14019
14019
4595
5919
5919
5919
5415
12180
2292
2292
8327
8327
5415
4735
2292
2292
2292
8327
4735
4735
2292
2292
2292
2292
9019
10658
10658
6852
6852
10658
10658
12498
10658
4595
14380
4595
4595
5919
14380
4595
4595
4595
5919
5919
5919
4595
4595
6375
6375
5919
5919
5919
5919
2292
2292
2292
2292
2292
14265
14265
9019
8481
6852
6852
6852
9019
9019
8481
12498
6852
9019
8481
12498
8481
4595
10409
4595
4595
10409
10409
4595
4595
6375
5919
4519
4519
4519
6375
6375
6375
8556
8556
8556
4519
12746
12746
12746
8556
8556
8556
8481
8481
6852
6852
14265
9019
8481
8481
8481
9019
8481
8481
8481
4595
10409
4595
4595
4519
4519
4519
6375
6375
4519
4519
4519
12746
12746
8556
14030
4519
13420
12746
8556
8556
12079
12079
12079
8556
8556
8481
8481
8481
9019
8481
8481
8481
4595
4519
4519
6375
4519
4519
12746
4519
4519
13420
14030
4519
13420
14030
12079
12079
8556
12079
12079
8556
8481
8481
8481
4519
4519
4519
4519
4519
12079
12079
12079
8481
5284
2790
8798
5284
2790
9865
5284
2790
9865
5284
2790
9865
4688
5105
4688
4688
5105
4688
4688
5105
4688
4688
3848
1270
3900
1659
8081
11409
6797
5284
5284
2790
8798
8798
5284
5284
2790
8798
11941
5284
5284
2790
9865
11941
4688
13555
5105
4688
4688
4688
13555
3848
4688
4688
4688
4831
3848
1270
4688
3900
3900
1659
1270
7908
3900
8081
11409
6797
8081
11409
11409
6797
6797
5284
5284
5284
2790
8798
8798
8798
5284
5284
5284
3848
8798
8798
11941
4688
13555
4831
3848
8798
4688
4688
4688
4831
4831
3848
1270
4688
4688
3900
3900
3900
1659
1270
7908
7908
3900
3900
1270
7908
8348
8081
11409
8081
8081
11409
2593
6797
6797
8081
11409
7090
2593
6797
6797
6797
5284
5284
4831
4831
3848
8798
8798
8798
8798
4688
4831
4831
4831
3848
7093
8798
1858
4688
3900
3900
3900
3900
1659
1858
1858
7908
7908
3900
3900
3900
1270
7908
7908
12296
3900
1270
7908
8348
1000
2593
8081
1000
7090
2593
6797
8081
1000
7090
7090
4541
6797
6797
6797
1000
7090
11879
11879
4541
5102
5102
5102
5102
1000
3900
3900
3900
3900
1516
7093
10837
10837
1858
1858
3900
3900
3900
3900
7093
1858
1858
1858
12296
3900
3900
1858
1858
1858
12296
8348
1858
1858
8348
1000
2593
1000
1000
7090
2593
1000
1000
1000
7090
11879
4541
5102
1000
1000
1000
7360
7360
7360
1516
5102
5102
5102
1532
7162
7360
7360
1516
5102
5102
5102
1532
1532
1532
3900
1516
7093
10837
1858
1858
2787
2787
3900
1858
1858
1858
2787
2787
1858
1858
2787
1000
2593
1000
1000
7090
4541
1000
1000
1000
7360
7360
1516
5143
13087
7162
7162
7360
1516
5102
5143
1532
7162
7162
1516
5102
5102
1532
1532
1532
1516
5102
5102
1532
1532
1532
1532
7093
1858
1858
2787
2787
1858
1858
2787
1000
2593
1000
1000
7360
1516
13087
7162
7162
1516
13087
7162
7162
1516
5143
1532
7162
4715
5143
1532
1532
1532
5102
1532
1532
1532
5102
1532
1532
1532
1858
1858
2787
1000
1516
7162
1516
7162
4715
7162
4715
1532
4715
1532
1532
1532
1532
1532
1532
1532
1532
1531
7247
7247
7247
1973
1973
1973
1973
1270
1531
4477
1531
5144
9865
7247
7247
9865
7247
7247
9865
1973
1973
12002
1973
1973
12002
1973
1973
1270
1270
10437
1270
1531
1531
1531
5144
4477
4477
1531
5144
5144
10497
9865
7247
7247
1973
9865
9865
1973
1973
1973
9865
12002
1973
1973
10437
1270
1270
1270
10437
10437
1270
1270
6439
1270
1531
1531
1531
5144
4477
1531
1531
5144
5144
4477
4477
4477
1531
5144
1611
1611
10497
10497
9865
1973
1973
10437
10437
7093
1270
1270
1270
10437
10437
10437
1270
1270
1270
6439
11418
1270
1270
6439
1270
1531
1531
1531
13618
1531
1531
1531
13618
1611
4477
4477
1531
1531
1611
1611
1611
4477
4477
4477
4477
621
1611
1611
1611
1611
7093
7093
6169
1270
6439
11418
11418
6169
6169
1270
6439
6439
6169
1270
6439
1270
7222
7222
7222
13618
1531
7222
7222
1611
1611
4477
1531
7222
621
1611
1611
1611
12070
12070
6445
621
621
13284
13284
7093
7093
7093
1902
1902
621
11418
7093
6169
1902
1902
1902
6169
1902
1902
1902
7222
7222
7222
1611
7222
7222
621
1611
1611
6445
11982
621
621
13284
6445
6445
621
621
621
12070
6445
5968
5968
621
7093
7093
1902
1902
1902
6169
1902
1902
1902
7222
7222
621
1611
11982
621
621
11982
621
621
6445
621
621
6445
5968
5968
6445
5968
5968
7093
1902
1902
1902
621
621
621
621
621
5968
5968
5968
1902
2790
3997
8093
8093
8093
8093
8093
8093
1820
1820
1820
1820
1820
1820
1820
1820
1820
2790
6716
2790
13089
3997
6716
8093
13624
3997
8093
8093
13624
8093
8093
1820
3634
1820
1820
1820
3634
1820
1820
1820
3634
1820
1820
1820
5281
10389
6964
894
2790
2790
2790
13089
6716
6716
2790
13089
13089
3997
6716
6716
8093
13624
3634
3997
6716
8093
1820
3634
3634
3997
1820
1820
1820
3634
14238
1820
1820
1820
1820
5281
5281
10389
13139
6964
5281
5281
10389
6964
894
2790
2790
2790
13089
12546
2790
2790
13089
12089
6716
6716
6716
2790
13089
3634
10214
3997
6716
6716
6716
1820
3634
14238
14238
3324
3324
1820
1820
1820
5281
5281
5281
3324
3633
13139
6964
5281
5281
5281
3633
13139
6964
6964
894
10389
6964
894
2790
2790
2790
12089
2790
2790
2790
12089
10214
12546
12546
2790
2790
10214
10214
10214
2593
2593
2593
2593
1232
1232
1232
1232
1232
3324
3324
3324
3324
3633
5281
5281
5281
5281
3324
3324
3633
3633
6964
5281
5281
3633
3633
3633
6964
894
3633
3633
894
5105
5105
5105
12089
2790
5105
5105
10214
10214
2593
2593
3848
1232
1232
1232
1232
2593
2593
2593
2418
1232
1232
1232
1232
2593
2593
2593
2593
6255
1232
1232
1232
3324
3324
3324
3633
6255
6255
894
3324
3633
3633
6255
894
3633
3633
6255
5105
5105
5105
10214
3848
3848
1232
1232
1232
3848
3848
2418
1232
1232
1232
2593
4541
2418
2418
1232
1232
2593
2593
4541
11578
2418
1232
2593
2593
2593
6255
6255
2533
3324
3324
3633
6255
6255
3633
3633
6255
5105
3848
1232
1232
3848
2418
1232
1232
3848
2418
2418
1232
4541
2418
2418
2418
4541
4541
11578
2418
2593
4541
11578
2533
2593
2593
6255
2533
3324
3633
6255
1232
2418
1232
2418
2418
2418
2418
2418
2418
4541
2533
4541
2533
4541
2533
2593
2533
3992
9219
9219
9219
1262
1262
1262
1262
991
3992
3997
3992
3992
9489
9219
9219
11044
9219
9219
11044
1262
1262
1817
1262
1262
1817
1262
991
1817
991
991
3064
3992
3997
3992
3992
3997
3997
3992
3992
3992
9489
9489
9219
9219
1262
9489
11044
1262
1262
991
1817
1817
1262
991
991
1817
1817
991
991
991
3064
3064
8433
3064
3992
12456
3992
3992
3997
3997
3992
3992
3992
3997
3997
3997
3992
3992
991
991
9489
9489
9489
1262
991
991
991
9489
1817
1817
991
991
991
991
3064
3064
3064
8433
8433
3064
3064
10244
3064
3992
12456
3992
13747
3997
12456
3992
13747
6901
3997
3997
3997
3992
6901
6901
6901
3997
3997
3997
3997
991
991
991
991
991
11389
11389
5282
3064
8433
8433
8433
5282
5282
3064
10244
8433
5282
3064
10244
3064
7572
7572
7572
13747
7572
7572
7572
6901
6901
3997
3997
7572
6901
6901
6901
6901
5835
5835
5835
1467
10004
10086
10086
5835
5835
5835
1467
1467
1467
8433
11389
5282
5282
11721
10244
5282
5282
11721
5282
7572
7572
7572
6901
7572
7572
6901
6901
6901
6335
10389
10004
10004
10086
5835
6335
1467
10004
10004
5835
5835
1467
1467
1467
5835
5835
1467
1467
1467
5282
5282
11721
5282
7572
7572
6901
6901
10389
10004
10004
10389
10004
10004
6335
1467
10004
6335
1467
1467
5835
1467
1467
5835
1467
1467
5282
6901
10004
10004
10004
1467
1467
1467
1467
1467
2083
3282
6930
6930
6930
6930
6930
6930
6930
8738
8738
8738
8738
8738
8738
8738
5066
5066
10677
3282
2083
2083
6930
3282
2083
6930
6930
6930
10297
6930
6930
6930
10297
6930
8738
8738
12426
8738
8738
8738
12426
8738
8738
9433
11816
5066
5066
5066
7871
4435
10677
3282
7780
10677
13029
3282
2083
2083
2083
6930
6930
3282
2083
2083
6930
6930
6930
8738
2083
10297
6930
8738
8738
9433
10297
12426
8738
8738
10646
9433
11816
11816
5066
5066
5066
5066
11816
7871
5066
5066
7871
4435
10677
3282
10677
10677
13029
3282
7780
7780
10677
13029
10775
5957
2083
2083
2083
2083
6930
6930
10646
6443
2083
2083
2083
6930
8738
10646
10646
9433
1735
1735
11816
5066
5066
5066
5066
5066
5101
11816
7871
5066
5066
5066
11816
7871
7871
4435
7871
4435
9422
5957
10677
9422
10775
5957
7780
10677
9422
10775
10775
6443
7780
7780
7780
9422
10775
14299
14299
6443
1518
1518
1518
1518
1378
5066
5066
5066
5066
3385
1735
1735
1735
5101
5066
5066
5066
5066
1735
5101
5101
7871
5066
5066
5101
5101
7871
4435
5101
4435
9422
5957
9422
9422
10775
5957
9422
9422
9422
10775
14299
6443
1518
1378
6828
6828
12563
12563
12563
3385
1518
1518
1378
1378
10657
12563
12563
12338
1518
1518
1518
1378
7773
5066
5066
5066
1735
1735
5101
10851
7871
4435
5101
5101
10851
4435
5101
9658
9422
5957
9422
9422
10775
6443
6828
6828
6828
12563
12563
3385
1378
6828
6828
10657
12563
12338
1378
1378
1378
10657
10657
12338
1518
1378
1378
7773
7773
10657
1518
1518
1378
7773
7773
2023
1735
5101
10851
9658
5101
9658
9422
5957
6828
6828
12563
3385
6828
6828
10657
12338
6828
6828
10657
10657
1378
1378
10657
10657
1378
1378
7773
2023
1378
1378
7773
2023
1518
1378
7773
2023
5101
9658
6828
3385
6828
10657
6828
10657
6828
10657
1378
10657
1378
2023
1378
2023
1378
2023
1378
2023
953
2483
953
2483
953
2483
953
2483
953
10854
7875
10854
7875
10854
7875
5652
5652
2487
1355
3382
3330
953
12698
2483
953
953
13704
2483
953
953
13704
2483
953
953
12027
10854
7875
7875
12027
5652
7875
7875
5652
5652
7875
5652
5652
2487
7954
10318
1355
3382
1355
1355
12698
3382
3330
3330
953
12698
12698
2483
3330
953
953
13704
12027
5652
953
953
953
12027
5652
5652
953
7875
7875
5652
5652
5652
7875
7875
5652
5652
5652
2487
7954
7954
12787
10318
7954
12477
1355
3382
1355
1355
12698
3382
7865
1355
1355
12698
9869
3606
3330
3330
3330
953
12698
3606
3606
3606
3330
3330
953
953
5652
5652
5652
5652
3330
953
7875
5652
5652
5652
5652
2487
7954
7954
7954
12787
13768
10318
7954
7954
12787
10318
7954
12477
1355
9869
1355
1355
9869
9869
1355
1355
1355
9869
3606
3606
7865
7865
1355
1355
3606
3606
3606
3606
3330
3330
3330
3330
953
3606
3606
3606
3606
2487
8163
8163
8163
6610
12787
13768
13768
10318
8163
12420
6610
12787
12787
10318
12420
6610
12787
12477
6610
12477
9310
9869
9310
9310
9869
3606
1355
9310
9310
3606
3606
3606
7865
1355
9310
3606
3606
3606
3606
3606
13877
13877
13872
6247
12433
13548
13548
6187
8163
8163
8163
6247
6247
6247
13548
6187
8163
8163
6610
6610
6610
10318
12420
6610
6610
6610
6610
6610
9310
9869
9310
9310
3606
3606
9310
9310
3606
3606
3606
3606
13057
13057
12433
12433
13548
6187
13872
13872
6247
12433
12433
6187
13877
13872
6247
6247
6247
6187
8163
8163
6247
6247
6247
6247
8163
6610
6610
6610
6610
6610
9310
3606
9310
3606
3606
3606
13057
12433
12433
6187
13057
12433
12433
6187
13872
6247
12433
11465
13872
6247
6247
6247
13872
6247
6247
6247
8163
6247
6247
6247
6610
6610
3606
3606
12433
6187
12433
11465
12433
11465
6247
11465
6247
6247
6247
6247
6247
6247
6247
6247
2483
2483
2483
2483
2483
7357
7357
7357
2487
3382
3282
2483
2483
11617
2483
2483
11617
2483
2483
11617
2483
10854
7357
7357
10854
7357
7357
10854
7357
2487
2487
8238
2487
3382
3282
3382
3382
3282
3282
2483
2483
2483
12786
11617
2483
2483
2483
11617
11617
2483
10854
10854
7357
7357
7357
10854
14361
7357
7357
2487
2487
2487
8238
8238
2487
2487
8238
11463
3382
10852
3382
3382
3282
3282
3382
3382
3382
3282
3282
3282
2483
2483
2483
14091
12786
12786
11617
2483
10854
14361
14361
11141
3574
7357
2487
2487
2487
2487
3574
8238
8238
2487
2487
2487
8238
8238
11463
2487
8238
11463
3382
10852
3382
13312
3282
10852
3382
13312
13312
3282
3282
3282
3382
13312
14091
14091
3282
3282
3282
3282
2483
2487
2487
2487
2487
11141
11141
3574
3574
2487
2487
2487
2487
3574
3574
3574
11463
2487
2487
3574
3574
11463
11463
3574
11463
13312
14254
13312
13312
10852
14254
13312
13312
14091
3282
3282
9433
6551
6551
6551
6551
5957
5957
5957
6443
6551
6551
6551
6551
5957
5957
5957
3574
10167
2487
2487
2487
11141
3574
3574
10167
10167
2487
3574
3574
10167
2661
3574
2661
13312
14254
13312
13312
9433
9433
6551
6551
6551
6443
9433
9252
6551
6551
6551
5957
6443
6443
9252
6551
6551
5957
5957
6443
12828
9252
6551
5957
5957
3574
10167
10167
2661
3574
3574
10167
2661
3574
2661
13312
9433
6551
6551
9433
9252
6551
6551
9433
9252
9252
6551
6443
6443
9252
9252
6443
6443
12828
3385
5957
6443
12828
3385
5957
3574
10167
2661
3574
2661
6551
9252
6551
9252
9252
9252
9252
6443
9252
6443
3385
6443
3385
6443
3385
3574
2661
783
2087
783
2087
783
2087
783
2087
783
10990
6982
10990
6982
10990
6982
2460
4900
3053
7481
783
783
4153
7481
783
783
2087
7823
783
783
2087
7823
783
6982
2087
10990
6982
6982
10990
10990
6982
6982
2460
4900
4900
7113
2460
4900
3053
3053
3053
12729
7481
7481
783
783
783
4153
7481
7481
783
783
783
4153
7481
7823
783
6982
6982
2087
7823
10990
6982
6982
7113
2460
4900
4900
4900
7113
7113
2460
4900
4900
8188
2460
4900
3053
3053
3053
12729
9467
3053
3053
12729
9146
7481
7481
7481
783
783
783
7113
4153
7481
7481
7481
783
6982
7113
7113
4153
5323
4900
4900
4900
7113
7113
7113
5323
4900
4900
4900
8188
8188
2460
4900
4900
13458
2460
4900
3053
3053
3053
9146
3053
3053
3053
9146
9146
9467
9467
3053
3053
9146
10129
10129
5323
5323
5323
5323
783
1427
1427
1427
1427
5323
5323
5323
5323
4900
8188
8188
8188
5323
5323
13018
4900
13458
8188
9916
13018
4900
13458
9916
4900
3958
3958
3958
9146
3053
3958
3958
9146
10129
9467
2457
2457
1427
1427
1427
1427
10770
10770
10770
1651
1427
1427
1427
5323
5323
5323
5320
5320
1427
1427
5323
5323
5323
5320
5320
5320
5323
13018
5320
5320
9916
5320
3958
3958
3958
9146
2457
2457
1427
1427
1427
2457
2457
1651
1427
1427
10770
12389
1651
1651
1427
10770
10770
6599
6599
1651
5323
5323
5320
5320
5320
5323
5323
5320
5320
9916
5320
3958
2457
1427
1427
2457
1651
1427
2457
1651
1651
12389
1651
1651
12389
6599
6599
10770
6599
6599
5323
5320
5320
5323
5320
1427
1651
1651
1651
1651
6599
6599
6599
5320
1435
2201
3568
4463
2201
5730
4463
2201
5730
4463
2201
5730
4463
5243
2818
5243
5243
2818
5243
5243
2818
5243
5243
2818
5243
6814
4311
1435
1435
4463
2201
3568
8347
4463
4463
2201
3568
12833
4463
4463
2201
5730
12833
4463
5243
5243
2818
5914
5243
5243
5243
2818
5914
5243
5243
6533
2818
5914
5243
9587
6148
5837
1659
6814
4311
1435
6814
6814
4311
1435
1435
1435
4463
4463
2201
3568
8347
8347
4463
4463
4463
5243
3568
8347
12833
4463
5243
5243
6533
3568
5914
5914
5243
5243
9587
6533
2818
5914
5914
5243
9587
9587
6148
11255
5837
5837
1659
6148
5837
5837
6814
4311
11939
6814
6814
1230
1435
1435
6814
6814
1230
1230
1435
1435
1435
1435
4463
1230
3732
3732
3568
8347
8347
8347
4463
5243
9587
9587
6533
3568
8347
3055
5914
5243
9587
9587
9587
3055
3055
11255
5837
5837
9786
1659
3055
11255
5837
5837
1659
6148
5837
5837
1230
1230
11939
1230
1230
1230
1435
11939
1230
1230
1230
3732
1435
1435
1435
1230
1230
3732
3732
3732
1435
1435
1435
1435
1230
2496
2496
2496
2496
11130
11130
11130
3055
3055
5837
9786
9786
1659
11130
3055
3055
3055
5837
5837
1659
3055
3055
3055
5837
5837
3055
3055
5837
1230
1230
2815
1230
1230
1230
2815
2815
1230
1230
3732
3732
1435
1435
2815
1230
2496
2496
2496
9907
9907
8103
6145
2496
2496
2496
2496
9907
9907
9907
3055
6978
2496
2496
1659
11130
11130
3055
3055
12875
5837
1659
3055
3055
3055
12875
5837
3055
3055
6622
1230
1230
2815
1230
1230
3732
2815
2815
1230
2496
2496
6145
6145
6145
2496
2496
2496
8103
8103
6145
8929
2496
2496
9907
8103
6978
6978
6978
2496
9907
9907
3055
6978
6978
6622
11130
3055
3055
12875
6622
3055
3055
6622
1230
1230
2815
1230
2496
6145
6145
2496
2496
6145
6145
8929
2496
8103
6145
8929
8350
8103
6978
6978
6978
8103
6978
6978
6978
9907
3055
6978
6622
3055
3055
6622
1230
6145
2496
6145
8350
6145
8350
6145
8350
6978
6978
6978
6978
6978
6978
3055
6622
2087
5730
5730
5730
2818
2818
2818
2818
1107
2087
3568
2087
7781
3568
5730
12628
5730
5730
12628
5730
2818
3424
2818
2818
3424
2818
2818
1107
2818
1107
1107
6148
2087
2087
2087
7781
3568
3568
2087
7781
7781
3568
3568
5730
12628
3424
3568
5730
2818
3424
1107
2818
2818
2818
1107
1107
2818
2818
1107
1107
1107
6148
6148
8968
6148
2087
2087
2087
7781
4153
2087
2087
7781
7781
3568
3568
3568
2087
7781
1107
1107
3568
3568
3568
2818
1107
1107
1107
3568
2818
2818
1107
1107
1107
1107
3735
6148
6148
8968
9093
6148
6148
8968
6148
2087
2087
2087
8244
2087
2087
2087
8244
3052
4153
4153
2087
2087
3052
3052
3052
3568
3568
3568
3568
1107
1107
1107
1107
1107
13579
13579
3735
3735
8968
9093
9093
3735
3735
3735
8968
8968
3735
3735
8968
3735
8244
11670
8244
8244
2087
11670
8244
3052
3052
4153
2087
2460
2088
3052
3052
3052
8087
8087
8087
2088
2088
13437
13437
8087
8087
8087
3735
11108
2088
9093
13579
3735
3735
11108
8968
3735
3735
11108
3735
8244
11670
8244
3052
2460
2460
2088
3052
3052
2460
2460
2088
2088
13437
8087
9916
2088
2088
2088
8087
8087
9916
11677
2088
8087
8087
3735
11108
11108
3735
3735
11108
3735
8244
2460
2088
3052
2460
2088
2088
2460
2088
2088
9916
2088
2088
9916
9916
11677
8087
9916
11677
8087
3735
11108
3735
2088
2088
2088
2088
2088
9916
9916
9916
3735
1780
1780
1780
1780
1780
1780
1780
1780
1780
9662
6097
9662
6097
9662
6097
3439
2443
5675
7665
1780
1985
10895
1780
1780
1985
1780
1780
1780
1985
1780
1780
1780
6097
1780
9662
6097
6097
9662
9662
6097
4462
3439
3439
2443
4462
3439
2443
5675
5675
5675
9613
7665
7665
1780
1985
1985
10895
10895
1780
1780
1985
1985
10895
1780
1780
1780
6097
4462
1780
1780
9662
6097
4462
4462
3439
3439
3439
2443
4462
4462
3439
3439
2443
2443
3439
2443
5675
5675
5675
9613
7665
5675
5675
9613
2807
7665
7665
7665
1780
1985
1985
4462
10895
10895
10895
1780
1780
4462
4462
4462
2436
2436
1780
3439
2443
4462
4462
4462
2436
3439
3439
2443
2443
12305
3439
3439
2443
2443
3439
2443
2807
5675
2807
2807
5675
5675
2807
2807
2807
7665
7665
5675
2807
2807
9482
9482
1791
1791
1791
1791
1780
4462
4462
4462
4462
2436
2436
2436
2436
2443
2443
12305
12305
2436
2436
12319
2443
2443
2443
9585
12319
2443
2443
9585
2443
2807
10764
2807
2807
5675
10764
2807
2807
9482
1791
1791
3752
2807
5138
5138
5138
1791
1791
1791
3752
5138
5138
5138
1791
1791
1791
1791
5046
2443
5138
2436
2436
2436
5046
5046
2443
2436
12319
5046
5046
9585
5046
2807
10764
2807
2807
3752
3752
2807
5138
5138
3752
3752
3752
5138
5138
1791
10855
3752
11188
5138
1791
1791
7359
7359
7359
1791
1791
1791
5046
5046
2436
2436
5046
5046
9585
5046
2807
3752
2807
5138
3752
3752
5138
3752
3752
11188
10855
3752
11188
10855
7359
7359
1791
7359
7359
1791
1791
5046
2436
5046
2807
3752
3752
3752
3752
7359
7359
7359
1791
2201
2201
2201
2201
2201
7091
7091
7091
6533
4311
6146
2201
2201
4293
2201
2201
4293
2201
2201
4293
2201
10593
7091
7091
10593
7091
7091
6533
7091
6533
6533
8348
4311
4711
4311
4311
6146
6146
2201
2201
2201
6146
4293
2201
2201
2201
4293
4293
2201
10593
6533
4293
7091
7091
6533
6533
7091
7091
6533
6533
6533
8494
8348
8348
8348
4311
4711
4311
4311
11189
4711
4311
4311
4311
6146
6146
6146
2201
2201
2201
5674
6146
6146
4293
2201
6533
6533
6533
5563
1086
7091
6533
6533
6533
6533
1086
8494
8348
8348
9267
8494
8348
8348
8348
4311
4711
4311
5103
4711
4711
4311
5103
5103
11189
11189
4711
4311
5103
5674
5674
4308
4308
4308
4308
1086
1516
1516
1516
1516
5563
5563
1086
1086
8348
9267
9267
1086
1086
1086
8348
8348
1086
1086
8348
1086
5103
10836
5103
5103
4711
10836
5103
5103
5674
4308
4308
5562
1516
1516
1516
1516
4308
4308
4308
4715
1516
1516
1516
4308
4308
4308
1086
4461
1516
1516
5563
1086
1086
4461
4461
1086
1086
4461
1086
5103
10836
5103
5103
5562
5562
1516
1516
1516
5562
5562
4715
1516
1516
4308
9585
4715
4715
1516
4308
4308
7694
7694
4715
4308
4308
1086
4461
4461
1086
1086
4461
1086
5103
5562
1516
1516
5562
4715
1516
5562
4715
4715
9585
4715
4715
9585
7694
7694
4308
7694
7694
4308
1086
4461
1086
1516
4715
4715
4715
4715
7694
7694
7694
1086
676
1421
676
1421
676
1421
676
1421
676
993
6329
993
6329
993
6329
993
2883
1128
4218
5979
3420
676
1421
1421
676
676
1421
1421
676
676
1421
993
676
676
9139
993
6329
6329
9139
993
6329
6329
2883
2883
5611
2883
2883
1128
3969
3969
4218
5979
4218
4218
13677
5979
3420
3420
676
1421
1421
1421
3420
676
676
1421
1421
993
676
676
676
9139
2883
2883
676
6329
6329
2883
2883
2883
5611
5611
2883
2883
2883
1128
5611
3969
3969
4220
3969
3969
4218
5979
4218
4218
13677
5979
6963
4218
4218
13677
7463
7463
3420
3420
3420
676
1421
1421
2883
2883
3420
3420
676
676
2883
2883
2883
2883
3420
676
5611
2883
2883
2883
2883
1128
5611
5611
3969
3969
9444
4220
5611
3969
3969
3969
3969
3969
4218
7463
4218
4218
7463
7463
4218
4218
4218
7463
7463
10880
6963
6963
4218
4218
7463
10880
10880
10880
3420
3420
3420
3420
676
2883
2883
2883
2883
679
6055
6055
6055
3969
3969
9444
9444
4220
6055
9085
3969
3969
3969
4220
9085
3969
3969
3969
3969
3969
5707
7463
5707
5707
7463
7463
4218
5707
5707
7463
10880
10880
6963
4218
5707
5707
9125
9125
9125
679
9368
9368
4650
2896
9125
9125
9125
679
6055
6055
6055
2896
2896
2896
9125
679
6055
6055
9085
10804
3969
3969
9085
9085
10804
3637
9085
3637
5707
7463
5707
5707
7463
10880
5707
5707
5707
9125
9125
679
4650
11828
10239
9125
9125
679
4650
4650
2896
10239
9125
679
9368
4650
2896
2896
2896
679
6055
6055
2896
2896
2896
2896
6055
9085
10804
3637
9085
3637
5707
7463
5707
5707
9125
679
11828
10239
9125
679
11828
10239
10239
679
4650
2896
10239
9577
4650
2896
2896
2896
4650
2896
2896
2896
6055
2896
2896
2896
9085
3637
5707
679
10239
679
10239
9577
10239
9577
2896
9577
2896
2896
2896
2896
2896
2896
2896
2896
3881
3881
4777
7181
5280
7181
7181
5280
7181
7181
5280
7181
7181
6403
7371
7837
6403
7371
7837
6403
7371
7837
6110
1471
7043
3881
3881
4777
3881
3881
3881
4777
4777
7181
11821
5280
4777
7181
7181
11821
5280
7181
7181
7181
13916
6403
7181
7837
7837
13916
6110
7371
7837
7837
11241
6110
1471
7837
7043
9197
1471
7043
3881
3881
9887
3881
3881
3881
4777
4777
3881
3881
3881
3881
4777
4777
4777
7181
11821
11821
6110
4777
4777
7181
7181
13916
11241
6110
4777
7181
7837
7837
11241
11241
6110
1471
7837
7837
7043
9197
9197
1471
10176
7043
7043
1471
7043
3881
3881
9887
3881
3881
2767
12679
9887
3881
3881
2767
2767
4777
4777
4777
3881
3881
2767
6965
3419
4777
4777
4777
4777
7181
11241
11241
11241
6110
4777
4777
1520
7837
7043
9197
9197
9197
1520
1520
10176
7043
7043
9197
1471
10176
7043
7043
1471
7043
2767
2767
9887
2767
2767
2767
9887
9887
2767
2767
2767
3419
12679
12679
9887
2767
2767
6965
6965
3419
4777
4777
4777
4777
1369
1369
1369
1369
1369
8797
8797
8797
1520
1520
7043
9197
9197
8797
1520
1520
1520
7043
7043
1520
1520
1520
7043
1520
1520
2767
2767
11643
2767
2767
2767
9887
11643
2767
2767
6965
3419
10212
1468
1468
1369
1369
1369
1369
10212
10212
4212
1468
1369
1369
1369
8797
8797
8797
1520
5145
1369
1369
8797
8797
1520
1520
5145
5145
1520
1520
1520
5145
1520
1520
2767
2767
11643
2767
2767
3419
1468
1468
1369
1369
1369
1468
1468
1468
1369
1369
4212
4212
1468
6317
1369
10212
4212
4212
11768
6317
8797
8797
1520
5145
5145
8797
1520
1520
5145
1520
1520
2767
2767
1468
1369
1369
1468
1468
1369
1468
1468
6317
4212
1468
6317
4212
4212
11768
4212
4212
11768
8797
1520
5145
1520
1520
1369
1468
1468
1468
1468
4212
4212
4212
1520
2023
6108
6108
6108
4435
4435
4435
4435
1517
3374
2023
2023
3374
2023
6108
6108
9658
6108
6108
9658
4435
14302
4435
4435
14302
4435
4435
1517
4435
1517
1517
8777
3736
3374
5531
3374
3374
2023
2023
2023
3374
3374
2023
2023
6108
6108
6108
2023
9658
4435
14302
1517
4435
4435
4435
1517
1517
4435
4435
1517
1517
1517
10835
8777
3846
3736
8777
8777
3374
13807
3374
3374
5531
5531
3374
3374
3374
2023
2023
2023
2023
3374
1517
1517
2023
2023
2023
4435
1517
1517
1517
2023
2023
4435
1517
1517
1517
1517
10835
10835
8777
3846
3846
3736
10835
8777
8777
3736
8777
8777
3374
13807
3374
7435
5531
13807
3374
7435
7435
5531
5531
5531
3374
7435
10169
10169
2023
2023
2023
2023
1471
1517
1517
1517
1517
11506
11506
11506
8777
3846
3846
3846
3736
11506
12338
8777
8777
3846
3736
12338
8777
8777
8777
8777
8777
7371
7371
7371
7435
7371
7371
7371
7435
10169
5531
1471
1471
1471
10169
10169
10169
13256
13256
9723
1471
5524
10687
10687
10687
11506
11506
11506
9723
11729
3846
3846
3736
11506
11506
11729
11729
8777
3736
12338
11729
11729
8777
11729
9545
7371
7371
7371
7435
1471
1471
1471
10169
10169
1471
1471
1471
5524
10687
10687
9723
9723
1471
5524
5524
10687
13256
9723
9723
13849
5524
3440
11506
11506
9723
11729
11729
6549
11506
11729
11729
9545
11729
9545
7371
1471
1471
10169
1471
1471
5524
10687
1471
1471
5524
3440
9723
1471
5524
3440
9723
9723
13849
3440
9723
9723
13849
6549
11506
9723
11729
6549
11729
9545
1471
1471
3440
1471
3440
1471
3440
1471
3440
9723
6549
9723
6549
9723
6549
9723
6549
1469
5280
5280
5280
5280
6403
6403
6403
2032
1469
5979
1469
1469
5280
5280
9798
5280
5280
9798
5280
5280
10840
6403
6403
10840
6403
6403
10840
6110
2032
2032
6110
2032
1469
1821
1469
1469
5979
5979
1469
1469
1469
13335
5280
5280
9798
9798
5280
5280
5280
10840
10840
5280
6403
6403
10840
12526
6110
6110
2032
2032
2032
6110
6110
2032
2032
6110
9596
1469
1821
1469
1469
5979
1821
1469
1469
1469
5979
5979
5979
1469
1469
1469
6962
13335
13335
5280
5280
10840
12526
12526
3558
3419
6110
2032
2032
2032
2032
3419
6110
6110
2032
2032
2032
6110
6110
9596
2032
6110
9596
993
1821
993
5277
1821
1821
993
5277
5277
5979
5979
1821
993
5277
6962
6962
3558
3558
3558
3558
993
2032
2032
2032
2032
3558
3558
3419
3419
2032
2032
2032
2032
3419
3419
3419
9596
2032
2032
3419
3419
9596
9596
3419
9596
993
993
993
5277
993
993
993
5277
6962
5979
993
993
993
6962
6962
6962
9209
9209
9209
1128
1128
11528
11528
11528
3558
3558
3558
3419
5610
1128
2032
2032
3558
3419
3419
5610
5610
2032
3419
3419
5610
5610
3419
5610
993
993
993
5277
993
993
993
6962
6962
6500
6500
1128
1128
11528
11528
9209
13220
1128
1128
1128
11528
9209
9209
6132
6132
1128
1128
3558
3558
3419
5610
5610
5610
3419
3419
5610
5610
3419
5610
993
993
993
6962
6500
1128
1128
11528
6500
1128
1128
1128
13220
1128
1128
1128
13220
6132
6132
1128
9209
6132
6132
6132
3558
3419
5610
5610
3419
5610
993
1128
1128
1128
1128
1128
1128
1128
1128
6132
6132
6132
6132
6132
6132
3419
5610
2091
2091
2677
2091
2091
4906
2091
2091
4906
2091
2091
4906
2091
4338
8617
4338
4338
8617
4338
4338
8617
4338
4338
1383
1383
1238
1383
3637
3815
2677
2091
2091
2091
2677
2677
2091
2091
2091
2677
12104
2091
2091
2091
4906
12104
2091
4338
4338
4906
12291
4338
4338
4338
8617
12291
4338
4338
5492
1383
1383
1383
5492
1238
1383
1383
1804
1383
3637
3815
3637
3637
10464
3815
2677
2677
2091
2091
2091
2091
2677
2677
2677
2091
2091
2091
4338
2677
2677
12104
2091
4338
4338
5492
2677
12104
12291
4338
4338
5492
5492
1383
1383
1383
1383
5492
5492
1238
1383
1383
1383
10613
10136
1383
1383
1804
1383
3637
3815
3637
3637
10464
3815
9013
3637
3637
10464
10464
947
2677
2677
2677
2091
2091
947
947
947
2677
2677
2677
2677
2091
4338
5492
5492
5492
2677
2677
1383
1383
1383
5492
5492
5492
1238
3076
1383
1383
1383
10613
13971
10136
1383
1383
1383
10613
1804
1383
1383
1804
1383
3637
8688
3637
3637
10831
8688
3637
3637
3637
10831
947
947
9013
9013
3637
3637
947
947
947
947
2677
2677
2677
2677
679
947
947
947
947
947
3076
5580
5580
3401
1383
10613
13971
13971
10136
3076
3401
3401
1383
10613
10613
10136
3401
3401
1383
10613
1804
3401
1383
1804
1113
4739
8688
4739
4739
10831
947
3637
4739
4739
947
947
947
9013
679
4220
947
947
947
947
947
9577
9577
679
679
9290
9290
9290
1997
5580
5580
5580
679
8839
8839
9290
1997
3076
5580
3401
3401
14041
10613
1804
3076
3401
3401
14041
1804
3401
3401
7225
1113
4739
8688
4739
4739
947
947
4220
4220
947
947
947
947
679
4220
4220
9290
9290
1997
679
679
679
14084
9290
1997
9577
679
679
8839
8839
1997
5580
5580
679
8839
8839
1827
3076
3401
3401
14041
7225
3401
3401
7225
1113
4739
947
4220
947
947
947
4220
4220
9290
1997
4220
4220
14084
1997
679
679
14084
8453
679
679
8839
1827
679
679
8839
1827
5580
679
8839
1827
3076
3401
7225
1113
947
947
4220
1997
4220
8453
4220
8453
679
8453
679
1827
679
1827
679
1827
679
1827
1113
4906
4997
4997
4997
2414
2414
2414
2414
985
4906
8641
4906
7458
4997
4997
10596
4997
4997
10596
4997
2414
8677
2414
2414
8677
2414
2414
3398
1380
985
3398
985
985
4906
4906
4906
7458
8641
8641
4906
7458
7458
8641
4997
4997
10596
8677
4997
4997
2414
8677
3398
2414
2414
2414
3398
3398
1380
1380
985
3398
3398
1380
985
985
4909
985
985
4906
4906
4906
7458
9533
4906
4906
7458
7458
8641
8641
8641
4906
7458
3398
3398
8641
8641
4997
2414
3398
3398
3398
4390
1380
1380
985
3398
3398
3398
1380
1380
985
985
12808
4909
1380
985
985
985
985
985
4906
4906
4906
13135
4906
4906
4906
13135
4508
9533
9533
4906
4906
4508
4508
4508
3076
3076
3076
3076
985
3398
3398
3398
3398
4390
4390
4390
985
985
12808
12808
4909
4390
9728
985
985
985
4909
9728
985
985
985
985
985
8617
8617
8617
13135
4906
8617
8617
4508
4508
3076
3076
8617
4508
4508
4508
4508
3076
3076
3076
2850
5817
5817
5817
5817
3076
3076
3076
2850
2850
985
5817
4909
4390
4390
8016
8016
985
985
9728
8016
8016
728
8016
728
8617
8617
8617
4508
8617
8617
4508
4508
4508
10234
10234
9643
5817
5817
5817
3076
12239
2850
9643
5817
5817
3076
3076
2850
2850
2850
5817
3076
3076
2850
2850
2850
728
4390
8016
8016
728
8016
728
8617
8617
4508
4508
10234
9643
5817
5817
10234
9643
9643
5817
12239
2850
9643
9643
12239
2850
2850
2850
3076
2850
2850
2850
3076
2850
2850
728
8016
728
4508
9643
5817
9643
9643
9643
9643
2850
9643
2850
2850
2850
2850
2850
2850
2850
728
3815
8566
8566
8566
5297
5297
5297
5297
3137
7639
3815
3815
7639
3815
8566
8566
12278
8566
8566
12278
5297
6992
5297
5297
6992
5297
5297
6992
5297
3137
6604
3137
1429
7639
5812
7639
7639
3815
3815
3815
7639
7639
3815
3815
8566
8566
6992
3815
12278
5297
6992
6992
5297
5297
5297
6992
7818
5297
5297
3137
6604
6604
10736
3137
3137
1429
3137
3137
7639
9270
7639
7639
5812
5812
7639
7639
1758
3815
3815
3815
3815
7639
944
944
3815
3815
3815
5297
6992
7818
7818
3815
3815
5297
3137
6604
6604
6604
8603
10736
3137
3137
6604
1429
10736
3137
3137
1429
3137
3137
1758
9270
1758
1758
5812
9270
1758
1758
944
5812
5812
5812
1758
944
944
944
3815
3815
3815
3815
720
720
720
720
720
8688
8688
8603
3137
3137
6604
6604
1429
8603
8603
3137
3137
3137
1429
8603
3137
3137
3137
3137
3137
1758
8243
1758
1758
8243
8243
1758
944
944
5812
5490
5490
720
720
720
720
12802
12802
7382
4655
720
720
720
720
8688
8688
8688
4655
4655
720
720
720
8688
8603
8603
12315
3137
1429
8603
8603
12315
3137
8603
12315
1758
8243
1758
944
5490
5490
720
720
720
5490
5490
5490
720
720
720
7382
7382
4655
11840
720
720
12802
7382
4655
4655
4655
720
8688
8688
4655
4655
4655
4655
8603
8603
12315
12315
8603
12315
1758
5490
720
720
5490
5490
720
720
5490
5490
11840
720
7382
4655
11840
7577
7382
4655
4655
4655
7382
4655
4655
4655
8688
4655
4655
4655
8603
12315
720
5490
720
5490
7577
5490
7577
4655
7577
4655
4655
4655
4655
4655
4655
4655
4655
3254
5716
11086
5716
11086
5716
11086
5716
11086
13111
12477
13111
12477
13111
12477
10207
10318
3254
9193
3254
12360
9193
9193
11086
14154
5716
11086
11086
14154
5716
11086
11086
12477
5716
13111
12477
12477
13111
13111
12477
10318
10207
13111
10318
10318
10207
13305
3290
3254
3254
3254
12360
9193
9193
3254
12360
12360
9193
9193
9193
11086
14154
12477
9193
9193
11086
11086
12477
10318
5716
11086
13111
12477
10318
10318
10207
13111
13111
10318
10318
10318
10207
14394
13305
13305
3290
10207
13305
9251
3254
3254
3254
12360
9868
3254
3254
12360
11465
9193
9193
9193
3254
12360
6187
6187
9193
9193
9193
9193
11086
10318
10318
10318
6544
6544
6544
13111
10318
10318
10318
10318
6544
13431
14394
13305
13305
14341
3290
6925
14394
13305
13305
3290
10207
13305
9251
3254
3254
3254
11465
3254
3254
3254
11465
6187
9868
9868
3254
3254
6187
6187
6187
6544
6544
6544
6544
3254
6187
6187
6187
6187
6544
6544
6544
6544
3694
13305
14341
14341
3290
6544
6544
13431
3694
13305
13305
3290
6925
13431
3694
13305
9251
6925
3694
9251
7889
7889
7889
11465
3254
7889
7889
6187
6187
9868
3254
6786
6187
6187
6187
6187
14118
14118
12214
6183
10670
10670
10670
3834
6544
6544
6544
3694
3694
3694
10670
3290
6544
6544
6544
3694
3694
3694
3290
6544
13431
3694
3694
3694
6925
3694
3694
7889
7889
7889
6187
6786
6786
6187
6187
6187
6786
6786
6786
10670
10670
3834
12214
12214
6183
13975
10670
3834
14118
12214
6183
6183
6183
3834
6544
6544
3694
3694
3694
3694
6544
6544
3694
3694
3694
6925
3694
3694
7889
6786
6187
6187
6786
6786
10670
3834
6786
6786
13975
3834
12214
6183
13975
11477
12214
6183
6183
6183
12214
6183
6183
6183
6544
3694
3694
3694
6544
3694
3694
6187
6786
3834
6786
11477
6786
11477
6183
11477
6183
6183
6183
6183
6183
6183
3694
3694
5716
7855
7855
7855
1213
1213
1213
1213
1213
5716
5771
5716
11805
5771
7855
11805
7855
7855
11805
7855
1213
8146
1213
1213
8146
1213
1213
8146
1213
1213
8977
4237
5716
5716
5716
13897
5771
5771
5716
11805
11805
5771
5771
7855
11805
8146
5771
7855
1213
8146
8146
1213
1213
1213
8146
13556
1213
1213
1213
8977
8977
4237
4237
4333
4237
5716
5716
5716
13897
12067
5716
5716
13897
8952
5771
5771
5771
5716
11805
8146
10152
5771
5771
5771
1213
8146
13556
13556
5771
1213
1213
1213
8977
8977
8977
4237
4237
4237
4333
8977
4237
4237
4333
4237
5716
5716
5716
8952
5716
5716
5716
8952
8952
12067
12067
5716
5716
8952
10152
10152
5771
5771
5771
5771
1213
8977
8977
8977
8977
13957
13957
9326
3288
4333
8977
8977
9326
9326
3288
4333
4333
9326
3288
4333
3288
8952
13956
8952
8952
5716
13956
8952
8952
10152
12067
5716
10207
8952
10152
10152
10152
14312
14312
6925
6925
10470
10470
10470
13957
13957
13957
3288
3288
3288
8977
13957
9326
3288
3288
3288
9326
3288
3288
3288
8952
13956
8952
8952
10207
10207
8952
10152
10152
6925
10207
10207
10470
10470
6925
6925
6925
14124
10470
14312
6925
6925
10056
10056
13957
13957
3288
3288
3288
9326
3288
3288
3288
8952
10207
8952
10152
10207
10207
10470
10207
10207
14124
6925
6925
14124
6925
6925
10056
6925
6925
10056
13957
3288
3288
3288
8952
10207
10207
10207
6925
6925
6925
6925
3288
3591
9589
9589
9589
3949
3949
3949
3949
1038
3591
5061
3591
3591
5061
9589
9589
9763
9589
9589
9763
9589
3949
3949
7921
3949
3949
7921
3949
3949
1038
1038
4909
1038
9604
5061
3591
3591
5061
5061
3591
3591
3591
5061
5061
11362
9589
9589
9763
3949
9589
9589
3949
3949
3949
7921
7921
3949
3949
12534
1038
1038
1038
4909
4909
1038
1038
3445
1038
9604
5061
3591
12298
5061
5061
3591
3591
3591
5061
5061
2413
3591
3591
3591
3591
5061
2413
2583
11362
11362
9589
3949
3949
12534
12534
8627
1038
1038
1038
4909
4909
4909
1038
1038
1038
3445
4909
1038
1038
3445
1038
9604
2413
9604
12298
2413
2413
3591
3591
12298
2413
2413
2413
3591
3591
3591
3591
2413
2413
2583
2583
3591
3591
3591
3591
728
2583
2583
2583
2583
8627
8627
3943
728
3445
4909
4909
3943
3943
728
3445
3445
3943
728
3445
728
4389
2413
4389
4389
2413
2413
3591
4389
4389
2413
2413
2583
3591
3591
1113
4389
2413
2583
2583
2583
10679
13118
13118
1113
1113
8837
8837
8837
8627
8627
8627
728
728
728
4909
8627
3943
728
728
728
3943
728
728
728
4389
2413
4389
4389
2413
2413
4389
4389
4389
2413
2583
2583
1113
1113
5089
5089
8837
8837
10679
1113
1113
1113
13112
8837
10679
13118
1113
1113
9812
9812
8627
8627
728
728
728
3943
728
728
728
4389
2413
4389
4389
2413
2583
5089
5089
5089
8837
1113
5089
5089
13112
1113
1113
1113
13112
1113
1113
1113
9812
10679
1113
1113
9812
8627
728
728
728
4389
2413
5089
5089
5089
5089
5089
5089
1113
1113
1113
1113
1113
1113
1113
1113
728
727
727
727
727
727
6659
6659
6659
2469
9604
1446
727
3388
727
727
3388
727
727
3388
727
727
11739
6659
6659
11739
6659
6659
3078
6659
2469
2469
8455
2469
9604
5181
9604
11076
1446
1446
727
3388
3388
1446
727
727
3388
3388
727
727
727
11739
3078
727
6659
6659
3078
3078
6659
6659
2469
2469
2469
11474
8455
2469
2469
8455
8455
9604
9604
9604
11076
5181
5181
9604
11076
1828
1446
1446
1446
727
3388
1828
3078
1446
1446
727
727
3078
3078
3078
1446
727
6659
2469
2469
2469
2469
4341
11474
8455
2469
2469
2469
11474
8455
8455
2469
8455
8455
1828
9604
1828
1828
5181
9604
1828
1828
1828
5181
5181
5181
1828
1828
9646
9646
1446
1446
1446
1446
727
2469
2469
2469
2469
9940
9940
4341
2582
2469
2469
2469
2469
4341
4341
2582
8455
2469
2469
4341
2582
8455
8455
2582
8455
1828
5506
1828
1828
5506
5506
1828
1828
9646
5181
5181
5506
1828
9646
9646
9646
10679
10679
10679
1164
4335
10242
10242
729
9940
9940
9940
1164
1164
1164
2469
729
9940
4341
2582
2582
2582
2469
4341
2582
2582
2582
2582
2582
1828
5506
1828
1828
5506
5506
1828
9646
9646
10051
10051
4335
4335
10242
729
10679
12641
1164
4335
4335
729
10679
10679
1164
1164
1164
729
9940
9940
1164
1164
1164
1164
4341
2582
2582
2582
2582
2582
1828
5506
1828
9646
10051
4335
4335
729
10051
4335
4335
729
12641
1164
4335
4335
12641
1164
1164
1164
10679
1164
1164
1164
9940
1164
1164
1164
2582
2582
1828
4335
729
4335
4335
4335
4335
1164
4335
1164
1164
1164
1164
1164
1164
1164
1164
6549
7036
10033
8088
10033
8088
10033
8088
7340
3643
7340
3643
7340
3643
7340
3643
3844
7036
7036
6549
6549
7036
7036
10033
10033
14384
8088
10033
10033
14384
3643
10033
7340
11516
3643
7340
7340
11516
3643
7340
7340
10184
10184
3844
3844
10184
3844
7036
7036
6549
7036
7036
7036
6549
6549
6549
7036
7036
7036
12339
10033
10033
14384
11516
3643
10033
10033
7340
11516
10184
10184
7340
7340
7340
10184
10184
10184
3844
3844
3844
10184
10184
3844
3844
13430
3844
7036
7036
9545
7036
7036
7036
6549
6549
7036
7036
7036
9915
6549
6549
6549
6549
7036
7036
9915
9915
12339
12339
10033
7340
10184
10184
10184
10184
2424
2424
3844
3844
10184
10184
10184
2946
3844
3844
13430
13837
3844
3844
13430
3844
7036
13795
9545
7036
13795
13795
6549
9545
7036
13795
9915
9915
6549
6549
6549
7036
9915
9915
9915
9915
2424
2424
2424
2424
2424
7370
7370
7370
7370
2424
2424
2424
2946
13430
13837
13837
2424
2946
2946
13430
13430
2946
2946
13430
2946
13795
13795
13912
13795
13795
9915
9545
13912
13795
9915
9915
9915
3440
3440
3736
3736
7370
7370
7370
3440
3440
3440
3736
7370
7370
7370
2424
2424
2424
2424
8086
7370
7370
2424
2424
2946
8086
8086
2946
2946
8086
2946
13795
13795
13912
13795
9915
9915
3736
3736
3736
7370
7370
3736
3736
3736
7370
7370
3440
11770
3736
10378
7370
3440
3440
8405
8405
8405
2424
2424
2424
8086
8086
2424
2946
8086
2946
13795
9915
3736
3736
7370
3736
3736
7370
3736
3736
10378
11770
3736
10378
11770
8405
8405
3440
8405
8405
2424
2424
8086
2946
3736
3736
3736
3736
3736
8405
8405
8405
2424
2661
8088
8088
8088
3643
3643
3643
3643
1498
2661
3385
2661
10163
8088
8088
14255
8088
8088
14255
8088
3643
9250
3643
3643
9250
3643
3643
1498
3643
1498
1498
13979
3691
2661
2661
2661
10163
3385
3385
2661
10163
10163
12671
8088
8088
14255
9250
8088
8088
3643
9250
1498
3643
3643
3643
1498
1498
3643
3643
1498
1498
1498
13979
13979
13237
3691
13979
5207
2661
2661
2661
10163
3385
2661
2661
10163
9074
3385
3385
3385
2661
10163
1498
1498
12671
12671
8088
3643
1498
1498
1498
12671
3643
3643
1498
1498
1498
1498
10044
13979
13979
13237
13237
3691
13979
13979
14197
3691
13979
5207
2661
2661
2661
9074
2661
2661
2661
9074
9074
3385
3385
2661
2661
9074
9914
9914
3385
3385
3385
3385
1498
1498
1498
1498
1498
14387
14387
10044
10044
13237
13237
13237
3691
10044
10044
10044
14197
13237
3691
10044
10044
14197
5207
10044
5207
9074
12676
9074
9074
2661
12676
9074
9074
9914
3385
2661
12676
5363
9914
9914
9914
12789
12789
12789
5363
5363
13192
13192
13192
12789
12789
12789
7887
7887
5363
13192
3691
14387
10044
10044
10421
10421
3691
10044
10044
10421
5207
10044
10421
9074
12676
9074
9074
12676
12676
5363
9914
9914
12687
12687
5363
5363
13192
13192
12789
14217
5363
5363
5363
13192
12789
12789
7887
7887
5363
5363
12789
12789
7887
7887
7887
7887
10044
10044
10421
10421
10044
10421
9074
12676
5363
9914
12687
5363
5363
13192
12687
5363
5363
5363
14217
5363
5363
5363
14217
7887
7887
5363
12789
7887
7887
7887
12789
7887
7887
7887
10044
10421
5363
5363
5363
5363
5363
5363
5363
5363
5363
7887
7887
7887
7887
7887
7887
7887
7887
2467
994
9143
994
9143
994
9143
994
3452
3452
3452
3452
3452
3452
3452
3452
3452
2467
4387
2467
2467
4387
4387
9143
10883
994
9143
9143
10883
994
9143
3452
3971
994
3452
3452
3971
3452
3452
3452
3971
3452
3452
3452
8048
10138
10138
2467
7045
2467
2467
4387
4387
2467
2467
2467
4387
4387
4387
9143
10883
3971
4387
4387
9143
3452
3971
3971
994
3452
3452
3452
3971
8789
3452
3452
3452
3452
8048
8048
10138
10138
10138
8048
10138
10138
2467
7260
2467
2467
7045
7045
2467
2467
2467
4387
4387
4387
2467
2467
2467
4208
4387
4387
4387
4387
3452
3971
8789
8789
1579
1579
1579
3452
3452
8048
8048
8048
1579
3557
10138
10138
8048
8048
3557
10138
10138
11024
10138
10138
2467
7260
2467
9353
7045
7260
2467
9353
4208
7045
7045
7045
2467
4208
4208
4208
1579
1579
1579
1579
760
992
992
992
992
1579
1579
1579
1579
2888
8048
8048
8048
1579
1579
3557
2888
11024
8048
3557
3557
2888
11024
3557
2888
9353
10853
9353
9353
7260
10853
9353
4208
4208
7045
2912
2912
760
992
992
992
11217
11217
11217
760
760
992
992
1579
1579
1579
1579
2888
760
992
1579
1579
1579
2888
2888
2888
1579
3557
2888
2888
3557
2888
9353
10853
9353
4208
2912
2912
760
992
992
2912
2912
760
760
992
11217
11652
760
760
760
11217
11217
6851
6851
760
1579
1579
1579
2888
2888
1579
1579
2888
2888
3557
2888
9353
2912
760
992
2912
760
760
2912
760
760
11652
760
760
11652
6851
6851
11217
6851
6851
1579
1579
2888
1579
2888
760
760
760
760
760
6851
6851
6851
1579
994
994
994
994
994
8054
8054
8054
6666
7225
1827
994
8622
994
994
8622
994
994
8622
994
994
11626
8054
8054
11626
8054
8054
6666
8054
6666
6666
9884
1830
7225
1827
7225
12377
1827
1827
994
8622
8622
4509
994
994
8622
8622
994
994
994
11626
6666
994
8054
8054
6666
6666
8054
8054
6666
6666
6666
12660
9884
9884
7227
9884
1830
7225
7225
7225
12377
1827
1827
7225
12377
7383
1827
1827
1827
994
8622
729
729
4509
4509
994
994
6666
6666
6666
4509
994
8054
6666
6666
6666
6666
6364
12660
9884
9884
13066
7227
12660
9884
9884
1830
9884
1830
1804
7225
1804
7383
1827
7225
1804
7383
729
1827
1827
1827
1804
729
729
729
1827
1827
1827
1827
729
729
729
729
729
11458
11458
6364
1430
9884
13066
13066
7227
6364
6364
1430
9884
9884
7227
6364
1430
9884
1830
1430
1830
1804
1804
1804
7383
1804
1804
1804
729
729
1827
1804
1804
729
729
729
729
8453
8453
1997
1997
7844
7844
7844
1957
8453
8453
8453
1430
1430
1430
7844
1957
11458
6364
1430
1430
1430
1830
6364
1430
1430
1430
1430
1430
1804
1804
1804
729
1804
1804
729
729
729
1997
10136
10136
7844
7844
1957
1997
1997
1997
11012
7844
1957
8453
1997
1997
5708
5708
1957
8453
8453
1430
1430
1430
1430
6364
1430
1430
1430
1430
1430
1804
1804
729
729
10136
10136
7844
1957
10136
10136
11012
1957
1997
1997
11012
2249
1997
1997
5708
2249
1997
1997
5708
4736
8453
1430
1430
1430
1430
1430
729
10136
1957
10136
2249
10136
2249
1997
2249
1997
4736
1997
4736
1997
4736
1430
1430
1485
11162
11162
11162
2626
2626
2626
2626
1055
1485
1966
1485
10475
3596
11162
11162
12601
11162
11162
12601
2626
3562
2626
2626
3562
2626
2626
1055
2626
1055
1055
11545
1485
1485
1485
10475
1966
1966
1485
10475
10475
3596
3596
11162
11162
3562
3596
12601
2626
3562
1055
2626
2626
2626
1055
1055
2626
2626
1055
1055
1055
11545
11545
9033
11545
1485
1485
1485
10475
1966
1485
1485
10475
7745
1966
1966
1966
1485
10475
1055
1055
3596
3596
3596
2626
1055
1055
1055
3596
2037
2626
1055
1055
1055
1055
2037
11545
11545
9033
9033
11545
11545
12540
11545
1485
1485
1485
7745
1485
1485
1485
7745
7745
1966
1966
1485
1485
7745
8342
8342
1966
1966
1966
1966
802
1055
1055
1055
1055
13592
13592
2037
2037
9033
9033
9033
2037
2037
2037
12540
9033
2037
2037
12540
2037
7745
10067
7745
7745
1485
10067
7745
7745
8342
1966
1485
9711
6206
6206
6206
6206
11396
11396
11396
802
6206
6206
6206
11396
11396
11396
802
802
802
6206
13592
2037
2037
2587
2587
2037
2037
2587
2037
7745
10067
7745
7745
9711
9711
6206
6206
6206
9711
9711
7085
6206
6206
11396
12114
802
7085
6206
11396
11396
802
802
802
11396
11396
802
802
802
2037
2037
2587
2037
7745
9711
6206
6206
9711
7085
6206
9711
7085
7085
12114
802
7085
12114
802
802
11396
802
802
11396
802
802
2037
6206
7085
7085
7085
802
802
802
802
802
1757
4239
1757
4239
1757
4239
1757
4239
1757
10845
7675
10845
7675
10845
7675
2621
2621
7689
7689
1958
1757
6279
4239
1757
1757
6279
4239
1757
1757
6279
4239
1757
1757
10845
10845
7675
7675
10845
2621
7675
7675
2621
2621
7675
2621
2621
7876
7689
7689
10549
7689
7689
7689
1958
1958
1757
6279
6279
4239
1958
1757
1757
6279
6279
2621
1757
1757
1757
10845
2621
2621
1757
7675
7675
2621
2621
2621
7675
7675
2621
2621
2621
7876
7876
9610
7876
7689
7689
12947
7689
7689
1238
10549
10549
7689
7689
1238
1238
1958
1958
1958
1757
6279
1238
2621
2621
1958
1958
1757
1757
2621
2621
2621
2621
1958
1757
7675
2621
2621
2621
2621
3051
7876
7876
9610
13447
7876
7876
9610
7876
1238
1238
12947
1238
1238
1238
10549
12947
1238
1238
1238
9380
10549
10549
10549
1238
1238
12590
12590
9380
1958
1958
1958
1958
785
2621
2621
2621
2621
11377
11377
3051
3051
9610
13447
13447
3051
3051
3051
9610
9610
3051
3051
9610
3051
1238
1238
7945
1238
1238
1238
7945
7945
1238
1238
12590
9380
7577
1429
1429
1238
8242
8242
8242
7577
7577
2461
785
3044
8242
8242
7577
7577
7577
785
785
785
8242
11377
3051
3051
6457
6457
3051
3051
6457
3051
1238
1238
7945
1238
1238
9380
1429
1429
1238
8242
8242
1429
1429
1429
3044
8242
2461
2461
785
3044
3044
7577
2461
785
785
785
7577
7577
785
785
785
3051
3051
6457
3051
1238
1238
1429
1238
8242
1429
1429
3044
1429
1429
3044
2461
785
3044
2461
785
785
2461
785
785
7577
785
785
3051
1238
1429
1429
1429
785
785
785
785
785
3450
3450
3450
3450
3450
10663
10663
10663
1013
8624
4736
3450
3450
4239
3450
3450
4239
3450
3450
4239
3450
10663
12303
10663
10663
12303
10663
5484
3829
1013
1428
1013
8624
4736
8624
12317
4736
4736
3450
3450
3450
8313
4239
3450
3450
3450
4239
4239
3450
10663
5484
4239
12303
10663
5484
5484
3829
3829
1013
1428
1428
3829
1013
1013
1013
8624
8624
8624
12317
4736
4736
8624
12317
5299
4736
4736
4736
3450
3450
3450
5484
8313
8313
4239
3450
5484
5484
5484
8313
3829
3829
1013
1428
1428
1428
3829
3829
1013
1013
1428
3829
1013
1013
1013
1830
8624
1830
5299
4736
8624
1830
5299
5299
4736
4736
4736
1830
5299
10346
10346
2249
2249
2249
2249
1013
1428
1428
1428
1428
11595
11595
9380
1013
1013
1428
1428
9380
9380
1013
1013
1013
9380
1013
1013
1013
1830
1830
1830
5299
1830
1830
1830
5299
10346
2249
1830
1830
1830
6678
6678
6678
2249
2249
1957
1957
6678
6678
6678
2249
2249
2249
1957
3807
1013
1428
11595
9380
8145
8145
1013
9380
8145
8145
8145
1830
1830
1830
5299
1830
1830
1830
6678
6678
1957
7227
7227
6678
6678
1957
1957
1957
12382
6678
2249
1957
1957
3807
3807
2249
2249
1957
3807
3807
9380
8145
8145
8145
1830
1830
1830
6678
7227
7227
6678
7227
7227
12382
1957
1957
12382
1957
1957
3807
1957
1957
3807
2249
1957
3807
8145
1830
7227
7227
7227
1957
1957
1957
1957
1957
2795
6575
6575
6575
3600
3600
3600
3600
3600
3049
2795
2795
3049
2795
6575
12896
6575
6575
12896
6575
3600
3600
12712
3600
3600
12712
3600
3600
12127
3600
3691
5207
3049
7748
3049
3049
2795
2795
2795
3049
3049
2795
2795
6575
12896
3600
2795
6575
3600
3600
3600
6575
12712
3600
3600
12052
12127
12127
3600
3691
3691
12127
5207
3691
5207
3049
13434
3049
3049
7748
7748
3049
3049
3049
2795
2795
2795
2795
3049
3049
12052
2795
2795
2795
3600
3600
12052
12052
2795
2795
12127
3600
3691
3691
3691
5767
12127
5207
3691
3691
12127
5207
5207
5207
3049
13434
3049
9301
7748
13434
3049
9301
9301
7748
7748
7748
3049
9301
13366
13366
2795
2795
2795
2795
2795
3691
3691
3691
3691
12042
12042
5767
5207
3691
3691
3691
5767
5767
5207
5207
3691
5767
5207
5207
5207
9251
9251
9251
9301
9251
9251
9251
9301
13366
7748
3290
3290
3290
13366
13366
13366
11477
11477
3834
3290
13233
13581
13581
11477
11477
11477
3834
13646
3691
3691
12042
5767
5767
13646
5207
5767
5767
13646
5767
9251
9251
9251
9301
3290
3290
3290
13366
13366
3290
3290
3290
13233
13581
3834
3834
3290
13233
13233
11477
3834
3834
14176
13233
11477
11477
3834
13646
13646
5767
5767
13646
5767
9251
3290
3290
13366
3290
3290
13233
3290
3290
13233
3834
3290
13233
3834
3834
14176
3834
3834
14176
11477
3834
13646
5767
3290
3290
3290
3290
3290
3834
3834
3834
3834
1229
1229
1229
1229
1229
8451
8451
8451
894
6622
5690
1229
2816
1229
1229
2816
1229
1229
2816
1229
1229
11655
8451
8451
11655
8451
8451
2280
8451
894
2280
894
6622
6622
6622
8473
5690
5690
1229
2816
2816
5690
1229
1229
2816
2816
1229
1229
1229
11655
2280
1229
8451
8451
2280
2280
8451
8451
894
2280
2280
8657
894
894
894
6622
6622
6622
8473
9473
6622
6622
8473
2594
5690
5690
5690
1229
2816
2280
2280
5690
5690
1229
1229
2280
2280
2280
5690
1229
8451
894
2280
2280
2280
7911
8657
894
894
11829
8657
894
894
894
2594
6622
2594
2594
6622
6622
2594
2594
2594
9473
9473
6622
2594
2594
12085
12085
5690
5690
5690
5690
894
2280
2280
2280
2280
8921
8921
7911
894
894
11829
11829
7911
7911
894
894
894
7911
894
894
894
2594
8724
2594
2594
6622
8724
2594
2594
12085
8350
1659
1659
1659
11646
11646
11646
8350
8350
6896
1659
7905
11646
11646
8350
8350
8350
2533
2533
894
11646
8921
7911
7569
7569
894
7911
7569
7569
7569
2594
8724
2594
2594
1659
1659
1659
11646
11646
1659
1659
1659
7905
11646
6896
6896
1659
7905
7905
8350
6896
2533
2533
2533
8350
8350
2533
2533
2533
7911
7569
7569
7569
2594
1659
1659
11646
1659
1659
7905
1659
1659
7905
6896
1659
7905
6896
2533
2533
6896
2533
2533
8350
2533
2533
7569
1659
1659
1659
1659
1659
2533
2533
2533
2533
1389
1743
1743
1743
1743
6639
6639
6639
2050
1389
4157
1389
11754
1743
1743
11754
1743
1743
11754
1743
1743
6639
6711
6639
6639
6711
6639
2050
6711
2050
2050
11555
1389
1389
1389
14183
4157
4157
1389
11754
11754
9752
1743
1743
11754
6639
1743
1743
1743
6639
2050
1743
6711
6639
2050
2050
6711
6711
2050
2050
2050
11555
11555
11218
11555
1389
1389
1389
14183
4157
1389
1389
14183
8770
4157
4157
4157
1389
11754
2050
2050
9752
9752
1743
1743
2050
2050
2050
9752
1743
6711
2050
2050
2050
2050
11555
11555
11555
11218
11218
11555
11555
13534
11555
1389
1389
1389
8770
1389
1389
1389
8770
7343
4157
4157
1389
1389
7343
7343
7343
4157
4157
4157
4157
1389
2050
2050
2050
2050
14226
14226
13041
7774
11218
11218
11218
13041
13041
7774
13534
11218
13041
7774
13534
7774
8770
9762
8770
8770
1389
9762
8770
7343
7343
4157
1389
8732
7343
7343
7343
7343
9955
9955
9955
8019
13453
13453
13453
9955
9955
9955
7774
7774
7774
11218
14226
13041
7774
7774
7774
13041
7774
7774
7774
8770
9762
8770
7343
8732
8732
7343
7343
7343
8732
8732
8732
13453
13453
9955
13529
8019
13669
13453
9955
9955
8019
8019
8019
9955
9955
7774
7774
7774
13041
7774
7774
7774
8770
8732
7343
7343
8732
8732
13453
8732
8732
13669
13529
8019
13669
13529
8019
8019
9955
8019
8019
9955
7774
7774
7774
7343
8732
8732
8732
8019
8019
8019
8019
7774
