0
429
429
267
267
267
27
95
0
0
128
6
1273
3213
1273
1273
267
9282
9282
267
1461
1515
550
1461
95
0
128
128
0
0
0
128
128
6
1273
1273
3624
3624
6
3940
1515
1515
550
1461
1953
1515
1461
72
391
128
1786
0
0
128
1786
323
0
0
0
0
1515
1515
323
165
5163
1953
1515
1515
9650
1953
1953
890
72
4300
1786
323
0
1388
1388
2044
323
50
50
1388
6724
2112
2
50
50
2163
294
165
5379
5379
890
72
1388
1388
323
1388
1388
2112
5045
1388
3461
50
2163
294
2
50
294
890
8
502
502
294
294
294
2
58
58
58
106
106
70
58
58
187
58
58
187
58
933
2438
933
652
2438
652
652
472
391
1102
288
58
58
58
288
288
58
652
652
13
2827
652
652
652
5498
2409
737
472
391
72
391
391
3108
3108
13
13
13
652
652
652
13
13
792
2409
737
2106
792
2409
472
4300
72
4300
502
3108
663
5045
502
502
6728
13
13
792
502
13
792
792
765
502
663
502
502
502
502
5045
4696
13
792
765
1305
1305
808
808
808
29
654
26
1332
26
1332
1332
3338
1332
4346
2285
2285
1279
2285
881
1207
29
654
93
3661
3661
26
26
1332
1089
26
26
1332
4346
1279
26
2285
881
1207
1207
2319
881
881
29
654
7207
1089
1089
93
7207
1089
1089
5476
26
26
26
1207
1207
1207
493
493
55
881
1207
177
55
881
29
903
903
1089
1089
2
6689
1089
2397
1217
2
731
731
2397
2397
493
55
55
55
177
55
55
55
903
903
1089
1217
6689
6689
144
731
731
144
2
731
1964
55
55
55
21
144
144
144
222
222
93
555
187
555
187
3204
2438
937
937
329
3390
654
93
93
3390
555
187
187
937
937
2438
937
937
329
5498
472
903
2365
93
903
7788
3343
2
2
2
937
937
188
2106
2106
6249
2447
2106
472
903
2365
903
903
3284
188
2
251
3088
188
2
2
251
188
2106
1510
903
188
3088
188
251
3088
251
251
2
251
6
456
3338
2858
864
808
864
808
864
312
456
456
6
6
456
397
3338
864
864
4351
2319
864
1812
312
2319
29
456
4839
6
456
4839
397
6
6
6
292
292
292
177
177
1812
1812
177
29
4839
397
1461
292
292
292
165
1461
292
292
165
165
5094
29
177
525
292
292
1461
292
1461
3621
5094
1209
165
525
394
95
394
3213
6908
267
769
267
769
267
1081
394
95
394
394
95
95
394
394
3213
267
2778
2778
267
267
2778
1081
3300
3300
229
1110
394
4324
95
95
394
2540
2238
95
95
63
2540
2540
1081
323
323
3300
6154
323
3300
229
8600
4324
2238
8
6580
63
2540
1755
662
662
63
63
5742
662
323
988
63
323
924
229
199
63
1755
199
63
63
8
63
63
8
988
988
323
924
17
17
17
8
8
8
505
505
505
847
847
34
505
505
1397
505
505
1397
505
5213
4145
4145
1787
971
1787
1705
971
1110
2843
2824
505
505
229
2824
2824
505
1787
1787
226
4145
1787
1787
1705
971
7697
1705
971
1110
229
1110
1110
5775
6030
226
226
8
1787
1787
1051
226
226
3583
7697
1705
2410
3583
7697
971
5775
229
199
199
6030
1051
8
8
3443
10755
226
8
3583
33
226
3583
3583
1568
199
1051
199
588
8
588
8
33
8
33
1568
1102
1789
2046
1789
327
327
327
327
327
1346
1397
3487
1102
1102
3763
327
1102
327
327
1364
5189
327
1346
1346
7211
1346
1397
6758
1397
1397
5217
5217
72
72
72
1346
1346
1346
72
1225
1346
1346
1225
9083
6758
5217
971
971
5100
2160
2410
971
5100
5100
72
72
1225
1225
1225
1225
971
2160
971
2310
971
2310
2410
5500
72
1225
1114
1114
670
670
670
51
836
429
836
1114
1114
2853
1114
8619
772
8619
747
772
508
51
171
6908
429
836
836
1114
45
836
836
1114
747
747
97
9959
508
747
51
1404
508
508
171
769
2052
3942
769
45
45
836
836
45
45
45
27
1800
1800
508
508
2003
97
508
508
97
769
45
769
45
45
27
2238
1081
1081
148
1800
1800
2523
148
97
4840
4502
97
45
27
1081
148
1081
1081
2238
2523
1800
2523
97
969
969
969
1583
1583
298
969
969
983
969
969
983
969
3935
8005
3935
3935
5222
3935
4091
5222
4723
2707
2843
969
969
969
6268
6833
969
3935
12906
667
5222
3935
12703
4091
5222
5222
6471
5222
2242
2242
2843
2242
2242
4258
229
229
229
2680
2680
2671
667
5759
5222
12703
6471
9263
5222
7768
5222
2242
2242
7229
2242
2680
2671
229
2704
2680
2680
229
229
2704
2680
667
6564
6564
6211
2242
2671
7229
2680
2704
9056
2704
2704
229
2704
6211
983
2558
983
2558
983
12226
8005
2705
2705
2705
2853
6288
6268
983
3446
670
983
983
2705
2705
8005
2705
2705
2705
8535
6031
772
670
2853
772
9943
11282
667
667
97
2705
2705
2525
667
6817
13675
6031
6817
8015
772
670
772
772
11680
2525
97
97
6492
2525
667
97
6817
297
6817
6817
772
2525
1404
2525
97
3502
97
297
97
297
3223
3223
2059
2059
2059
248
1305
1305
1481
3341
3223
3341
3341
12354
7380
9308
2122
3069
799
248
1769
1305
1305
1481
1305
1305
160
1481
1481
3341
12459
2122
1481
8937
799
799
248
3069
6001
799
1769
1305
1809
6934
1305
1809
160
1481
1481
142
142
142
142
5073
2433
2433
799
799
2433
2433
6001
1769
1809
160
1279
142
142
142
2179
1279
142
142
2179
2179
2798
142
2433
2433
2798
2427
142
142
1279
142
1279
3226
5476
10118
2179
2798
2427
1575
1575
1575
2366
2366
551
555
1529
1766
7210
7210
7125
2510
2366
2510
2510
2366
2510
2170
963
789
555
1529
654
555
4304
106
1766
3364
2510
13352
7030
488
2510
2170
11505
963
5057
2170
963
789
555
106
555
555
3869
3869
654
654
329
3869
3869
574
4857
4857
470
2170
963
488
470
2170
470
5107
106
5107
329
3869
574
2365
329
329
6894
2365
470
470
329
488
470
470
470
329
574
329
329
329
329
3343
3775
470
470
470
1766
3663
3663
3663
3663
5076
11151
5076
4305
2081
7028
7028
1766
1766
3663
1307
1766
3663
10216
8574
5057
4305
4305
2081
5057
4305
4854
4854
10188
4854
4854
1307
1766
1766
488
4305
4305
1307
488
488
4305
4305
488
9601
4854
1307
3069
3069
10320
1307
5073
2427
5349
10320
5073
488
2427
1352
488
1352
3069
1307
3069
1769
2427
1769
2427
2427
488
1352
429
1276
1276
1276
1276
4340
4340
838
258
838
2858
3551
429
429
1276
838
429
1276
4340
838
9729
258
5770
838
258
258
808
2140
2858
808
6881
6002
429
429
27
3449
3449
838
2052
27
258
4232
27
258
808
2140
808
808
3449
1382
397
397
3449
3449
2052
27
27
27
27
27
808
1382
4351
3449
397
7177
397
1117
27
27
1426
3067
3223
5230
3223
2143
12354
2143
1880
699
3067
3067
1426
1426
3067
431
1426
3223
12925
4500
2122
1880
1880
699
2122
1880
1806
1806
6298
1806
1806
431
1426
1426
160
1880
1880
431
160
160
1880
1880
160
4973
1806
431
838
838
9527
431
2140
838
2559
7967
2140
160
3196
476
160
476
838
431
838
2217
838
2217
3196
3196
160
476
1529
1575
10440
1575
2366
5432
2366
3366
2366
1530
1529
3487
1529
1529
6035
6035
2366
2366
847
9537
2366
7030
3366
12212
1530
1530
106
1789
106
106
3487
3487
106
1574
1574
847
5557
5463
10362
4830
5403
5463
1530
1530
106
1364
106
1574
9657
1364
1574
1574
5723
2244
2244
1530
847
5463
5463
2440
106
1364
1574
1364
3408
2244
2244
2244
2244
2440
1575
3870
1575
3870
1575
5010
5010
4257
3366
1767
10422
10422
2707
1575
10422
1605
1575
1575
4257
4257
3366
3366
4257
1767
3366
3692
1605
1605
2707
1605
1605
10394
847
847
847
4257
4257
1767
847
2440
5539
5539
2440
3692
1605
1605
11355
1605
9145
2795
5986
4828
9145
9145
847
847
2440
2440
2440
2440
1605
2795
9734
4091
4828
4091
4828
4828
847
2440
2558
5221
2558
5769
2558
1583
9732
1583
3871
3938
5221
5221
6288
2558
5221
1583
2558
2558
6831
6831
12507
3871
6831
3938
3871
3871
2143
2059
6929
2143
10190
5287
670
670
431
6831
6831
2561
670
3871
3871
9844
3871
3871
2143
2059
2143
2143
10190
2561
431
431
10393
2561
670
431
8013
1162
8335
8335
2143
2561
4500
2561
431
8828
431
1162
431
1162
3870
3870
3870
5076
1767
5769
11613
3870
3870
11832
3870
5553
5076
1767
1767
8574
1767
1583
5769
1583
5152
2059
2059
1307
1767
1767
1307
1307
1767
1767
1307
7889
1583
1583
1583
9803
2059
3938
3938
9803
2059
1307
12157
1767
1307
3254
1583
3938
3938
3938
3938
5287
9868
1307
3254
1
725
725
428
428
428
12
590
1
9
611
37
4165
3787
4165
428
428
1206
428
428
1206
428
155
12
590
9
611
611
1
9
9
611
269
37
4165
428
428
3229
37
1265
428
1280
155
1265
1265
12
12
362
1662
611
5921
9
9
611
5921
269
1
9
9
9
132
132
132
648
86
86
1280
1280
86
86
12
12
362
10607
5921
269
9
777
132
132
132
220
220
777
132
132
4
220
86
6137
12
86
86
264
24
362
777
132
132
777
777
132
6957
777
2071
220
6137
1619
4
86
264
24
10
777
777
462
462
462
4
40
40
40
74
74
14
1
131
1
131
131
398
131
1816
4359
1816
494
684
684
494
235
1662
4052
1
1
131
131
1
1
131
1816
494
1
684
684
2633
494
684
684
1841
235
1662
362
1662
1662
2075
2075
1
1
1
2075
2075
494
69
69
684
8095
2698
6096
684
1841
134
10607
362
4801
1121
2075
830
2891
1121
1121
2200
69
69
2747
134
69
2747
134
134
1121
830
1121
1121
1121
1121
3242
3242
69
134
134
797
797
475
475
475
32
37
1720
124
2117
2117
4964
1519
1519
475
1519
1519
475
1351
1351
202
1720
1720
37
37
1720
1519
124
4402
1519
1519
3375
4
8063
1351
1351
1351
8063
8063
202
202
1206
3066
37
1206
5587
1668
37
37
24
1351
1351
1351
4
996
996
1351
1351
996
996
202
202
1206
1668
1206
452
1617
1617
648
24
452
1617
648
24
24
24
4
996
2585
324
452
1617
452
452
24
452
24
24
24
24
324
94
94
94
167
167
105
94
94
291
94
94
291
94
1379
3441
1379
925
3412
925
661
492
398
1120
383
94
94
74
383
383
94
925
925
19
3766
925
925
661
3412
1365
661
492
398
74
398
398
2820
2820
19
19
19
925
925
661
19
19
1045
1365
661
2692
1045
1365
492
4359
74
4359
235
2820
934
6096
235
235
6236
19
19
1045
235
19
1045
1045
827
235
934
235
235
235
235
2905
2905
19
1045
827
124
835
291
835
291
4045
3441
742
742
256
4210
927
124
124
4210
742
291
291
742
742
3412
742
742
256
3412
627
475
1316
124
475
6757
4170
4
4
4
742
742
147
2692
2692
7776
1990
2692
627
475
1316
475
475
4116
147
4
351
3975
147
4
4
351
147
2692
827
475
147
3975
147
351
3975
351
351
4
351
1537
1537
941
941
941
20
590
1665
590
1665
1665
1537
1665
5582
10241
5582
401
671
230
401
20
1949
1949
590
590
1665
401
590
590
1665
5582
401
39
6330
230
6281
401
671
230
230
20
1061
2725
3787
1061
8172
4380
590
590
10
1825
1825
401
2641
2641
10
230
5499
39
10
230
10
1061
2725
1061
1061
1825
678
269
269
1825
1825
2641
10
10
10
39
10
10
10
1061
678
3229
1825
269
6938
269
774
10
10
10
399
399
330
330
330
28
40
40
558
558
1535
558
558
10233
5574
5574
301
1149
98
28
1149
40
40
4052
40
40
14
8195
558
558
4367
301
558
2844
98
98
28
1149
2844
98
1149
40
674
4052
40
674
14
362
362
40
98
98
14
1022
3723
2844
98
98
3723
2844
4838
1149
674
14
494
494
1424
14
362
494
1424
1123
362
362
4132
98
1022
3723
4471
1511
494
14
494
1123
494
1370
4132
4132
362
4132
1511
399
399
399
399
399
2449
2449
42
1149
42
1537
3783
8195
399
399
42
5276
399
2449
42
1149
1149
2977
42
1149
2939
1537
1025
1537
1537
6876
702
1022
1022
39
241
241
42
1022
1149
2977
2977
1149
2939
6876
702
671
241
241
78
39
39
241
241
1022
39
1511
130
1511
1511
241
78
671
241
39
1810
39
130
39
130
2963
2963
2648
2648
2648
348
725
2973
725
2973
2973
4060
2973
2728
13247
13069
2728
2708
2514
965
348
3961
3961
725
725
2973
592
725
725
2973
13069
3303
215
2708
2514
2514
965
2708
2708
2514
348
2452
2452
4815
2452
2452
592
725
725
215
2514
2514
592
2455
215
215
2514
2514
215
215
6036
200
2452
592
401
401
7224
592
2725
401
3538
7156
2725
215
4038
631
215
215
631
200
401
592
401
1126
401
1126
4038
4038
215
631
200
797
797
4168
4168
4168
4498
10626
3963
1052
2425
797
797
1693
797
797
797
1693
4168
6861
3963
13543
1052
6861
2425
1052
1052
797
6118
8215
797
2022
2022
1693
1693
200
2022
2022
2022
2455
200
1052
7598
200
1052
2761
2022
2761
2022
2022
2022
1668
1668
3743
2035
2455
200
200
200
200
200
2022
2022
3375
2035
1668
7185
1668
4063
200
200
238
238
238
410
410
54
238
238
693
238
238
693
238
2947
5434
2947
2439
1407
2439
1963
1253
1535
3778
2866
238
238
238
2866
2866
238
2439
2439
231
5434
2439
2439
1963
1407
5108
1963
1253
1535
330
1535
1535
6686
6686
231
231
14
2439
2439
1482
231
231
2019
5108
1963
1366
2019
5108
1253
7431
330
301
301
6686
1482
14
14
1819
11390
231
14
2019
53
231
2019
2019
1366
301
1482
301
863
14
863
14
53
14
53
1366
693
1867
2635
2441
498
498
498
498
498
695
693
1867
1120
693
5146
498
1120
498
498
1752
2920
498
1734
695
8441
695
693
6263
693
693
2952
2952
74
74
74
1734
1734
695
74
1100
1734
695
1100
8564
6263
2952
1407
1407
2952
1156
1366
1366
6143
6143
74
74
1100
695
1100
1100
1407
1156
1407
1253
1366
1253
1366
3414
74
1100
1405
1405
1405
2253
2253
138
1419
1419
1822
1419
1419
1822
1419
7079
9424
7079
2964
3662
3662
2964
3662
7791
7791
3783
1419
1419
938
7800
1822
1419
7079
2964
941
3662
3662
10189
2964
3662
3662
4590
3662
938
938
3783
938
938
6449
1025
1025
42
8119
8119
2964
941
6855
3662
11831
9138
11304
3662
4590
3034
938
938
42
42
8119
4254
702
42
8119
8119
1025
702
7940
137
941
11304
3506
3034
42
4254
42
137
42
137
702
1887
702
1887
3034
2855
2963
2963
2963
2728
2648
2728
2648
2728
3062
2855
4972
7800
2855
2963
2253
8211
2728
8841
3062
2728
2728
11973
3062
3303
3540
2855
2253
2855
2855
6334
8125
941
941
592
6574
6574
3062
592
592
9573
3540
592
7059
6334
2253
11776
5218
6574
4631
941
5218
5218
6574
941
592
6590
1577
592
1577
5218
4631
5218
5218
5218
5218
6590
6590
592
1577
1405
1405
1405
1405
1405
3314
3314
3314
2964
3151
4319
3664
3778
1405
1405
1153
4374
1405
3314
11062
2964
2964
11062
3151
2964
6389
1153
1153
3778
1153
1153
4754
330
330
330
3640
3640
3151
6449
2964
13059
7932
2964
6389
1153
1153
8457
1153
3640
3631
330
3086
3640
3640
330
330
3086
3086
6449
7986
1153
3631
8457
3640
3086
10490
3086
3086
330
3086
2120
2120
1318
1318
1318
831
835
2213
2422
4969
8440
4969
3491
1318
3491
3491
1318
3491
2754
1399
1042
835
2213
927
835
5558
167
2422
4188
3491
13243
8298
643
3491
2754
8553
1399
6106
2754
1399
1042
835
167
835
835
3159
2813
927
927
256
3159
3159
849
3308
5934
625
2754
1399
643
625
2754
625
6149
167
6149
256
3159
849
1316
256
256
6812
1316
625
625
256
643
625
625
625
256
849
256
256
256
256
3127
3127
625
625
625
2120
2120
2120
2120
2120
6121
11771
6121
5559
2669
8296
8296
2422
2120
2120
1695
2422
2120
9098
9098
6106
5559
5559
2669
6106
5559
4498
4511
11219
4498
5932
1695
2422
2422
643
5559
5559
1695
643
643
5559
5559
643
10850
4498
1695
3963
3188
12016
1695
6118
3188
3188
12016
3308
643
3432
1740
643
1740
3188
1695
3188
2425
3188
2425
3432
3432
643
1740
1867
2245
9472
2245
1318
3311
1318
3311
1318
1228
2213
1867
1867
2213
4478
7620
1318
1318
410
10808
1318
8298
4190
9402
1228
1228
167
1867
167
167
1867
1867
167
1252
1252
410
4705
3358
9172
5913
3274
3358
1228
1228
167
1752
167
1252
7012
1156
1252
1252
7394
1156
1156
1156
410
3358
3358
1875
167
1752
1252
1156
4227
1156
1156
1156
1156
1875
2245
4492
2245
4492
2245
6067
3311
5523
3311
2423
8669
9477
3664
2245
9477
2274
2245
2245
5523
5523
3311
3311
5523
2423
4190
2156
2274
2274
3664
2274
2274
9574
410
410
410
5523
5523
2423
410
1982
7289
4480
1982
2156
2274
2274
12523
2274
8626
3740
7584
4822
6336
8626
410
410
1982
1982
1982
1982
2274
3740
6336
5388
4822
5388
4822
4822
410
1982
4492
4492
4492
6121
2423
12653
4972
4492
12806
4492
4492
6121
7075
2423
10213
2423
2423
2648
4972
2648
1695
2253
2253
1695
1695
1695
2874
2423
2423
9773
2423
2423
2648
2648
1695
1695
2253
3062
9242
4089
2253
2253
5275
2423
6466
6466
1695
3062
4089
3062
6638
5275
5275
2253
5275
3996
3996
2653
2653
2653
453
294
2335
841
5048
5048
4949
5048
2653
8010
11743
2653
3351
1339
3074
453
2335
2335
294
294
2335
2315
841
2136
5048
11530
4826
283
13773
1339
8893
3074
3351
1339
1339
453
2335
7231
294
2335
2315
2315
294
294
265
2315
2315
2308
3106
3106
265
1339
8893
283
265
1339
265
3404
2315
3404
550
2315
2308
2112
550
550
4646
3106
265
265
265
283
265
265
265
550
2308
550
550
550
550
2112
2338
265
265
265
1974
1974
1223
1223
1223
125
765
765
2109
2109
1974
2109
2109
11411
6718
6718
1289
1763
463
125
844
765
765
2226
765
765
88
2226
2109
2109
9681
1289
1763
6078
463
463
125
1763
6078
463
844
765
920
4696
765
920
88
1348
1348
70
70
70
70
3368
3748
1392
463
463
3474
1392
6634
844
920
88
737
70
70
70
1348
737
70
70
1348
1348
1392
70
3368
1392
1392
1392
70
70
737
70
737
1977
6728
9627
1348
1392
1392
841
4068
4068
4068
4068
3371
8010
3371
2336
1245
4824
4824
841
841
4068
767
841
4068
12327
5380
3351
2336
2336
1245
3351
2336
3103
3103
9078
3103
3103
767
841
841
283
2336
2336
767
283
283
2336
2336
283
7143
3103
767
1763
1763
11873
767
3368
1763
4456
11124
3368
283
4928
812
283
812
1763
767
1763
844
1763
844
3474
4928
283
812
182
182
103
103
103
77
182
541
182
182
541
182
182
5447
2375
2375
4163
1844
1844
2353
1844
3286
3091
1964
182
3599
309
4669
182
182
4163
4163
182
1844
1844
4163
2353
1844
1844
4295
1844
309
309
1964
309
309
2195
144
144
144
2177
2177
2177
433
4347
1844
7253
5910
4347
1844
4295
1844
309
309
8515
309
2177
2177
144
2061
2177
2177
144
144
2061
2061
433
4347
8633
2892
309
2177
7670
2177
2061
7670
2061
2061
144
2061
2892
546
222
734
1510
3720
472
1309
472
1309
472
1945
546
222
734
734
222
222
734
734
1510
472
4629
4629
472
472
4629
1945
2447
5012
321
546
734
2402
222
222
734
2402
4266
222
222
135
4438
4438
1945
188
188
5012
8986
188
5012
321
5482
2402
2402
21
9205
135
4438
3061
1216
1216
135
135
8194
1216
188
1861
135
188
557
321
408
135
3061
408
135
135
21
135
135
21
1861
1861
188
557
41
41
41
21
21
21
546
1092
1092
1092
908
908
908
908
908
2611
546
1505
4669
546
1092
436
4669
908
908
3089
6569
908
3089
2611
11029
2611
546
436
546
546
8118
8118
433
433
21
3089
3089
1915
433
6234
9949
2611
6234
11029
5482
436
408
408
8118
1915
21
21
6167
7426
433
21
4162
76
6234
6234
408
1915
408
1148
21
1148
21
76
21
76
2385
2385
2385
3687
3687
101
525
1449
890
9652
9652
9588
4411
3687
4411
4411
3687
4411
3396
1836
1329
525
1449
1209
525
6693
100
890
5069
4411
10740
7896
824
4411
3396
12091
1836
7218
3396
1836
1329
29
100
525
29
6385
6385
1209
1209
29
6385
6385
1134
7053
1385
806
3396
1836
824
806
3396
806
29
100
29
29
6385
1134
3621
672
672
5285
3621
806
806
672
824
806
806
806
29
1134
672
672
672
672
5050
6305
806
806
806
890
5460
9521
9521
2653
5940
2653
2138
2653
2138
5460
5460
890
890
5460
2138
9933
2653
7050
2138
2653
2653
12984
2138
4826
2412
5460
7234
890
5460
5445
5445
890
890
824
5445
5445
2138
7231
2308
7517
2412
2308
3074
12154
5445
7218
5167
5445
3318
824
824
5167
6694
7231
824
2308
2183
2308
2308
5167
3318
5167
5167
824
5167
824
2183
824
2183
541
1488
13033
2899
3687
7653
3687
888
888
888
541
1488
1449
541
8912
103
1449
3687
888
888
3687
888
888
888
7443
1493
541
103
541
541
5456
5456
100
100
100
888
888
888
100
2898
7443
1493
2898
7032
5447
103
5447
2353
5456
911
2195
2195
2353
8604
100
100
2898
1493
2898
2898
2353
911
2353
2353
2195
2353
2195
5110
100
2898
1761
1761
1974
4691
1974
1312
11411
1312
1008
356
3720
1761
1761
1974
1761
1761
1974
1289
224
10007
1008
1289
2609
1008
1008
356
1309
3720
1309
88
917
917
88
88
88
917
917
1008
1008
3250
224
1008
1008
224
1309
1309
88
88
4266
1945
1945
271
917
917
4421
271
224
7038
6794
224
88
1945
271
1945
1945
4266
4421
917
4421
224
1842
1842
1842
2906
2906
319
1505
1842
1856
1842
1842
1856
1842
6434
10327
6434
5250
2383
2383
5250
2383
3675
3675
1505
1505
1842
318
3709
9384
1842
5250
5250
321
2383
2383
5250
5250
2383
2383
3714
2383
318
318
1505
318
318
6654
436
436
318
4543
4543
3519
321
8761
2383
12224
5662
8331
2383
3714
2383
318
318
9666
318
4543
3519
436
4009
4543
4543
436
436
4009
3714
321
9191
9191
2405
318
3519
5605
4543
4009
5605
4009
4009
436
4009
2405
1856
4455
1856
4455
1856
12062
11148
4565
4565
4115
4691
9068
3709
1856
6170
1223
1856
1856
4565
4565
11148
4565
4565
4115
11373
7907
1312
1223
4691
1312
10225
13248
321
321
224
4565
4565
4115
321
5489
10075
8908
5489
7907
1312
1223
1312
1312
12489
4423
224
224
9154
4423
321
224
5489
602
5489
5489
1312
4423
2609
4423
224
5862
224
602
224
602
1488
2385
13024
7897
2928
2928
2928
2928
2928
3467
2899
2385
1488
1488
12743
2229
4567
2928
2928
9832
10483
2928
9832
3467
12537
3982
2899
7175
1488
2899
2229
2229
103
103
103
2229
2229
2229
7852
4139
11659
3982
4139
5439
7175
2229
5071
2229
2229
2229
103
2382
5342
5182
103
103
2382
2382
4139
4139
2229
2229
5071
5182
2382
6274
2382
2382
103
2382
2385
3996
13385
3996
3298
3298
3298
2228
2138
842
7897
8769
2385
2385
8769
2228
13463
3298
2228
2228
2138
2138
2228
842
2138
4976
2906
2906
2385
2906
2906
9382
2385
2385
2138
2228
2228
842
7234
2138
12262
5180
2138
4976
2906
2906
8496
2906
6436
1389
5353
3072
6436
6436
7234
3072
3072
3072
3725
3725
2906
1389
7337
6436
3072
7337
3072
3072
3072
3072
3996
3996
3371
3371
842
4455
9068
3996
3996
9449
3371
9935
3371
842
842
5380
842
4455
4455
4455
9382
1223
1223
767
842
842
767
767
842
842
767
9996
12890
10082
6386
7335
1223
6386
6386
7335
1223
767
11154
842
767
2007
6386
6386
6386
6386
6386
11284
11284
767
2007
3
865
865
528
528
528
16
3
60
3
15
146
1962
1962
4665
1962
11387
528
11326
1030
528
1085
1030
385
3
3
3
15
60
146
3
1962
15
146
146
1962
3041
1030
146
2664
1085
1540
1030
2664
1085
1085
385
3
3
3
322
438
3
3
3810
8237
60
146
146
3
1540
1540
617
1980
1980
1085
1085
1540
221
1085
1085
221
7
104
104
322
3
104
104
4079
617
4703
952
952
3699
4079
83
1980
952
8490
192
221
3602
3656
221
7
104
104
617
7664
3699
192
952
952
192
952
952
2479
83
952
2479
221
7
192
192
192
335
335
5
38
38
38
71
71
71
38
127
38
38
127
38
38
1782
660
660
1782
660
660
647
673
548
548
438
38
548
30
1227
38
38
3115
4231
38
660
660
1753
647
1371
1371
673
673
30
30
438
30
30
3212
438
438
30
1476
1476
647
83
2862
1371
1753
1753
2862
1371
673
673
30
30
7664
30
1476
1080
4703
335
1476
1476
4703
335
335
335
83
2862
6308
739
30
1080
3822
1476
335
3822
335
335
335
335
739
441
60
441
4665
9035
528
1215
528
1215
528
828
441
60
441
441
60
60
441
441
4665
528
2196
2196
528
528
2196
828
2786
5113
257
1235
441
4728
60
60
441
1909
1567
60
60
43
1909
1909
828
221
221
5424
5113
221
5424
257
8945
4728
1567
5
5593
43
1909
1367
738
738
43
43
4555
738
221
723
43
221
651
257
141
43
1367
141
43
43
5
43
43
5
723
723
221
651
11
11
11
5
5
5
338
338
338
572
572
23
338
338
961
338
338
961
338
3864
3313
3313
1981
705
1981
1317
705
1235
3131
3112
338
338
257
3112
3112
338
1981
1981
254
3313
1981
1981
1317
705
6150
1317
705
1235
257
1235
1235
4601
4966
254
254
5
1981
1981
798
254
254
2610
6150
1317
1754
2610
6150
705
4601
257
141
141
4966
798
5
5
2459
9468
254
5
2610
22
254
2610
2610
1150
141
798
141
427
5
427
5
22
5
22
1150
961
1983
2819
1983
225
225
225
225
225
962
961
2505
1227
961
2819
225
1227
225
225
2408
3837
225
2392
962
8640
962
961
6559
961
961
3868
3868
83
83
83
2392
2392
962
83
1118
2392
962
1118
8640
6559
3868
705
705
3868
1573
1754
705
6301
6301
83
83
1118
962
1118
1118
705
1573
705
1643
705
1643
1754
4233
83
1118
990
990
589
589
589
18
15
885
57
4667
3144
4667
589
589
1616
589
589
1616
589
210
18
885
885
15
15
885
364
57
4667
589
589
4066
57
1654
589
1669
210
1654
1654
18
18
885
6685
15
885
4593
364
15
15
15
190
190
190
921
117
117
1669
1669
117
117
18
18
6685
364
1030
190
190
190
322
1030
190
190
322
117
4624
18
117
117
359
35
190
190
1030
190
1030
2660
4624
2288
117
359
35
1050
1050
630
630
630
52
57
2379
184
2703
2703
6028
2204
2204
630
2204
2204
630
1739
1739
304
2379
2379
57
57
2379
1811
184
5623
2204
2204
4199
7
6223
1739
1739
1739
9460
9892
304
304
1616
3960
57
1616
4746
1811
57
57
35
1739
1739
1739
7
1432
1432
1739
1739
1432
1432
304
304
1616
1811
1616
607
2286
1811
921
35
607
2286
921
35
35
35
7
1432
3560
495
607
1811
607
607
35
607
35
35
35
35
495
127
390
127
390
127
4294
1782
666
666
228
5486
1373
184
127
5486
390
127
127
666
666
1782
666
666
228
4231
900
630
1704
184
630
6262
5455
7
7
7
666
666
129
3212
3212
6740
1796
3212
900
630
1704
630
630
5412
129
7
518
5303
129
7
7
518
129
3212
1080
630
129
5303
129
518
5303
518
518
7
518
1239
1239
746
746
746
31
561
865
561
1239
1239
3140
1239
9141
1457
8167
942
968
341
31
111
9035
865
561
561
1239
59
561
561
1239
942
942
62
8167
341
942
31
968
341
341
111
1215
3085
3043
1215
59
59
561
561
59
59
59
16
1993
1993
341
341
2456
62
341
341
62
1215
59
1215
59
59
16
1567
828
828
189
1993
1567
1889
189
62
3887
3887
62
59
16
828
189
828
828
1567
1889
1567
1889
62
703
703
703
1168
1168
196
703
703
718
703
703
718
703
3035
6591
3035
3035
3875
3035
3258
3875
4560
2121
3131
703
703
703
6481
5600
703
3035
12395
718
3875
3035
11688
3258
3875
3875
6241
3875
1571
1571
3131
1571
1571
4916
257
257
257
2094
2094
2085
743
4579
3875
11688
8860
7913
3875
6241
3875
1571
1571
6626
1571
2094
2085
257
2118
2094
2094
257
257
2118
2094
743
7913
8948
5520
1571
2085
6626
2094
2118
11334
2118
2118
257
2118
5520
718
1929
718
1929
718
10718
6591
2119
2119
2119
3140
6782
6600
718
2462
746
718
718
2119
2119
6591
2119
2119
2119
11695
4967
1457
746
3140
1457
8148
11765
743
743
62
2119
2119
1891
743
8569
12805
4967
8569
6603
1457
746
968
968
11765
1891
62
62
6478
1891
743
62
8569
195
8569
8569
968
1891
968
1891
62
2521
62
195
62
195
865
2328
2328
2328
2328
4741
4741
563
331
563
2575
2575
865
865
2328
563
865
2328
4592
563
7819
331
4592
563
331
331
1491
3087
3144
1491
9667
4934
865
865
16
2465
2465
563
3085
16
331
3413
16
331
1491
3087
1491
1491
2465
946
364
364
2465
2465
3085
16
16
16
16
16
1491
946
4066
2465
364
8219
364
1027
16
16
3874
3874
3613
3613
3613
515
990
3884
990
3884
3884
5370
3884
3682
10964
10964
3682
3665
3495
1401
515
5292
5292
990
990
3884
867
990
990
3884
13105
4135
317
3665
3495
3495
1401
3665
3665
3495
515
1999
1999
5901
1999
1999
867
990
990
317
3495
3495
867
2002
317
317
3495
3495
317
317
7621
302
1999
867
563
563
8452
867
3087
563
1930
6540
3087
317
5106
904
317
317
904
302
563
867
563
1545
563
1545
4934
5106
317
904
302
1050
1050
5453
5453
5453
5700
12174
5294
1483
2101
1050
1050
2354
1050
1050
1050
2354
5453
8152
5294
11175
1483
4933
2101
1483
1483
1050
6688
9983
1050
1777
1777
2002
2002
302
1777
1777
1771
2002
302
1483
4933
302
1483
3712
1777
3712
1777
1777
1771
1811
1811
5129
2624
2002
302
302
302
302
302
1777
1771
4199
2624
1811
8421
1811
3160
302
302
1160
1160
1160
1706
1706
386
1099
1099
1160
8967
10133
1160
1706
1706
4143
1706
1706
4143
1706
697
1103
1099
1099
2505
1099
1099
71
4971
4971
1706
1706
10041
572
12281
1706
8822
697
5469
10701
1103
1103
71
71
1983
71
71
2957
2505
2505
71
1159
1159
413
572
4303
4184
8822
7538
4107
4184
1103
1103
71
71
2408
71
1159
413
8283
1573
1159
1159
4527
1573
1573
1103
572
4184
4184
1788
71
413
2408
1159
1573
4348
1573
1573
1573
1573
1788
1160
2958
1160
2958
1160
7646
4143
4290
4143
3429
8938
8938
2121
1160
8938
1194
1160
1160
7274
4290
4143
4143
4275
3429
5469
2740
1194
1194
2121
1194
1194
8889
572
572
572
4275
4275
3429
572
1788
4275
4275
1788
2740
1194
1194
13572
1194
8966
4618
4916
4916
7824
8966
572
572
1788
1788
1788
1788
1194
4618
7824
3258
4916
3258
4916
5907
572
1788
1929
3874
3874
3874
3682
3613
3682
3613
3682
1932
1929
4591
6782
1929
3874
1168
9979
3682
8536
3956
3682
3682
8536
1932
4135
1932
1929
1168
1929
1929
6479
6479
746
746
746
6479
6479
1932
867
867
8888
1932
867
8326
7822
1168
11306
2959
6479
3039
746
2959
2959
7993
746
746
6601
1932
867
2247
2959
3039
2959
2959
2959
2959
7073
7073
746
2247
390
3428
6033
6033
1876
1876
1876
1876
1876
1473
390
1373
390
4707
3428
5467
1876
13060
916
1876
1876
10204
7671
3705
697
1473
390
390
390
2957
1373
1373
228
2957
2957
4140
7549
898
3705
697
916
898
3705
898
4294
4294
228
2957
1704
228
228
6483
1704
898
898
228
916
898
898
898
228
228
228
228
228
2838
2838
898
898
898
2706
2706
10039
10039
5700
5710
5700
2356
4030
2356
2706
2706
3428
2706
2706
2356
8534
5700
7547
2356
5294
4030
8752
2356
4030
3430
2706
7684
3428
2706
8578
8578
3428
3428
916
4496
4496
2356
4422
1771
4030
8752
1771
3430
10969
7684
7671
4496
4496
3629
916
916
4496
4496
4140
916
1771
1771
1771
1771
4496
3629
7671
4496
916
12301
916
2398
916
1771
2958
13309
3613
3613
2356
2958
4591
2958
13428
4591
3613
2356
3613
2356
2356
3956
2961
2958
2958
2958
7684
1168
1168
1168
2356
2356
1168
3039
10575
2961
3039
8031
7684
4290
3429
8825
3795
3429
3429
6417
1168
1168
3039
2961
3039
3039
3429
3429
3429
3429
3429
7928
7928
1168
3039
1338
1338
1338
2148
2148
47
264
763
462
7139
10888
7139
3230
2148
3230
3230
2148
3230
3230
1250
1132
264
763
1619
264
4361
46
462
6114
3230
8982
8982
462
3230
3230
8982
1250
6381
4216
1250
1132
12
46
264
12
4501
4501
1619
1619
12
4501
4501
1250
4879
681
681
4216
1250
681
681
4216
681
12
46
12
12
4501
1552
2071
459
459
3060
2071
681
1059
459
681
681
1059
681
12
1552
459
459
459
459
4862
4862
681
1059
681
5322
5322
3615
3615
3615
405
134
404
1285
6099
6016
6099
6099
9218
3615
12745
4177
3615
1727
608
2013
134
404
1285
134
2721
378
1285
1285
6099
14053
4177
1261
9211
1727
1727
608
5911
9211
1727
2013
134
3993
134
134
3993
378
1285
1285
134
360
360
360
8459
1261
1261
1727
1727
1261
1261
10398
1249
1841
378
1841
360
360
360
4223
830
360
360
4223
830
830
360
1261
1261
3184
1249
360
360
2698
360
830
1288
830
830
830
830
1249
462
3349
10793
10793
3615
7551
3615
2723
3615
2723
3349
3349
462
462
3349
2723
6844
3615
8318
2723
3615
3615
13413
2723
4798
3418
3349
8462
462
3349
3327
3327
462
462
462
3327
3327
2723
8459
1249
4798
3418
1249
3967
9238
3327
8448
2895
3327
3320
1077
1077
2895
7100
4879
1077
1249
1249
1249
1249
2895
3320
2895
2895
1077
2895
1077
2765
1077
1249
91
91
49
49
49
49
91
91
281
91
91
281
91
1328
3331
1328
1328
3283
1328
2482
1304
2585
5821
2040
91
91
91
2040
2040
91
1328
2482
152
3283
1328
2482
2482
3283
3283
4352
1304
202
594
2585
202
3407
3407
152
152
91
2482
2482
2482
152
152
2759
8476
4352
2777
2759
7027
1304
202
594
202
202
3407
3407
6314
2650
2650
7238
152
152
2759
2650
152
2759
2759
2100
202
3407
2650
2650
2650
2650
5055
5055
152
2759
2100
281
805
281
805
281
49
3331
49
1304
483
11551
3817
763
281
8648
49
281
281
3344
3344
3331
1304
3344
483
1304
1304
2148
5021
763
2148
460
460
46
46
46
460
460
460
2777
1304
1304
7129
1304
1304
2148
460
2148
460
460
460
46
2014
4627
810
46
46
2014
810
2777
6152
460
460
4627
810
2014
4627
2014
2014
46
2014
2595
2595
1632
1632
1632
185
1018
1018
1137
2695
2595
2695
2695
11269
8089
8089
1678
2419
618
185
407
1018
1018
1137
1018
1018
119
1137
1137
2695
6162
1678
1137
7140
618
618
185
2419
6427
618
407
492
492
5845
492
492
119
1137
1137
105
105
105
105
4192
5134
688
618
618
1854
688
6427
407
492
119
661
105
105
105
1736
661
105
105
1736
688
688
105
1854
688
688
688
105
105
661
105
661
1783
6236
10867
688
688
688
404
5373
5373
5373
5373
4195
9218
3243
1286
1286
5909
5909
404
404
5373
1020
404
5373
10921
3243
4177
1286
1286
1286
4177
1286
3990
3990
7252
3990
3990
1020
404
404
378
1286
1286
1020
378
378
1286
1286
378
8388
3990
1020
2419
2419
9342
1020
1854
1854
5669
9342
4192
378
5998
407
378
1065
2419
1020
2419
407
1854
407
1854
4449
378
1065
286
286
164
164
164
61
286
822
286
286
822
286
286
597
3386
3386
597
570
570
2545
61
1522
1522
5821
286
1522
480
324
286
286
7164
7164
32
570
570
7164
2545
570
570
1566
61
480
480
5821
480
480
3976
594
594
32
3976
3976
2545
1625
32
32
7713
4584
32
32
1566
32
480
480
6315
480
3976
3029
594
6306
6865
3584
594
32
5450
109
32
32
109
32
480
3029
9655
3584
6306
9655
6306
6306
32
109
32
324
999
827
2193
627
1697
627
1697
627
2571
999
999
324
324
999
999
827
627
5794
5794
627
627
5794
2571
1990
4722
999
1356
324
999
1356
5530
324
324
147
5653
5653
2571
147
147
6069
9394
147
4722
1356
1356
10546
193
5653
3955
1625
193
193
9034
1625
147
2499
193
147
440
193
3955
193
193
193
193
2499
2499
147
440
2480
2480
2480
3823
3823
162
805
2134
1338
11916
2480
9778
3845
5081
3845
3845
3003
3845
3845
3003
1847
805
2134
3817
805
5748
161
1338
11538
3845
12119
3003
1140
3845
3845
13371
3003
6550
6550
3321
1847
49
161
805
49
9363
8044
3817
3817
49
5430
5430
1907
8414
1140
1140
9233
3321
1140
1140
5310
1140
49
161
49
49
5430
1907
5021
1335
1335
5430
5021
1140
3179
1335
1140
1140
2913
1140
49
1907
1335
1335
1335
1335
6116
7794
1140
2913
1140
1338
5322
12891
5322
4130
4130
4130
1139
1139
405
7217
7217
1338
1338
7217
1139
11792
4130
1139
1139
2723
1139
1139
405
2723
2911
3823
3823
1338
3823
3823
7198
1338
1338
1139
1139
1139
405
8462
2723
9502
2911
2723
6038
3823
3823
10164
3823
7198
685
3192
3192
4430
7902
8462
3192
3320
2911
3320
3320
3823
685
4430
4430
3192
4430
3192
3965
3192
3320
822
2176
2480
2494
2480
9635
5081
1336
1336
1336
822
2176
2134
822
10683
164
2134
2480
1336
1336
3003
1336
1336
1336
3003
2181
597
164
822
597
7212
7212
161
161
161
1336
1336
1336
161
3003
9420
2181
3003
6548
597
164
597
597
7212
1359
6880
3363
3363
10535
161
161
4979
2181
4979
4979
597
1359
3363
3363
3363
3363
6583
6583
161
4979
2193
2417
2595
5840
2595
1700
9672
1700
1442
522
2193
2417
2193
2595
2417
2417
2595
1678
326
6985
1442
1678
3582
1442
1442
522
1697
2193
1697
119
489
489
119
119
119
489
489
1442
1442
4085
326
1442
1442
326
1697
1697
119
119
5530
2571
2571
366
489
489
5636
366
326
8306
8100
326
119
2571
366
2571
2571
5530
5636
489
5636
326
2176
3395
5840
8892
1700
1632
1700
1632
1700
4881
2494
3395
2176
2176
7714
1632
5840
1700
9107
11675
1700
1700
11675
4881
3582
5638
2494
8900
2176
2494
3244
3244
164
164
164
3244
3244
3244
326
326
10512
5638
326
7193
8900
3244
9635
3244
3244
3244
164
3393
7095
6959
164
164
3393
876
326
876
3244
3244
11540
6959
3393
9785
3393
3393
164
876
3395
5322
4195
4195
405
8892
3395
3395
10741
5322
4195
3243
6846
405
3243
405
405
1632
3395
1632
1020
3395
3395
405
1020
1020
10681
405
405
6958
405
405
1632
1632
1020
1020
7108
7108
9344
2600
13272
4428
4428
405
4428
4428
1020
9344
2600
7108
9344
7108
7864
4428
4428
526
526
526
882
882
567
526
526
543
526
526
543
526
2149
5022
2149
2149
5022
2149
2606
2064
3656
1677
2479
526
526
385
5321
5321
526
2149
11270
543
13133
2149
10551
2606
6598
11804
2064
2064
385
385
2479
385
385
4027
192
192
192
1650
1650
1640
566
3677
5064
10551
7536
4991
5064
2064
2064
385
385
3058
385
1650
1640
192
1674
1650
1650
192
192
1674
1650
566
5064
5064
3147
385
1640
3058
1650
1674
6629
1674
1674
192
1674
3147
956
956
569
569
569
261
956
956
2492
956
956
2492
956
7898
3425
5023
891
3425
891
289
2301
6308
11034
2394
956
956
166
5471
2803
956
891
891
1555
5023
891
891
289
9912
9912
2339
2301
673
1813
2394
673
166
166
1555
1555
166
166
166
166
1555
1555
3654
7708
2339
3654
3654
11102
2301
673
166
673
166
166
166
7490
647
647
179
1555
1451
1451
179
1555
3654
3570
3570
166
166
647
179
647
647
1451
1451
1451
1451
3570
543
1495
543
1495
543
8931
5022
1675
1675
1675
2492
5664
5471
543
7595
569
543
543
1675
1675
5022
1675
1675
1675
6598
3383
2492
569
2492
2492
4286
10653
566
566
543
1675
1675
1453
566
3231
10910
4080
3231
3383
3425
569
3425
3425
10653
1453
8475
5318
5318
1453
566
566
3231
1453
3231
3231
3425
1453
5318
1453
5318
5318
7026
7026
566
3231
874
874
811
811
811
75
247
874
247
6615
874
7137
811
2147
811
811
2147
811
811
270
411
651
1760
247
247
4084
874
247
247
811
9333
6586
11
811
811
6545
270
11178
6464
270
411
651
3607
651
651
1284
1284
11
11
11
1284
1284
270
11
11
694
6464
270
1868
694
6464
306
3607
1284
5113
1284
1284
461
4555
2501
2501
3239
11
11
694
270
11
694
694
306
1284
461
2501
1182
2501
1182
4555
1367
11
694
306
1267
1267
764
764
764
25
22
1171
80
5865
6312
5865
764
764
2043
764
764
2043
764
278
25
1171
1171
22
22
1171
474
80
5865
764
764
4954
80
2098
764
2113
278
2098
2098
25
25
1171
2776
22
1171
2776
474
22
22
22
255
255
255
1203
158
158
2113
2113
158
158
25
25
2776
474
1317
255
255
255
427
1317
255
255
427
158
5595
25
158
158
469
48
255
255
1317
255
1317
3309
8972
2942
158
469
48
80
3028
3348
3348
1438
1438
1438
1438
1438
2182
3028
3028
80
80
3028
1438
3791
1438
1438
5080
11178
1438
2182
2182
11178
411
2043
4823
80
2043
8643
2448
80
80
48
2182
2182
2182
1868
1868
2182
2182
1868
411
2043
2448
2043
788
2940
2448
1203
48
788
2940
1203
48
48
48
1868
4479
788
2448
788
788
48
788
48
48
48
48
874
2303
7141
7141
912
912
912
912
912
1906
874
2303
1677
874
6596
912
1677
912
912
7593
13639
912
4606
1906
7405
2606
874
5020
874
874
8868
1198
1677
1677
461
1180
1180
1180
4027
4027
4606
4606
4027
2606
2147
1198
2147
1180
1180
1180
8981
461
1180
1180
8981
461
461
461
4027
8147
1180
1180
4875
1180
461
4875
461
461
461
461
2497
2497
1565
1565
1565
44
1150
2986
1150
2986
2986
2864
2986
3850
7910
3850
741
1224
437
741
44
3200
3200
1150
1150
2986
741
1150
1150
2986
3850
741
82
9094
437
9063
741
1224
437
437
44
1925
4010
6312
1925
11234
6745
1150
1150
23
3121
3121
741
4008
4008
23
437
8632
82
23
437
23
1925
4010
1925
1925
3121
1231
474
474
3121
3121
4008
23
23
23
82
23
23
23
1925
1231
4954
3121
474
9455
474
1314
23
23
23
739
739
739
739
739
4353
4353
85
962
85
2864
2497
4233
739
739
85
4233
739
3689
85
962
962
3689
85
962
2507
2864
1895
2864
2864
9417
1248
1643
1643
82
446
446
85
1643
962
4759
4759
962
2507
7910
1248
1224
446
446
150
82
82
446
446
1643
82
2859
253
2859
2859
446
150
1224
446
82
3107
82
253
82
253
4749
4749
4532
4532
4532
691
1267
4755
1267
4755
4755
6523
4755
4585
14129
13567
4585
4568
2332
1838
691
6454
6454
1267
1267
4755
1152
1267
1267
4755
9888
5015
422
4568
2332
2332
1838
4568
4043
2332
691
1565
1565
7021
1565
1565
1152
1267
1267
422
2332
2332
1152
4358
422
422
2332
2332
422
422
4043
409
1565
1152
741
741
9663
1152
4010
741
6225
7475
4010
422
6512
1186
422
422
1186
409
741
1152
741
1986
741
1986
6512
6512
422
1186
409
1337
1337
6584
6584
6584
6792
11960
6456
1916
2306
1337
1337
3002
1337
1337
1337
3002
6584
9404
6456
5444
1916
7410
2306
1916
1916
1337
8121
11245
1337
3262
3262
3002
3002
409
3262
3262
2306
3505
409
1916
7410
409
1916
4613
3262
4613
3262
3262
3262
2448
2448
3577
3275
4358
409
409
409
409
409
3262
3262
5080
3275
2448
9634
2448
5571
409
409
2497
3118
2814
3118
2814
3842
3842
3688
313
1496
10112
2497
2497
2814
5677
3118
2814
9558
1815
3688
313
313
3688
3688
313
1496
1813
2497
1813
1813
1895
1895
85
313
313
1815
8458
3688
313
313
4044
3688
2770
1496
1813
85
85
3625
1248
85
3625
3625
1895
1248
7583
260
1815
8458
6202
2386
85
85
260
85
260
1248
3154
1248
3154
2386
4693
4749
4749
4749
4585
4532
4585
4532
4585
3643
4693
7142
5677
4693
4749
1562
9687
4585
11483
4819
4585
4585
12219
3643
5015
6227
1562
1562
4693
1562
1562
9767
1815
1815
1152
9199
9199
3643
1152
1152
9900
6227
1152
9544
1562
1562
10038
1496
9199
5407
1815
1496
1496
5407
1815
1152
4222
1459
1152
1459
1496
5407
1496
1496
1496
1496
4044
4222
1152
1459
2303
3350
11268
11268
6792
6800
6792
3004
4920
1498
3350
3350
2303
2303
3350
882
12744
6792
7267
3004
6456
4920
12126
1498
4920
2306
882
882
2303
882
882
5319
2303
2303
882
2389
2389
1498
7495
4920
4920
12039
4920
2306
882
882
7593
882
2389
2389
1198
1198
2389
2389
5020
1198
6159
2306
6159
5254
882
2389
7593
2389
1198
9841
1198
3046
1198
3046
1495
13512
4532
4532
3004
1495
5664
1495
12257
7142
4532
3004
4532
3004
3004
4819
1498
1495
1495
1495
5319
569
569
569
3004
3004
4268
4819
7592
1498
4819
7592
8961
9557
2304
5319
569
2304
2304
9914
569
569
5472
1498
5472
5472
2304
2304
2304
2304
2304
5956
5956
569
5472
1726
1726
1726
2733
2733
66
359
1016
617
8386
8979
8386
4067
2733
4067
4067
2733
4067
4067
1641
1550
359
1016
2288
359
5589
65
617
4598
4067
9448
6424
617
4067
4067
10443
1641
6889
4887
1641
1550
18
65
359
18
5702
5702
2288
2288
18
5702
5702
1641
5955
949
949
4887
1641
949
949
4887
949
18
65
18
18
5702
2223
2660
614
614
3954
2660
949
1489
614
949
949
1489
949
18
2223
614
614
614
614
5939
5939
949
1489
949
617
4176
8939
8939
2064
4863
2064
3679
2064
1756
4176
4176
617
617
4176
3679
8138
2064
7102
3679
2064
2064
13157
1756
5886
1756
4176
6632
617
4176
4156
4156
617
617
617
4156
4156
1756
6629
1640
5886
1756
1640
3081
10572
4156
9360
3814
4156
2780
1507
1507
3814
8357
5955
1507
1640
1640
1640
1640
3814
2780
3814
3814
1507
3814
1507
3249
1507
1640
122
122
68
68
68
68
122
122
376
122
122
376
122
1716
4158
1716
1716
3336
1716
3464
1692
3560
7467
2629
122
122
122
2629
2629
122
1716
3464
207
3336
1716
3464
3464
3336
3336
4698
1692
304
869
3560
304
4226
4226
207
207
122
3464
3464
3464
207
207
3336
10147
4698
3722
3336
4825
1692
304
869
304
304
4226
4226
7808
2018
2018
8466
207
207
3710
2018
207
3710
3710
2686
304
4226
2018
2018
2018
2018
6104
6104
207
3710
2686
376
1058
376
1058
376
68
4158
68
1692
638
12607
5169
1016
376
10251
68
376
376
4171
4171
4158
1692
4171
638
1692
1692
2733
6077
1016
2733
615
615
65
65
65
615
615
615
3722
1692
1692
8379
1692
1692
2733
615
2733
615
615
615
65
2607
5792
1063
65
65
2607
1063
3722
6888
615
615
5792
1063
2607
5792
2607
2607
65
2607
381
381
219
219
219
96
381
1075
381
381
1075
381
381
872
4206
4206
872
845
845
3163
96
2207
2207
7067
381
2207
635
495
381
381
6816
6816
52
845
845
6816
3163
845
845
2237
96
635
635
7467
635
635
5304
869
869
52
5304
5304
2020
2294
52
52
9683
5764
52
52
2237
52
635
635
7809
635
5304
2020
869
6726
8156
2020
869
52
3335
169
52
52
169
52
635
2020
10891
2020
6726
10891
6726
6726
52
169
52
495
755
755
755
755
1744
1744
1744
295
5286
1080
2775
495
495
755
755
495
755
1744
7280
12137
295
7344
5286
295
295
900
2358
1080
900
7445
7445
495
495
129
7344
7344
3547
2294
295
295
6907
295
295
900
2358
900
900
7445
3547
129
129
7648
10693
2294
129
3481
295
3481
3481
900
3547
1796
4318
129
4318
129
393
129
393
3462
3462
3462
4865
4865
217
1058
2719
1726
12855
3462
6426
4865
6126
4865
4865
3908
4865
4865
3908
2485
1058
2719
5169
1058
7412
216
1726
11741
4865
9048
3908
1558
4865
4865
11385
3908
7975
7975
3095
2485
68
216
1058
68
6372
7066
5169
5169
68
3307
3307
2538
7196
1558
1558
10568
4150
1558
1558
3095
1558
68
216
68
68
3307
2538
6077
1723
1723
3307
6077
1558
4022
1723
1558
1558
3830
1558
68
2538
1723
1723
1723
1723
7680
6769
1558
3830
1558
1726
3147
13415
3147
3328
3328
3328
1557
1557
567
6426
8447
1726
1726
8447
1557
12777
3328
1557
1557
3679
1557
1557
567
3679
3828
5175
5175
1726
5175
5175
8429
1726
1726
1557
1557
1557
567
6632
2780
10782
3828
2780
7623
5175
5175
11956
5175
8429
953
4034
4034
5645
9783
6632
2780
2780
2780
2780
2780
5175
953
5645
5645
4034
5645
4034
4678
2780
2780
1075
2758
3462
3476
3462
8759
6126
1724
1724
1724
1075
2758
2719
1075
12201
219
2719
3462
1724
1724
3908
1724
1724
1724
3908
2763
872
219
1075
872
8442
7069
216
216
216
1724
1724
1724
216
3908
10716
2763
3908
4447
872
219
872
872
8442
1747
8171
3163
3163
8776
216
216
4379
2763
6040
6040
872
1747
3163
3163
3163
3163
4379
4379
216
4379
2775
3423
3570
6252
3570
2361
10899
2016
754
261
3423
3423
2775
2775
3423
497
3570
3570
8257
2016
2339
754
754
261
2339
754
644
644
2775
644
644
497
2358
2358
179
754
754
261
179
179
754
754
179
5383
644
497
7280
644
6811
447
2358
3547
6811
6811
2358
179
3547
531
179
531
644
447
7280
6811
3547
7330
3547
3547
179
531
2758
4215
7485
10397
2361
2301
2361
2301
2016
4930
3476
4215
2758
2758
9684
2301
7485
2361
8588
12692
2016
2016
11261
4930
2016
4764
3476
10402
2758
3476
4081
4081
219
219
219
4081
4081
3282
497
497
11261
4930
497
4764
10402
4081
10874
4081
4081
3282
219
4213
8352
8239
219
219
4213
447
497
447
4081
3282
12598
6441
4213
6441
4213
4213
219
447
3147
3147
3147
3383
567
10397
4215
3147
9506
3147
3147
3383
8140
567
4080
567
567
2301
4215
2301
1453
4215
4215
567
1453
1453
12199
567
567
8238
567
567
2301
2301
1453
1453
8359
7025
10655
3574
13817
5643
5643
567
5643
5643
1453
10655
3574
7025
10655
7025
7025
5643
5643
445
445
445
750
750
108
347
445
347
5084
445
8384
1064
2732
1064
1064
2732
1064
1064
365
259
924
2416
347
347
5084
445
347
347
1064
10645
6765
17
1064
1064
7972
365
9150
4747
365
259
924
2053
924
924
1673
1673
17
17
17
1673
1673
365
17
17
444
4747
365
1242
444
4747
149
2053
1673
6154
1673
1673
616
5742
3483
3483
4076
17
17
444
365
17
444
444
149
1673
616
3483
1595
3483
1595
5742
1755
17
444
149
1656
1656
1017
1017
1017
36
33
1586
113
7503
6732
7503
1017
1017
2632
1017
1017
2632
1017
373
36
1586
1586
33
33
1586
629
113
6515
1017
1017
6021
113
2684
1017
2699
373
2684
2684
36
36
1586
3721
33
1586
3721
629
33
33
33
227
227
227
1613
213
213
2699
2699
213
213
36
36
3721
629
1705
227
227
227
588
1705
227
227
588
213
7302
36
213
213
624
67
227
227
1705
227
1705
4141
9640
3859
213
624
67
113
3930
4175
4175
750
750
750
750
750
2764
3930
3930
113
113
3930
750
5148
750
750
6125
9150
750
2764
2764
8717
259
2632
5908
113
2632
8501
1992
113
113
67
2764
2764
1992
1242
1242
2764
2764
1242
259
2632
1992
2632
1041
3857
1992
1613
67
1041
3857
1613
67
67
67
1242
3145
1041
1992
1041
1041
67
1041
67
67
67
67
445
1244
5024
5024
484
484
484
484
484
2184
445
1244
2338
445
5024
484
2338
484
484
4926
11713
484
5083
2184
4550
3580
445
6076
445
445
9570
1609
2338
2338
445
1593
1593
1593
5347
4550
4550
5083
4550
3580
2732
1609
2732
1593
1593
1593
9008
616
1593
1593
10442
616
616
616
5347
6890
1593
1593
5951
1593
616
4953
616
616
616
616
3110
3110
1979
1979
1979
64
1568
3896
1568
3896
3896
3110
3896
5199
9788
5199
665
1633
598
665
64
4041
4041
1568
1568
3896
665
1568
1568
3896
5199
665
115
6178
598
9343
665
1633
598
598
64
2555
5335
6732
2555
12476
4524
1568
1568
34
2832
2832
665
5334
5334
34
598
7237
115
34
598
34
2555
4524
2555
2555
2832
1106
629
629
2832
2832
5334
34
34
34
115
34
34
34
2555
1106
6021
2832
629
8906
629
1702
34
34
34
663
663
663
663
663
4699
4699
116
1398
116
3110
3479
5500
663
663
116
5500
663
2152
116
1398
1398
2152
116
1398
3489
3110
2529
3110
3110
9396
1639
2310
2310
115
601
601
116
2310
1398
5858
5026
1398
3489
9788
1639
1633
601
601
205
115
115
601
601
2310
115
2191
353
2191
2191
601
205
1633
601
115
3994
115
353
115
353
5848
5848
4249
4249
4249
815
1656
5854
1656
5854
5854
7958
5854
5765
12892
11343
3233
3326
1282
1282
959
7918
7918
1656
1656
5854
1570
1656
1656
5854
6679
3233
583
5749
1282
1282
1282
3326
5359
1282
959
2236
2236
8292
2236
2236
1570
1656
1656
583
1282
1282
775
4702
583
583
1282
1282
583
583
5359
571
2236
1570
665
665
7173
775
4524
665
7762
4680
5335
583
7952
1282
583
583
1598
571
665
775
665
1792
665
1792
4524
7952
583
1598
571
1725
1725
8001
8001
8001
8098
8500
7920
2546
1247
1725
1725
3907
1725
1725
1725
3907
8001
8500
7920
3326
2546
4557
1247
2546
2546
1725
7221
11858
1725
4095
4095
3907
3907
571
2010
2010
1247
1890
571
2546
4557
571
2546
5785
4095
5785
2010
2010
2010
1992
1992
2010
2010
4702
571
571
571
571
571
2010
2010
6125
2010
1992
9387
1992
4725
571
571
2789
2789
2789
2789
2789
5193
5193
2151
156
813
7171
3479
2789
3759
7361
2789
2789
6634
1979
2151
156
156
2151
2151
156
813
1977
3479
1977
1977
2529
2529
116
156
156
1979
6627
2151
156
156
5360
2151
1943
813
1977
116
116
2077
1639
116
2077
2077
2529
1639
4915
156
1979
6627
7741
1340
116
116
355
116
355
1639
4003
1639
4003
1340
5842
5848
5848
5848
5765
5725
5765
5725
3233
2097
5842
8387
7361
5842
5848
2233
6173
5765
9414
5905
3233
3233
9414
2097
3233
6700
2233
2233
5842
2233
2233
6408
1979
1979
813
6408
6408
2097
1570
1570
6700
7764
1570
6700
2233
2233
7024
813
6408
3278
1979
813
813
3278
1979
1570
3057
775
1570
775
813
3278
813
813
813
813
3057
3057
1570
775
1244
2150
12494
12494
4249
4249
4249
3909
4249
815
2150
2150
1244
1244
2150
453
11803
4249
4249
3909
7920
4249
9072
815
5990
1247
453
453
1244
453
453
3104
1244
1244
453
1343
1343
815
4753
4753
5990
8796
4753
1247
453
453
4926
453
1343
1343
1609
1609
1343
1343
6076
1609
7705
1247
4753
3008
453
1343
4926
1343
1609
6571
1609
3397
1609
3008
812
10925
5725
5725
3909
812
7351
812
9495
8387
5725
3909
5725
3909
3909
4925
815
812
812
812
3104
844
844
812
3104
3104
5532
3369
4925
815
3369
4925
7143
7143
1245
3104
844
1245
1245
6720
844
844
3369
815
3369
3369
1245
1245
1245
1245
1245
7561
7561
844
3369
81
81
81
143
143
143
81
250
81
81
250
81
81
3084
1214
1214
3084
1214
1214
1053
1226
1116
1116
774
81
1116
73
2063
81
81
4026
6633
81
1214
1214
3059
1053
2779
2779
1226
1226
73
73
774
73
73
1509
774
774
73
1708
1708
632
155
4700
2779
3059
3059
4700
2779
1226
1226
73
73
5499
73
1708
632
6938
678
1708
1708
6063
678
678
678
155
4700
9086
1281
73
632
5499
1708
678
5904
678
678
678
678
1281
1709
3232
1709
3232
432
432
432
432
432
1835
1834
4406
2063
1709
4664
432
1709
432
432
4345
6354
432
4332
1835
11427
1835
1748
1748
1834
1748
1748
6384
155
155
155
4332
4332
1835
155
1978
4332
1835
1978
10842
1748
1748
1250
1250
6384
2897
3060
1250
9080
9080
155
155
1978
1835
1978
1978
1250
2897
1250
2966
1250
2966
3060
6635
155
1978
889
889
530
530
530
168
1863
1863
2334
2334
5376
2334
2334
530
6270
9829
530
3686
1494
354
1004
1863
1863
2642
1863
1863
530
2642
2334
2334
5847
5847
600
12184
1494
5847
354
3686
1494
1494
1004
1863
2411
7701
1863
599
599
1370
1370
28
599
599
204
3247
3247
1494
1494
10510
600
1494
1494
600
4838
599
4838
28
599
204
1123
28
28
1634
1370
514
514
28
600
6129
9177
600
28
204
28
28
28
28
514
514
514
514
600
889
889
3184
6854
3184
2013
5738
2013
639
2766
889
889
9355
889
889
889
3184
3184
5738
6128
12722
639
6128
2766
639
639
889
6020
10459
889
2262
2262
1288
1288
600
2262
2262
2262
1288
639
639
5996
639
639
6270
2262
3686
2262
2262
2262
600
600
10829
2278
1288
600
6079
639
6079
6079
2262
2262
3686
2278
600
7652
600
1635
600
1635
1914
1914
1185
1185
1185
126
130
4325
396
4564
4564
7365
4004
4004
1185
4004
3717
1185
1508
547
206
4325
4325
130
130
4325
2613
396
3928
4004
4004
3717
20
8122
1508
1508
547
8122
8122
206
206
2939
5502
130
2939
5502
2613
130
130
78
1023
1023
547
20
1009
1009
1508
1508
1009
1009
206
206
2939
2613
2939
1023
1023
919
1810
78
1023
1023
1810
78
78
78
20
1009
2612
357
1023
919
1167
1023
78
1167
78
78
78
78
357
250
730
250
730
250
2711
2711
1220
1220
435
8623
2781
396
250
5776
730
250
250
1220
1220
3084
1220
1220
435
6633
1053
1185
3013
396
1185
9053
6029
20
20
20
1220
1220
252
1509
1509
7364
3098
1509
1053
1185
3013
1185
1185
5253
252
20
357
4011
252
20
20
357
252
1509
1944
1185
252
4011
252
357
4011
357
357
20
357
1914
1914
5376
8601
530
1460
530
1460
530
168
1914
1914
2264
1914
1914
839
2264
530
7317
2644
530
530
5663
168
2598
168
1914
9281
12034
1914
839
839
2264
2264
204
839
839
168
2411
204
2598
168
204
2598
6291
839
3717
839
839
293
2613
2613
8201
2219
2411
204
204
168
204
204
839
293
3717
2219
2613
7691
2613
919
204
204
2006
2006
1462
1462
1462
585
1961
1961
2006
11547
12960
2006
3014
3014
6567
3014
3014
6567
3014
1243
1965
1961
1961
4406
1961
1961
143
6127
6127
3014
3014
9837
1132
7633
3014
9837
1243
8610
12149
1965
1965
143
143
3232
143
143
3593
1717
1717
143
2005
2005
749
1132
1717
4219
11479
2372
6537
4219
1965
1965
143
143
4345
143
2005
749
10832
2897
2005
2005
1717
1717
2897
1965
1132
4219
4219
3090
143
749
4345
2005
2897
5290
2897
2897
1717
2897
3090
2006
2337
2006
2337
2006
11010
6567
6680
6567
6090
7973
10326
2765
2006
11531
2033
2006
2006
10906
6680
6567
6567
6667
6090
8610
2768
2033
2033
2765
2033
2033
11502
1132
1132
1132
6667
6667
6090
1132
3090
6667
6667
3090
2768
2033
2033
3418
2033
8460
6870
7100
3418
8460
8460
1132
1132
3090
2768
3090
3090
2033
6870
3418
4978
3418
4978
4148
4148
1132
3090
730
5859
8910
8910
1462
1462
1462
1462
1462
585
730
2781
730
5885
5859
8608
1462
10157
982
1462
1462
5774
8002
6284
1243
585
730
730
730
4748
2781
2781
435
3671
3671
6565
982
982
5774
1243
982
982
3729
585
6684
6684
435
3671
3013
435
435
3671
3013
982
1409
435
982
982
1409
982
435
435
435
435
435
4683
4683
982
1409
982
4566
4566
4566
4566
4566
11025
13181
8381
3932
4173
9835
9835
5859
4566
4566
3512
5859
4566
11397
8381
11020
3932
4173
4173
3932
3932
1460
3619
9991
1460
8047
3512
5859
5859
293
4173
4173
2731
1805
1805
3932
4173
1805
3932
1460
3512
1460
1460
11468
2731
2560
293
3453
10735
6565
293
293
293
1805
4336
1460
2731
2644
3453
293
3453
293
293
293
293
2337
2337
2337
11025
6157
6854
13584
2337
2337
10076
2337
6680
8381
6157
6157
8381
6157
2013
6854
2013
6318
3619
3619
2013
6157
6157
3512
3512
6157
6157
3512
9135
2013
2013
2013
10401
5750
2766
2766
8402
3619
3512
8291
2731
3512
2731
2013
2766
2766
2766
2766
5750
8291
3512
2731
491
491
287
287
287
133
1455
1455
1871
1455
1455
1871
825
825
2187
825
308
2187
825
308
1597
1582
1582
3417
1455
1455
111
3417
3417
825
825
308
1871
5330
825
9928
308
5330
5330
1597
1597
111
111
3856
111
111
3585
3006
3006
111
1443
1443
308
3006
3006
4468
8674
9928
5747
4468
1597
1597
111
111
2456
111
1443
523
189
189
1443
1443
3006
189
4468
31
3006
4468
4468
2544
111
523
2456
31
189
31
189
560
189
560
2544
306
306
1871
491
1871
5091
2187
1130
402
133
306
306
1367
306
306
75
1871
1871
9969
1130
2187
402
402
133
7801
402
306
2948
1367
306
2948
75
1182
1182
270
402
402
75
8788
2544
402
402
2544
10606
2948
75
270
270
4400
75
1182
270
4400
3609
1182
1182
2544
402
2544
2544
270
75
270
776
270
776
3239
6951
1182
2544
2169
2169
2169
3376
3376
90
469
1303
798
9599
10016
8310
4955
3376
4955
4955
1694
4121
4121
1694
974
469
1303
2942
469
6734
89
798
8955
4955
11560
1694
580
4121
4121
11560
1694
4121
4121
2086
974
25
89
469
25
6793
6793
2942
2942
25
6004
6004
1043
7072
580
580
6620
2086
580
580
6620
580
25
89
25
25
6004
1043
3309
795
795
4817
3309
580
1923
795
580
580
1590
580
25
1043
795
795
795
795
7058
5948
580
1590
580
798
5056
9738
5520
6241
10519
6241
579
579
196
5056
5056
798
798
5056
579
9390
6241
579
579
6241
579
579
196
7005
1588
5056
11335
798
5056
5034
5034
798
798
579
579
579
196
5601
2085
7005
1588
2085
4000
11706
5034
11329
2532
5034
342
1941
1941
2532
8382
7072
1941
2085
1588
2085
2085
2532
342
2532
2532
1941
2532
1941
4617
1941
2085
163
163
92
92
92
92
163
163
486
163
163
486
163
2159
5038
2159
2159
4999
2159
4179
2135
4479
8802
3280
163
163
163
3280
3280
163
2159
4383
275
4999
2159
4383
4179
4999
4999
2727
2135
411
1154
4479
411
5109
5109
275
275
163
4383
4383
4179
275
275
4611
11345
6729
4628
4611
2727
1721
411
1154
411
411
5109
5109
3792
3776
3776
6080
275
275
4611
2727
275
4611
3581
1721
411
5109
3776
3776
3776
3776
7216
7216
275
3581
1721
486
1345
486
1345
486
92
5038
92
2135
819
13363
6337
1303
486
11429
92
486
486
5051
5051
5038
2135
5051
819
2135
2135
3376
7186
1303
3376
796
796
89
89
89
796
796
796
4628
2135
2135
9592
2135
2135
3376
796
1694
796
796
796
89
1694
6879
1350
89
89
3259
1350
4167
4167
796
796
1694
1350
1694
4119
3259
3259
89
3259
4381
4381
3906
3906
3906
198
577
3402
577
4395
4395
5099
4395
8297
6094
6094
2167
4968
3437
2167
198
3402
3402
577
577
3402
287
577
577
4395
3437
2167
577
4968
3437
3437
2167
4968
3926
3926
198
287
287
8816
287
287
9654
577
577
287
3437
3437
2167
2955
5714
345
3926
7292
981
345
3926
198
287
287
308
287
5097
2190
3009
308
5097
5097
3009
345
345
345
981
345
345
345
287
2190
308
877
308
877
3585
7504
345
345
345
195
5701
5099
9656
3906
3906
3906
3906
3906
1236
5701
5701
195
195
5701
1994
5099
3906
3906
9644
7995
3906
6766
1236
7995
198
5701
6557
195
5701
7305
1994
195
195
195
744
744
744
981
981
6766
6766
981
198
6603
1994
4967
744
744
744
1891
1891
744
744
2521
981
11767
198
981
2552
744
744
4967
744
1891
9469
1891
4493
981
2552
491
1362
491
1362
491
1157
5091
1157
1130
4443
1441
1441
8802
491
1441
816
491
491
9616
9616
1130
1130
9616
4443
1130
2890
816
816
8802
816
816
6465
1154
1154
75
6465
6465
3473
75
75
5366
6849
75
2890
816
816
7390
816
6465
3473
1154
7390
9407
6235
1154
75
4161
233
75
233
816
3473
7390
4179
7390
4179
9084
9084
75
233
1345
3362
2169
5737
4381
6000
5737
7239
6362
6362
2516
6362
2516
553
3134
1345
3362
6337
1345
5737
284
2169
13357
5737
2516
2516
1995
6362
2516
2516
553
9186
9186
4018
3134
92
284
1345
92
7318
11170
6010
6010
92
2516
2516
553
6010
1995
1995
11702
5029
1995
1995
4018
1995
92
284
92
92
7559
929
7186
2166
2166
929
6010
1995
4911
929
1995
1995
4731
1995
92
929
2166
929
2166
2166
8957
7576
1995
4731
1995
2169
6000
6000
6342
6342
5520
2169
2169
9656
2169
6000
6342
7460
6342
9644
6768
3556
5520
5520
5520
1994
2169
2169
196
1994
1994
4924
4924
6768
3556
4924
6768
6557
4581
196
1994
11335
196
196
4729
11335
2530
2530
196
4924
5874
196
196
196
196
196
2530
2530
2530
2530
1362
4381
4381
7239
1523
1362
3362
1362
9882
3362
4381
2167
4775
1523
2167
1523
1523
1157
1362
1157
9654
284
284
284
2167
2167
284
1523
1523
3406
1523
1523
1157
1157
1157
9654
9421
3473
5068
9717
284
284
3473
1523
7147
7147
1157
5068
5068
3473
5068
3473
3473
284
3473
1829
1829
1129
1129
1129
466
1829
1829
4393
1829
1829
4393
1829
10145
6155
7187
1790
6155
1790
649
1653
9086
11986
4334
1829
1829
384
8612
4649
1829
1790
1790
2879
7187
1790
1790
649
8164
8164
4307
1653
1226
3109
4334
1226
384
384
2879
2879
384
384
384
384
2879
2879
5246
5564
4307
5246
5246
10385
1653
1226
384
1226
384
384
384
5904
632
1202
392
2879
632
632
392
2879
5246
2627
2627
384
384
1202
392
632
1202
632
632
632
632
2627
631
1707
4393
8692
4393
1129
6155
1129
4035
634
631
1707
8612
631
8269
348
4393
4393
6676
12384
6155
4035
12384
634
4035
634
631
348
631
631
2453
2453
1126
1126
631
2453
2453
634
10582
2726
4035
634
2726
4035
6036
348
6036
965
2453
1056
1126
965
965
5583
1126
1126
2726
634
2726
2726
965
1056
965
965
965
965
4956
4956
1126
2726
340
340
340
575
575
194
2168
2100
340
4203
7608
340
1576
1576
3873
1576
1576
3873
1576
194
4065
3747
2100
2168
2168
4774
758
2168
2168
1576
1576
6834
340
11806
1576
3172
194
5642
10956
3172
4065
3747
4234
3747
3747
4234
758
1626
1626
339
339
339
110
1626
1626
4982
3172
3172
4982
4982
10956
4065
4234
758
4352
339
339
110
6867
4352
339
339
1626
1626
5937
339
1626
4982
4992
4982
339
110
4352
339
4352
8638
7238
3811
1626
3811
4982
340
964
4146
4146
374
374
374
374
374
1741
340
964
4063
340
4146
374
4063
374
374
4036
10579
374
4202
1741
3647
3647
340
5423
340
340
8356
4776
4063
4063
340
4202
4202
1741
2035
2035
3647
4202
2035
3647
3873
4776
3873
3873
10573
2755
7733
5642
7104
3666
7185
2035
5804
3647
2035
4803
3873
2755
5642
3666
5642
4065
7733
8539
2035
4803
4398
4398
2889
2889
2889
87
1552
4762
1552
4762
4762
4701
4762
5365
11087
6367
1283
2060
773
1283
87
4931
4931
1552
1552
4762
1283
1552
1552
4762
6367
1283
154
11625
773
5262
1283
2060
773
773
87
3181
4207
6152
3181
8042
9324
1552
1552
47
4870
4870
1283
6491
6491
47
773
5262
154
47
773
47
3181
4207
3181
3181
4870
2067
810
810
4870
4870
6491
47
47
47
154
47
47
47
3181
2067
7129
4870
810
8427
810
2145
47
47
47
1281
1281
1281
1281
1281
6730
6730
157
1835
157
4701
4398
6635
1281
1281
157
6635
1281
6272
157
1835
1835
6272
157
1835
4408
4701
3157
4701
4701
11817
2084
2966
2966
154
782
782
157
2966
1835
6977
6124
1835
4408
11087
2084
2060
782
782
273
154
154
782
782
2966
154
4697
458
4697
3499
782
273
2060
782
154
4858
154
458
154
458
2100
3655
3655
3655
575
575
575
575
575
2477
5640
5640
2100
2100
3655
575
2100
575
575
7180
6834
575
4301
2477
6516
194
2889
2889
9518
2889
2889
1554
2100
2100
575
4301
4301
1554
758
758
4301
4301
758
194
2889
1554
1283
1283
11950
1554
4207
1283
9027
5876
4207
758
8478
194
758
2026
1283
1554
1283
3235
1283
3235
8478
3529
758
2026
4398
4867
4659
4867
4659
6359
6359
2679
664
883
12955
4398
4398
4659
8702
4867
4659
5552
1452
6034
664
664
2679
5362
664
883
3109
4398
3109
3109
3157
3157
157
664
664
3111
11333
5362
664
664
1452
5362
4622
883
3109
157
157
6065
2084
157
6250
3772
3157
2084
8272
465
1452
8272
8272
1452
157
157
465
157
465
2084
4893
2084
4893
1452
2512
2512
6931
9600
2886
2886
2886
2886
2679
967
2512
2512
8702
2512
2512
2512
6931
2886
2886
7607
2679
2679
3653
967
2679
2846
2512
6109
10780
2512
10053
3882
3111
3111
1452
1580
1580
967
1452
1452
2846
3653
1452
2846
6850
3882
6850
1580
1580
1580
1554
1554
1580
1580
3111
1452
6625
1580
1452
3605
1580
1580
7180
1580
1554
8133
1554
2825
1452
2825
964
8692
1129
1129
1129
1707
964
964
1707
9600
1129
1129
6660
1129
7802
7607
967
348
964
348
348
964
964
348
1056
1056
3882
3882
7802
7459
3882
967
348
4036
348
1056
4776
4036
1056
1056
5423
3882
11004
967
3882
2360
348
4036
1056
4036
5436
4776
2755
3882
2360
2321
2321
1450
1450
1450
56
53
1797
173
4770
6240
4770
1450
1450
3601
1450
1450
3601
1450
538
56
1797
1797
53
53
1797
902
173
4770
1450
1450
6945
173
3644
1450
3657
538
3644
3644
56
56
1797
2194
53
1797
2194
902
53
53
53
328
328
328
2282
315
315
3657
3657
315
315
56
56
2194
902
1963
328
328
328
863
1963
328
328
863
315
4369
56
315
315
897
102
328
328
1963
328
1963
4666
10878
5208
315
897
102
173
5270
5459
5459
1004
1004
1004
1004
1004
2841
5270
5270
173
173
5270
1004
2870
1004
1004
6967
10510
1004
3248
2841
10294
354
3601
4829
173
3601
8568
1799
173
173
102
3248
3248
1799
1634
1634
3248
3248
1634
354
3601
1799
3601
1472
5206
1799
2282
102
1472
5206
2282
102
102
102
1634
3995
1472
1799
1472
1472
102
1472
102
102
102
102
1859
1859
1147
1147
1147
99
2239
3205
2239
5239
5239
2822
2933
2933
6444
2933
936
2302
873
936
99
3205
3205
2239
2239
3205
936
2239
2239
2933
2933
936
175
7721
873
10654
936
2302
873
873
99
3205
3164
6240
3205
11630
5721
2239
2239
54
2994
2994
936
3161
3161
54
873
8465
175
54
873
54
3535
3164
3535
2994
2994
1176
902
902
2994
2994
3161
54
54
54
175
54
54
54
2994
1176
7611
2994
902
9661
902
2363
54
54
54
934
934
934
934
934
4296
4296
176
695
176
2822
1859
3414
934
934
176
3414
934
2736
176
695
695
2736
176
695
1870
2822
3510
2822
2822
10695
2307
1253
1253
175
875
875
176
1253
695
7500
6081
695
1870
6444
2307
2302
875
875
307
175
175
875
875
1253
175
2773
520
2773
2773
875
307
2302
875
175
3416
175
520
175
520
7491
7491
5515
5515
5515
1068
2321
7496
2321
7496
7496
9820
7496
7427
13705
12518
4070
4155
1671
1671
1268
8778
8778
2321
2321
7496
1147
2321
2321
7496
8059
4070
858
6968
1671
1671
1671
4155
3202
1671
1268
1147
1147
10035
1147
1147
2241
2321
2321
858
1671
1671
1028
4299
858
858
1671
1671
858
858
3202
846
1147
1147
936
936
8412
1028
3164
936
9659
5829
3164
858
9818
1671
858
858
2267
846
936
1028
936
1900
936
1900
5721
9818
858
2267
846
2384
2384
9851
9851
9851
9919
10168
9797
3526
1638
2384
2384
5249
2384
2384
2384
5249
9851
10168
9797
4155
3526
5744
1638
3526
3526
2384
6820
12821
2384
5392
5392
4299
4299
846
2603
2603
1638
2524
846
3526
5744
846
3526
7436
5392
6967
2603
2603
2603
1799
1799
2603
2603
4299
846
846
846
846
846
2603
2603
6967
2603
1799
10686
1799
4321
846
846
1859
3734
3734
3734
2925
2925
2925
2735
211
1066
8410
1859
1859
5142
4464
3734
2925
8028
1785
2735
211
211
2735
2735
211
1066
1783
1859
1783
1783
1859
1859
176
211
211
1785
7230
2735
211
211
3203
2735
2188
1066
1783
176
176
2665
2307
176
2665
2665
3510
2307
5985
211
1785
7230
9707
1728
176
176
521
176
521
2307
5329
2307
5329
1728
4464
7491
7491
7491
7427
7395
7427
7395
4070
2683
7487
8760
4464
4464
7491
1144
7717
7427
10710
7534
4070
4070
10710
2683
4070
8072
1144
1144
4464
1144
1144
7881
1785
1785
1066
7881
7881
2683
2241
2241
8072
9067
2241
8072
1144
1144
8295
1066
7881
4111
1785
1066
1066
4111
1785
1785
3403
1028
2241
1028
1066
4111
1066
1066
1066
1066
3203
3403
1785
1028
1635
2734
11410
11410
5515
5515
5515
5251
5515
1068
2734
2734
1635
1635
2734
608
11742
5515
5515
5251
9797
5515
10502
1068
7588
1638
608
608
1635
608
608
3991
1635
1635
608
1731
1731
1068
5852
5852
7588
10353
5852
1638
608
608
5996
608
1731
1731
2278
2278
1731
1731
6820
2278
9679
1638
5852
3913
608
1731
5996
1731
2278
7990
2278
4217
2278
3913
1065
12335
7395
7395
5251
1065
4449
1065
10776
9556
7395
5251
7395
5251
5251
5995
1068
1065
1065
1065
3991
407
407
407
3991
3991
7282
4193
5995
1068
4193
5995
8388
8388
1636
3991
407
1636
1636
8091
407
407
4193
1068
4193
4193
1636
1636
1636
1636
1636
4880
4880
407
4193
114
114
114
201
201
201
114
350
114
114
350
114
114
3974
1624
1624
3974
1624
1624
709
1101
1539
1539
1027
114
1539
107
2652
114
114
5346
7235
114
1624
1624
3405
709
3724
3724
1101
1101
107
107
1027
107
107
826
1027
1027
107
1177
1177
709
210
4297
3724
3405
3405
4297
3724
1101
1101
107
107
3413
107
1177
826
8219
946
1177
1177
6593
946
946
946
210
4297
8567
1670
107
826
3413
1177
946
7031
946
946
946
946
1670
2368
4069
2368
4069
593
593
593
593
593
2474
2473
5627
2652
2368
5820
593
2368
593
593
2972
7834
593
2972
2474
10978
2474
2076
2076
2473
2076
2076
7863
210
210
210
2972
2972
1884
210
1784
4385
2474
1784
10978
2076
2076
1641
1641
7863
1884
3954
1641
10509
8790
210
210
1784
1784
1784
1784
1641
1884
1641
3877
1641
3877
3954
8029
210
1784
350
995
350
995
350
3667
3667
1629
1629
596
9349
3726
560
350
7432
995
350
350
1629
1629
3974
1629
1629
596
7235
709
1597
3917
560
1597
9497
6529
31
31
31
1629
1629
352
826
826
4467
3985
826
709
1597
3917
1597
1597
3007
352
31
523
3007
352
31
31
523
352
826
2189
1597
352
5336
352
523
5336
523
523
31
523
1287
1287
778
778
778
675
2584
2584
2599
11651
11651
2599
2073
2073
4882
2073
2073
4882
2073
675
2586
2584
2584
5627
2584
2584
201
6969
6969
2073
2073
6555
1550
4988
2073
6555
675
8681
9228
1325
2586
201
201
4069
201
201
2034
2376
2376
201
1122
1122
675
1550
2376
5491
8650
1325
7103
5491
2586
2586
201
201
5586
201
1122
1003
12292
3065
1122
1122
2376
2376
3816
1122
1550
5491
5491
3977
201
1003
3065
1122
3065
3065
3816
3816
2376
3816
3977
2599
1287
2599
1287
2599
9348
4882
6350
4882
6350
9830
12021
3249
2599
11794
1287
2599
2599
11213
6350
4882
4882
8055
6350
8681
3716
2622
2622
3249
2622
2622
11338
1550
1550
1550
6630
6630
6350
1550
3977
8055
8055
3977
3716
2622
2622
1756
1756
6630
6630
8357
1756
6630
6630
1550
1550
3977
3716
3977
3977
1756
6630
1756
4236
1756
4236
5437
5437
1550
3977
3245
6352
3245
3245
6961
3245
3245
778
12383
13330
778
8768
4454
860
2991
7501
6352
6553
3245
7501
778
6553
3245
3245
11247
9852
1898
12541
4454
5272
860
8768
4454
4454
2991
7501
6450
6951
7501
1897
1418
776
776
133
1897
1897
707
2069
6677
4454
4454
5272
1898
4454
4454
1898
7987
1418
3539
133
1897
707
776
133
133
4534
776
776
1831
133
1898
11019
11019
1898
133
707
133
133
133
133
1831
1831
776
1831
1898
1287
1287
1287
9348
6350
8147
11520
1287
1287
7096
1287
6350
8768
6350
6350
8768
6366
2606
8147
2606
6675
2069
2069
1287
6350
6350
1898
1898
7703
6366
1898
8614
2606
2606
1937
11338
7413
1937
1937
10104
2069
1898
10034
1937
1898
3685
1937
1937
1937
1937
1937
7413
10034
1898
3685
995
6961
778
778
778
995
3726
995
7516
6352
778
9496
778
778
6859
6526
675
995
995
995
2868
3726
3726
596
2129
2129
1418
707
6526
675
707
5118
8062
4805
596
2129
3917
596
596
2129
3917
707
707
596
707
707
596
596
596
596
596
5832
2935
707
707
646
646
382
382
382
151
770
770
2024
770
770
2024
770
1078
2769
1078
151
2769
1078
151
2266
2252
2252
4235
770
770
151
4235
4235
770
1078
151
2024
3155
1078
6821
151
3155
3155
2266
2266
171
171
4502
171
171
2021
3911
3911
148
756
756
151
3911
3911
3155
6821
6821
7411
3155
2266
2266
171
171
2003
171
756
262
148
148
756
756
3911
148
3026
51
3911
5681
5681
3524
171
262
2003
51
148
51
148
443
148
443
3524
149
149
2024
646
2024
6134
2769
1548
564
191
149
149
1755
149
149
108
2024
2024
6916
1548
2769
564
564
191
6783
564
149
2004
1755
149
2004
108
1595
1595
149
564
564
108
10345
3524
564
564
3524
11386
2004
108
365
365
4448
108
1595
365
5621
2055
1595
1595
3524
564
3524
3524
365
108
365
1029
365
1029
4076
8231
1595
3524
2753
2753
2753
4200
4200
121
624
1691
1051
6996
6996
10048
6022
4200
6022
6022
2355
5416
5416
2355
1410
624
1691
3859
624
6244
120
1051
10432
6022
11263
2355
855
5416
5416
10953
2355
5416
5416
2672
1410
36
120
624
36
8099
6751
3859
3859
36
4418
4418
1474
8334
855
855
8026
2672
855
855
8026
855
36
120
36
36
4418
1474
4141
1048
1048
4418
4141
855
2553
1048
855
855
2259
855
36
1474
1048
1048
1048
1048
6562
7553
855
2259
855
1051
6105
6358
6358
6358
9175
7768
854
854
298
6105
6105
1051
1051
6105
854
10689
6358
854
854
6471
854
854
298
6471
2257
6105
11929
1051
6105
6089
6089
1051
1051
854
854
854
298
7308
2671
8276
2257
2671
5326
12715
6089
12517
3513
6089
509
2569
2569
3513
6561
8334
2569
2671
2257
2671
2671
3513
509
3513
3513
2569
3513
2569
5789
2569
2671
218
218
123
123
123
123
218
218
641
218
218
641
218
2743
6091
2743
2743
3038
2743
4518
2720
3145
6790
4113
218
218
218
4113
4113
218
2743
4518
370
3038
2743
5608
4518
3038
3038
3681
2720
259
748
3145
259
6151
6151
370
370
218
5608
5608
2978
370
370
3038
12519
6237
5793
3038
3681
2015
259
748
259
259
6151
2978
5149
3129
3129
6520
370
370
5783
2015
370
5783
2015
2015
259
2978
3129
3129
3129
3129
6994
6974
370
2015
2015
641
1733
641
1733
641
123
4407
123
2720
1072
13865
7825
1691
641
10983
123
641
641
4407
6102
6091
2720
6102
1072
2720
2720
4200
8422
1691
4200
1049
1049
120
120
120
1049
1049
1049
5793
2720
2720
6993
2720
2720
4200
1049
2355
1049
1049
1049
120
2355
8170
1738
120
120
4092
1738
5452
5452
1049
1049
2355
1738
2355
4961
4092
4092
120
4092
3077
3077
3077
4652
4652
236
852
4221
852
3077
5616
3077
3077
10040
7662
7662
1776
6032
1776
1776
300
4221
4221
852
852
4221
382
852
852
3077
1776
1776
852
6032
1776
1776
1776
6032
5266
4278
300
382
382
8830
382
382
9339
852
852
151
1776
1776
1096
3171
7389
512
5266
4278
1417
512
5266
300
382
382
151
151
6140
1096
2021
151
6140
6140
3914
512
512
448
1417
512
512
512
151
1096
151
448
151
448
2021
4772
512
512
512
297
6211
6813
6211
6813
7982
8015
1801
668
668
6142
6473
297
297
6473
1801
297
6813
4372
1801
6031
668
668
668
6031
668
5248
5248
6142
5248
5248
10881
297
297
297
668
668
668
2525
2525
668
668
2525
10756
5248
5248
9846
5248
6271
1111
1417
1417
6271
6271
3171
1417
11208
300
2525
5698
5248
1111
8655
300
1417
300
1417
3532
1417
3532
646
753
646
1750
646
1256
6134
1256
1548
2923
753
753
6790
646
753
753
646
646
10857
10857
1548
1548
9445
2923
1548
3217
753
1069
6371
753
1069
4445
748
748
108
4445
4445
1853
108
108
3217
8143
108
3217
1069
1069
4518
1069
4445
1853
748
4518
10704
6307
748
108
3037
333
108
333
1069
1853
4518
4528
4518
4528
8565
8565
108
333
1733
4187
2753
7404
5606
7597
7404
8467
4652
7842
3497
4652
3497
833
2847
1733
4187
7825
1733
7404
379
2753
13103
7404
3497
3497
1802
7842
3497
3497
833
8546
8546
4483
2847
123
379
1733
123
4401
9336
7604
7604
123
3497
3497
833
7604
1802
1802
9016
6084
1802
1802
4483
1802
123
379
123
123
4878
1375
6356
2750
2750
1375
7604
1802
5981
1375
1802
1802
4329
1802
123
1375
2750
1375
2750
2750
6356
4908
1802
4329
1802
2753
6211
6211
7982
298
7597
2753
2753
6211
7271
6211
1801
5761
298
1801
298
298
4652
2753
4652
7828
2753
2753
298
1801
1801
8510
298
298
4327
298
298
4652
4652
4652
6355
5994
5994
6273
1956
11929
3511
3511
298
3511
3511
4652
6273
1956
5994
6273
5994
6470
3511
3511
1750
5606
5606
8467
2208
1750
4187
1750
6664
4187
5606
2751
4281
2208
2751
2208
2208
1256
1750
1256
10890
379
379
379
2751
2751
379
2208
2208
4225
2208
2208
1256
1256
1256
6214
10717
1853
6113
6214
379
379
1853
1853
8392
6665
1256
6113
6113
1853
6113
1853
1853
379
1853
2468
2468
1547
1547
1547
454
2468
2468
5614
2468
2468
5614
2468
7250
7702
8423
2442
7702
2442
922
1904
8567
8666
3036
2468
2468
549
6592
5811
2468
2442
2442
2998
8423
2442
2442
922
9956
9956
4716
1904
1101
2821
3036
1101
549
549
3036
3036
549
549
549
549
3800
2998
2998
4716
4716
2998
2998
12056
1904
1101
549
1101
549
549
549
7249
905
1363
556
3800
905
905
556
2998
2998
3597
1954
549
549
1363
556
905
1363
905
905
905
905
1954
904
2367
904
2367
904
515
7621
515
1401
1486
5614
9669
6592
904
9669
515
904
904
2000
2000
7621
1401
2000
1486
1401
1401
5614
1547
5614
5614
6657
11476
1545
1545
904
2000
2000
907
1545
1401
1401
4742
1401
1401
6657
1547
7702
5354
11476
907
9005
3680
5354
907
1545
1545
3680
907
6023
6023
5354
907
5354
907
3680
3073
3680
3680
1545
3680
507
507
507
850
850
296
2752
2686
507
4948
4948
507
2246
2246
5220
2246
2246
5220
2246
296
4350
4280
2686
2752
2752
4280
1011
2752
2752
2246
2246
8128
507
11226
2246
4015
296
7334
8668
4015
4350
4280
5501
5133
4280
5501
1011
2295
2295
506
506
506
170
2295
2295
6043
4015
4015
6043
6043
8668
4350
4825
1011
4698
506
506
170
8158
4698
506
506
2295
2295
6303
506
2295
6043
4950
4950
506
170
4698
506
4698
9081
8466
5164
2295
4950
4950
507
1400
5435
5435
539
539
539
539
539
2399
507
1400
3160
507
5435
539
3160
539
539
5355
11942
539
5478
2399
2101
2101
507
3297
507
507
10079
4282
3160
3160
507
5478
5478
2124
2624
2101
2101
5478
2101
2101
5220
3297
5220
5220
12155
2124
9701
7052
7052
2124
8421
2624
7453
2101
2624
5889
5220
2124
7052
2124
7052
4350
9701
10193
2624
5889
4298
4298
2823
2823
2823
118
2223
3201
2223
5860
5860
4298
5860
3216
12405
7847
1672
2649
1026
1672
118
3201
3201
2223
2223
3201
1672
2223
2223
5860
7847
1672
209
8849
1026
3019
1672
2649
1026
1026
118
3201
5483
7699
3201
9876
10637
2223
2223
66
3019
3019
1672
6504
7939
66
1026
3019
209
66
1026
66
4024
5483
4024
4024
5946
1919
1063
1063
5946
5946
6394
66
66
66
209
66
66
66
4024
1919
8379
5946
1063
10123
1063
2730
66
66
66
1670
1670
1670
1670
1670
6238
6238
212
2474
212
4298
4844
8029
1670
1670
212
8029
1670
6238
212
2474
2474
6899
212
2474
5629
4298
4006
4298
4298
11447
2049
3877
3877
209
1035
1035
212
3877
2474
6899
6327
2474
5629
12405
2049
2649
1035
1035
368
209
209
1035
1035
3877
209
5846
613
5846
1884
1035
368
2649
1035
209
4959
209
613
209
613
2110
2110
2110
2110
850
850
850
850
850
2840
7332
7332
2686
2110
2110
850
2686
850
850
8419
8128
850
5555
2840
4484
296
3216
3808
10790
3216
3808
2225
2686
2686
850
5555
5555
2225
1011
1011
4484
5555
1011
296
3216
2225
1672
1672
12879
2225
5483
1672
9007
7507
5483
1011
8848
296
1011
2615
1672
2225
1672
4072
1672
4072
10149
1919
1011
1919
4647
5943
4647
5943
4647
7839
7250
3639
935
454
11537
5619
4647
4647
10280
5943
4647
7250
766
7619
935
935
3639
3206
935
454
2821
5619
2821
2821
4006
4006
212
935
935
2823
11480
3206
935
935
766
3206
3206
454
2821
212
212
7644
2049
212
7777
3124
4006
2049
8663
620
766
10019
10019
766
212
212
620
212
620
2049
4833
2049
4833
766
3493
3493
8212
10849
3805
3805
3805
3805
2108
793
3493
3493
10280
3493
3493
3493
8212
3805
3805
4946
3639
2108
2108
793
3639
2108
3493
7048
8850
3493
7048
5228
2823
2823
766
2108
2108
793
766
766
2108
2108
766
3779
7048
5228
8144
2250
2250
1311
2225
2225
2250
2250
2823
766
7228
2047
766
2047
2250
1311
8419
2250
2225
9930
2225
3764
766
2047
1400
2367
515
515
515
10272
1400
1400
2367
1400
515
515
5355
515
1486
3316
1486
1547
10849
1547
1547
1400
1400
515
1486
1486
3297
3316
1486
1486
3316
3316
1547
4946
1547
6784
5228
4946
6784
4651
3297
3297
12374
1311
4282
3706
1547
4946
1403
4946
1403
5228
1311
3297
1311
245
245
140
140
140
140
245
245
716
245
245
716
245
3024
6576
3024
3024
5043
2432
2432
3001
2612
5867
4517
245
245
245
4014
4517
245
3024
5542
416
5043
2432
2432
2432
5043
5043
2432
3001
206
603
2612
206
6628
6628
416
416
206
2432
2432
1526
416
416
3970
2432
2432
3970
3970
7029
3001
206
603
206
206
6628
1526
10364
547
547
10650
416
416
5493
547
416
3970
6289
3970
206
1526
547
547
547
547
5493
5493
416
5493
3970
716
1922
716
1922
716
140
6576
140
3001
1193
3506
7379
1887
716
12469
140
716
716
6587
6587
6576
3001
6587
1193
3001
3001
3506
8936
1887
3506
939
939
137
137
137
939
939
939
6300
3001
3001
11300
3001
3001
4590
939
4590
939
939
939
137
4499
5598
1927
137
137
4499
1927
6300
7933
939
939
8786
1927
4499
8786
4499
4499
137
4499
721
721
426
426
426
223
721
1939
721
721
1939
721
721
606
6611
6611
606
1770
1770
3554
223
4240
4240
5867
721
4240
606
1082
721
721
7681
3554
126
1770
1770
7681
3554
1770
1770
4265
223
1190
1190
5867
1190
1190
4012
603
603
126
4012
4012
2403
1644
126
126
8137
8764
126
126
4265
126
1190
1190
5542
1190
4012
2403
603
3718
9877
2403
603
126
3718
387
126
126
387
126
1190
2403
5542
2403
3718
10195
3718
1526
126
387
126
1014
1014
1014
1014
1014
3050
3050
3050
655
3719
1944
4626
1082
1014
1014
1014
1082
1014
3050
10669
7766
655
9800
3719
655
655
1053
2709
1944
1053
10141
10141
1082
1082
252
8000
8000
3719
1644
655
655
3719
655
655
1053
2709
1053
1053
8000
5496
252
252
3480
8000
1644
252
6196
655
6196
6041
1053
5496
3098
3480
252
3480
252
733
252
733
6180
6180
6180
7061
7061
424
1922
4577
3034
12347
6180
9140
7061
8964
7061
7061
6412
7061
7061
6412
4058
1922
4577
7379
1922
8151
423
3034
12632
7061
10722
6412
2882
7061
7061
12648
6412
11128
11128
4846
4058
140
423
1922
140
5592
5929
7379
7379
140
5019
5019
4436
9642
2882
2882
12423
6572
2882
2882
4846
2646
140
423
140
140
5019
4436
5612
1621
3031
5019
8936
1621
1621
1621
2882
2882
6348
2646
140
4436
3031
3031
1621
3031
1621
1621
1621
1621
2646
1577
3876
9140
8301
8506
8506
8506
8506
8506
1623
1577
3876
3034
1577
11328
2881
3034
8506
8506
11319
12532
8506
11319
1623
8682
1623
1577
5035
1577
1577
2881
2881
3034
3034
1577
2881
2881
1127
6508
2646
8682
1623
2646
5504
5035
2881
3540
2881
2881
1127
9244
3540
13126
6346
9244
2646
2646
1623
2646
2646
2881
1127
3540
6346
3540
7430
4631
4631
2646
2646
1939
4610
6180
6191
6180
11472
8964
3032
3032
3032
1939
4610
4577
1939
12345
426
4577
6180
3032
3032
6412
3032
3032
3032
6412
4615
606
426
1939
606
5591
9552
423
423
423
3032
3032
3032
423
5929
13108
4615
5929
6780
606
426
606
606
10817
3053
11233
3554
3711
5799
423
423
6744
3711
5929
8915
606
3053
3554
3711
3554
3711
6744
6744
423
6744
2627
2713
2627
3555
2627
3516
10385
3261
1296
466
2713
2713
4626
2627
2713
1084
2627
2627
10220
3261
4307
1296
1296
466
4307
1296
1199
1199
4626
1199
1199
1084
2709
2709
392
1296
1296
466
392
392
1296
1296
392
8372
1199
1084
10669
1199
9374
783
2709
5496
7494
9374
2709
392
5496
1104
392
1104
1199
783
7494
7494
5496
7494
5496
5496
392
1104
4610
6619
5899
10570
3516
1653
3516
1653
3261
2287
6191
6619
4610
4610
12728
1653
5899
3516
9878
13662
3261
3261
12634
2287
3261
6982
6191
13016
4610
6191
5584
5584
426
426
426
3553
3553
1427
1084
1084
12029
7113
1084
6982
13016
5584
10601
3553
3553
1427
426
6618
3553
3553
426
426
5960
783
1084
783
3553
1427
8036
3553
6618
8036
6618
6618
426
783
3876
10570
1653
1653
634
6619
3876
3876
6619
11862
1653
1653
634
634
12308
634
1712
6619
3876
6619
5917
3876
3876
634
5917
5917
5088
634
12171
2287
634
1712
13708
12577
5917
5917
11216
1127
8680
9520
5088
1127
1127
1127
5583
10243
5917
8680
8680
1127
8680
1127
1127
1127
1127
4860
4860
3228
3228
3228
136
1217
2892
1217
4860
4860
6194
4860
10263
4427
10263
2956
2962
1161
136
414
8633
2892
1217
1217
4860
239
1217
1217
4860
2956
2956
240
11798
1161
2956
136
2962
1161
1161
414
4295
8562
8633
4295
239
239
1217
1217
239
239
239
77
3703
3379
1161
1161
6482
240
1161
1161
240
4295
239
4295
239
239
77
2802
2802
3415
696
3703
2802
5544
696
240
3379
6015
240
239
77
3415
696
2802
3415
2802
3646
2802
3646
240
3594
4640
3594
4640
2687
2687
2687
2687
279
1353
6194
10944
9623
3594
4640
2687
3594
2687
2687
3378
9246
279
3378
1353
279
279
4427
3228
6194
4427
8319
2710
3226
3226
240
3378
3378
1353
3226
279
279
3194
279
279
4427
2710
2962
2962
9239
2171
240
240
7099
5546
3226
240
3315
279
3315
3315
2962
2171
2962
4129
240
4129
240
698
240
698
781
781
781
1292
1292
232
557
781
690
6098
781
6098
1928
4589
1928
1928
4589
1928
1928
559
464
557
1534
690
557
7242
781
690
690
1928
12380
9341
41
1928
1928
10265
559
11660
6970
559
464
557
3292
557
557
2451
2451
41
41
41
2451
2451
559
41
41
780
6970
559
2078
780
6970
272
3292
2451
5570
2451
2451
940
2722
6198
6198
5578
41
41
780
559
41
780
780
272
2451
940
6198
2918
6198
2918
8194
3061
41
780
272
2712
2712
1888
1888
1888
79
76
2909
237
6039
6039
10763
1888
1888
4520
1888
1888
4520
1888
713
79
2909
2909
76
76
2909
1184
237
1718
1888
1888
2741
237
4547
1888
4561
713
4547
4547
79
79
2909
6299
76
2909
6299
1184
76
76
76
434
434
434
2936
420
420
4561
4561
420
420
79
79
6299
1184
2611
434
434
434
1148
2611
434
434
1148
420
10918
79
420
420
1179
139
434
434
2611
434
2611
5864
7426
6376
420
1179
139
237
2748
2748
2748
1292
1292
1292
1292
1292
4616
6430
6430
237
237
2748
1292
8492
1292
1292
7480
11660
1292
4616
4616
7963
464
4520
4149
237
4520
10833
3241
237
237
139
4616
4616
3241
2078
2078
4616
4616
2078
464
4520
3241
4520
1905
6374
3241
2936
139
1905
6374
2936
139
139
139
2078
4888
1905
3241
1905
1905
139
1905
139
139
139
139
781
2080
7188
7188
820
820
820
820
820
3409
781
2080
1534
781
7188
820
4306
820
820
7110
963
820
7241
3409
963
2508
781
4194
781
781
11901
2932
1534
1534
781
2916
2916
2916
7935
963
6824
7241
963
2508
4589
2932
4589
2916
2916
2916
7580
940
2916
2916
10231
940
940
940
7935
9425
2916
2916
7797
2916
940
7128
940
940
940
940
2712
2712
6017
6401
6017
8340
8520
1219
1158
640
2712
2712
2892
2712
2712
1067
2892
6017
8520
1219
7948
1158
2551
640
1158
1158
2712
8563
9317
2712
12768
1067
2892
2892
77
2551
2551
640
7393
77
1158
2551
77
1158
4452
1067
2741
2741
4677
1067
1184
1184
4677
4677
8562
77
77
77
77
77
2741
1067
2741
4677
1184
6088
1184
3011
77
77
3739
3739
3739
5139
5139
2979
8826
2979
8826
8826
7882
8826
8765
5521
9716
4958
4169
1722
2115
217
10742
11095
2979
2979
8826
2894
2979
2979
8826
9277
4958
377
8756
1722
2115
2115
4169
1722
1722
217
4264
4264
10742
4264
4264
2894
2979
2979
1067
2115
2115
1315
6937
1143
1143
1722
2115
377
1143
1722
217
4264
2894
1219
1219
7880
1315
1067
1067
7521
6918
8339
1067
2209
1722
377
1143
2209
377
1219
1315
1219
3094
1067
3094
1067
2737
1067
2209
377
3033
3033
3033
3033
3033
8413
8413
3567
3256
1518
7882
11144
6411
3033
3033
3033
13474
3033
5565
3567
7480
3256
3256
1518
7480
3256
5139
5139
6411
5139
5139
6095
4149
4149
377
2746
2746
1070
3241
3241
3256
3256
3241
10676
5139
5139
4169
2746
2746
1070
377
377
2746
2421
4149
377
1131
1062
3241
6954
2746
1070
4169
1376
377
1376
377
1062
377
1062
5755
5755
5755
5755
3746
3755
3746
3755
1353
4995
7722
7290
10944
5755
5755
3755
7520
3746
3824
9129
3746
1353
6008
4995
1353
1353
7722
8737
9000
7722
10313
8856
3228
3228
1353
6008
6008
3330
2710
1353
1353
4995
1353
1353
8765
8737
4958
4958
11814
3330
2894
2894
9291
7523
3228
2710
4814
1315
2710
4814
4958
3330
4958
5647
2894
5647
2894
1315
2710
1315
2080
3377
3377
3377
789
789
789
789
789
2174
2080
11974
2080
2080
3739
3377
789
7110
789
789
789
7110
4855
2174
2174
2174
2080
12424
2080
2932
6649
6649
789
2932
2932
6649
6649
2174
2174
7873
6413
2174
2174
1355
4194
3567
2932
2932
6095
3567
3738
5101
6649
6095
8884
1735
6413
11616
10297
1355
2932
3567
1735
3567
1735
6095
2083
6095
2083
1355
1352
1352
1352
9601
2081
4117
3739
1352
1352
3739
1352
9601
4855
2081
2081
4855
2081
1769
7290
1769
1769
3739
3739
1352
2081
2081
6413
4855
2081
2081
4855
9310
1769
3755
1769
5654
8737
5074
5074
5654
8737
6413
7109
1355
6413
1355
1769
5074
5074
5074
5074
7109
7109
6413
1355
153
153
153
266
266
266
153
455
153
153
455
153
153
4837
2051
2051
2689
2051
2051
1917
2062
1976
1976
1314
153
1976
145
3302
153
153
2689
2689
153
2051
2051
2689
1917
4630
4630
2062
2062
145
145
1314
145
145
2857
1314
1314
145
2689
2689
1187
278
3851
3851
4816
3962
3851
3851
2062
2062
145
145
8632
145
3016
1187
9455
1231
3016
3016
8928
1231
1231
1231
278
3851
7477
2114
145
1187
8632
3016
1231
8855
1231
1231
1231
1231
2114
1590
2690
3017
4957
768
768
768
768
768
1591
1590
2690
3302
1590
6906
768
3017
768
768
6723
9100
768
6710
1591
10342
1591
1590
3054
1590
1590
3054
5731
278
278
278
5731
5731
1591
278
3227
6710
1591
3227
10342
3054
3054
2086
2086
5731
2534
4817
2086
10224
10388
278
278
2688
1591
3227
3227
2086
2534
2086
4750
2086
4750
2688
2688
278
2688
3170
3170
2025
2025
2025
249
253
3696
736
6830
6830
7695
6488
6488
2025
6488
5803
2025
2856
1115
415
3696
3696
253
253
3696
3696
736
6429
6488
5803
5803
44
8210
2856
2856
1115
5263
10864
415
415
2507
5696
253
2507
5991
4504
253
253
150
1893
1893
1115
44
1881
1881
2856
2856
1881
1881
415
415
2507
4504
2507
1893
1893
1808
3107
150
1893
1893
3107
150
150
150
44
1881
4503
700
1893
1808
2012
1893
150
2012
150
150
150
150
700
455
1272
455
1272
455
4571
4571
2056
2056
771
11414
4632
736
455
8774
1272
455
455
2056
2056
4837
2056
2056
771
9245
1917
2025
4778
736
2025
10826
8117
44
44
44
2056
2056
457
2857
2857
7878
4849
2857
1917
2025
4778
2025
2025
8538
457
44
700
6493
457
44
44
700
457
2857
3195
2025
457
5263
457
700
5231
700
700
44
700
3170
3170
7655
7655
1103
2826
1103
2826
1103
386
3170
3170
4277
3170
3170
1764
4277
1103
5988
4529
1103
1103
8691
386
4491
386
3170
5497
7270
3170
1764
1764
4277
4277
413
1764
1764
386
4348
413
4491
386
413
2435
9071
1764
6295
1764
1764
653
4504
4504
11239
4250
4348
413
413
386
413
413
1764
653
6295
4250
4504
10435
4504
1808
413
413
3253
3253
2828
2828
2828
3253
4144
3253
3253
4144
3253
3253
10110
7419
9194
9278
2511
9194
2631
2511
10266
12986
4617
3253
10217
3273
6005
3253
3253
10110
9278
974
9194
9194
9272
2631
2511
11405
4620
2511
3273
3273
4617
3273
3273
12123
974
974
974
9272
9272
2631
974
974
4841
9272
7960
5950
4841
4620
2511
3273
3273
1588
1588
10027
4040
9571
1588
10027
4040
974
974
4841
342
974
4841
4841
3872
1588
4040
1588
3897
1588
3897
5257
342
974
342
3872
2690
3211
13360
13623
4779
4779
4779
4779
2511
2079
3211
3211
2690
2690
3211
266
8965
4779
4779
12908
2511
2511
12908
2079
2511
3214
266
266
2690
266
266
5947
2690
2690
266
3252
3252
1291
3025
2511
12665
3530
2511
3214
266
266
6723
266
3252
1291
12120
2534
3252
3252
3025
2534
2534
2534
6623
6623
266
1291
3460
3252
2534
3460
2534
2534
2534
2534
2509
2509
4144
6832
4144
13199
13199
10724
5906
3858
2509
2509
9397
2509
2509
2502
4144
4144
11302
10724
9278
5906
6006
3858
5906
5906
2509
2681
8280
2509
6204
2502
3258
3258
2509
6006
6006
2502
8105
5906
5906
6006
5906
5906
2740
2502
2740
2740
6204
2502
3258
4618
8285
4588
3258
3258
4618
4588
10381
9845
2740
2502
5692
4588
4618
8285
4618
4618
3258
4618
1272
5265
11511
5265
2828
2828
2828
2828
2828
1145
1272
4632
1272
8840
7936
10624
2828
7779
1855
2828
2828
8772
11145
9065
2079
1145
1272
1272
1272
5204
4632
4632
771
2657
2657
6087
1855
1855
8772
2079
1855
1855
2444
1145
5204
7845
771
2657
4778
771
771
2657
4778
1855
2805
771
1855
1855
2805
1855
771
771
771
771
771
6921
5646
1855
2805
1855
5265
5265
5265
12361
6432
12707
7936
5265
6832
5265
5265
10724
12361
6432
6589
6432
6432
2681
12818
2681
2502
5497
5497
653
2502
2502
3102
3102
6432
6589
3102
6432
2681
2826
2502
2502
4457
653
6175
5686
5497
653
653
653
3102
3770
2502
4529
5686
653
6175
653
653
653
653
3125
3125
1989
1989
1989
361
3125
3125
6750
3125
3125
6750
3125
7320
8987
7320
3092
5964
3092
1204
2647
7912
12451
6712
3125
3125
724
11407
6895
3125
3092
3092
4714
9636
3092
3092
1204
5964
9954
6696
2647
2062
4859
6712
2062
724
724
4714
4714
724
724
724
724
4714
4714
4059
7474
6696
8208
4059
13007
1666
2062
724
2062
724
724
724
8855
1187
2039
732
4714
1187
1187
732
4714
4059
4059
1666
724
724
2039
732
1187
2039
1187
1187
1187
1187
1666
1186
3015
1186
3015
1186
691
1657
691
1657
1920
6750
11439
11407
1186
7634
691
1186
1186
1657
4356
8913
1657
4356
1920
1838
1838
5933
1989
6750
5933
5933
1680
1986
1986
1186
4356
4356
1189
1986
1838
1838
5673
1838
1838
5933
1680
5964
5933
12447
1189
8208
4583
6509
1189
1986
1986
4583
1189
7130
7130
5933
1189
5964
1189
4583
2647
4583
4583
1986
4583
683
683
683
1135
1135
3394
3333
683
6608
9826
683
2900
2900
6388
2900
2900
6388
2900
403
5328
3581
3333
3394
3394
6984
1298
3394
3394
2900
2900
4164
683
12265
2900
4164
403
8679
13178
4904
5328
2727
6066
3581
2727
6636
1298
2949
2949
682
682
682
234
2949
2949
7150
4904
4904
7150
7150
7381
5328
2727
1298
2727
682
682
234
9409
5238
682
682
2949
2949
5238
682
2949
7150
7157
7150
682
234
6729
682
5238
11425
5238
5238
2949
5238
7150
683
1837
2634
3673
714
714
714
714
714
3047
683
1837
5571
683
6570
714
2634
714
714
6510
10078
714
6607
3047
3521
3521
683
7402
683
683
9819
6986
5571
5571
683
6607
6607
3047
3275
3275
3521
6607
3275
3521
6388
6986
6388
6388
9819
4607
7498
7498
9575
5219
9634
3275
8793
3521
3275
7010
6388
4607
8679
5219
7498
5573
7498
9810
3275
7010
1682
1682
1682
2670
2670
159
1721
1721
1043
6980
6980
6936
5999
2670
3455
5999
2116
3299
1313
2116
159
1721
1721
2876
1721
1721
1721
1043
2876
5999
8362
2116
277
5999
1313
5179
2116
3299
1313
1313
159
1721
6612
8984
1721
5976
5976
2876
2876
90
5179
5179
2116
5567
9153
90
1313
5179
277
90
1313
90
4913
5976
4913
4913
5976
3306
1350
1350
5398
7065
4119
90
90
90
277
90
90
90
4913
3306
5398
5398
1350
5398
1350
3373
90
90
90
1043
2114
2114
2114
2114
5678
5678
280
1591
280
4090
4090
1043
1043
2114
280
9247
2114
5678
280
1591
1591
6048
280
1591
3902
3455
4896
1043
3455
12261
1714
1043
1043
277
1322
1322
280
4750
1591
6048
6048
1591
3902
3455
1714
3299
1322
1322
478
277
277
1322
1322
4750
277
6935
794
6935
5172
1322
478
3299
1322
277
7054
277
794
277
794
3333
5165
5165
5165
2670
4721
2670
214
214
214
5247
5247
3333
3333
5165
214
11870
2670
214
214
2116
214
214
214
2116
628
1135
1135
3333
1135
1135
2697
3333
3333
214
214
214
121
6612
2116
8214
628
2116
4960
1135
1135
9385
1135
2697
121
1298
1298
1719
6018
6066
1298
10798
403
11346
6218
1135
121
1719
403
1298
403
1298
3266
1298
3266
4413
1682
4413
8213
7062
9749
4718
5967
4718
4718
3672
4718
3672
375
1840
11449
1682
4413
4413
8213
633
4413
4413
4718
3672
3672
4413
4718
3672
3672
375
9825
5245
4684
1840
4861
4861
12260
4861
633
633
4413
4413
633
633
633
375
8951
10494
2903
4684
4684
6392
2903
5245
1840
4861
633
2878
633
633
633
9395
1047
8321
1710
9395
1047
1047
1047
6392
2903
2903
2903
633
633
2878
1710
1047
4670
1047
1047
1047
1047
2903
1837
3015
691
691
691
11439
1837
1837
3015
1837
691
691
2254
691
1920
4053
1920
1989
11917
1989
1680
1837
1837
691
1680
1680
6986
4053
1920
1920
4053
4053
1989
7775
1680
1680
6392
6392
7903
4087
7402
6392
10599
1840
6986
4607
1680
9825
1840
6392
1840
6392
3515
6392
3515
1682
4061
4061
9104
1218
12451
1682
1682
4061
1682
4061
5352
8911
1218
1218
1487
1218
4859
6755
4859
4859
1682
1682
280
1218
1218
10668
1487
1218
1218
1487
1487
4859
280
280
8930
1714
280
9046
5311
4896
1714
9905
801
10074
10074
280
280
801
280
801
1714
4154
1714
4154
174
174
174
303
303
303
174
517
174
174
517
174
174
3183
2293
2293
3183
2293
2293
800
1119
1241
1241
1117
174
1241
84
2861
174
174
3183
8463
174
2293
2293
4224
800
5114
5114
1119
1119
84
84
1117
84
84
1079
1117
1117
84
1320
1320
477
312
4355
4355
4224
4224
4355
4355
1119
1119
84
84
4232
84
1320
477
8637
1382
1320
1320
5006
1382
1382
1119
312
4355
8642
1814
84
477
4232
1320
1382
4818
1382
1382
1382
1382
1814
1321
3317
1321
3317
868
868
868
868
868
3457
3456
7321
2861
1321
7466
868
1321
868
868
3883
6853
868
3883
3457
11037
3457
1360
1360
3456
1360
1360
9579
312
312
312
3883
3883
2518
312
1814
4734
3457
1814
9591
1360
1360
1836
1360
9674
2518
5285
1836
9375
9674
312
312
1814
1814
1814
1814
1360
2518
1836
4409
1836
4409
5285
9866
312
1814
443
1431
517
1431
517
2125
2125
2125
2125
871
9142
5115
443
443
4602
1431
517
517
2125
2298
5302
2125
2298
871
8463
800
2266
5258
443
2266
10777
4965
51
51
51
2298
2298
519
1079
1079
5680
5313
1079
800
2266
4965
2266
2266
3912
519
51
262
3165
519
51
51
262
262
1079
2771
2266
519
3165
519
262
3165
262
262
51
262
1676
1676
1031
1031
1031
3317
3559
3573
12681
12681
3573
2662
2662
5958
2662
2662
5958
2662
943
2186
3317
3559
5082
3317
3559
303
5082
5082
2662
2662
7980
1329
6049
2662
7980
943
9132
10564
1713
2186
303
303
3317
303
303
2623
1329
1329
303
1541
1541
943
1329
1329
3400
10253
1713
7051
3400
3561
2186
303
303
4745
303
1541
1437
9579
3959
1541
1541
1329
1329
3400
1541
1329
3400
3400
3400
303
1437
3959
1541
3959
3959
5168
5168
1329
3400
3400
2183
1676
6546
8758
3074
3592
3074
3592
2412
7160
3573
1676
2183
2183
10911
1676
2183
3074
3592
11649
2412
2412
7232
7160
2412
5503
3573
10659
3573
3573
11456
7830
2183
2183
2183
7232
7232
5037
10080
2412
7232
7232
2412
5503
5958
7830
5958
5958
9578
5037
2221
5305
9578
9578
2221
2221
3318
2186
3318
3318
5958
5037
9132
2186
5305
2186
5305
5305
2221
3318
4082
4761
4082
4082
8241
4082
4082
1031
11475
12884
1031
7132
3030
424
3346
4761
4761
7978
4082
4761
717
7978
4082
4082
11470
6585
2531
11727
3030
3030
424
7132
3346
3030
3346
4761
7914
8231
4761
1998
717
1029
1029
191
1998
1998
424
2658
6658
3346
3030
3030
2531
3346
3346
2146
9839
717
1931
191
1998
717
1029
191
191
4242
1029
1029
2470
191
2531
11070
9443
2146
191
717
191
191
191
191
2055
2470
1029
2470
2146
1676
8758
3580
3580
2184
1676
12584
1676
1676
9942
3580
6343
3580
2184
8898
2184
2184
1676
8353
1676
7830
2658
2658
1676
7830
7830
4570
2184
2184
7160
2184
2184
10659
7132
7132
7830
2531
2531
9678
7846
2658
2531
7020
2146
4570
7020
7132
7132
7846
2531
8684
2531
2146
2531
2146
1431
8241
1031
1031
1031
1431
5115
1431
4796
7832
1031
8486
1031
1031
4600
6585
943
1431
1431
1431
3789
5115
5115
717
2715
2715
717
717
4600
943
717
2784
9891
5891
871
2715
4965
871
871
2715
5258
717
973
871
717
973
871
871
871
871
871
4965
3852
717
973
3704
3704
3704
4668
4668
181
897
2352
1482
8267
8267
7042
6489
4668
6489
6489
1306
3289
3289
1306
708
897
2352
5208
897
7771
180
1482
8665
6489
12490
1306
419
3289
3289
12346
1306
3289
3289
3632
708
56
180
897
56
9920
6257
4666
4666
56
4936
4936
790
9037
419
419
9864
3632
419
419
7034
419
56
180
56
56
4936
790
4666
1479
1479
4936
4666
419
3533
1175
419
419
1175
419
56
790
1479
1479
1479
1479
7984
4872
419
1175
419
1482
4254
6687
6687
6687
12865
13634
4533
1899
242
7838
4254
1482
1482
6687
418
1482
6687
4533
4533
13319
1899
4533
242
1899
1899
6389
9161
11164
6389
418
418
1482
1482
418
418
418
138
3545
1899
1899
7133
1899
1899
6389
418
6389
418
418
138
4375
3631
8821
1173
9037
3545
3631
1173
3545
7440
418
138
7932
1173
3631
3151
3631
3631
3545
3631
320
320
183
183
183
183
320
320
914
320
320
914
320
3695
7659
3695
3695
3937
3695
3353
2142
3995
8097
5409
320
320
320
5409
5409
320
3695
5715
535
3937
3695
6673
3353
3937
3937
2142
2142
354
1002
3995
354
7698
7698
535
535
320
5025
5025
3353
535
535
3937
13568
6285
7124
3937
2142
1333
354
1002
354
354
5025
3888
2871
2841
2841
5025
535
535
7434
2142
535
7124
2608
1333
354
3888
2841
2841
2841
2841
8265
6897
535
2608
1333
914
2391
914
2391
914
183
5628
183
3676
1502
12976
9735
2352
914
11488
183
914
914
5628
7668
7659
3676
7668
1502
3676
3676
4668
6328
2352
4668
1480
1480
180
180
180
1480
1480
1480
6325
3340
3676
8264
3340
3676
4668
1480
1306
1306
1480
1480
180
1306
9665
2396
180
180
3340
2396
3340
3340
1306
1480
1306
2396
1306
3287
5389
5389
180
3340
2407
4549
1007
5466
5466
1007
544
544
1499
544
544
1499
544
656
2491
6671
4549
2407
2407
5466
544
2407
2407
544
544
10647
1007
12225
544
6496
656
5660
2491
2491
2491
6671
8634
8052
6671
5545
1882
1645
1645
544
1093
1093
388
1645
1645
2491
2491
6496
8916
2491
2491
2491
7029
1882
3702
1093
1093
388
11224
3702
1093
1093
1645
1645
7678
1093
1645
7678
7126
3840
1093
388
3702
1093
3702
5494
7752
7752
1645
7126
3840
919
1007
1007
1499
1499
8097
919
919
7851
1007
1007
5715
1499
1499
5715
5660
3353
1002
919
1002
1002
919
919
168
5715
5715
12307
5660
9539
3353
5660
6727
1002
168
168
8616
2219
168
3334
8616
7691
2219
4056
500
10737
9938
168
168
500
168
500
2219
4056
2219
4056
3704
3704
3704
3704
3704
4943
11055
2450
1896
2450
4932
4932
4254
3704
3704
2450
4254
3704
7591
2450
10175
1896
4784
2450
1896
1896
4932
5814
7749
4932
5814
10198
4254
4254
138
4784
4784
2450
7424
138
1896
4784
138
1896
5814
5814
6501
5814
7793
3175
1927
1927
7793
7793
9120
138
138
138
138
138
5814
3175
7835
2581
1927
2581
1927
4587
138
138
2391
2391
183
183
183
9735
4549
2391
2391
4549
183
183
5622
183
3701
5954
656
4943
13128
4943
6328
4549
4549
183
3701
3701
1882
1882
3701
3701
1882
656
4943
2450
2450
7836
8620
2450
7579
5978
8620
1882
10467
656
1882
4506
2450
2450
5576
2450
5576
10198
3175
1882
3175
3451
3451
2218
2218
2218
479
476
1319
7313
7313
10898
7313
7082
2218
7082
7082
2218
6873
3193
479
1264
476
1319
8006
476
6998
248
8006
7313
7082
8046
11026
3903
7082
3193
11026
479
6873
3193
479
1264
476
248
476
476
1807
1807
2217
2217
476
1807
1807
479
5157
9249
2141
3193
479
3903
2141
3193
1264
4973
248
4973
699
1807
803
2217
699
699
4342
2217
2141
2141
479
3903
2141
2141
2038
699
803
699
699
699
699
6490
6490
2141
2141
2038
3451
3451
3451
3451
3451
8474
10119
1984
1984
740
8642
10261
3936
3451
3451
829
7457
3451
1984
1984
6873
1984
1984
740
6873
4312
1119
2863
3936
1119
829
829
3936
3936
477
829
829
439
3903
3903
4312
4312
3903
8877
1119
829
1119
829
829
439
4818
477
1751
439
4818
477
477
439
3903
2038
829
439
1751
439
477
1751
477
477
477
477
4357
4357
2865
2865
2865
178
1134
1134
4042
7502
4357
7502
7502
13523
4055
9741
3614
2333
1458
178
2333
1134
1134
4042
1134
1134
311
4042
4042
7502
10370
3614
2333
9741
1458
1458
178
2333
3922
1458
2333
1134
6163
5110
1134
8719
311
4042
4042
101
101
101
101
3387
6652
3922
1458
1458
11210
3922
3922
2333
7032
311
1493
101
101
101
5344
1493
101
101
5344
5344
6495
101
3387
6495
6495
2549
101
101
1493
101
1493
3684
7191
7191
5344
6495
2549
2696
2696
4425
4425
4055
5161
4055
1136
2333
1136
2696
2696
3646
2696
2696
414
9673
4055
5161
1136
2333
2333
13229
1136
2333
4505
414
414
3646
414
414
6801
3387
3387
414
4414
4414
1136
3387
2333
10458
4786
2333
4505
414
414
6482
414
4414
1839
696
696
4414
4414
3387
696
7256
136
7256
2549
414
1839
5695
136
696
136
696
1873
696
1873
2331
2331
2331
2331
2331
6309
6309
314
3457
314
4357
5925
9866
2331
2331
314
9866
2331
6309
314
3457
3457
6767
314
3457
5079
4357
5332
4357
4357
11000
2638
4409
4409
311
1466
1466
314
4409
3457
8186
5079
3457
7323
13523
2638
3614
1466
1466
533
311
311
1466
1466
4409
311
5111
887
5111
2518
1466
533
3614
1466
311
6026
311
887
311
887
1878
7552
1878
9980
7552
11097
5160
9739
5160
5160
2093
5160
2093
609
701
11992
11992
1878
1878
9980
1019
1878
1878
5160
2093
2093
1878
5160
2093
2093
609
6013
2694
2694
701
2865
2865
9500
2865
1019
1019
1878
1878
1019
1019
1019
609
5060
8316
1165
2694
3133
2971
1165
2694
701
2865
1019
1136
1019
1019
1019
8722
1136
8456
2636
8316
1165
1165
1165
2971
1165
1165
1165
1019
1019
1136
2636
1136
2901
6839
6839
1165
1165
1165
698
11990
2218
2218
2218
1319
698
698
1319
9401
2218
2218
6013
2218
6292
6013
701
248
698
248
248
698
698
248
803
803
2971
2971
6292
5813
2971
701
248
3194
248
803
4129
3194
803
803
4129
2971
11452
701
2971
1699
248
3194
803
3194
4147
5546
2171
2971
1699
5809
5809
5809
8474
740
12596
7315
5809
5809
7552
5809
4289
4970
740
740
4046
740
2863
7315
2863
2863
5332
5332
314
740
740
12558
4046
740
740
4046
4046
2863
314
314
5008
2638
314
6741
2835
5332
2638
7001
740
7001
7001
314
314
893
314
893
2638
5916
2638
5916
986
986
587
587
587
325
986
2567
986
986
2567
986
986
880
8020
8020
880
2426
2426
1952
325
5507
5507
7504
986
5507
880
1512
986
986
5072
1952
186
2426
2426
5072
1952
2426
2426
5529
325
1602
1602
7504
1602
1602
2953
877
877
186
2953
2953
1357
2311
186
186
9932
9622
186
186
5529
186
1602
1602
7292
1602
2953
1357
877
2190
6653
1357
877
186
2190
552
186
186
552
186
1602
1357
7292
1357
2190
11933
2190
2190
186
552
186
1447
1447
1447
1447
1447
3948
3948
3948
928
2192
2189
5096
1512
1447
1447
1447
1512
1447
3948
9157
9179
928
6461
2192
928
928
709
1901
2189
709
7243
7243
1512
1512
352
6461
6461
2192
2311
928
928
2192
928
928
709
1901
709
709
7243
3410
352
352
1860
9492
2311
352
6863
928
7735
7625
709
3410
1860
1860
352
1860
352
998
352
998
7723
7723
7723
8328
8328
2552
5757
3310
12902
7723
8618
8328
10438
8328
8328
7885
8328
8328
6287
4525
2552
5757
4493
2552
7074
584
3310
11358
8328
12229
7885
3136
8328
8328
13604
6287
12429
12429
4525
4525
198
584
2552
198
7300
7544
4493
4493
198
6075
6075
4339
10879
3136
3136
13531
7991
3136
3136
4525
3136
198
584
198
198
6075
4339
7312
2290
3132
6075
9469
2290
2290
2290
3136
3136
6774
3136
198
4339
3132
3132
2290
3132
2290
2290
2290
2290
3136
2247
5223
8618
10042
8618
10173
10173
10173
9133
2292
2247
5223
3310
2247
9307
3802
3310
8618
10173
11195
13456
9133
11272
2292
9133
2292
2247
4546
2247
2247
3802
3802
3310
3310
1932
3802
3802
1546
7949
3611
9133
2292
3611
7258
4546
3802
1932
1932
3802
1546
10577
1932
13772
6375
10577
3611
3611
2292
3611
3611
1932
1546
1932
4595
1932
4595
5796
5796
3611
3611
2567
5782
7723
7730
7723
11021
10438
3933
3933
3933
2567
5782
5757
2567
11769
587
5757
7723
3933
3933
7885
3933
3933
3933
7885
5787
880
587
2567
880
7299
10815
584
584
584
3933
3933
3933
584
7544
13226
5787
7544
6287
880
587
880
880
11027
3951
9049
1952
2178
7449
584
584
4523
2178
7544
10407
880
3951
1952
2178
1952
2178
4523
4523
584
4523
1954
1954
1954
1954
1954
1904
11364
1904
1684
621
3669
3669
5096
1954
1954
1514
3597
1954
9102
4094
5561
1684
1684
621
5561
1684
1610
1610
5096
1610
1610
1514
1901
1901
556
1684
1684
621
556
556
1684
1684
556
7222
1610
1514
11174
1610
8872
1036
1901
3410
4752
6445
1901
556
3410
1531
556
1531
1610
1036
4752
4752
3410
4752
3410
3410
556
1531
5782
8025
7730
8025
7730
13740
11907
4641
1951
726
7530
12152
5782
5782
13643
2318
5782
7730
4743
4641
9305
1951
1951
726
9305
1951
1904
2318
7530
1904
6655
11790
587
587
587
1951
1951
726
587
7220
1951
1951
7220
8628
1904
2318
1904
1904
11360
1208
1514
1514
8780
8363
587
587
7220
1036
7220
7220
1904
1208
4094
8254
1514
8254
1514
1036
587
1036
5223
8025
8025
14115
4641
5223
12152
5223
5223
8025
8025
11195
4641
4641
8711
4641
8711
5223
11264
5223
11368
2318
2318
907
1546
1546
2318
4641
8711
8711
4641
9002
6131
4742
1546
1546
907
907
1546
1546
2318
907
9304
1208
9618
1208
1546
4742
1546
907
9144
907
2371
907
1208
3668
3668
2522
2522
2522
112
109
337
3826
7624
9612
7624
2522
5717
2522
2522
5717
2522
2522
112
978
109
337
3826
109
2377
337
3826
3826
2522
5735
5735
1234
2522
2522
5735
112
3693
4724
112
978
109
3853
109
109
581
581
3826
3826
109
581
581
112
5098
5098
595
4724
112
1234
595
4724
595
1566
581
1566
581
581
197
3584
3584
9248
1592
5098
595
595
112
1234
595
595
595
581
197
4584
1592
3584
7856
3584
5040
595
595
595
3668
3668
4992
7874
4992
6213
6213
1628
1257
913
3668
3668
3811
3668
3668
1497
3811
4992
6213
1628
9815
1257
3531
913
1257
1257
3668
8639
10632
3668
11904
1497
3811
3811
110
3531
3531
913
4522
110
1257
3531
110
1257
5667
1497
3693
3693
5827
1497
1234
1234
5827
5827
8638
110
110
110
110
110
3693
1497
3693
5827
1234
7657
1234
3128
110
110
1034
1034
1034
1681
1681
332
440
1034
958
7666
1034
7666
2557
5768
2557
2557
5768
2557
2557
442
619
440
1233
958
440
4287
1034
958
958
2557
11466
10652
61
2557
2557
11466
442
9057
8247
442
619
440
4124
440
440
1996
1996
61
61
61
1996
1996
442
61
61
1033
8247
442
2666
1033
8247
367
4124
1996
4722
1996
1996
745
3678
7737
7737
4733
61
61
1033
442
61
1033
1033
367
1996
745
7737
3835
7737
3835
9034
3955
61
1033
367
337
3700
3700
3700
1681
1681
1681
1681
1681
4685
7900
7900
337
337
3700
1681
8526
1681
1681
4685
9057
1681
5788
4685
9057
619
5717
5438
337
5717
11585
4078
337
337
197
5788
5788
3099
2666
2666
5788
5788
2666
619
5717
4078
5717
2536
7854
3099
1924
197
2536
7854
3853
197
197
197
2666
5962
2536
3099
2536
2536
197
2536
197
197
197
197
1034
2668
8424
8424
1073
1073
1073
1073
1073
4228
1034
2668
1233
1034
8424
1073
5560
1073
1073
8361
1399
1073
8468
4228
1399
2017
1034
5473
1034
1034
12845
3849
1233
1233
745
3833
3833
3833
6812
1399
4285
8468
1399
2017
5768
3849
5768
3833
3833
3833
4912
745
3833
3833
8923
745
745
745
6812
10719
3833
3833
6772
3833
745
6772
745
745
745
745
4276
4276
2808
2808
2808
3889
9273
3889
10363
9273
9768
6212
10331
6212
6212
6025
5454
2381
2701
319
9507
12411
3889
3889
10363
3813
3889
3889
6212
10602
6025
542
6212
2381
2701
2701
5454
2381
2381
319
5528
5528
9507
5528
5528
3813
3889
3889
1094
2701
2701
1703
8218
1561
1094
2381
2701
542
1094
2381
319
5528
3813
1628
1628
9766
1703
1497
1497
4804
8202
8639
1094
1094
1094
542
1094
1094
542
1628
1703
1628
3981
1497
3981
1497
3690
1094
1094
542
3934
3934
3934
3934
3934
10114
10114
1971
3207
1971
9768
12442
7884
3934
3934
1971
13476
3934
4717
1971
4685
3207
3207
1971
4685
3207
2808
2808
7884
2808
2808
7663
5438
5438
542
3207
3207
1221
4078
4078
3207
3207
4078
9055
2808
2808
5454
2808
3698
1221
542
542
3698
3427
5438
542
1549
657
4078
8234
2808
1221
5454
657
542
657
542
1492
542
1492
4803
4276
4803
7418
4803
3166
5132
3166
1741
6053
9273
4276
8539
4803
7418
3166
4803
4803
5176
8606
5132
1741
7603
6053
1741
1741
9273
10305
9273
9273
12013
10374
4065
4065
1741
7603
7603
4157
3666
1741
1741
6053
1741
1741
10331
10305
6025
6025
12790
4157
3813
3813
10614
4806
4065
3666
5900
1703
3666
5900
6025
4157
6025
4806
3813
7339
3813
1703
3666
1703
2668
4201
4201
4201
1042
1042
1042
1042
1042
2757
2668
8537
2668
2668
5126
4201
1042
8361
1042
1042
1042
8361
4947
2757
2757
2757
2668
13104
2668
3849
6900
6900
1042
3849
3849
6900
6900
2757
2757
9760
7886
2757
2757
1743
5473
1971
1971
3849
7663
1971
4710
6144
6900
6900
9062
2048
6900
9062
8988
1743
1971
1971
2393
1971
2393
7663
2048
6900
2048
1743
1740
1740
1740
10850
2669
5413
4276
1740
1740
5126
1740
9111
4947
2669
2669
4947
2669
2425
4276
2425
2425
4276
4276
1740
2669
2669
7886
4947
2669
2669
4947
6711
2425
3166
2425
7345
10305
6119
6119
7345
10305
7886
8360
1743
7886
1743
2425
6119
6119
6119
6119
8360
8360
7886
1743
208
208
208
361
361
208
610
208
208
610
208
208
5920
2640
2640
3649
2640
2640
2547
2651
2597
2597
1702
208
2597
203
4134
208
208
3649
3649
208
2640
2640
3649
2547
5795
5795
2651
2651
203
203
1702
203
203
3786
1702
1702
203
3649
3649
1599
373
5200
4682
5902
5293
5200
4682
2651
2651
203
203
7237
203
3919
1599
10747
1106
3919
3919
10418
1106
1106
1106
373
4682
4682
2700
203
1599
6518
3919
1106
6518
1106
1106
1106
1106
2700
2259
3650
3920
6024
1021
1021
1021
1021
1021
2259
3650
4134
2259
8193
1021
3920
1021
1021
4415
8580
1021
4415
11674
2260
2259
3952
2259
2259
3952
7401
373
373
373
4415
4415
373
4064
8082
2260
4064
9372
3952
3952
2672
2672
7401
5903
2672
9106
12059
373
373
3648
2260
4064
4064
2672
2672
5849
2672
5849
3648
3648
373
3648
4013
4013
2614
2614
2614
349
353
2160
1001
5104
8124
5104
5104
7938
2614
7938
7452
2614
3785
1538
576
2160
2160
353
353
2160
2160
1001
5104
5104
7452
7452
64
9978
3785
3785
1538
3021
11131
576
576
2160
7240
353
2160
7240
5705
353
353
205
2527
2527
1538
64
2515
2515
3785
3785
2515
2515
576
576
3489
5705
3489
2527
2527
2454
3994
205
2527
2527
3994
205
205
205
64
2515
4512
966
2527
2454
2605
2527
205
2605
205
205
205
205
966
610
1661
610
1661
610
5751
5751
2645
2645
1024
12552
5797
1001
610
10337
1661
610
610
2645
2645
5920
2645
2645
1024
10578
2547
2614
5868
1001
2614
8847
7163
64
64
64
2645
2645
612
3786
3786
9764
5928
3786
2547
2614
5868
2614
2614
10192
612
64
966
7941
612
64
64
966
612
3786
4037
2614
612
3021
612
966
2974
966
966
64
966
4013
4013
5027
5027
1530
3765
1530
3765
1530
551
4013
4013
4252
4013
4013
2420
5541
1530
7586
5724
1530
1530
9668
551
4830
551
4013
3411
4252
4013
2420
2420
3408
3408
574
2420
2420
551
3408
574
5697
551
574
3438
10501
2420
7804
2420
2420
926
5705
5705
12480
5516
3408
574
574
551
574
574
2420
926
7804
5516
5705
12083
5705
2454
574
574
3023
3023
3023
3767
3767
4088
5433
4088
4088
5433
4088
4088
7169
4576
7169
7169
3492
7169
3600
10954
11060
5789
4088
9099
4106
7600
4088
4088
7169
10603
1410
10538
7169
8919
3600
3492
12548
3047
4106
4106
5789
4106
4106
9058
1410
1410
1410
7013
7013
3600
1410
1410
5923
8919
8919
7555
5923
3047
4106
4106
2257
2257
7013
5358
10830
2257
7013
5358
1410
1410
3012
509
1410
5923
5923
2257
5358
2257
5240
2257
5240
3012
509
1410
509
3650
4051
13206
11676
4576
5869
4576
5869
3492
4051
4051
3650
3650
4051
361
10439
4576
5869
11058
3492
3492
11058
3492
361
361
3650
361
361
6310
3650
3650
361
4087
4087
3927
3492
11228
3492
361
361
8094
361
4087
9052
1840
1840
3927
3515
3515
4607
361
1840
1840
3515
3515
3490
3490
5433
6462
5433
13797
13797
12231
7535
5207
3490
3490
10696
3490
3490
3484
5433
5433
12506
12231
10603
7535
7601
5207
7535
7535
3490
3641
10025
3490
7743
3484
4091
4091
3490
7601
7601
3484
6185
7535
7535
7601
7535
7535
3692
3484
3692
3692
7743
3484
4091
5790
10028
5767
4091
4091
5790
2795
9058
6575
3692
3484
7375
5767
5790
10028
5790
2795
4091
2795
1661
3023
11676
3023
3767
3767
3767
3767
3767
1563
1661
5797
1661
10367
9808
12172
3767
6747
2493
3767
3767
10335
12443
10498
1987
1563
1661
1661
1661
2938
5797
5797
1024
3020
3020
7245
2493
2493
10335
2667
2493
2493
1987
1563
2938
9740
1024
3020
5868
1024
1024
3020
5868
2493
3750
1024
2493
2493
3750
2493
1024
1024
1024
1024
1024
7163
7338
2493
3750
2493
3023
3023
3023
11436
7901
13630
9808
3023
8126
3023
3023
12231
11436
7901
8004
7901
7901
3641
11223
3641
3484
3411
3411
926
3484
3484
3989
3122
7901
8004
3122
7901
3641
3765
3484
3484
3411
926
7718
7370
3411
926
926
926
3122
3122
3484
5724
7370
926
7718
926
926
926
926
2836
2836
1795
1795
1795
527
2836
2836
6256
2836
2836
6256
2836
4405
8712
4405
3191
4495
3979
1614
3612
9790
11878
8084
2836
2836
989
8649
8182
2836
3979
3191
2982
6871
3979
3979
1614
4495
6871
4679
3612
2651
5936
8084
2651
989
989
2982
2982
989
989
989
989
2982
2982
5369
4679
4679
9117
5369
11548
2329
2651
989
2651
989
989
989
9487
1599
2628
997
2982
1599
1599
997
2982
5369
5369
2329
989
989
2628
997
1599
2628
1599
1599
1599
1599
2329
1598
3918
1598
3918
1598
959
2322
959
2322
2550
6256
10993
8649
1598
4989
959
1598
1598
2322
3237
8970
2322
3237
2550
2476
2476
6256
1795
6256
6256
7548
2341
1792
1792
1598
3237
3237
1601
1792
2476
2476
4292
2476
2476
7548
1795
4495
4495
10970
1601
9976
4495
7950
1601
1792
1792
4866
1601
4680
4661
4495
1601
4495
1601
4495
3612
5763
5763
1792
4661
951
951
951
1553
1553
2015
4160
951
6539
6539
951
3818
3818
6487
3818
3381
6487
3381
565
3153
2015
4160
4214
2015
6539
1686
4214
4214
3818
3381
3381
951
9513
3381
3381
565
8710
11487
4507
3153
2015
7645
2015
2015
8030
1686
3865
3865
950
950
950
334
3865
3865
6762
5975
5975
4757
6762
4507
3153
3681
1686
3681
950
950
334
9166
2984
950
950
3865
2984
2984
950
3865
6762
6541
4757
950
334
6237
950
2984
9318
2984
2984
2984
2984
4757
951
2131
3603
2131
979
979
979
979
979
1877
951
2475
4725
951
7989
979
3603
979
979
6949
7098
979
8017
1877
1910
1910
951
4545
951
951
6513
6513
4725
4725
951
6513
6513
1877
4108
1910
1910
8017
1910
1910
6487
4545
6487
6487
6513
2960
4757
4757
8890
2960
10873
4108
6497
1910
4108
8281
6487
2960
8710
2960
4757
4727
4757
6497
4108
6497
2343
2343
1833
1833
1833
2380
2380
1474
6377
6377
8217
6377
3630
1833
7596
2702
1833
1701
2702
2380
2380
3797
2380
2380
2380
1474
3797
6377
8591
2702
372
7596
1701
2910
2702
4131
1701
1701
2380
8021
10445
2380
6976
6976
3797
3797
121
2910
2910
2702
4719
8707
121
1701
2910
372
121
1701
5983
6976
5983
3269
6810
4138
1738
1738
3269
6810
4961
121
121
121
372
121
121
3269
4138
3269
3269
1738
3269
1738
4197
121
121
1474
2700
2700
2700
2700
6703
7362
375
2260
5387
5387
1474
1474
2700
375
10580
2700
7362
375
2260
2260
7632
2260
1833
4404
1474
1833
9501
2373
1474
1474
372
1710
1710
5849
2260
7632
2260
1833
2373
1833
1710
1710
372
372
1710
4719
372
8216
8216
1710
4131
372
372
372
2893
2893
2999
2999
1553
1553
1553
1553
1553
181
2893
2893
4160
2893
2893
316
4160
1553
1553
2133
10684
1553
2133
181
2378
565
2893
4317
12825
2893
316
316
4160
4160
316
316
316
181
1686
1686
2378
4993
1686
565
3630
316
2702
316
316
316
8021
2702
9982
901
7645
1686
9607
565
1686
4099
316
316
2702
901
2702
4763
11495
7755
1686
4099
4497
4497
2343
6379
6379
8329
4314
4314
7568
4314
4314
2130
2130
1178
540
4497
4497
11001
4497
4497
4314
2343
9981
4314
4314
6535
906
2130
2130
2997
1178
2130
2130
2997
540
4497
8886
9499
4497
8886
7867
5938
5938
906
2997
2997
1178
5938
906
906
2997
2997
906
906
4987
540
8886
7867
10694
1478
3820
1903
3799
1478
1478
3820
5938
906
7106
1478
906
906
2369
906
1478
1903
1478
1478
1478
1478
3799
5822
906
2369
906
2343
5371
5371
8585
804
13540
2343
2343
5371
2343
5371
3191
8585
804
1627
804
804
5936
6260
5936
5936
2343
2343
375
1627
1627
11158
804
804
1627
804
804
5936
375
375
6339
2373
375
10482
3096
4404
2373
6706
804
7094
7094
375
375
1054
375
1054
2373
5443
2373
5443
2131
2131
959
959
959
10993
2475
2131
3918
2131
959
959
1169
959
2550
4494
2550
1795
9227
1795
1795
2475
2475
959
2341
2341
4545
4494
2550
2550
4494
4494
1795
6535
1795
2341
7867
6535
6231
5385
4545
4545
9001
1903
8258
5779
1795
6535
2478
6535
2478
7867
1903
4545
1903
1201
1201
722
722
722
274
1310
1310
3264
1310
1310
3264
1310
1942
4621
1942
274
4621
1942
274
4279
4007
4007
6637
1310
1310
274
6637
6637
1310
1942
274
3264
4894
1942
7685
274
4894
4894
4279
4279
356
356
6794
356
356
2404
6415
6415
271
918
918
274
6415
6415
4894
7685
7685
8364
4894
4279
4279
356
356
3250
356
918
467
271
271
918
918
6415
271
4791
125
6415
8364
8706
6216
356
467
3250
125
271
125
271
779
271
779
6216
272
272
3264
1201
3264
5977
4621
2346
1124
400
272
272
3061
272
272
232
3264
3264
2346
2346
4621
1124
1124
400
9356
1124
272
3251
3061
272
3251
232
2918
2918
272
1124
1124
232
12993
6216
1124
1124
6216
12557
3251
232
559
559
6781
232
2918
559
8667
3294
2918
2918
6216
1124
6216
6216
559
232
559
1536
559
1536
5578
10238
2918
6216
3798
3798
2464
2464
2464
1179
3000
1915
9493
3798
12055
5458
5866
5458
5458
2265
5458
857
857
2806
1179
3000
6376
1179
9042
243
1915
12147
5458
12820
2265
1774
5458
857
857
857
7397
7397
857
2806
79
243
1179
79
5269
8076
5864
5864
79
857
857
511
5271
1774
1774
857
857
1774
1774
9990
1774
79
243
79
79
6763
511
5864
1912
1912
6763
5864
1774
4185
857
1774
1774
4272
1774
79
511
1912
1912
1912
1912
4185
4185
1774
4185
1774
1915
8120
9103
9103
3714
7686
3714
319
319
8120
8120
1915
1915
8120
319
10077
3714
319
319
3714
319
319
5662
910
5602
5602
1915
5602
3683
3683
1915
1915
319
319
319
10474
4537
2471
910
4537
6027
5602
3683
12710
3683
3683
4466
3984
6205
7647
5271
3984
3984
910
4537
3519
3683
6205
6205
3984
6205
3984
3984
3984
3519
425
425
246
246
246
246
1196
3040
1196
1196
3040
1196
1196
246
7961
3901
246
3542
3901
1936
3542
3798
7826
3000
1196
13185
246
6542
1196
1196
3901
8950
710
8942
3901
8950
1936
3542
4578
4578
3542
3798
10530
3000
3798
1913
1913
243
243
243
1913
1913
1913
710
2272
4578
4578
9490
8253
4578
4578
3260
5866
1913
2265
1913
1913
1913
243
2265
11232
3045
243
243
5746
511
710
5746
5746
3260
1913
1913
2265
3045
2265
5256
6528
511
243
511
3260
425
425
425
425
425
4597
4597
4597
3542
3801
4888
9361
6542
425
425
425
1544
425
4597
6807
3542
3542
5117
3801
3542
5117
464
1290
4888
464
8983
8370
710
710
425
4166
4166
3420
710
3542
5117
5117
3542
6269
464
1290
464
464
4166
3420
8493
4877
4166
4166
710
710
8779
3260
8253
3260
464
3420
4877
4166
4877
4877
9491
6045
710
3260
4832
4832
4832
6898
6898
3040
6595
4605
7403
7403
7409
7403
10532
6898
10115
5448
6898
5448
1758
3040
6595
7826
3040
7403
719
4605
12069
7403
5448
5448
2464
7861
5448
5448
1758
7861
7861
5451
246
719
3040
246
2463
11760
7826
7826
246
5448
5448
1758
2464
3099
3099
10105
5451
3099
3099
5953
246
719
246
246
7071
2783
9101
4093
4604
2783
9823
3099
4093
2783
2464
3099
6707
246
2783
4604
2783
4093
4604
4093
4093
3099
4093
4605
2405
7409
8236
6898
8533
6898
8533
6898
9020
2405
4605
4605
9020
1500
4605
6898
10111
10111
6898
6898
7965
9055
7686
11133
10525
7686
1500
1500
2464
2464
657
1500
1500
2464
8234
7965
8234
7686
1500
2490
657
1500
11363
657
657
2464
1492
1492
8234
657
657
657
1492
1492
1642
6624
1642
4832
8662
4832
4832
9836
7273
9827
2406
7273
3079
2406
659
6624
6624
1642
1642
6624
722
1642
1642
4832
3079
2406
1642
8909
3079
3079
2406
8909
8548
6670
659
722
722
7571
722
722
10015
1642
1642
274
3079
3079
1958
4903
9696
1097
8548
6670
2812
1097
8548
659
722
722
274
274
7687
1958
2404
274
7687
7687
6418
1097
1097
784
2812
1097
1097
1097
274
1958
274
784
274
784
2404
5488
1097
1097
1097
602
8236
7273
7273
5470
2405
602
602
2405
8975
7273
8533
7273
5470
5470
11433
659
2405
602
2405
6742
602
602
602
1221
1221
2812
2812
5470
2203
2812
659
7907
7907
1221
1221
4423
4423
1221
1221
4903
2812
12266
659
2812
6220
1221
8908
1221
4423
12196
4423
8720
2812
6220
1201
1295
1201
3056
1201
2089
5977
2089
2872
3969
1295
1295
9361
1201
1295
945
1201
1201
5397
5397
2872
2872
5397
3969
2872
4944
1295
945
3796
1295
1933
6778
1290
1290
232
5397
5397
3139
232
232
4944
5611
232
4944
1933
945
6807
1933
6778
3139
1290
3801
3801
8401
1290
232
3541
676
232
676
1933
3139
3801
3801
3801
3801
8370
3420
232
676
3056
8102
8102
9836
2406
3056
5729
3056
9269
6595
8102
2406
6672
2406
2406
4241
4241
2089
3056
2089
10015
719
719
719
2406
2406
719
4241
4241
5490
4241
4241
2089
2089
2089
9022
945
3139
8954
7382
719
719
3139
3139
7643
7643
2089
8373
7382
3139
8954
3139
3139
719
3139
450
450
263
263
263
263
450
450
1259
450
450
1259
450
4789
9201
4789
3466
3742
2314
2314
3742
4503
7417
6806
450
450
450
5461
6806
450
3466
3466
752
7205
2314
2314
2314
3742
7205
2314
3742
415
1163
4503
415
9240
7450
752
752
415
2314
2314
1446
752
752
6459
2314
2314
6459
6459
9522
3742
415
1163
415
415
9240
1446
10021
1115
1115
12139
752
752
8023
1115
752
6459
9069
5525
415
1446
1115
1115
1115
1115
8023
8023
752
8023
5525
1259
2386
1259
3178
1259
263
9201
263
2762
534
6202
2386
3154
1259
11995
263
1259
1259
2762
2762
3742
2762
2762
534
3742
4773
2770
5912
3154
2770
895
895
260
260
260
895
895
534
5773
3742
4773
6122
3742
4773
2770
895
2770
289
895
645
260
289
289
645
260
260
1463
289
9079
11103
289
645
289
289
289
289
1463
1463
260
1463
1263
1263
762
762
762
430
1263
3190
1263
1263
3190
1263
1263
1166
9225
9225
1166
3075
3075
1622
430
6642
6642
8438
1263
3980
1166
1946
1263
1263
10279
1622
249
3075
3075
10279
1622
3075
3075
4071
430
2030
2030
8438
2030
2030
6494
1163
1163
249
5815
5815
994
2967
249
249
4071
11474
249
249
4071
249
2030
2030
5345
2030
5815
994
1163
5345
5815
4341
1163
249
6296
727
249
249
727
249
2030
994
5345
4341
5345
9940
6296
1446
249
727
249
1885
1885
1885
1885
1885
2588
4807
2588
1210
2370
2576
2576
1946
1885
1885
1885
1946
1885
4807
5440
7527
1210
2370
2370
1210
1210
1917
4569
3195
1917
10070
10827
1946
1946
457
2370
2370
1485
2967
1210
1210
2370
1210
1210
1917
4569
1917
1917
10827
1485
457
457
6195
10185
2967
457
8477
1210
8477
2655
1917
1485
4849
6195
457
6195
457
1275
457
1275
3744
3744
3744
5527
5527
2386
3744
4797
12138
3744
11656
9546
6138
9546
9546
5116
9546
3803
2198
1471
3178
6842
2386
2386
7316
759
4797
10615
9546
5116
5116
2350
9546
3803
3803
2198
11981
11981
3803
1471
263
759
2386
263
8428
8428
2386
2386
263
3803
3803
1369
10885
2350
2350
3803
3803
2350
2350
7043
1471
263
759
263
263
7184
1369
6136
1076
1076
1369
6136
2350
2944
1076
2350
2350
3741
1520
263
1369
1076
1076
1076
1076
2944
2944
2350
2944
1520
1459
3616
1459
3616
1459
7199
7199
1563
1563
8461
8461
4797
1459
8461
1563
1459
1459
1563
1563
6227
1563
1563
6227
3844
5527
5527
4797
5527
5527
10332
4797
4797
1459
1563
1563
5407
5407
5535
3844
5407
7340
5527
5527
12323
5527
10332
7726
4530
7298
2946
10885
4530
4530
2424
5407
6883
5527
7298
2424
4530
2424
4530
4530
4530
4530
3190
6864
3190
6864
1166
762
1166
591
1166
591
3744
7731
6842
3190
12135
591
3190
1166
8644
591
1166
1166
10860
591
1622
3971
3744
10887
3744
3744
4795
4795
759
759
759
2580
2580
349
7840
1622
6290
8789
1622
3971
6138
4795
6138
2198
2580
349
759
2198
2198
2580
759
759
9323
2198
9323
9323
2198
349
2198
2198
2198
2198
8865
2467
759
2467
1666
1666
4572
4572
2036
2036
2036
1948
2036
1323
1666
1666
6878
1666
1666
1666
6878
2036
2036
1948
2588
2036
11783
1323
5440
7732
1666
6208
4515
1666
7465
4981
4569
4569
732
2128
2128
802
4569
5440
7732
9711
5440
7732
10622
4981
6696
2128
2128
802
732
732
2128
2128
4569
732
7526
1485
8629
1485
2128
802
3565
2128
732
3565
732
1966
732
1485
6864
6864
762
762
591
9232
7529
7731
6864
7529
6864
762
1948
591
591
1948
591
1323
12151
5930
9232
10151
5930
4981
7731
7731
591
1948
1948
5810
591
6115
1323
591
1620
2976
5930
2976
5930
4981
4981
5826
7314
1664
10618
9483
10887
1664
1664
1323
3617
3617
2976
4981
5237
10618
7734
4057
1664
7734
4057
1664
1664
1664
1664
3616
3616
3616
7246
1987
12151
9232
3616
7464
3616
3616
5673
5838
1987
2667
1987
2647
9232
2647
1189
5826
5826
1189
1189
1189
13524
1987
1987
1987
2647
2976
1189
1189
4057
4057
12685
5826
4057
5668
5668
1189
5237
4057
4057
4057
276
276
276
471
471
276
791
276
276
791
276
276
7037
3291
3291
4552
3291
3291
3173
3301
3225
3225
2145
276
3225
268
5014
276
276
4552
4552
276
3291
3291
4552
3173
6882
6882
3301
3301
268
268
2145
268
268
3501
2145
2145
268
3501
3501
2027
483
6368
5878
7022
6455
6368
5878
3301
3301
268
268
6153
268
3501
2027
11835
2067
4781
4781
11525
2067
2067
2067
483
5878
5878
3345
268
2027
6153
4781
2067
7367
2067
2067
2067
2067
3345
2913
4553
4782
7131
1308
1308
1308
1308
1308
2364
2913
4553
5014
2913
9435
1308
4782
1308
1308
5427
11629
1308
5427
2364
12990
2914
2913
4811
2913
2913
4811
8743
483
483
483
5427
5427
2364
483
4952
9300
2914
4952
10861
4811
4811
3321
3321
8743
3659
7023
3321
9889
7310
483
483
4551
2914
4952
4952
3321
3659
3321
6972
3321
6972
4551
4551
483
4551
3549
3549
2284
2284
2284
458
6278
1278
9381
8454
3549
9152
9152
3265
9152
8792
3265
4694
1975
751
3499
6278
458
458
6278
3623
1278
7843
9152
8792
8792
87
9686
4694
4694
1975
8545
13147
751
751
3499
8718
458
3499
4096
3623
458
458
273
3156
3156
1975
87
3149
3149
4694
4694
3149
3149
751
751
4408
3623
4408
3156
3156
3105
4858
273
3156
3156
4858
273
273
273
87
3149
3774
1246
3156
3105
3257
3156
273
3257
273
273
273
273
1246
791
2105
3549
6884
3265
6988
3265
3498
3265
791
2105
1278
791
9960
2105
1278
3265
3498
3498
3265
3265
3498
8545
793
791
6837
791
791
3295
3295
87
87
87
3295
3295
87
1246
9155
793
1246
8114
6837
3295
7037
3295
3295
4695
4695
7841
7046
87
87
1246
793
1246
1246
3295
7841
3173
4695
3173
4695
4927
87
1246
4902
4902
11011
11011
1965
4671
1965
4671
1965
4902
4902
6669
4902
4902
3070
6669
1965
7525
6056
1965
1965
11438
2372
726
4902
5288
7384
4902
3070
3070
6669
6669
749
3070
3070
3941
749
6791
726
749
2316
5288
3070
9075
3070
3070
3623
3623
10678
6650
6725
749
749
726
749
749
3070
9075
6650
3623
10678
3623
3105
749
749
2374
2374
2374
3674
3674
4553
4940
4975
7831
12397
4975
6061
3674
6061
6061
3674
4412
4412
4412
4940
4940
4553
4553
4940
471
8895
7831
6061
6989
13595
1847
4412
4412
13595
4412
4412
2399
4412
471
471
4553
471
471
7672
4553
4553
471
4974
4974
1847
4790
4412
7637
2399
7796
4412
4941
4412
471
471
9313
471
4974
5807
2364
2364
4974
4790
4432
4432
2364
1847
5892
5892
5446
471
2364
2364
2364
2364
4432
4432
4432
4432
5446
4975
5301
4975
5301
4975
12953
11681
11728
11681
4519
12399
13850
6869
4975
5301
4990
4975
4975
12953
11728
11681
11681
11723
4519
12268
6872
4990
4990
6869
4990
4990
10560
1847
1847
1847
11723
11723
4519
1847
7039
11723
11119
7039
6872
4990
4990
2911
2911
12936
6514
11902
2911
12175
6514
1847
1847
7039
685
7039
5446
2911
6514
2911
6402
2911
6402
8542
685
1847
685
2105
8547
12397
8547
3674
4673
3674
4673
3674
6884
11105
2105
2105
11958
2284
11482
3674
4673
9748
3674
3674
9748
9958
6133
2284
2105
6133
3141
3141
2105
2105
1311
3141
3141
8524
3706
9958
3706
6133
2284
6988
1403
3141
7787
1311
1403
8524
1311
1311
3706
1403
1403
1311
1311
1311
2374
2374
4410
4410
2768
4544
2768
4403
2466
2374
2374
11799
2374
2374
2374
9950
2768
9014
4403
2768
2466
2466
6090
2466
2374
7259
6568
2374
10268
13110
4978
4978
2374
2466
2466
4978
6090
2466
2466
6090
6090
10268
7259
11728
8857
8896
10480
8857
8857
8896
4978
4978
6870
2466
6870
6870
8857
8857
8857
8857
8857
10560
12079
4978
6870
8547
13591
4544
4544
4403
8547
11105
8547
9383
12797
4544
4403
4671
4403
4403
6056
5609
8547
5609
7259
2284
2284
1208
4403
4403
6785
1208
9002
1208
5609
5609
5609
9210
2284
2371
9144
2284
1208
1208
1208
5609
9144
2371
2371
1208
2430
2430
2430
3751
3751
172
2430
5464
2430
2430
5536
2430
2430
6950
4536
4536
421
3347
421
421
3347
5464
5464
5040
2430
5464
421
3029
2430
2430
421
421
2430
3347
421
421
421
3347
3347
1183
3347
1991
1991
5040
1991
1991
4559
5040
5040
112
421
421
244
2545
9226
3347
11244
1183
8876
3347
7134
3347
1991
1991
112
112
4559
244
1592
112
3027
8903
7856
1592
10478
343
2545
10774
5155
5018
112
244
112
343
112
343
1592
3905
1592
3905
5018
3029
1907
5312
5312
5312
6177
7744
5011
2144
282
4712
1907
3029
3029
4712
482
3029
5312
7744
5011
11293
2144
2144
282
7309
2144
4712
7615
11561
4712
3454
482
2545
2545
162
162
162
162
2545
7309
2144
2144
7309
7309
6548
482
2181
162
162
162
7097
2181
162
162
2545
2545
8584
162
8876
9549
162
162
2181
162
2181
5078
8584
8584
2545
8584
578
578
578
970
970
704
1585
1585
3893
1585
1585
3893
1585
3238
7376
5406
2990
2388
2388
2029
2388
2026
4780
3529
1585
1585
573
7416
9328
1585
5406
2990
2388
2388
2388
13761
2029
2388
2388
2029
2388
194
573
2026
194
2980
6731
3235
3235
194
5364
5364
2029
6944
11242
2388
9164
2029
10856
2388
4531
1587
194
573
194
194
5364
2320
3235
2477
2477
5364
3235
3235
6848
1587
6944
6848
1587
1587
194
2320
2477
2477
2477
2477
5876
5855
3235
1587
1587
3893
4873
3893
4873
3488
970
3488
970
2528
2041
11089
13892
7416
3893
4873
970
3893
3488
3488
4843
10029
2528
4843
2041
2528
2528
3301
7055
9302
3301
1266
1266
6944
6944
1266
1266
1266
1266
6944
2528
2528
5875
2528
2528
3301
1266
3301
1266
1266
1266
5615
2027
3279
1274
6944
2027
2027
1274
6522
6522
1266
1266
3279
1274
2027
3279
2027
2027
2027
2027
2390
2992
578
5215
7590
578
2526
2526
5722
2526
2526
3528
1416
715
1416
5536
2992
2390
2390
7590
1188
2390
2390
2526
2526
6265
578
6947
1416
6265
715
3528
1416
1416
1416
5536
7057
5536
5536
1188
1188
978
978
978
1188
1188
715
978
978
1416
1416
5537
9118
1416
1416
1416
7057
1188
4713
1188
1188
1188
10372
1911
11281
3018
978
978
1911
1416
978
4726
4726
2269
1188
1188
4713
3018
1911
6909
1911
1911
978
1911
2269
578
578
578
3238
2990
4780
3128
578
4780
578
578
2990
3528
2990
2990
3528
3130
573
3128
573
573
3128
3128
573
2990
2990
9118
3528
10371
3608
3528
3130
573
4269
573
3176
7657
2387
2387
3176
7657
2589
2589
2387
8204
6207
573
2387
2387
2387
2387
2589
2589
2589
2589
1907
3345
3345
3345
3345
8135
8703
485
2914
485
6527
6527
1907
1907
3345
485
11714
3345
8703
485
2914
2914
5309
485
2914
5309
3751
3751
1907
3751
3751
3022
1907
1907
482
2153
2153
485
6972
2914
5309
5309
2914
6407
3751
3022
5011
2153
2153
814
482
482
2153
2153
6972
482
9453
1334
7310
3659
2153
814
5011
1524
482
1524
482
1334
482
1334
2992
6524
970
970
970
12217
2992
2992
6524
2992
970
970
3482
970
2054
2842
2054
7055
9331
7055
5191
2992
2992
485
2054
2054
7476
2842
2054
2054
2842
2842
7055
485
485
5191
3022
485
11594
4019
7084
3022
7746
1341
7746
7746
485
485
1341
485
1341
3022
3564
3022
3564
761
761
451
451
451
451
1422
3543
1422
1422
3543
1422
1422
451
9858
6406
451
3431
3431
2578
496
6321
7261
4772
1422
7261
451
2197
1422
1422
6117
2578
290
3431
3431
6117
2578
3431
3431
6843
496
2271
2271
4772
2271
2271
3169
448
448
290
3169
3169
1745
1254
290
290
6843
10862
290
290
6843
290
2271
2271
4278
2271
3169
1745
448
2772
8043
1745
448
290
2772
832
290
290
832
290
2271
1745
4278
1745
2772
8541
2772
1096
290
832
290
761
761
761
761
761
5279
5279
5279
1374
2774
2771
6139
2197
761
761
761
2197
761
5279
9370
6229
1374
7925
2774
1374
1374
800
2123
2771
800
8470
8470
1254
1254
519
6582
6582
2774
1254
1374
1374
2774
1374
1374
800
2123
800
800
6582
4229
519
519
2498
6582
1254
519
8154
1374
9702
4980
800
4229
2498
2498
519
2498
519
1434
519
1434
7033
7033
7033
9428
9428
3532
4142
6860
10955
10240
9692
9428
10057
9428
9428
10057
9428
9428
3220
6923
5698
4142
3532
3532
11584
2849
6860
6860
9428
10057
12954
859
9428
9428
11122
3220
9769
11602
4937
6923
5698
12314
3532
5698
2849
2849
300
300
300
2849
2849
2057
859
4366
7651
11122
4937
4850
7651
9842
4850
10756
2849
4391
1211
2849
2057
300
1211
1211
6156
300
300
2845
1211
859
7651
7651
4850
1211
2057
1211
1211
1211
1211
2845
2845
300
2845
4850
3543
7433
9692
9698
9692
12381
12086
5273
5273
3064
3543
7433
7420
3543
10952
862
7420
9692
5273
5273
9769
5273
5273
3064
9769
7438
451
862
3543
451
4365
12285
859
859
451
5273
5273
3064
859
4850
12950
7438
4850
7799
451
862
451
451
9554
4634
10484
2578
2760
4634
859
859
5720
2760
4850
9297
451
4634
2578
2760
2578
2760
5720
5720
859
5720
1162
2965
10240
7033
10240
10905
10905
10905
8611
1213
4142
1162
1162
4142
2965
10625
10240
11371
2965
10905
8611
8611
11510
12495
1213
1213
4142
1162
4142
9321
1162
1162
1162
2057
2057
5734
4657
4657
8611
4237
4657
4657
1213
1213
11084
11084
2057
2057
2561
2561
2057
2057
5734
2561
13969
1213
4657
4657
7855
1959
2057
7447
2057
2561
7447
2561
5771
2561
5771
1959
2965
9236
7033
9863
7033
12907
12905
4343
4834
991
9236
9236
2965
2965
9236
1264
2965
7033
4834
4343
11510
4834
4834
991
10289
9275
1264
1264
10988
1264
1264
12776
2965
2965
479
4834
4834
991
12529
1959
10289
9275
1959
10289
1264
1264
479
479
10858
1618
4342
479
10623
1618
7688
1959
1959
1324
1959
1959
479
1618
479
1324
479
1324
4342
8625
1959
1959
2038
2127
2038
2579
2038
2535
8877
2535
2345
894
2127
2127
6139
2038
2127
1818
2038
2038
8583
5391
4709
2345
2345
894
4709
2345
2127
1818
6139
2127
2279
2199
2123
2123
439
2345
2345
894
439
439
2345
2345
439
7122
2279
1818
9370
2279
9351
1467
2123
4229
5851
7911
2123
439
4229
1229
439
1229
2279
1467
5851
5851
4229
5851
4229
4229
439
1229
4813
9698
9698
12849
2577
4813
7433
4813
11720
7433
9698
4343
9276
2577
2577
6643
2577
2535
4813
2535
8045
862
862
862
2577
2577
862
6643
2577
2577
6643
6643
2535
2535
2535
11586
1818
2199
10340
10086
862
862
4884
1467
8450
8450
2535
5391
10004
2199
10004
2199
1467
862
1467
2126
2126
2126
3319
3319
169
504
4977
4977
9480
4977
3503
4373
3503
3503
4373
2157
3503
172
1414
169
504
5178
169
1330
504
5178
4977
3503
4373
5036
1109
3503
3503
5036
172
2157
4320
172
1414
169
5202
169
169
856
856
5178
5178
169
856
856
172
6141
6141
870
4320
172
1109
870
4320
870
2237
856
2237
856
856
299
2020
2020
10581
2261
6141
870
870
172
1109
870
870
870
856
299
5764
2261
2020
6340
2020
4769
870
870
870
2126
2126
4950
9450
4950
7083
7751
2297
1646
2126
2126
5164
2126
2126
814
4950
4950
7751
2297
6507
1646
1921
1646
1646
2126
9082
11032
2126
11779
814
5164
5164
170
1921
1921
5719
170
1646
1921
170
1646
7354
814
2157
2157
7473
1109
1109
7473
7473
9081
170
170
170
170
170
2157
2157
5033
1109
5033
1109
2839
170
170
1465
1465
1465
2342
2342
395
393
1394
1108
5047
5047
1465
3537
3537
6435
3537
3537
6435
3537
892
395
1394
1394
393
393
1394
96
1108
5550
3537
3537
10491
1108
11015
3537
9999
892
11015
8670
395
395
96
96
393
96
96
3626
393
393
96
1464
1464
532
5419
1803
1803
8670
9999
1803
1803
395
395
96
96
2137
96
1464
532
4318
6907
1464
1464
4318
1803
9704
395
1803
1803
4331
669
96
532
6907
1464
6907
5286
9704
5187
1803
4331
669
1108
3628
1465
3628
1465
3370
6435
3370
5185
5059
10120
9427
1108
1108
10120
1503
1108
1465
13692
5198
6435
5185
5185
5059
6277
5185
1503
1503
4708
1503
1503
7189
1108
1108
669
5185
5185
5059
5982
669
5185
5185
669
6277
1503
1503
697
697
7189
5495
6483
697
5549
10139
8594
669
669
669
669
669
697
5495
697
1874
697
1874
6483
11199
669
669
504
2164
2164
2164
2164
2342
2342
2342
2342
5834
9480
9781
504
504
2164
2164
10181
2164
2342
5834
10491
2342
7089
5834
6534
892
7112
3319
504
7112
9580
5378
504
504
299
6345
6345
3986
3626
3626
6534
7439
3626
892
7112
3319
7112
3517
6345
3986
2554
299
3517
6345
5003
299
299
299
3626
7564
3517
3986
3517
3517
299
3517
299
299
299
299
2794
5235
8721
9450
11059
7083
7278
7083
5166
2297
5235
5235
2794
8721
5235
9450
8721
8721
7083
2297
5166
7278
2297
2297
5166
6407
5235
5235
6409
5235
5235
814
2794
7750
7750
814
814
814
12025
11607
3659
5890
7613
3659
7081
7081
282
2232
814
814
4255
7750
1334
1524
3753
7750
1334
1334
7613
3659
282
814
282
1524
3342
1334
3342
1334
3753
1334
5274
5274
5274
5274
5274
7174
7174
2592
4047
1088
6332
6409
5274
13403
11123
5274
5274
5834
2592
4313
4047
5834
2592
4047
4047
1088
3319
6332
3319
3319
3753
3753
282
5378
5378
3753
3753
2162
4047
9377
5044
2162
4047
817
3319
282
282
5378
3342
282
2220
8827
3753
2162
2162
809
3753
2162
1765
817
282
282
809
282
809
3342
930
2162
930
817
4575
4575
4575
4575
2801
2810
2801
2810
2399
10193
6179
4575
5889
5540
4575
2801
2801
2810
2907
2399
2399
9437
4941
4350
10598
4350
2124
6179
6179
2124
2124
2124
8745
8745
4941
2399
11115
4941
4350
5166
2124
2124
7613
5166
7531
8745
7613
11725
8745
12926
2124
5166
5166
7613
7613
3628
3628
3370
3370
2592
2794
5477
10191
3628
3628
11123
3370
3370
2592
2592
5198
2592
1347
5477
1473
2794
5477
1473
10084
8187
8187
1473
5198
5198
5044
2592
2793
7692
2592
1347
1473
1473
1473
1473
1473
6400
8187
8187
3708
3708
6400
8187
5044
10496
1347
5044
2637
1473
1473
6014
3708
3708
9770
3708
3708
8187
10496
8723
5044
2637
3708
3708
2401
2401
2401
2398
3285
2810
2810
2810
2398
2794
2398
2398
5540
2810
3430
2810
2810
4439
7682
4439
2398
2794
2398
8590
2794
2794
2398
3629
3629
11115
7682
4439
4439
7682
7682
12301
6014
3629
3629
9770
6014
3629
3629
11106
9770
10083
2401
10083
6387
3629
6014
3629
6014
8083
9770
2401
9770
2401
310
310
310
527
527
310
884
310
310
884
310
310
6926
3222
3222
2103
3222
2103
2103
2860
3572
3572
2363
310
3572
305
5426
310
310
2103
2103
310
3222
2103
2103
2103
7446
7446
2860
2860
305
305
2363
305
305
3143
2363
2363
305
2103
2103
1950
538
2934
2934
7533
3068
2934
2934
2860
2860
305
305
8465
305
3162
1950
9661
1176
3162
3162
9661
1176
1176
1176
538
2934
5831
2934
305
1950
7956
3162
1176
7956
1176
1176
1176
1176
2934
1175
2104
5260
7612
1454
1454
1454
1454
1454
1175
2104
4872
1175
9303
1454
5260
1454
1454
5632
10218
1454
5632
8782
1178
1175
5283
1175
1175
4542
4542
538
538
538
4542
4542
538
4349
8782
1178
4349
8782
5283
4542
3632
3632
4542
7248
2102
8587
8880
538
538
2102
1178
4349
4349
3632
3632
7492
2102
7492
2102
2102
538
2102
2954
2954
1872
1872
1872
516
520
2744
1436
6147
6476
6147
6147
9809
1872
6928
4639
1872
3142
1240
851
2744
2744
520
520
2744
2744
1436
6147
6147
4639
4639
99
6928
3142
3142
1240
3923
9624
851
851
1870
4485
520
1870
4921
4766
520
520
307
3142
3142
1240
99
3496
3496
3142
3142
3496
3496
851
851
1870
4485
1870
1870
3508
2001
3416
307
3508
3508
3416
307
307
307
99
3496
4244
1402
1870
2001
3579
3508
307
3579
307
307
307
307
1402
884
2325
884
2325
884
7257
6926
3610
3610
1456
11190
7448
1436
884
8561
2325
884
884
3610
3610
6926
3610
3610
1456
11085
3527
1872
4487
1436
1872
9567
6815
99
99
99
3610
3610
886
3143
3143
6405
6405
3143
3527
1872
4487
1872
1872
10943
886
99
1402
9614
886
99
99
1402
886
3143
4638
1872
886
3923
886
1402
3885
1402
1402
99
1402
2954
2954
6082
6082
1228
3113
1228
3113
1228
831
2954
2954
5518
2954
2954
2954
7291
1228
4918
4821
1228
1228
10897
831
4765
831
2954
4230
5518
2954
3426
3426
4227
4227
849
3426
3426
831
4227
849
4765
831
849
1779
11612
3426
6787
3426
3426
1372
4485
4766
11565
7268
4227
849
849
831
849
849
3426
1372
6787
7268
4766
8960
4766
2001
849
849
3312
3312
3116
3116
3116
4938
4938
3312
5386
5386
3312
5386
5756
8408
8408
1877
8408
8408
2042
4938
4938
8671
4938
4938
708
12394
8579
5386
8818
1877
3312
8408
8408
13311
9253
8999
3945
2042
708
708
7440
708
708
4874
3151
3151
708
4874
4874
5402
5402
8284
8999
3945
10492
8284
6530
2042
708
708
8869
708
4874
1173
1173
3916
6485
3151
1173
8284
242
5402
8284
3198
3198
708
3916
242
1173
242
1173
2988
1173
2988
3198
1875
1875
1875
1875
1875
2095
2156
1864
2156
1864
3312
6480
11198
1875
1875
1864
7009
1875
6736
1864
2156
2156
9709
1864
4480
7014
3312
13958
3312
3312
13561
9431
5388
5388
1875
4939
4939
1864
5388
4480
7014
7429
4480
7014
13058
9431
11608
4820
4939
2941
6799
4820
4820
4939
5388
5388
7441
3740
7441
3740
4820
2941
4820
4820
4820
4820
8873
7994
5388
3740
2104
4852
12927
12693
4489
4489
4489
4489
1877
4852
4852
2104
2104
4852
527
12087
4489
4489
12393
1877
1877
12393
1877
527
527
2104
527
527
4871
2104
2104
527
4871
4871
5267
1877
11633
1877
527
527
9917
527
4871
10487
1903
2478
5267
1903
1903
5779
527
2478
1903
1903
1903
2325
3925
11196
3925
3116
3116
3116
3116
3116
1793
2325
7448
2325
12047
6484
9306
3116
6253
3116
3116
3116
8559
13009
9474
1793
1793
2325
2325
2325
3855
4487
4487
1456
2068
2068
5032
3475
3475
8559
3627
3475
3475
1793
1793
3855
6365
1456
2068
4487
1456
1456
2068
4487
3475
5136
1456
3475
3475
5136
2833
1456
1456
1456
1456
1456
6815
4431
3475
4431
2833
3925
11696
2095
2095
1864
3925
6484
3925
6480
11855
2095
1864
3113
1864
1864
4821
4473
3925
3925
3925
9431
4230
4230
1372
1864
1864
4230
1372
9688
4473
1372
9255
10989
10989
9431
9431
5317
2833
9782
9853
4230
1372
1372
1372
1372
1372
9431
9782
9782
2833
9782
2833
2833
1372
1372
1293
1387
3812
1333
5449
5449
1333
5449
5009
9535
5009
5009
4905
2347
2347
4905
501
1293
3812
3812
7857
1387
3904
3812
11663
1333
7966
5449
5009
9859
4905
2347
2347
2347
11052
4905
2347
2347
5395
501
1293
3812
2082
2082
3904
3812
2082
2082
3660
1387
2224
2224
159
3660
3660
3267
5170
12202
1331
9526
6826
3337
1331
5395
481
2082
4891
2082
2082
159
159
159
3660
3267
2224
2111
159
6933
5861
2224
2224
1331
1331
473
3337
1331
840
481
2082
159
159
3267
159
159
473
2111
159
473
2111
2111
4951
2224
1331
840
481
3224
3224
2446
2446
2446
5699
1293
5699
6932
6932
7859
4895
4895
5566
4895
2716
5566
2716
12371
1293
5699
5699
6932
478
5699
5699
4895
2716
2716
5566
5566
2716
2716
7964
3902
4891
6304
10779
4891
478
478
5699
5699
478
478
478
10392
9060
3902
3902
9060
3902
4891
478
4891
478
478
11053
794
7054
10392
794
794
9060
5172
478
5156
794
794
794
2608
2608
2142
2142
1386
1387
4886
7966
2608
2608
7966
2142
2142
9867
1386
6285
1386
807
4886
4886
1387
4886
4886
10524
5170
5170
1386
3894
3894
3337
1386
1386
10633
1386
807
5214
5214
1387
5214
3894
3894
7937
10785
6267
3894
3894
5170
3337
7575
807
3337
7118
5214
3894
5856
6267
3894
10288
6267
6267
7937
12564
5706
3337
5706
5856
5856
4002
4002
4002
1387
2717
2045
2717
1415
1415
1415
1415
1415
4321
1387
1387
2045
3458
9358
1415
8355
1415
1415
1415
2541
6910
6818
2541
4321
1387
4321
5404
1387
1387
1387
2541
2541
5733
7953
6818
2541
2541
7953
6818
6818
11658
5856
5404
5404
7937
5856
7942
10026
7937
7937
10395
2541
5733
7953
3872
5404
5856
7942
5856
7942
10288
4323
7937
3872
2717
5259
2717
5259
1395
1268
1395
1268
1395
11619
12363
3458
2717
5259
1268
2717
1395
1395
4074
1584
1395
3530
3214
2446
2446
10563
2446
1291
1291
3458
3458
1291
1291
1291
5733
3214
3214
3214
2446
1291
6248
1291
1291
9754
7964
6437
5733
5733
9274
10008
1291
7964
7964
9274
5733
3773
3224
6446
11160
2860
6302
2860
1425
1425
1425
6168
3773
3224
9908
3773
3773
1425
6446
2860
1425
1425
2860
1425
1425
1425
3068
1433
6168
3773
5626
10252
6168
3773
5307
4033
3892
3892
1425
1425
1425
1425
9327
2268
3598
1433
2268
3598
9312
5626
4033
3892
8162
5307
5307
2283
3892
3892
3221
5828
5828
3892
2268
2268
1433
2268
2268
4890
5307
2283
4890
8162
5828
6924
3221
12604
3892
3221
3221
2268
2268
2058
2058
1277
1277
1277
2267
2267
1268
1268
1268
7782
10252
2267
6050
2267
1268
1268
9647
1268
4074
3459
3459
4856
7782
4856
4856
1900
1900
1268
4074
4074
1900
3459
3459
4460
3459
3459
4856
4890
4856
11152
6924
4890
9816
2270
1900
1900
5942
2058
5829
5818
4856
4890
2058
4890
2058
6924
7425
1900
5818
1333
1333
1333
7581
4102
790
5154
6973
1333
10997
1333
1333
7581
4905
4102
4102
4905
4102
790
3287
6973
5154
3287
2396
4929
4929
181
2396
2396
7111
3827
4102
4102
3827
6326
4315
3287
537
10285
181
2396
2472
4929
181
181
5474
4929
2362
2362
181
3827
3827
537
181
537
181
181
3329
181
181
2472
2362
2362
2362
2362
790
3255
3658
3658
3658
4465
4465
540
1178
790
3255
790
11620
3255
3255
3658
1178
540
4465
1178
1178
540
4987
790
790
790
7492
2472
2472
537
1178
1178
5625
10781
2369
4987
1326
2369
4315
537
537
8880
2472
537
9984
2472
2369
2369
1326
2369
537
537
537
3329
2369
1293
11160
6302
6302
540
3224
1293
1293
3224
7786
6302
6302
540
540
7827
540
1484
3224
1293
3224
4033
1293
1293
540
2296
2296
1326
540
8785
3983
540
1484
10222
10222
1057
2296
9364
1057
1057
2296
5625
1326
8078
1057
1326
3325
1057
1057
1057
1057
1057
8351
8351
1326
3325
1612
1612
987
987
987
369
1698
1698
4097
1698
1698
4097
1698
2570
3048
2570
369
3048
2570
369
2797
5333
4899
7000
1698
1698
369
7000
7000
1698
2570
369
3048
5966
2570
5077
369
5966
5966
5077
2797
522
522
8100
522
522
1358
6776
6776
366
490
490
369
6776
6594
5966
5077
5077
6594
5966
5543
2797
522
522
4085
490
490
490
366
366
490
490
6776
366
5881
185
6594
6594
10284
4260
490
490
4085
185
366
185
366
1032
366
1032
4260
367
367
4097
1612
3048
6609
3048
1297
1297
562
367
367
3955
367
367
332
4097
3048
1297
1297
3048
1297
1297
562
7215
1197
367
4086
3955
367
4086
332
3835
3835
367
1297
1297
332
13417
7215
1543
1197
7215
11913
4086
332
442
442
4603
332
3835
442
6999
4126
3835
3835
7754
1197
7754
4260
442
332
442
1237
442
1237
4733
9131
3835
4260
586
586
346
346
346
1607
3939
1607
1607
3939
1607
1607
346
7136
5244
346
1936
5244
2565
5155
9736
3905
1607
13129
346
7969
1607
1607
5244
6563
975
10424
5244
6563
2565
1936
5758
4986
5155
11252
3905
5155
2543
2543
343
343
343
2543
2543
2543
975
1191
5758
5758
9373
10003
5758
4986
7134
2543
1183
1183
2543
2543
343
1183
11795
3944
343
343
6605
244
975
6605
6605
1183
2543
1183
3010
1183
3010
6743
244
343
244
586
586
5962
6708
619
1679
619
1679
619
586
586
4582
586
586
586
4582
619
10444
10089
619
619
5451
5953
586
5772
2216
586
5772
6160
975
975
586
2783
2783
9266
5953
5451
5953
5772
5772
1936
1936
2783
975
1936
2783
975
975
6707
6707
1936
1936
1936
7092
975
4548
4548
4256
4256
4256
4556
4556
1359
4556
4556
8899
4556
7178
8507
8185
7178
7170
7170
5018
5018
10471
4556
4556
3448
1359
10471
4556
8185
8678
817
7170
7170
9377
7170
7170
3448
3448
12134
3448
3448
3986
5078
5078
809
8827
8827
9629
817
817
8581
817
817
3448
3448
11562
809
8827
3472
809
809
5078
817
930
817
817
809
809
809
930
817
876
2309
8899
5915
4256
4256
4256
4256
3367
932
876
2309
1359
876
9376
2309
1359
4256
4256
6960
10187
3367
8918
932
3367
932
876
5974
876
876
3757
3757
1359
1359
876
3757
3757
932
4253
1630
3367
932
1630
1088
5974
3757
5638
3757
3757
1527
6959
5638
9514
7757
9629
1630
1630
932
1630
1630
3757
1527
5638
7757
5638
9514
6959
9378
1630
1630
3939
4548
4548
4548
4548
11278
7178
3332
3332
2414
3939
8007
8920
3939
4548
984
8920
4548
3332
3332
7178
3332
3332
2414
7161
3339
346
984
3939
346
3447
9530
6532
6532
346
3332
3332
2414
3986
3986
7161
3339
3986
7161
346
984
346
346
8333
2880
8582
5390
5778
3728
6532
3986
4984
3339
3986
4984
346
2880
5778
3728
5390
5778
5390
5390
3986
4984
2309
4608
5915
7213
5915
6554
6543
1361
3972
1361
4608
4608
2309
2309
4608
987
2309
5915
3972
1361
6543
3972
3972
1361
6960
6498
987
987
4899
987
987
6995
2309
2309
369
3972
3972
1361
6189
1527
6498
6498
1527
10200
987
987
369
369
5085
2185
1358
369
5085
5085
7890
1358
1527
1037
1527
1527
369
2185
369
1037
369
1037
1358
3392
1358
1527
1612
1683
1612
1938
1612
2675
6609
2675
3268
3268
6708
1683
1612
1612
1683
1683
1612
3793
1381
3268
3268
3793
3268
3268
6011
3268
1679
5153
1679
332
1683
1683
332
332
332
1381
2562
3268
6011
6011
6286
3268
6992
2091
1679
1679
332
332
6160
4656
1935
944
2562
2562
4656
944
1381
6286
8566
2091
332
9466
944
4656
1758
4656
4656
2562
4656
2091
1938
6181
6181
6554
1361
1938
7399
1938
10595
6181
6181
1361
4382
1361
1361
4382
3398
1938
1938
1938
6995
984
984
984
1361
1361
984
4382
5508
3398
4382
5508
2675
2675
2675
6995
1381
2852
10431
4508
984
984
2852
2852
5007
5007
2675
10092
4508
2852
10431
2852
2852
984
2852
605
605
358
358
358
1648
1340
1648
1648
4021
1648
1648
358
7138
6416
358
5128
3713
7741
1340
3354
1648
8705
358
3354
1648
1648
3713
3713
1006
5128
3713
3713
5128
4279
1943
4623
4003
1943
467
467
355
355
125
467
467
1006
6858
4279
4279
7923
4279
1943
467
1943
125
467
355
125
125
355
355
779
1006
10508
125
125
125
779
355
605
605
4574
4574
576
1578
576
1578
576
760
605
605
8112
605
605
605
5704
576
6857
4635
576
576
9208
760
1538
1538
605
5879
8112
605
1846
1846
1006
1006
576
1260
1260
760
7003
1538
1538
9208
1538
1538
5879
1846
7138
1260
1260
1260
1006
7923
1260
1260
1006
1006
9861
1260
9861
9861
1260
1260
8435
1260
7923
10794
7923
6979
1006
6979
5130
5130
4625
4625
4625
1340
4399
3352
9207
5130
11340
9207
4625
10813
10813
2782
8557
2782
1083
787
4021
4399
1340
1340
4399
1012
3352
11340
9207
2782
2782
1301
8557
2782
2782
1083
8557
8557
5158
787
358
1012
1340
358
10124
7148
1340
1340
358
2782
2782
650
8973
1301
1301
5158
5158
1301
1301
8311
787
358
1012
358
358
8420
650
4623
1506
1506
650
4623
1301
3861
650
1301
1301
2817
1301
358
650
1506
650
1506
1506
3861
3861
1301
2817
1301
775
2065
775
2065
775
8430
6941
2234
2234
6631
6631
3352
775
6631
2065
775
775
2234
2234
6941
2234
2234
7764
4433
6631
7277
3352
6631
7277
11088
3352
3352
775
2234
2234
3278
3278
7285
5195
3278
4433
7277
7277
11780
4291
11772
8973
3356
4291
3863
8973
3278
3356
3114
3278
4475
4291
4291
3114
3356
3114
3356
3356
3278
3356
1652
1652
1015
1015
1015
1652
1652
4032
1652
1652
4032
1652
10561
1581
10561
3968
1581
3968
1830
10131
2572
8035
1652
1652
349
8035
5308
1652
3968
3968
1581
8698
3968
3968
2291
8698
5374
1830
1578
3185
10131
1578
349
349
2619
2619
349
349
349
2619
2619
4869
5374
5374
4869
4869
11024
1430
1578
349
1578
349
349
3182
3182
4883
992
2619
2619
7461
760
2619
4869
2888
1430
349
4635
760
3182
760
3182
6851
2619
2888
1430
4032
8155
5130
9202
4625
8978
4625
4660
1083
516
4032
8155
8136
4032
9202
866
5130
4625
4868
4660
4625
1083
1960
516
1083
1083
1581
1015
4032
1581
8815
866
1012
1012
1012
1960
1960
516
1012
1083
1083
1960
1083
1083
1581
866
1581
1581
9675
866
6505
2291
4396
9675
1012
1012
8482
1083
7148
3450
1581
866
2291
4396
2291
4396
10636
10636
1012
3450
2519
2519
2519
2519
2519
3563
5893
3322
1323
3552
3552
2572
2519
2519
2519
2572
2519
5893
3322
4810
1323
1323
1620
2547
4362
4037
2547
7088
12289
2572
2572
612
1323
1323
3878
1620
1323
1620
2547
4362
2547
2547
9483
612
612
7734
2974
612
10148
6451
2547
5928
612
612
612
2329
2329
2329
2329
2329
7747
8980
4663
1969
1055
5752
5752
8169
2329
2329
2329
5712
2329
4663
4663
8069
1969
2714
1055
1969
1969
2625
2625
8169
2625
2625
2574
3323
3323
997
2714
2714
1055
997
997
1969
2714
997
1969
2625
2574
3322
2625
8742
1711
4362
3322
9700
6206
3323
997
4809
802
997
2587
2625
1711
3322
6206
3322
7085
10245
802
997
802
4812
9235
4812
9235
4812
3886
7545
2981
6042
9481
9481
8155
4812
9481
2981
4812
4812
7545
2981
6042
6042
11909
6042
8530
8978
7472
8155
8978
4397
4397
1015
1015
866
2327
2327
2574
2574
8530
9174
2574
8530
8978
4397
4660
2066
2327
866
866
2066
2327
1015
866
6788
1711
2574
1711
2066
2066
2066
866
2066
866
2289
866
1711
2065
2065
2065
8472
1793
9235
8713
2065
4661
2065
2065
4292
7483
1793
3627
1793
3612
9235
3612
1601
7472
7472
1601
1601
1601
11088
1793
1793
1793
3612
2981
1601
1601
5367
2981
11083
7472
4431
4431
7355
1601
2981
2981
4431
4431
371
371
371
626
626
371
1044
371
371
1044
371
371
8305
4123
4123
5739
4123
4123
2975
4133
3305
4062
2730
371
4062
363
6071
371
371
5739
5739
371
4123
4123
5739
2975
8173
7018
4133
4133
363
363
2730
363
363
1886
2730
2730
363
1886
1886
1886
638
7848
7018
7018
7919
6395
7018
4133
4133
363
363
7700
363
1886
1886
11369
2656
4470
4513
12587
2656
2656
2656
638
7509
7509
4172
363
1886
4470
4470
2656
4470
2656
2656
2656
2656
4172
3830
5740
3830
5740
3095
4262
3095
4262
3095
5872
8380
6071
3830
10727
1696
3830
3095
5897
10311
3095
3095
10311
4150
4377
1696
1696
5872
1696
1696
3304
638
638
638
3304
3304
8294
2924
6682
4377
2924
6682
1696
1696
11704
1696
3304
638
6019
6903
3831
638
638
2924
2924
2924
2924
1696
11704
3831
6019
8763
6019
6019
638
2924
1947
1947
1205
1205
1205
1044
2691
1667
1947
4633
1947
1947
8260
4098
4098
1883
4098
1883
1005
1044
2691
1667
1044
6877
1883
1667
1667
1947
1883
1883
118
4098
1883
1883
10197
10197
1046
1005
1044
8131
1044
1044
4127
4127
118
118
118
1883
1883
118
118
1637
9162
1046
3998
1637
7064
1005
8131
4127
8305
4127
4127
5844
2904
6506
8314
118
118
1637
1046
118
1637
1637
1637
4127
6506
4016
2904
4016
2904
2904
118
1637
1637
613
4510
10680
10137
6172
6641
6172
6641
5843
1820
1884
4510
613
613
6347
2074
8621
6172
6641
10349
6172
5843
5843
1820
11415
1005
1884
10295
613
1884
5393
2074
613
613
368
4005
4005
1820
3998
3126
5843
5843
3126
1005
5629
2074
5629
3208
4005
2074
5935
368
3208
4005
5935
368
368
368
3126
3126
3208
2074
3208
3208
368
3208
368
368
368
368
1327
1327
1327
2132
2132
5740
4864
6007
6681
4864
11383
5062
5062
2132
5062
5062
2132
4995
5740
6380
6007
5740
6681
2485
6007
6007
5062
5062
5631
626
8261
4995
4995
11552
11552
4262
2485
5740
4262
5880
6771
626
626
626
4995
4995
626
626
5058
4995
5058
5058
4262
2485
4262
4262
7523
9243
1315
5647
626
626
1315
626
5058
4262
5647
1315
1315
626
2691
8498
4633
8498
4633
1205
7690
1205
701
11383
10199
2691
2691
8498
1205
2691
4633
2854
2854
8260
701
2854
701
2132
4662
11383
2132
5824
6378
2691
2691
701
2854
2854
6756
701
701
701
2132
4662
2132
2132
6378
10179
2171
6875
10179
1699
1699
1699
2132
6875
2171
2171
1699
4510
5973
11067
11067
2586
4808
2586
4808
1325
5973
5973
4510
4510
5973
3063
8057
2586
4808
7640
1325
1325
10992
1325
991
3063
3063
4510
3063
3063
3209
4510
4510
1003
3209
3209
4802
1003
4363
991
1003
1262
3063
3063
9061
3063
3209
2074
2074
12197
6901
8096
1003
1003
991
1003
1003
3063
10505
6901
2074
12197
2074
3992
1003
1003
3083
3083
12952
13961
6051
6051
6051
6051
3828
7954
3083
3083
6380
3083
3083
3083
8160
6051
6051
12145
3828
3828
13718
7954
3828
7875
3083
11127
4864
3083
11127
12732
2485
2485
2485
11273
11273
5716
12846
3828
9311
7954
3828
7875
11127
11127
9516
9516
11273
5716
2485
6771
11273
11273
2485
2485
8307
953
10196
953
9516
5716
9516
8163
6771
8163
6771
3330
2485
953
8989
1327
11541
5630
5732
5732
5732
5624
5624
8989
10199
8989
11791
1327
10682
5732
5823
1327
5624
5624
7640
5624
5624
1205
8989
1205
6293
4238
4238
1205
1618
1618
4238
4238
5624
9275
12997
5624
1205
1205
1205
1618
4662
1324
1324
4238
4238
8625
4238
10550
1205
1324
1324
8625
4238
1327
5630
3716
3716
3080
12783
1327
1327
6866
1327
3716
3716
10465
3080
7658
3080
3080
4236
7988
4236
4236
1327
1327
1327
7658
7658
9031
3080
3080
7658
3080
3080
4236
8517
4236
8161
12732
10375
8161
8161
9031
9031
10375
3080
10399
10399
4236
12145
8161
10375
8952
10375
10375
9031
10375
3097
3359
3359
3359
3359
1798
1798
1798
1798
172
344
3435
4769
3097
3435
3359
4769
7286
3359
1798
172
582
1798
172
172
5745
5745
510
344
3931
4769
3435
3435
4769
2261
3097
3435
3435
172
172
172
8230
582
582
3929
510
582
582
6704
344
3525
6340
3435
10562
2261
2261
5727
4174
4174
12116
3361
4681
5727
582
11857
510
582
582
1596
582
3525
2261
10384
11500
2877
4174
4174
2877
4174
4174
4771
4681
582
1596
582
2877
2877
1824
1824
1824
3097
2538
4309
2538
4309
4962
4447
637
217
3931
3097
3097
9032
3097
3097
4309
2763
637
1832
217
2763
637
217
217
3525
3931
3525
8354
3097
3097
217
2763
2763
7720
6422
217
217
6123
6068
217
217
3525
3525
3525
10221
11700
4376
6819
9167
9710
2729
2729
217
6068
2729
2729
3525
6819
6819
4376
6819
4376
4376
2729
2729
2538
2538
2538
4962
637
4172
4172
7959
2538
11112
2538
2538
4377
637
637
4377
637
4172
4172
7959
4172
4172
3831
5137
5137
637
3831
3831
6068
637
10745
637
9931
8763
640
10281
3094
3831
5137
5137
2737
3094
5137
2737
2737
2921
640
3094
640
3094
3924
2737
3924
2737
2737
853
853
853
1406
1406
3899
5949
3899
6468
5949
4923
1406
1406
1862
1406
1406
1862
1406
2630
980
9412
13361
3899
3899
6917
1406
3899
3899
1406
1406
4516
1600
1862
1406
2643
2630
7789
3777
2643
980
8322
8322
9412
8322
2922
1655
3899
3899
640
2643
2643
1655
4681
4681
3777
2643
2643
1600
3777
3777
980
8322
1655
640
640
2922
1655
3924
640
11854
5339
4681
3924
9712
1729
1600
9712
6920
1600
640
1655
640
1729
640
1729
3924
1968
3924
1968
1600
1344
853
2950
853
2950
4847
3507
1918
715
1344
1344
7286
1344
1344
853
4923
2950
8228
1918
3507
715
715
7789
715
1344
1414
7286
1344
1414
8597
7286
7286
715
715
715
1600
1600
715
715
1600
7287
1414
1414
12051
1414
4322
4310
2542
2542
4322
8324
1600
9051
715
1600
3921
1414
2542
2542
2542
2542
4310
8196
1600
3921
3218
3218
3218
3218
1869
4481
1869
1342
1869
1342
11558
4573
3218
5949
4573
3218
1869
1869
1342
7015
1869
5031
1342
3509
3509
1342
4133
6905
4133
1655
4573
4573
1655
1655
1655
8225
8225
3509
3509
6735
9563
3509
3509
1342
4133
4133
1655
1655
4513
2616
4112
1663
8225
2616
2616
1663
8225
5030
5030
2154
1655
4112
1663
2616
4112
2616
2616
2616
2616
2154
1919
2255
2255
2255
2255
3277
3277
2041
1342
2615
4514
1919
1919
2255
848
10640
2255
3277
2041
1342
1342
13300
1342
2618
296
848
1919
296
3890
6239
1919
1919
296
3215
3215
9015
1342
10522
2618
1342
3357
296
848
296
296
3215
4072
2840
2840
3215
4072
4072
8142
2256
8142
2256
296
2840
2840
2840
2840
7507
7497
4072
2256
853
853
853
4075
1918
5870
2839
853
2937
853
853
2041
1918
1918
2041
1918
848
2839
848
848
2839
2839
848
2041
2041
8597
1918
9415
1918
848
5533
848
4019
5033
1341
1341
5033
3564
3564
8597
848
1341
1341
3564
3564
5585
2513
5585
5585
3879
3879
3879
3879
3879
5053
6979
10238
5585
6979
2513
5585
3879
13332
2513
3879
3879
4794
7587
5053
4794
5053
6979
7275
6979
3246
1536
1536
400
3246
3246
3781
5400
5053
4794
4794
4429
5053
5053
3374
10794
2277
400
3246
1536
400
400
3421
1536
1536
4371
400
3781
5613
5613
3374
400
400
400
400
400
3294
1469
1536
1469
3374
2454
11471
2508
2508
551
2454
2513
2454
2454
12207
2508
551
2508
551
551
3409
1517
2454
2513
2454
5516
2513
2513
551
551
551
6836
3409
3409
1517
3409
3409
12083
7587
5516
5516
3781
4429
7957
7957
3781
3781
9517
1517
6836
6108
5516
7587
7435
4429
7435
4429
3374
3781
3374
531
6283
7114
7114
7114
7567
7567
3946
3546
1423
531
6283
531
7512
6283
6283
7114
6122
3946
7567
3546
6122
3946
3546
534
1423
531
531
531
645
6283
6283
261
645
645
7121
8271
2359
3546
534
4354
2359
3546
1423
5383
5383
261
645
9921
261
261
1746
8271
2359
2359
261
4354
2359
2359
2281
261
261
261
261
261
3158
3158
2359
2359
2281
4331
5525
4331
8607
395
1112
395
1112
395
499
6823
5525
5187
4331
6823
1112
4331
395
8270
5421
395
395
5777
499
5384
499
6823
11422
13895
6823
2215
1608
5187
5187
395
1685
1685
499
5286
532
5384
499
532
5384
8445
1608
3946
1685
1685
728
4354
3946
1685
1685
5286
532
532
499
532
532
1685
728
3946
1685
3946
4907
4354
2281
532
532
4344
1879
8607
1879
1112
2848
1112
2848
1112
3949
5525
4344
4344
5525
4344
4344
1112
1112
1879
4104
1112
5421
7336
4392
1038
3949
5525
10002
5525
1608
2968
2968
837
837
837
2968
2968
4392
4392
1038
5989
4392
4392
3949
9522
5381
837
837
12531
2415
837
837
2968
2968
7515
837
2968
7669
7669
5687
837
2415
837
2415
2415
7515
7515
2968
7515
5687
1808
1879
1879
2848
2848
11199
1808
1808
10691
1879
1879
8731
2848
2848
8731
7336
5059
1874
1808
1874
1874
1808
1808
386
5495
5495
5989
5989
11882
5059
5989
5475
1874
386
386
5495
4250
386
5041
5495
10435
4250
6521
1087
5989
5784
386
386
1087
386
1087
4250
6521
4250
5784
6264
6264
4420
4420
4420
5234
6264
5234
6264
6264
8369
6264
11426
4420
8695
2847
4420
6275
1851
7157
10416
5234
5234
6264
2847
5234
5234
6264
8268
2847
2070
6275
6275
8268
6275
6275
7606
1851
7157
8390
6331
7157
9021
2951
5234
5234
234
6219
6219
7251
2070
2070
7606
8288
2070
2070
7606
1155
7381
2951
7381
2090
6219
1060
234
2090
6219
8389
234
234
234
2070
2070
4876
1155
2090
2090
2090
234
2090
234
234
234
234
1155
233
680
8369
11925
4420
8733
4420
8733
4420
236
233
680
5579
233
2275
680
5579
4420
8747
8747
4420
4420
8747
236
6953
236
233
6370
233
233
1141
1141
4179
4179
233
1141
1141
236
5135
1155
6953
236
1155
6953
2890
1141
2890
1141
1141
406
4179
6235
9971
2915
4179
1155
1155
236
1155
1155
1141
406
6849
2915
6235
5192
6235
7202
1155
1155
2263
2263
1412
1412
1412
6398
6398
11724
9834
9834
11724
1412
1412
3520
1412
1412
3520
1412
6398
6398
11863
6398
6398
1111
12014
12014
1412
1412
8602
1408
8400
1412
4327
8400
4562
6398
10232
11863
6398
2885
1111
5328
5328
1408
1956
1956
5328
1408
1408
4327
1408
1408
10799
1111
2847
1956
1956
2951
2847
1956
5328
1408
7011
1408
1408
1956
2847
2847
2951
1408
7010
6668
7010
9838
5325
4898
5325
4898
3047
11724
6668
11375
7010
9838
4898
7010
5325
5325
10423
8483
3047
9822
3047
3520
7408
11724
3520
10707
9962
5573
5573
509
5358
5358
5219
3047
3047
3047
3520
7408
3520
3520
5358
6333
509
5240
5573
509
509
5219
3520
5240
509
509
509
680
6282
6282
6282
2991
2991
2991
2991
2273
11081
11081
680
680
6282
2991
7541
2991
2991
6923
11604
2273
8783
2273
1174
8733
8595
680
8733
13380
5581
680
680
406
7342
7342
4534
2273
2273
8783
2273
1174
8733
5581
8733
4434
7342
3180
406
4434
7342
6058
406
406
406
4534
8870
4434
4434
4434
406
4434
406
406
406
406
5252
5252
6433
6433
6433
12957
12957
3220
4937
5252
5252
10709
5252
5252
3220
12232
6433
6946
3220
6923
4937
4937
6923
4654
4654
10709
4654
4654
11017
8595
8595
1111
4937
4937
5581
5581
4937
5581
4654
4654
8602
4654
6280
1111
1111
6280
8595
1111
2873
5581
4654
8602
1111
1111
1111
2263
3685
3685
8614
3220
2263
6606
2263
2263
3685
13636
3685
6366
3220
3220
6366
3220
4333
6606
1906
2263
2263
1906
10104
2263
2263
1906
6366
6366
11017
3220
6942
8977
3220
4333
1906
1906
1906
1906
1906
10104
9430
9430
4609
4609
10470
9430
9430
11609
3288
11017
3288
1906
1906
5465
4609
4609
11071
4609
4609
9430
11609
10056
9430
3288
4609
4609
3049
3049
3049
3046
5254
2306
2306
2306
3046
6668
3046
3046
6668
2306
2306
4898
2306
7486
8959
3600
3046
8113
3046
11635
6668
6668
2306
4535
4535
7408
8959
7486
7486
8959
3600
12221
5465
4535
4535
11071
5465
4535
4535
7408
7408
11292
3049
9962
11292
4535
5465
4535
5465
9301
11071
3049
7408
3049
417
417
417
704
704
1732
5242
417
3866
5993
417
1892
1892
4526
1892
1892
2548
980
4272
5242
1732
1732
5993
1892
1732
1732
1892
1892
6760
417
9989
980
6760
2548
980
980
4272
5830
4272
4272
2269
2269
713
713
713
2269
2269
713
713
980
980
4273
8521
980
980
6447
2269
4538
2269
2269
8854
3522
10486
5261
713
713
3522
980
713
5572
5572
2269
4538
5261
3522
8823
3522
3522
713
3522
417
1170
417
1170
417
4110
4526
2630
2548
4490
4490
3011
417
3854
412
417
417
2630
2630
2548
2548
2630
2548
412
412
3011
412
412
6311
3011
3011
412
2630
2630
8521
2548
8853
2548
412
412
7283
412
5339
6088
1729
1729
6088
1968
1968
6920
412
1729
1729
1968
1968
4788
4788
4788
5425
5425
3618
3618
911
4788
4788
7869
4788
5425
9961
8289
5425
5418
5418
2887
899
3618
3618
13585
3618
3618
3618
911
9742
4788
8289
9796
536
5418
5418
7406
2887
5418
5418
7406
899
3618
5683
12530
3618
5683
4394
3684
3684
529
2520
2520
2520
6259
536
536
7406
7406
536
536
10046
536
5112
4394
5112
529
2520
2520
3684
529
529
2520
3684
536
5372
529
536
536
1475
536
529
2520
529
529
529
529
4137
5372
536
1475
536
911
3841
3841
3841
3841
6536
5439
5603
3982
7609
7609
911
911
3841
3841
10037
3841
8060
5603
3982
3982
11605
3982
4644
7609
9621
911
7609
8190
5183
911
911
911
4136
4136
5182
3982
7528
9200
3982
4644
12713
5183
12713
2357
4136
7505
2357
2357
4136
6274
5182
12234
2357
5182
7407
2357
2357
2357
2357
2357
7505
8767
5182
7407
3519
3519
3519
6027
910
5457
5457
8784
3519
11628
3519
3519
5603
910
910
5603
910
5457
5457
9821
5457
5457
5183
2806
2806
910
5183
5183
7647
910
9510
910
6841
9621
913
11993
3981
5183
2806
2806
3690
3981
2806
2806
3690
3838
913
3981
913
3981
5264
3690
2806
3690
2806
5242
6519
6519
6519
704
704
704
704
704
10708
13409
5242
5242
6519
704
5242
704
704
5713
2500
704
3608
3130
6841
8833
10708
6841
3839
2320
5242
5242
704
3608
3608
5830
3130
3130
3130
6841
2320
913
913
3839
5264
913
12817
5830
5264
6207
6207
913
913
913
5264
5264
1170
2983
1170
2983
1170
5693
4110
1730
1730
1730
2549
5753
1873
1170
12181
1730
1170
1170
1730
1730
4110
1730
1730
1730
13081
3588
2549
8832
1873
2549
10466
9615
136
136
136
1730
1730
1172
5236
4054
12133
4183
4054
3588
4505
8832
4505
4505
9937
1172
136
1839
9937
1172
136
136
1839
1172
4054
4054
4505
1172
4786
1172
1839
4756
1839
1839
136
1839
2983
2983
2506
2506
1894
12612
5753
2983
7554
2983
2506
2506
8286
1894
4785
1894
1894
5425
8192
5425
2320
5753
5753
1894
2320
2320
8832
1894
1894
4785
1894
1894
5425
5425
2320
2320
4394
3586
5408
2326
8832
3586
3586
1894
6085
6085
2320
5408
2326
3586
3236
3586
3586
3586
3586
1596
3915
3523
3523
4326
3523
3523
10672
7985
7985
6047
513
2996
513
1596
3915
4771
1596
12779
344
9176
3523
3523
7421
6047
513
2996
2996
7421
513
2996
2565
513
1596
344
1596
1596
4563
4563
2877
2877
510
4563
4563
6338
13098
2276
11922
2565
5086
2276
6531
513
6251
344
510
510
4563
2877
510
1603
6981
2877
2276
2276
1125
5086
2276
1125
861
510
510
1411
510
1411
3361
7158
2276
1125
861
1062
1824
6954
5314
6954
6382
10676
6382
6538
5522
1062
1824
1062
1062
1824
1824
6954
6538
1824
6975
6538
6538
6975
6975
8409
5522
1062
11138
1062
1376
1824
1824
1062
1070
1070
6074
5743
5743
8409
8409
5743
5743
9156
4892
1376
1852
1070
1070
9167
6123
1070
1070
6074
5743
11503
1070
5743
5743
6956
4892
1070
6123
1070
6123
10869
9167
1747
5743
1747
4892
3260
3260
3260
6269
513
5314
7962
3260
3260
9176
3260
6269
513
513
9036
513
1420
5314
5314
5314
8403
6338
6338
513
4159
4159
5086
513
1823
10801
513
1420
6382
6382
4159
4159
10411
5736
4159
4159
6338
5086
5736
1420
5086
8875
4159
8417
4159
5736
9178
5736
5736
5086
5736
511
4326
4326
7631
4986
1413
3915
511
511
3915
511
4326
6047
7631
4986
6047
4986
7983
344
1413
6320
344
344
511
511
244
3944
3944
3045
3045
4986
3045
977
344
712
9725
344
3944
6948
7812
244
3010
5256
244
244
3045
977
344
6558
3010
712
244
712
244
244
1413
3921
3921
7287
4273
7983
1413
1413
3921
12822
3921
7287
4273
4273
5537
4273
977
1413
977
11859
1413
1413
712
3018
3018
5261
4273
5537
4273
977
977
977
3018
712
712
3018
6948
712
11246
5261
977
6558
712
712
712
786
786
468
468
468
468
960
2096
3578
3578
4922
5211
5211
9254
1299
1299
3270
1299
1299
1687
1299
896
623
960
2240
3578
3578
2096
4922
3578
3578
1299
4922
4922
1299
1299
5399
1687
1687
1299
2348
896
1687
1687
2348
623
960
2351
3578
7589
2240
8273
3578
7589
7924
1302
2011
2011
1299
2348
2348
896
2011
2011
1687
2348
2348
2945
1687
4103
623
1569
1569
7589
7589
1151
7002
2604
3862
1470
1302
10020
2604
2604
3862
1302
2011
2011
5992
2348
2011
2945
6460
1039
1569
1569
2604
1470
1690
2604
2604
1151
2604
2604
1151
5992
5992
1302
2011
5992
1039
692
692
692
1151
1151
2240
3895
2987
3895
3895
2987
3895
4758
9017
8866
4758
5857
7149
2351
5405
2240
2240
3895
2738
5209
10979
3895
8866
8528
2987
7149
7149
8394
5857
7149
7499
1569
3860
2240
1569
10433
2738
1302
1302
1151
2985
2985
3276
3199
3199
8394
7499
3199
3199
10468
1569
2738
1569
1569
2985
1151
1151
2985
2985
1302
1151
8956
2154
3199
3199
2154
1569
1690
2985
1151
4109
1151
2943
1151
2154
3152
2096
3197
3197
3197
4751
4751
454
793
3152
4472
3152
3152
4927
2096
3197
3197
793
454
4751
793
793
454
7582
4472
3173
3152
3152
3173
3173
1396
1396
793
793
793
3485
8275
2047
7582
2349
2047
3806
3173
1396
3806
3173
7046
1396
1396
3764
9009
1396
1396
2047
2349
2047
3806
3173
7366
10882
7585
3764
1396
3764
1396
2987
2987
2987
10183
2618
9419
5209
2987
6804
2987
2987
9288
5857
2618
2618
3357
4073
9419
4073
1274
3276
3276
1274
1274
1274
3276
2256
2618
2256
4073
6835
1274
1274
4482
7366
9817
3276
2256
2256
2256
1274
7366
7366
7497
2256
2096
786
7815
786
3270
3486
3270
2568
623
1533
11324
10803
2096
2096
7815
786
6469
3270
2568
2568
3270
623
2568
1533
623
623
2008
2008
2096
2008
2008
5171
2096
2096
454
2568
2568
1533
9860
623
623
5786
623
623
2008
2008
454
454
5171
1611
2349
454
9076
2445
3485
2349
5575
623
5980
5980
454
1611
454
1269
454
1269
2349
5401
2349
5401
786
2092
786
2092
786
7372
3486
3576
3486
3569
6795
9369
786
786
7303
9369
786
3486
1294
5791
3486
3771
3576
5791
3771
3569
751
6795
751
10160
1294
1294
751
3771
3771
1294
1294
5316
3771
3771
7866
5316
10441
3569
751
751
751
8024
8259
1975
1975
8024
1294
1294
5316
1975
1294
5316
5316
3953
751
1975
1975
1975
1975
8259
11159
1294
5316
3953
2092
4105
2092
4910
2092
468
7372
468
3576
1107
4105
4105
4893
2092
4105
468
2092
2092
4614
4614
3576
3576
4614
1107
3576
3569
2323
2323
4893
2323
1794
1794
465
465
465
1794
1794
1107
8771
3576
6983
8962
3576
3569
2323
1794
4622
649
1794
1200
465
649
649
1200
465
465
2829
649
9909
10144
649
1200
649
649
649
649
2829
2829
465
2829
960
1688
3605
1688
3605
883
5984
883
1477
1439
960
2825
960
960
2825
2503
7004
3605
5984
883
7493
1477
1477
4316
6809
1477
1439
5987
2825
960
960
2825
9029
960
960
960
1477
1477
3642
5357
5357
1477
1477
5357
5357
6809
1439
5682
9645
960
2887
2887
9029
5327
5327
2887
5337
10052
5327
5327
7594
1477
3642
5357
2305
2305
2887
2887
2887
2887
5337
7369
2887
5337
5327
7369
3821
5327
2305
2305
1587
1587
1587
4531
2029
5855
5405
1587
1587
5405
1587
2029
4758
2029
2029
8528
5682
6242
5682
7951
3860
3860
1587
2029
2029
2738
2738
10825
2738
5682
5682
2326
2326
8287
3236
2326
3860
2738
8696
2738
2326
3236
3236
8696
2738
1688
4910
468
468
468
1688
2503
1688
4328
8022
468
468
5399
468
1940
5399
1940
883
1688
883
8971
2503
2503
468
1940
1940
7924
5399
1940
1940
5399
2504
883
883
883
3819
3642
3575
3575
3819
3642
3642
6323
1470
6323
1470
883
3575
3575
3575
3575
13565
9532
3642
1470
481
481
481
481
481
5005
5005
5005
5005
2227
4951
3373
481
840
7179
481
481
5395
481
5005
5005
6826
5177
5177
5013
2227
473
3373
473
473
3373
3373
473
5861
5861
819
9113
2693
9519
5641
6009
2693
5013
2227
473
8985
473
5861
10685
3306
6991
6991
12340
2693
2693
2693
819
2693
2693
2685
473
8985
4100
3306
4100
3306
3306
2693
2693
2685
2222
3636
4731
6827
4018
7017
4018
6012
4018
2429
2222
3636
7179
2222
9879
501
4731
4018
7017
6012
4018
4018
5534
2429
5029
3471
2139
501
2222
2139
2139
7557
819
819
819
5534
5534
2243
929
929
5534
3471
929
8109
2139
501
10012
2139
6052
2243
819
2227
2227
4732
819
819
6825
2227
929
2428
2139
2243
2227
2227
2227
2227
6009
7127
819
2428
3636
5216
6827
5216
6827
3134
6997
3134
6012
7329
3636
5706
3636
3636
7145
8108
6827
6012
3134
6997
6012
6012
11036
8845
6770
7329
501
5706
501
501
5706
5706
501
3620
3620
8926
6759
6759
6770
6770
6759
6759
7329
6759
501
807
501
3620
7968
3888
3620
3620
7968
3888
3888
3620
6759
6759
7119
6759
501
7144
3620
3888
7144
3888
3888
3888
3888
6759
972
5216
3134
3134
3134
972
972
4002
972
9410
5216
3134
3556
3134
3134
3556
9528
1236
972
972
4002
972
972
4729
4002
4002
972
3556
3556
10787
9528
5159
1236
9528
8599
7155
6073
972
7155
976
4729
10316
10316
976
976
9124
10316
7977
7977
976
9759
9413
2539
976
2539
976
976
12497
976
976
10316
7977
7977
7977
7977
976
976
976
1594
1594
342
3872
3872
4620
3999
342
4323
342
342
3872
3872
4620
11579
3999
7960
3999
3999
342
9195
342
3897
4323
4323
342
4040
4040
10026
3999
3999
8941
3999
3999
3897
2539
2539
4040
12497
2539
9411
8174
10521
7981
7981
3999
7981
7981
2539
2539
5741
2539
5741
11493
9885
7981
7981
1138
2908
6070
6218
7333
4960
8263
4960
5396
628
1138
2908
2908
6070
3266
2908
10791
3652
3266
4960
8263
5396
628
628
9393
628
1138
2908
2908
3652
6062
2908
2908
3652
4138
403
403
403
4138
4138
403
628
9393
628
1843
4963
3652
3652
636
8592
3652
4138
636
636
4197
11666
403
403
4197
4378
1843
1072
3652
1072
13514
8418
4197
636
4197
403
1138
1138
4876
4330
4876
1851
7284
1851
4483
1138
1138
2724
1138
1138
1138
2724
4876
7284
9924
8288
4483
6084
4483
1138
8377
6990
1138
6217
3433
1133
1133
1072
1375
1375
6661
4329
4483
4329
4963
3433
1072
1072
1375
1133
1072
1375
1133
1133
4329
4329
1072
1072
1072
4908
1133
2685
2685
2685
2685
2685
8309
5013
2099
2099
2099
6054
6070
2685
6054
7068
2685
2685
5013
1843
2099
2099
4996
2099
2099
2107
2099
4100
6070
4100
4100
3645
3645
2099
3267
3267
1843
3645
2099
4996
4996
7041
2099
2107
1556
4100
5396
3267
3267
7638
4426
3267
3267
3645
3645
4426
2107
1843
7041
7649
1556
3267
5396
3267
4426
9169
4426
4426
3645
4426
1556
1074
1074
1074
1742
1742
389
1074
2756
1074
1074
2756
1074
1074
3587
5877
5877
3587
2028
4787
1354
2028
3463
5052
5420
1074
9703
821
5420
1074
1074
4787
4787
1074
5877
4787
4787
1354
2028
7508
2617
2028
3463
4125
3463
3463
821
821
1843
1843
821
821
821
821
4424
6197
1504
7508
2617
3707
1504
7508
1258
4125
821
2481
821
821
821
1843
2481
7736
2172
1843
1504
1504
1504
3707
1504
1504
1258
821
821
2481
2172
2481
5639
3293
3293
1504
1504
1258
4330
5338
5338
5338
4204
4204
4204
757
2028
642
4330
8605
5410
4330
5338
757
11002
4204
4204
757
2028
2028
6943
642
2028
4783
1851
3240
4330
1851
3434
2749
4424
4424
1071
1071
1071
380
3707
2028
8415
8415
2028
4783
1851
2749
1851
1071
1071
380
3433
2811
1071
1071
4424
2811
2811
833
3707
5340
1071
380
6955
833
2811
833
2811
2811
2811
2811
3880
3167
2312
4020
4020
2312
4020
7506
1742
7506
7176
1742
3372
487
1391
3880
3167
4793
3880
3880
553
4793
4793
4020
7506
7176
1742
13255
3372
3372
487
5054
3470
3372
1391
553
553
9883
553
553
818
4443
4443
285
285
285
285
4443
4181
3470
3372
3372
4181
3470
3470
1391
553
553
3406
285
285
285
8376
3406
285
285
4443
4181
5140
285
4181
4181
8391
2231
285
285
3406
285
3406
7236
5140
5140
4181
5140
2231
2312
2312
1742
1742
757
8605
7202
2312
8605
2312
1742
757
1742
757
757
5054
642
3240
7202
3240
2749
5192
5192
236
757
757
11699
5054
5526
642
5054
9595
3240
236
236
2749
2915
236
4792
6100
5192
2915
9899
642
9899
2231
236
236
686
236
686
2915
6410
2915
2231
2428
2756
2756
3587
3380
2428
5052
2428
3167
2756
2756
7176
3587
3380
7176
3380
1444
2428
2428
2428
818
4114
4114
818
818
818
11450
3380
3380
1444
3380
3380
9479
3471
818
818
4114
2429
2429
2165
4114
4017
4017
1444
4017
4017
818
2429
2165
2429
2429
4732
8312
4017
4017
861
861
7564
8080
892
2340
892
2340
892
861
861
5762
861
861
861
5762
892
12092
7120
892
892
3339
7558
861
7223
1125
861
6344
6344
1411
1411
861
3339
3339
10592
7558
3339
7558
6531
6344
2565
2565
3728
1411
2565
3728
1411
1411
8079
8079
2565
2565
2565
6981
1411
447
1251
447
1251
447
7574
4764
3168
3168
1255
6956
4892
1747
447
10675
1251
447
447
3168
3168
4764
3168
3168
1255
4930
6828
5522
5522
1747
5522
5522
8240
1747
1747
447
3168
3168
1255
6441
4930
10786
6828
4930
9422
5522
5522
11259
4191
10410
1378
5519
2299
4191
1378
6441
2299
2299
1378
8239
10677
4191
1378
4191
1378
2299
1518
2299
2299
2299
2299
2566
2344
5780
2566
2566
5780
2566
3635
1423
3635
3635
1423
3635
3076
2767
4540
2344
6796
2566
2566
677
8443
9366
2566
3635
4101
1423
8266
3635
7123
3076
8266
8266
5707
2767
677
677
6796
677
677
7798
6796
6796
677
3782
3782
2677
7979
1749
1749
11035
11035
1749
1749
5707
1749
677
677
1420
677
3782
2677
5607
4760
3782
3782
7979
1749
4760
3782
1749
1749
4218
1749
677
2677
6064
3782
4760
6064
4760
4760
1749
4218
1749
1251
5780
1423
1423
534
1251
4892
1251
5970
5780
1423
534
1423
534
534
6130
1468
1251
1251
1251
1746
4892
4892
534
534
534
5300
5300
6130
1468
5300
6130
7182
7728
1255
1746
7970
1255
1255
4212
7970
5300
7943
1255
5300
7943
1255
1255
1255
1255
1255
8240
9188
5300
7943
2281
8080
2340
2340
499
2281
2344
2281
2281
2875
2340
499
2340
499
499
7120
1380
2281
2344
2281
4907
2344
2344
499
499
499
7706
2880
2564
1380
2880
2414
4907
4101
4101
5150
3399
4101
6662
7605
3399
2880
2880
1380
2880
2880
4101
4101
4390
4101
4390
7159
7159
2880
2880
879
879
524
524
524
2313
1728
2313
2313
5341
2313
2313
524
8385
7888
524
2797
2180
9707
1728
4180
2313
10283
524
4180
2313
2313
2180
2180
1440
2797
2180
2180
2797
2797
2188
4827
5329
2188
622
622
521
521
185
622
622
1440
4599
2797
5543
9632
2797
2188
622
2188
185
622
521
185
185
521
521
1032
1440
9632
185
185
185
1032
521
879
879
5754
5754
851
2248
851
2248
851
1013
879
879
9926
879
879
879
7201
851
8150
5800
851
851
10548
1013
1240
1240
879
7510
8694
879
2484
2484
1440
1440
851
1649
1649
1013
8274
1240
1240
10548
1240
1240
7510
2484
8385
1649
1649
1649
1440
8514
1649
1649
1440
1440
6616
1240
6616
6616
1649
1649
10130
1649
8514
8940
8514
8252
1440
6616
2799
1728
2799
5341
5620
524
1445
524
1445
524
923
2799
4178
10547
2799
1728
1728
5620
1445
1728
524
7192
7192
524
524
7192
923
823
823
2799
11931
8518
5095
4178
9292
8518
3727
3727
1728
1728
524
2884
2884
923
5093
823
823
923
823
823
4263
8518
8518
3727
1689
8518
2884
2884
1513
9649
1689
1689
2884
2884
5093
1689
2796
823
5210
5210
4263
8518
2884
1513
10208
10208
2884
1689
1689
10049
1689
1689
2796
1689
2796
1040
1040
1040
1090
1090
1028
2654
1028
2654
1028
10126
8222
1145
1145
7233
7233
4178
1028
7233
1145
1028
1028
1145
1145
8222
1145
1145
9067
2927
4263
4263
4178
4263
4263
8766
4178
4178
1028
1145
1145
4111
4111
4271
2927
4111
5648
4263
4263
10904
4263
8766
6186
4182
5554
5212
9649
4111
4182
1768
4111
5688
4263
5554
1768
4182
1768
4182
4182
4111
4182
2317
2317
1448
1448
1448
5898
1277
6192
9948
7415
9948
1448
3595
1448
1448
3550
430
430
8480
5898
1277
6192
5898
5898
1277
6192
6192
1448
3550
3550
430
430
430
3550
430
430
10569
4851
9299
8480
8480
4851
7626
5819
6192
6192
430
3550
3550
9651
4648
430
5070
4648
430
4851
4851
5819
3219
4851
4851
7626
4676
5618
1275
9295
9651
1275
1275
4648
2655
3891
4851
3891
9295
3219
1275
3219
1275
1275
2654
2654
2654
10143
2079
10569
10291
2654
5818
2654
2654
4460
4689
2079
2079
2444
2058
10569
2058
2058
4676
4676
2058
2079
2079
12406
2444
2079
2444
2058
3891
2058
2270
3219
3219
11661
4676
3219
4453
4453
2058
3891
3219
3219
3219
2799
3093
5351
3093
2251
2251
2251
1212
1212
1212
8953
9870
2799
2799
5351
1212
10543
2251
1212
1212
8829
1212
1212
1212
9620
3078
1445
3589
2799
1445
6360
5945
2799
2799
1212
1212
1212
729
5944
1955
5617
3078
1955
10901
1445
3589
1445
1445
9018
729
5095
1513
10153
9646
5095
1513
1513
1513
1955
1955
1445
729
8393
1828
1513
1828
1513
1513
1513
1513
1277
1950
8701
1950
4152
4767
4152
4767
1433
7415
3500
1277
1277
8701
1950
7387
4152
4767
9568
1433
1433
9147
1433
1055
1967
1967
1277
1967
1967
4151
1277
1277
1277
4151
4151
6448
1433
5895
1055
1433
3562
1967
1967
3595
1967
4151
5819
3670
6193
6193
9299
2590
2590
1055
2590
2590
1967
10310
6193
3670
7745
3670
3670
2590
2590
2317
2317
7208
3548
2248
4028
2248
516
516
2317
2317
9870
2317
2317
516
7208
2248
516
516
2248
516
516
5800
1013
2317
12146
3093
2317
3082
3082
3589
3589
516
516
516
4025
4025
5959
1428
4025
1013
11018
3082
8700
3082
3082
3589
4653
3234
3234
3589
3589
4653
1013
4025
8145
3082
8700
3234
4653
11926
4653
3807
3589
3807
1950
1950
1950
3527
3527
3548
3500
1950
5356
1950
1950
3527
8345
3527
7543
9568
3548
3548
3548
886
3500
3500
886
886
886
6683
1711
9174
1711
3885
5224
886
886
5896
2289
7255
7524
1711
1711
1711
886
7255
2289
2289
1711
2573
2573
1615
1615
1615
1475
3651
2330
2573
5798
2573
2573
9525
5394
5394
2517
5394
2517
1475
3651
2330
1475
8168
2517
2330
2330
2573
2517
2517
178
5394
2517
2517
9185
9185
1475
9929
1475
1475
5422
5422
178
178
178
2517
2517
178
178
2305
10520
5324
2305
9929
5422
10046
5422
5422
7489
3821
6361
178
178
2305
178
2305
5422
6361
3821
3821
178
887
5709
11478
7226
7716
8034
7716
8034
7488
2088
2518
5709
887
887
6773
2663
6363
7716
8034
12036
7716
7488
7488
2088
12553
1439
2518
11949
887
2518
3263
2663
887
887
533
3263
3263
2088
5324
2837
7488
7488
2837
1439
7323
2663
5079
3263
3263
2663
7550
533
4048
5331
7550
533
533
533
2837
2837
3263
2663
4048
4048
533
4048
533
533
533
533
1715
1715
1715
2718
2718
6351
5941
7602
6351
5941
11072
5004
5004
2718
5004
5004
2718
5004
7407
7860
7602
6351
6351
3467
7602
7602
5004
5004
7325
899
10011
5004
6053
12608
12608
4644
3467
7407
4644
7511
6276
899
899
899
4806
4806
899
899
6107
6053
6107
6107
4644
3467
4644
4644
4806
10576
1703
4806
899
899
1703
899
6107
4644
7339
1703
1703
899
3651
9187
5798
10166
5090
1615
5090
1615
967
11072
9187
3651
3651
10166
1615
3651
5090
3784
3784
10010
967
3784
967
2718
4388
11072
2718
7470
7858
3651
3651
967
3784
3784
6261
967
967
967
2718
4388
2718
2718
7858
11966
2755
8166
11966
2360
2360
2360
2718
8166
2755
2755
2360
5709
7573
7226
7573
3957
3957
3957
3957
3957
11457
11457
5709
5709
7573
3957
5709
3957
3957
4049
10495
3957
4049
9379
8188
3561
5894
9886
3561
5894
4998
5709
5709
1437
4049
4049
2663
2663
9379
8188
2663
9379
3561
4998
1713
1713
12362
3042
1437
5590
1427
7254
1437
1437
1427
2663
2785
1713
1713
1427
1437
1651
1437
1437
1437
1437
3973
3973
11074
13329
4976
7635
4976
7635
4976
8732
3973
3973
7860
3973
3973
3973
9359
4976
7635
9224
4976
4976
13213
8732
5180
8732
3973
12428
5941
3973
12428
13647
3467
3467
3467
12496
12496
7391
13693
5180
10627
8732
5180
9762
12428
12428
10788
10788
12496
7391
3467
6276
12496
12496
3467
3467
9180
1389
9180
1389
10788
7391
10788
9955
6276
9955
6276
4157
3467
1389
1715
13666
5503
5503
5503
1715
7324
1715
1715
8157
9840
5503
5503
9044
5503
9953
9224
9953
7324
2186
1715
1715
2186
2186
1715
1715
1715
5037
5037
13647
9224
9953
9953
9224
10430
5087
2186
1715
12105
1826
5037
5505
8685
1826
1826
5037
8685
8685
11066
1826
11116
11116
4384
1826
4384
1826
1826
13142
1826
1826
5505
11066
11066
8685
11066
9187
10446
1615
1615
1615
12599
9187
9187
11822
9187
1615
7803
1615
1615
2287
1712
5087
12200
5087
4998
4388
4388
1615
2287
2287
4388
1712
1712
1712
5087
4384
4384
4998
5505
4384
10600
4388
4388
10243
10243
4384
4384
4384
10940
4388
4260
3494
4744
4744
4744
5225
5225
4919
5225
4474
4260
9131
4260
8252
3494
4744
4744
11370
3135
5225
5225
5884
4919
6103
5884
4474
4260
4260
4260
4083
1237
1237
562
1759
1759
3135
3271
6103
5884
5884
5644
6103
6103
3051
8940
1197
562
1759
1237
562
562
1759
1237
1237
5597
562
3135
6614
6457
3051
562
562
562
562
562
4126
785
1237
785
3051
2001
10965
1779
1779
831
2001
3494
2001
2001
9392
1779
831
2017
831
831
4228
2202
2001
3494
2001
7268
3135
3135
831
831
831
8130
4228
4228
2202
4228
4228
8960
4919
4919
6886
3135
4919
6886
6886
3135
3135
10789
2202
8130
7673
4919
4919
4612
4919
4612
5644
4198
3135
4198
6560
333
948
333
948
333
6425
3809
1559
1559
568
6560
2978
10088
12861
4738
333
1195
948
333
333
1559
1559
3809
1559
1559
568
8143
2923
5635
10088
5635
6588
2978
4738
5635
10315
10315
4528
4528
333
1559
1559
336
4528
6307
6919
3832
6307
2923
5635
5635
5635
6588
2659
5635
5635
6404
336
6805
2804
1572
6404
336
4528
1572
1572
336
6307
8432
5635
5635
5635
336
7795
8233
336
2659
1572
7107
2659
1572
1572
1572
1572
1773
1773
1572
1572
1572
2978
6560
6541
11096
4507
6802
4507
3867
2676
6560
6560
2978
2978
6560
3780
6541
4507
6802
3867
4507
2676
7756
2676
2676
6560
10977
2978
6560
9434
3780
2978
2978
334
6838
6838
1490
334
2676
7756
334
2676
10275
3780
7795
4945
6838
2659
2659
4945
6838
7195
334
334
334
334
334
4945
4945
4945
2659
4945
2659
5952
334
334
1181
6552
8748
8748
8748
3153
3153
3153
706
706
6552
7872
1181
6552
6552
9515
11274
8748
3153
3867
706
706
706
3867
706
706
7872
7872
6552
6552
7872
3780
711
711
711
706
3780
3780
1908
6525
706
8282
6525
706
9121
10977
711
3804
2581
3780
711
711
2581
2581
711
711
711
4587
1908
5017
1193
2581
1193
2581
8934
2581
711
4587
711
711
3005
6349
3005
5016
6349
5016
5016
3898
12983
12983
3898
4058
4846
12218
11473
3005
3005
9432
3898
3005
3005
5016
8207
8207
3005
8227
4846
6572
4058
4846
8904
8904
12218
8904
4740
4740
3005
3005
1193
4740
4740
5816
5816
4846
4846
8749
4846
8904
4740
1193
1193
4740
8836
1193
3794
5816
5816
6348
5816
6348
1193
1193
1193
8934
5816
6556
6556
6556
6556
3150
3150
3150
3150
3150
9163
11214
6556
8281
8056
6556
3150
10154
3150
3150
3150
3945
11249
6530
4727
11274
4727
2960
1908
1908
242
2960
2960
4554
9418
3198
3945
6885
3198
4727
7821
242
2960
1908
242
242
1908
1908
2988
4554
3198
242
242
242
2988
1908
1181
1181
7219
7219
2537
2537
2537
2537
2537
3360
2146
1181
1181
2146
1181
1181
2537
7160
1181
2537
2537
7160
3360
5781
5781
3360
2146
11710
2146
7846
1181
1181
1181
7160
7160
8897
8897
5781
5781
8672
12396
5781
5781
2158
8684
4058
4058
7846
8749
4058
8223
9347
8897
8749
9279
4120
8897
9279
7060
2158
4058
4058
4386
4058
4386
8749
4120
8749
4120
2158
3008
3008
1247
1247
1247
3397
8056
3008
3008
8056
1247
1247
5969
1247
4692
10434
2042
3397
9927
3397
9416
4554
4554
1247
4692
4692
4554
6885
4692
4692
6885
2042
9416
3360
3360
5726
12396
3360
5726
5726
4554
4554
11357
2042
6885
11357
3360
3360
5726
3360
6904
12396
3947
4554
3947
948
6349
3898
3898
1192
948
11473
948
4845
6349
3898
12649
3898
1192
1192
7135
1192
948
948
948
4594
6588
6588
568
1192
1192
13217
4436
1192
1192
4436
7135
4594
4023
568
4737
6588
568
568
8932
6588
4436
4436
568
4436
4436
568
568
568
568
568
5649
4848
4436
4436
4001
2682
4039
4039
4039
4720
5850
609
1046
4001
4001
2682
5685
4001
4039
609
5997
4039
5850
609
1046
1046
4914
1046
4001
692
1865
5685
4001
692
7076
1300
2975
2975
692
2636
2636
4016
1046
4914
1046
692
692
1300
692
692
692
2636
2975
2975
2901
2636
2975
2975
10460
8314
692
692
4917
2901
4469
2901
2975
12316
2975
2154
2154
2154
11851
3588
2943
8846
2154
2154
8110
2154
7499
9566
3588
4183
3588
2943
7016
2943
4109
4417
4417
1172
1172
1172
1663
1663
3588
1663
4109
5694
1172
1172
4469
4469
1172
4417
1663
6511
1663
1172
4756
4469
4469
1663
2682
1039
12514
12277
2601
2601
2601
2601
609
1988
6174
1039
2682
2682
6174
1039
2682
2601
2601
2902
609
609
2902
1988
609
1658
4103
1866
6460
4103
3544
3544
1865
1865
609
2902
2902
1232
1300
609
10506
1988
609
1658
4103
1866
4103
896
3544
1232
6613
896
896
7437
1865
1300
4730
896
1300
3272
896
1232
896
896
896
896
7578
7578
1300
3272
2678
2678
2678
2678
2678
4476
4476
2009
2009
1973
5401
4370
2678
5401
4370
2678
2678
5786
1271
2009
2009
5786
2009
2009
1973
1973
1269
4833
1269
1269
620
620
620
2445
2445
1271
6713
2009
8255
10437
6713
2009
1973
1973
1269
5092
922
2445
620
922
922
1611
620
620
3768
922
1271
6713
7247
2790
922
922
922
922
922
3124
3768
620
3768
2790
1039
8101
1005
1005
1005
1039
9271
1039
1039
8101
1005
9109
1005
1005
9862
2596
2596
1039
9271
1039
1866
1271
1271
1005
3123
3123
10009
2596
2596
9862
2596
2596
1866
7442
1866
3123
1271
3101
3123
3123
1271
1271
3101
2596
10009
12450
1866
7442
3123
3101
9664
3101
3101
1271
3101
1258
1258
3174
1258
1258
3174
1258
2400
5480
2400
2400
1010
1010
687
915
8432
5883
6203
1258
1258
1258
7044
10236
1258
2400
4440
1010
1010
1010
4440
687
1010
1010
915
915
2923
5658
6203
2923
11598
5462
4077
4077
336
4440
4440
687
1773
2175
1010
7276
8753
2175
1010
915
545
2923
5462
2923
2923
6699
1142
336
336
6699
1142
4077
336
5882
915
1773
2175
5065
545
2923
1142
3832
1142
336
7883
336
954
336
954
545
1556
3825
1556
1556
3825
1556
1556
4942
9038
4942
1502
1772
656
2173
5063
4994
1556
8262
909
4994
1556
1556
1502
1502
1556
6399
656
1502
1772
656
1551
909
2173
1551
1551
10116
4270
4270
656
1502
1502
2489
4270
656
656
6803
656
1551
909
8049
1551
5978
10031
3175
5576
4270
3175
3175
2489
4506
1551
5576
3175
3175
3175
3174
3174
3174
5480
2617
3281
5577
3174
11815
3174
3174
2617
5480
2617
2617
7197
5873
3281
3281
3281
2172
1773
1773
1501
2172
2172
1773
1501
7197
5873
1501
7197
5639
1772
1772
2172
2489
1772
3756
3177
1773
1501
1501
388
1501
1501
1772
1772
2969
1772
2969
8235
388
1501
388
5226
5340
4783
4783
1850
5226
5883
5226
5226
5883
4783
4783
13475
1850
4196
1850
1850
833
6665
833
833
5658
5658
380
380
380
5462
1850
1850
4196
1850
1850
833
4225
380
380
10095
2809
380
380
5658
2809
2809
380
5462
10101
380
4225
380
2809
8464
2809
2809
2809
2809
3825
3825
2107
2107
2107
4099
7755
3825
3825
11735
2107
10229
2107
2107
10945
5429
565
4099
565
909
4763
4763
565
5474
5474
9367
5429
9386
5429
565
565
565
5474
901
901
5474
4763
901
10692
10692
565
4993
901
901
901
2205
2205
2205
2205
2205
787
8311
787
6158
9092
10354
5488
2205
2205
787
2817
2205
8958
4474
6158
6158
8958
6158
7675
4283
4283
5488
4283
4283
4901
784
784
650
4901
4901
650
650
9389
7876
650
7675
4283
4283
6670
4283
4901
784
3715
5227
3051
784
650
3715
1757
650
1757
4283
5227
3051
3715
5227
3715
1958
650
1757
4205
4205
4205
6111
6111
6220
9403
6566
13177
12880
7909
6111
6111
10726
6111
5650
10306
6111
6220
9403
8720
6220
9403
1778
6566
12256
6111
6111
5650
4115
10306
6111
9758
10306
10306
659
1778
6220
659
6738
7047
8720
8720
659
6144
6144
4115
4687
4687
12792
4687
4687
659
1778
659
659
6144
6748
2048
2393
12196
2048
2048
4115
4687
659
2203
2048
2048
2048
2007
3622
7909
4205
7909
10583
10583
7976
7976
2050
2007
3622
6566
2007
11959
3469
6566
7909
7976
7976
10726
7976
7976
2050
11406
2050
2007
8746
2007
2007
3469
3469
4115
4115
2007
3469
3469
2050
4115
3296
11406
2050
3296
6639
8746
3469
4458
3469
3469
3210
12654
3465
12304
7343
4115
3296
3296
2050
3296
3296
3469
3210
4458
7343
3465
8770
3465
3465
3296
3296
6230
7974
12733
10812
10339
10339
10339
5124
2202
6230
7974
10958
6230
12733
1781
10958
10339
5196
5124
5650
2202
2202
5650
787
1781
6230
787
6737
12204
1778
1778
787
2202
2202
1778
5650
2202
5650
787
1781
787
787
11891
7281
4198
4612
1778
1778
4198
7047
787
4474
4198
4198
1778
3622
8304
4205
8304
4205
14070
13670
6721
7035
9911
9911
3622
3622
9911
2097
3622
4205
7035
6721
13346
7035
7035
9771
9771
2097
2097
11955
2097
2097
11969
3622
3622
815
7035
7035
13617
3210
9771
11726
3210
9771
2097
2097
815
815
13143
6720
815
13091
2941
10504
3210
3210
2155
3210
3210
815
815
2155
815
2155
6720
11416
3210
3210
7019
8304
8304
14056
4473
7019
7974
7019
8304
7974
8304
6721
5124
4473
4473
5124
4433
7019
4433
11171
1781
1781
1781
4473
4473
1781
5124
4473
5124
4433
4433
4433
11969
3114
3863
12988
1781
1781
7077
10107
4433
5195
3863
3863
1781
1560
1560
955
955
955
3355
3355
3754
3355
3355
7146
2488
5655
2488
2488
1354
2488
2488
7126
7348
3754
3355
3355
1354
3754
3754
2488
13445
1354
545
2488
2488
5873
3384
3384
7126
7514
7126
7126
7514
1647
3754
3754
388
3177
3177
8974
545
545
5873
545
545
7514
1647
8053
2969
3177
5494
388
2969
5494
388
388
545
545
2969
2969
388
388
388
387
1091
7146
7891
955
955
955
955
955
389
387
1091
1526
387
2161
955
7146
955
955
7200
6199
955
7200
389
2395
389
387
8522
387
387
1775
1775
1526
1526
387
1775
1775
389
8974
604
2395
389
604
2395
4265
1775
4265
1775
1775
658
2403
2403
8399
4274
8974
604
604
389
604
604
1775
658
8399
4274
2403
8399
2403
5295
604
604
2235
2235
1393
1393
1393
733
2800
1970
7209
7209
2831
3477
3477
5122
3477
3477
5122
3477
1791
735
2800
2800
733
733
2800
223
1970
5350
3477
3477
8471
1970
5122
3477
8471
1791
10319
7484
735
735
223
223
733
223
223
1528
733
733
223
1528
1528
1105
7398
3100
3100
7484
10113
3100
3100
735
735
223
223
3365
223
1528
1105
6705
3719
2830
2830
6705
3100
7996
735
3100
3100
6709
1222
223
1105
3719
2830
3719
7693
7996
7996
3100
6709
1222
1970
2235
2556
5766
2556
585
2851
585
1243
2831
2235
1970
1970
11957
585
2556
2556
2851
9638
1243
1243
9638
1243
2563
2831
5075
1970
2831
12095
8519
1970
1970
1222
8512
8512
9151
1243
2563
5289
1243
2563
7358
5075
7358
7358
8512
7630
1222
8512
3951
11401
1222
1222
1222
9151
12063
7358
9059
3951
1222
9059
1222
1222
1222
1222
843
843
503
503
503
2230
3840
2230
2230
5184
2230
2230
503
11464
7877
503
8003
7329
9938
3840
5162
2230
8203
503
6840
2230
2230
7877
8358
1384
11464
7329
9993
8003
7329
6727
10128
5162
6727
2243
2243
500
500
500
2243
2243
1384
1606
7119
7329
11824
7119
6727
2243
3353
2243
2243
500
3353
3749
500
500
4337
1384
7119
2243
3353
3353
4337
500
843
843
4336
8615
1604
1604
1604
1604
1604
843
843
5001
843
843
843
4336
1604
1604
8383
11399
1604
8383
5241
5241
843
5927
5343
843
5651
5651
1384
1384
843
5651
5651
5926
5241
5241
9975
5241
5241
7341
5651
8003
5651
5651
1384
8003
12944
4339
1384
1384
6775
4339
6775
6775
5651
8003
4339
8003
9116
11023
11023
1384
6775
3840
1560
8071
1560
5655
9560
5655
487
1354
5184
9130
3840
3840
8071
487
11833
5655
4261
487
1354
1354
1444
1354
503
1390
3840
503
7513
5049
3840
3840
503
1444
1444
1647
1354
1444
1354
503
1390
503
503
2165
7742
5377
2165
9561
1647
8843
1647
503
5377
5377
7742
1647
1560
3391
1560
3836
1560
5028
5028
1525
487
554
5197
5197
3391
9130
1560
13920
1393
1560
1560
5028
1525
487
487
554
554
487
554
5197
5197
1393
10307
5197
5197
8812
6112
1390
1390
487
554
554
554
1390
487
554
554
487
1349
9626
9626
1393
3468
6701
5538
5538
931
3468
3590
3389
5538
5538
1390
1390
3389
554
5049
878
4486
5538
931
4486
6517
5538
7206
3389
6517
3468
3389
3071
1390
878
2235
5766
585
585
585
2235
9936
2235
2235
8615
585
585
2258
585
5787
6287
2235
7266
2235
5075
3468
3468
585
5787
5787
5927
6287
5787
6287
5075
4486
4486
7449
3468
4486
4643
3468
3468
12169
8070
4486
4486
4486
7206
3468
1091
3836
3836
9581
1525
3391
1091
1091
3391
1091
3836
1525
8123
1525
1525
6209
3752
1393
7753
1393
1393
1091
1091
658
1525
1525
4451
658
3843
3752
658
6209
1393
9685
1393
6112
5863
5551
5551
10855
7168
658
658
658
658
658
1393
5551
1791
5551
1791
5863
7665
658
658
552
1521
7183
7183
1391
1391
1391
1391
1349
552
1521
2211
552
2745
1391
8391
1391
1391
6475
7738
1349
8431
1349
552
9628
552
552
2431
2431
2211
2211
552
2431
2431
6190
878
1349
878
5529
2431
5529
2431
2431
1357
1357
10102
7236
878
878
878
2431
9622
1357
1357
878
1146
1146
689
689
689
998
3745
2591
8439
8439
2993
1857
1857
2788
1857
1857
2788
1857
2443
1000
3745
3745
998
998
3745
325
2591
3189
1857
1857
10142
2591
2788
1857
7172
2443
9066
4690
1000
1000
325
325
998
325
325
2212
998
998
325
2212
2212
1532
4539
3987
3987
4690
7172
3987
3987
1000
1000
325
325
2192
325
2212
1532
8077
2192
3769
3769
4539
3987
9847
1000
3987
3987
8081
1631
325
1532
2192
3769
2192
5102
9492
6797
3987
6797
1631
2591
1146
3536
7428
2989
860
2989
860
675
2993
1146
2591
2591
8497
860
2935
2989
2989
10877
675
675
10877
675
1817
2993
6120
2591
2993
8991
8991
2591
2591
675
6902
6902
6316
675
3186
3064
675
1817
4459
6120
4459
4459
6902
4985
1631
6902
5282
9223
1631
1631
1631
6316
8901
4459
9066
5282
1631
10493
1631
1631
1631
1631
2231
4211
2930
2930
4211
2930
2930
689
9597
8531
689
3187
7288
1377
2231
5188
6410
2231
14100
689
11126
2930
2930
8531
7677
1848
8073
7288
7288
1377
3187
7955
7154
2231
6083
2231
2231
4441
2210
686
686
642
834
834
834
1848
2031
4209
7288
7288
8436
4209
7154
6083
2210
642
642
834
834
686
642
834
834
686
686
4209
449
1848
4209
3964
642
834
642
834
642
1737
6100
449
686
449
1146
7428
860
860
860
1146
6847
1146
1146
6847
860
860
1174
860
7438
7799
1146
4248
1146
6120
1848
1848
860
4634
4634
7542
7799
7438
7799
6120
3187
3187
4634
1848
3187
4634
1848
1848
9297
9297
3187
3187
3187
8436
1848
1521
4211
689
689
689
5188
1521
1521
4211
6822
689
689
6171
689
7677
7295
2443
5188
1521
5188
2210
1521
1521
689
2210
2210
5039
5039
7295
8775
5039
2443
9173
6475
2210
2210
5666
931
5194
5138
8407
931
931
931
5039
5046
2210
6475
5138
931
7152
931
931
931
931
4120
4836
4836
4836
4836
11980
11980
11980
10430
4120
14074
4120
4120
7971
4836
4836
11868
4836
11980
10430
11868
13770
10430
4120
10639
4120
4386
7430
7430
1623
9347
9347
8917
7391
7391
10430
7391
7391
4386
1623
1623
9347
6346
1623
9941
7430
6346
11744
7391
7391
1623
1623
1623
6346
6346
2158
2158
7725
7725
6294
8744
6294
5186
4835
2158
2158
7971
2158
2158
2158
9408
6294
12193
5186
6294
4835
4835
9773
4835
2158
6640
7971
2158
11587
4122
6638
6638
2158
4835
4835
4089
4089
4835
4835
4089
11014
11587
4122
13770
11587
12015
10537
12404
12015
12015
6638
4089
11225
4835
4089
7774
11587
13004
12015
12404
13004
12404
8019
4089
7774
3740
3740
3740
8744
5186
7994
3947
3740
3740
9714
3740
7429
5186
5186
7429
5186
2042
3947
2042
9073
3947
3947
2042
2941
2941
4122
4122
11726
4122
2042
2042
2042
2941
6904
2155
2155
6640
4122
11416
4122
2042
2155
2155
11416
4122
954
5065
915
915
389
2486
5485
954
954
5485
954
915
389
915
389
389
7656
1095
6431
5485
2486
2620
5485
4274
954
954
389
389
389
1142
1142
5656
1095
1142
7656
4029
9095
2486
9901
4274
4274
8739
3847
3847
10186
5067
7883
1142
13473
957
1142
2919
4029
4274
10846
10186
957
3847
3847
957
3847
3847
5487
1142
2919
957
957
957
1564
1564
2486
6698
6698
6780
424
6431
2486
2486
10620
4848
6698
4615
1589
424
4615
424
424
4029
2486
4029
5799
2486
2486
424
4615
4615
8141
424
424
8963
424
424
4029
4029
4029
5799
5514
1564
7683
10448
8141
1564
1564
424
4586
4586
4029
7683
7683
1564
7683
1564
1564
1564
1564
3953
3953
8027
3953
3953
8027
3953
7696
7482
7482
2931
2324
2995
1270
2324
6709
11403
8251
3953
3953
1972
8251
8251
3953
4247
2931
2324
6442
2995
2995
1270
2324
6442
2995
2324
735
1972
6709
735
10072
7400
7693
7693
735
2995
2995
1086
9586
3478
3478
2995
2995
3478
3478
7091
2201
735
1972
735
735
5676
1086
3760
1105
5676
1086
7693
1105
1105
1086
3478
3478
4293
2201
735
1086
8116
1086
1105
5563
1105
1105
1105
1105
2201
1104
8027
3569
3569
2324
1104
7373
1104
3761
8027
3569
3569
2324
2324
8962
2324
1107
1104
1104
1104
1200
7373
7373
466
1200
1200
8183
2324
6233
1107
2324
3424
8576
8576
466
1200
9789
466
466
3052
10073
3514
3514
466
3514
3514
466
466
466
466
466
4897
4897
3514
3514
5123
5123
5123
7696
1533
3148
6722
9910
5123
12415
5123
5123
8575
2931
1533
1533
1762
1533
6722
2674
3148
6722
2674
2674
1972
1972
1533
1533
1533
1972
1762
1533
1533
1762
1762
3444
2674
2673
3444
2674
3950
4686
2673
2673
3950
3950
1972
1972
6749
621
7400
1902
3444
2674
8883
9997
621
2673
2673
621
2673
2673
5968
1972
1902
3105
8011
2316
2316
726
3105
3148
3105
3105
12252
2316
726
3146
726
726
5289
3105
3148
3105
6650
3148
3148
726
726
726
3951
3951
7203
3951
5971
5971
5971
6650
4686
1036
8254
4686
1036
1036
3951
5971
8254
1036
1036
1036
1926
1926
1926
2784
943
3120
3566
3120
1926
1926
10165
1926
943
3138
943
943
8963
1934
3566
3566
3120
3120
3566
7810
3120
3120
943
943
943
10448
8189
1934
1934
8189
3958
5728
10559
3120
6046
2300
7810
3733
5672
2300
2300
10403
5672
5672
8189
1934
8189
3053
5315
2300
5315
2300
2300
8751
2300
2300
3733
8751
9467
5672
3053
2300
2300
1435
1435
1435
1434
5131
4980
5131
496
496
496
496
496
1098
1434
10132
1434
1434
10132
5131
496
2774
496
496
496
2774
1098
1098
2815
1098
1434
4031
1434
9904
2495
2495
496
2774
2774
2495
2495
1098
3119
6145
7244
1098
2815
1098
5728
5315
5315
6577
3733
5315
6577
6577
2495
2495
5839
1435
2495
7244
8411
1780
5315
5315
6577
5315
9907
5839
1435
2495
1435
1780
2206
2206
2206
2206
2206
10868
10109
3436
1377
2919
6419
5487
2206
2206
687
6215
2206
7353
3436
4768
1377
1377
4768
1377
2919
687
2919
2919
6829
6829
957
957
957
1377
1377
7715
4288
1377
1377
4288
6097
9047
687
1095
1095
6829
957
1095
2926
8397
957
957
4288
1377
4288
1985
1095
1095
2807
1095
2807
5067
9613
957
1985
832
832
832
7279
3436
6419
1096
832
3697
832
832
3436
7279
3436
3436
7154
687
9091
687
687
1096
1096
449
3436
3436
1745
1745
7154
1745
687
9705
687
6440
7729
449
1737
8464
449
449
1745
687
1737
449
449
449
3325
3325
1484
1484
1484
5443
4154
3325
5443
3325
1484
6868
1484
1484
1614
3983
1614
1054
4154
1054
1054
801
801
801
1614
1614
8159
2283
1614
1614
2283
2626
1054
6874
1054
3096
801
1204
1204
2037
801
801
2283
1204
2283
2283
1054
1204
1204
1204
1204
4674
3596
801
2283
2637
2637
1088
1088
932
5411
5836
9378
2637
2637
6254
1088
1347
932
932
7692
932
2434
5836
5836
5411
5836
5836
11125
9378
9378
932
6397
6397
7757
932
6246
8315
932
2434
11523
11125
4881
9335
6397
6397
4881
9494
7676
6397
6397
9494
7757
9346
2434
7757
9346
9335
6397
9335
7676
6397
9787
7676
7676
4881
11486
10932
7757
9346
7676
7676
5481
5481
5481
1845
1845
1845
1845
1845
9611
5671
4437
1849
1849
4128
4128
5411
1845
1845
1845
11810
1845
9611
4437
5671
1849
1849
1849
6958
1849
4128
8032
5411
4128
12549
2639
4881
4881
1845
1849
1849
1849
2600
2600
1849
1849
2600
10314
12549
2639
12233
9833
9833
2639
4881
9787
9833
9833
4881
2600
8499
1849
2600
2072
9833
2639
12159
9833
9787
11813
9787
5481
2600
2072
685
5446
5446
6872
6486
685
2401
685
685
2401
5446
6872
13375
6486
9857
6486
6486
685
11682
685
6402
2401
2401
685
6514
6514
8083
6486
6486
9857
6486
6486
6402
4437
4437
6514
2639
2639
11811
11235
8032
2639
11132
5918
11132
11132
4437
4437
8750
2639
8750
2639
5918
2639
5918
3910
3910
6072
6072
6072
13230
13230
5368
4525
9413
3910
3910
10725
3910
3910
6072
9975
3910
9988
4525
7991
5368
4525
8599
9413
8599
4339
3910
3910
1236
4339
4339
7462
7462
4525
4525
10317
4525
8599
1236
1236
4339
9124
1236
5151
7462
6774
6774
7462
6774
1236
1236
1236
9124
6774
1594
2731
2731
9135
5368
1594
8449
1594
1594
2731
12719
2731
9135
5368
5368
9234
5368
4735
8449
3518
1594
1594
3518
8402
1594
1594
1594
8402
8402
10317
5368
9986
10658
5368
4735
3518
3518
1594
3518
3518
8402
10400
10400
4596
4596
9019
10400
10317
10604
4596
10317
5415
3518
3518
4186
4596
4596
11382
4596
4596
10400
10604
8327
10317
5415
4186
4186
2742
2742
2742
3913
3913
1638
1638
1638
4217
6808
3913
3913
9885
1638
1638
7570
1638
5841
12082
2631
4217
6808
4217
10712
5741
5741
1638
5841
5841
5741
8174
5841
5841
8174
2631
10712
4186
4186
7396
11382
4186
7396
7396
5741
5741
11583
2631
8174
11583
4186
4186
7396
4186
8191
11382
5278
5741
5278
1470
3638
1470
3638
1470
5689
2504
2602
2504
2594
9532
10597
1470
1470
5596
10597
1470
2504
1660
4619
2504
2834
2602
4619
2834
2594
1439
9922
1439
8489
1660
1660
1439
2834
2834
1660
1660
3988
2834
2834
6391
3988
8968
2594
1439
1439
1439
6617
6987
3571
3571
6617
1660
1660
3988
2088
1660
3988
3988
3055
1439
3571
2088
3571
2088
6987
11677
1660
3988
3055
3272
3272
1658
1658
1368
3638
5596
3272
3272
5916
1658
1658
6135
1368
1988
1368
1368
3638
3638
3638
7437
893
893
893
1988
1988
893
1368
1368
2280
1368
1368
5689
2602
2602
7437
8085
2602
10005
12085
893
893
3117
1368
2835
2816
2602
2602
2594
2602
2594
8085
8473
893
2816
1090
1090
8573
11291
5547
4267
5547
4267
2970
3392
1090
1090
3392
1090
1090
5547
8058
1040
5547
2970
2970
5972
5972
2970
1037
3762
1037
1037
1090
1090
923
2185
2185
1040
6357
5972
2970
2970
5687
5972
3949
1037
923
923
2185
7704
923
2185
2185
8511
6357
10688
2185
1040
6357
9763
923
923
2185
923
2413
7704
5061
6357
5061
7767
12348
2434
2434
2434
9831
10932
7767
7767
10932
7767
2434
2434
4267
2434
5059
5475
11146
9584
9831
13328
9584
6715
1040
1040
1040
5059
5059
1040
5475
5059
5475
12028
9584
2437
2929
1087
6715
2437
4259
1087
1087
1040
1040
5784
5687
2791
1087
2791
1087
9388
1087
2437
8502
1040
8290
6717
8290
6717
5648
2683
5648
2683
2927
10045
10045
9831
8290
10045
2683
8290
5648
8529
8529
2927
2927
8529
2927
10045
13197
9831
10045
8092
8092
1768
1768
1768
5686
5686
1768
2927
13302
2927
13197
8092
2791
2791
5686
2437
2791
5686
1768
1768
6714
5212
2791
2791
2791
7166
1768
2072
6717
2683
2683
1068
2072
5481
2072
8495
6717
2683
1068
2683
1068
1068
13775
2739
2072
2072
2072
8091
5481
5481
1068
1068
1068
8303
8303
12920
2739
8303
3858
11645
11645
4050
8091
11813
4050
4050
12554
11813
6414
6414
2739
8303
8935
4050
4050
4050
4050
4050
6414
6414
6414
6414
2742
5919
9828
9828
8031
8817
8031
4519
2961
2742
2742
5919
9694
2742
9828
4519
10705
8031
8817
4519
2961
2961
13522
2961
2742
2742
8556
6210
2742
2742
13379
13379
6621
6621
2742
11235
11235
6417
2961
10987
2961
8033
12635
8556
2742
12635
8750
11235
10312
9371
5918
8750
6621
5918
5918
6417
5417
8750
5417
8750
2917
5918
2917
5918
5918
5127
9845
2631
2631
2631
5278
5127
5127
5278
5127
2631
2631
10503
2631
2739
3858
5278
6210
5278
8191
5127
5127
2631
2739
2739
4588
3858
2739
3858
8033
5417
5417
12554
2917
2917
12554
10312
2917
12731
4588
5417
5417
2917
2917
2917
5415
5415
4735
4735
2292
14019
5919
5415
12180
5415
4735
2292
4735
2292
2292
10658
4595
5919
4595
4595
5919
5919
2292
2292
2292
9019
8481
6852
8481
4595
4519
4519
6375
8556
4519
12746
8556
8481
8481
8481
4519
4519
4519
12079
8481
5284
2790
8798
5284
2790
9865
4688
5105
4688
4688
3848
1270
3900
1659
8081
11409
6797
5284
5284
2593
8798
8798
4688
4831
3848
1270
4688
3900
3900
1659
1270
7908
3900
1000
2593
6797
1000
7090
4541
5102
5102
1000
3900
3900
1516
7093
1858
1858
3900
3900
1858
1858
8348
1000
2593
1000
1000
7360
1516
5102
1532
7162
1516
5102
1532
1532
1516
1858
1858
2787
1000
1516
7162
1516
1532
4715
1532
1532
1532
1532
1531
7247
1973
1973
1270
1531
4477
1531
5144
9865
1973
1973
1270
1270
10437
1270
1531
1531
1531
1611
4477
4477
621
1611
1611
6169
1270
6439
1270
7222
7222
621
1611
6445
621
621
7093
1902
1902
1902
621
621
621
5968
1902
2790
3997
8093
8093
1820
1820
1820
1820
1820
2790
6716
2790
13089
3997
6716
1820
3634
1820
1820
1820
5281
10389
6964
894
2790
2790
2790
10214
2593
2593
1232
1232
1232
3324
3324
3633
5281
5281
3633
3633
894
5105
3848
1232
1232
2593
2418
1232
1232
2593
2593
6255
894
3324
3633
6255
1232
2418
1232
2418
2418
4541
2533
2593
2533
3992
9219
1262
1262
991
3992
3997
3992
3992
9489
1262
991
1817
991
991
3064
3992
3997
3992
6901
3997
3997
991
991
991
5282
3064
8433
3064
7572
7572
6901
6901
5835
1467
10004
5835
1467
1467
5282
6901
10004
1467
1467
1467
2083
3282
6930
6930
6930
8738
8738
8738
5066
5066
10677
3282
2083
2083
6930
3282
2083
6930
8738
9433
11816
5066
5066
5066
7871
4435
9422
5957
7780
9422
10775
6443
1518
1518
1378
5066
5066
3385
1735
5101
5066
5066
5101
4435
9422
5957
6828
6828
12563
3385
1378
1378
10657
12338
1518
1378
7773
2023
5101
9658
6828
3385
6828
10657
1378
10657
1378
2023
1378
2023
953
2483
953
2483
953
10854
7875
5652
5652
2487
1355
3382
3330
953
12698
2483
953
953
5652
5652
7875
5652
5652
2487
7954
10318
1355
9869
1355
1355
3606
3606
3330
3330
953
3606
3606
2487
8163
6610
12787
10318
6610
12477
9310
3606
9310
3606
3606
3606
13872
6247
12433
6187
8163
6247
6247
6187
6610
6610
3606
3606
12433
6187
6247
11465
6247
6247
6247
6247
2483
2483
2483
7357
2487
3382
3282
2483
2483
11617
2483
10854
7357
2487
2487
8238
2487
3382
3282
3382
13312
3282
3282
2483
2487
2487
3574
3574
2487
2487
3574
11463
13312
9433
6551
6551
5957
6443
6551
6551
5957
3574
10167
2487
3574
2661
6551
9252
6551
6443
9252
6443
3385
3574
2661
783
2087
783
2087
783
10990
6982
2460
4900
3053
7481
783
783
4153
7481
783
6982
2087
4900
4900
7113
2460
4900
3053
3053
3053
9146
5323
5323
783
1427
1427
5323
5323
4900
8188
9916
4900
3958
2457
1427
1427
10770
1651
1427
5323
5320
5320
5323
5320
1427
1651
1651
6599
5320
1435
2201
3568
4463
2201
5730
4463
5243
2818
5243
5243
2818
5243
6814
4311
1435
1435
4463
1230
3568
8347
4463
5243
6533
2818
5914
5243
9587
6148
5837
1659
1230
1230
1435
1230
1230
3732
1435
1435
1230
2496
2496
11130
3055
3055
5837
1659
3055
3055
5837
1230
1230
2815
1230
2496
8103
6145
2496
2496
9907
3055
6978
1659
3055
3055
6622
1230
6145
2496
6145
8350
6978
6978
3055
6622
2087
5730
2818
2818
1107
2087
3568
2087
7781
3568
2818
1107
2818
1107
1107
6148
2087
2087
2087
3052
3568
3568
1107
1107
1107
3735
3735
8968
3735
8244
2460
2088
3052
8087
2088
2088
8087
3735
11108
3735
2088
2088
2088
9916
3735
1780
1780
1780
1780
1780
9662
6097
3439
2443
5675
7665
1780
1985
10895
1780
1780
4462
1780
3439
2443
4462
3439
2443
2807
5675
2807
2807
1791
1791
1780
4462
4462
2436
2436
2443
2443
9585
2443
2807
3752
2807
5138
1791
3752
5138
1791
1791
5046
2436
5046
2807
3752
3752
7359
1791
2201
2201
2201
7091
6533
4311
6146
2201
2201
4293
2201
6533
7091
6533
6533
8348
4311
4711
4311
5103
4308
4308
1086
1516
1516
1086
1086
8348
1086
5103
5562
1516
1516
4308
4715
1516
4308
1086
4461
1086
1516
4715
4715
7694
1086
676
1421
676
1421
676
993
6329
993
2883
1128
4218
5979
3420
676
1421
993
676
676
2883
2883
5611
2883
2883
1128
3969
3969
4218
7463
4218
4218
7463
10880
3420
3420
676
2883
2883
679
6055
3969
3969
4220
3969
3969
5707
7463
5707
5707
9125
679
4650
2896
9125
679
6055
2896
2896
679
9085
3637
5707
679
10239
679
2896
9577
2896
2896
2896
2896
3881
3881
4777
7181
5280
7181
7181
6403
7371
7837
6110
1471
7043
3881
3881
4777
3881
3881
2767
4777
4777
7181
11241
6110
1471
7837
7043
9197
1471
7043
2767
2767
9887
2767
2767
3419
4777
4777
1369
1369
1369
8797
1520
1520
7043
1520
1520
2767
2767
1468
1369
1369
4212
1468
1369
8797
1520
5145
1520
1520
1369
1468
1468
4212
1520
2023
6108
4435
4435
1517
3374
2023
2023
3374
2023
4435
1517
4435
1517
1517
8777
3736
3374
5531
3374
7435
2023
2023
1471
1517
1517
11506
8777
3846
3736
8777
8777
7371
1471
1471
10169
9723
1471
5524
10687
11506
9723
11729
3440
11729
9545
1471
1471
3440
1471
3440
9723
6549
9723
6549
1469
5280
5280
6403
2032
1469
5979
1469
1469
5280
5280
10840
6110
2032
2032
6110
2032
993
1821
993
5277
3558
3558
993
2032
2032
3419
3419
2032
2032
3419
9596
993
993
993
6962
9209
1128
1128
11528
3558
3419
5610
1128
3419
5610
993
1128
1128
1128
1128
6132
6132
3419
5610
2091
2091
2677
2091
2091
4906
2091
4338
8617
4338
4338
1383
1383
1238
1383
3637
3815
2677
2091
2091
947
2677
2677
2091
4338
5492
1383
1383
1383
5492
1238
1383
1383
1804
1383
3637
8688
3637
3637
947
947
2677
2677
679
947
947
947
3076
3401
1383
10613
10136
3401
1383
1804
1113
4739
947
4220
947
947
947
679
679
9290
1997
5580
679
8839
1804
3076
3401
7225
1113
947
947
4220
1997
679
8453
679
1827
679
1827
1113
4906
4997
2414
2414
985
4906
8641
4906
7458
4997
2414
3398
1380
985
3398
985
985
4906
4906
4906
4508
3076
3076
985
3398
3398
4390
985
985
4909
985
985
8617
8617
4508
4508
3076
2850
5817
5817
3076
2850
2850
728
8016
728
4508
9643
5817
2850
9643
2850
2850
2850
728
3815
8566
5297
5297
3137
7639
3815
3815
7639
3815
5297
6992
5297
3137
6604
3137
1429
1758
5812
1758
944
3815
3815
720
720
720
8603
3137
3137
1429
3137
3137
1758
5490
720
720
7382
4655
720
720
8688
4655
4655
720
8603
12315
720
5490
720
4655
7577
4655
4655
4655
4655
3254
5716
11086
5716
11086
13111
12477
10207
10318
3254
9193
3254
12360
9193
9193
11086
10318
5716
13111
10318
10318
10207
13305
3290
3254
3254
3254
6187
6544
6544
3254
6187
6187
6544
6544
3694
13305
3290
6925
3694
9251
7889
6786
6187
6187
12214
6183
10670
3834
6544
3694
3694
3290
6544
3694
3694
6187
6786
3834
6183
11477
6183
6183
3694
3694
5716
7855
1213
1213
1213
5716
5771
5716
11805
5771
1213
8146
1213
1213
8977
4237
5716
5716
5716
8952
5771
5771
1213
8977
8977
9326
3288
4333
3288
8952
10207
8952
10152
6925
6925
10470
13957
3288
3288
3288
8952
10207
6925
6925
3288
3591
9589
3949
3949
1038
3591
5061
3591
3591
5061
9589
3949
3949
1038
1038
4909
1038
9604
2413
3591
3591
2413
2413
3591
3591
728
2583
2583
3943
728
3445
728
4389
2413
1113
4389
2413
2583
10679
1113
1113
8837
8627
728
728
728
4389
2413
5089
5089
1113
1113
1113
1113
728
727
727
727
6659
2469
9604
1446
727
3388
727
727
3078
6659
2469
2469
8455
2469
1828
5181
1828
1828
1446
1446
727
2469
2469
4341
2582
2469
2469
2582
8455
1828
5506
1828
9646
10679
1164
4335
729
9940
1164
1164
729
2582
2582
1828
4335
729
1164
4335
1164
1164
1164
1164
6549
7036
10033
8088
7340
3643
7340
3643
3844
7036
7036
6549
6549
7036
3643
10033
7340
10184
10184
3844
3844
10184
3844
7036
13795
6549
7036
9915
9915
2424
2424
2424
7370
7370
2424
2946
13430
2946
13795
9915
3736
3736
7370
3440
3736
7370
2424
2424
8086
2946
3736
3736
3736
8405
2424
2661
8088
3643
3643
1498
2661
3385
2661
10163
8088
3643
1498
3643
1498
1498
13979
3691
2661
2661
2661
9074
3385
3385
1498
1498
1498
10044
10044
13237
3691
10044
5207
9074
12676
5363
9914
12789
5363
5363
13192
12789
7887
7887
3691
10044
10421
5363
5363
5363
5363
5363
7887
7887
7887
7887
2467
994
9143
994
3452
3452
3452
3452
3452
2467
4387
2467
2467
4387
4387
3452
3971
994
3452
3452
8048
10138
10138
2467
7045
2467
4208
1579
1579
760
992
992
1579
1579
2888
8048
3557
2888
9353
2912
760
992
11217
760
760
1579
1579
2888
1579
2888
760
760
760
6851
1579
994
994
994
8054
6666
7225
1827
994
8622
994
994
6666
8054
6666
6666
9884
1830
1804
1827
1804
729
1827
1827
729
729
729
6364
1430
9884
7227
1430
1830
1804
1804
729
729
1997
1997
7844
1957
8453
1430
1430
1430
1430
1430
729
10136
1957
1997
2249
1997
4736
1430
1430
1485
11162
2626
2626
1055
1485
1966
1485
10475
3596
2626
1055
2626
1055
1055
11545
1485
1485
1485
7745
1966
1966
802
1055
1055
2037
2037
9033
2037
7745
9711
6206
6206
11396
802
6206
11396
802
802
2037
6206
7085
802
802
802
1757
4239
1757
4239
1757
10845
7675
2621
2621
7689
7689
1958
1757
6279
1238
1757
1757
2621
2621
7675
2621
2621
7876
1238
1238
10549
1238
1238
9380
1958
1958
785
2621
2621
3051
3051
9610
3051
1238
1238
1429
1238
8242
2461
785
3044
7577
785
785
3051
1238
1429
785
785
785
3450
3450
3450
10663
1013
8624
4736
3450
3450
4239
3450
5484
3829
1013
1428
1013
1830
4736
1830
5299
2249
2249
1013
1428
1428
9380
1013
1013
1013
1830
1830
1830
6678
1957
1957
6678
2249
1957
3807
8145
1830
7227
1957
1957
1957
2795
6575
3600
3600
3600
3049
2795
2795
3049
2795
3600
3600
12127
3600
3691
5207
3049
7748
3049
9301
2795
2795
2795
3691
3691
5767
5207
3691
5207
9251
3290
3290
13366
3834
3290
13233
11477
3834
13646
5767
3290
3290
3290
3834
3834
1229
1229
1229
8451
894
6622
5690
1229
2816
1229
1229
2280
8451
894
2280
894
2594
6622
2594
2594
5690
5690
894
2280
2280
7911
894
894
894
2594
1659
1659
11646
6896
1659
7905
8350
2533
2533
7569
1659
1659
1659
2533
2533
1389
1743
1743
6639
2050
1389
4157
1389
11754
1743
1743
2050
6711
2050
2050
11555
1389
1389
1389
7343
4157
4157
1389
2050
2050
13041
7774
11218
7774
8770
8732
7343
7343
9955
8019
13453
9955
7774
7774
7774
7343
8732
8019
8019
7774
